Time,PosX,PosY,PosZ,Pitch,Yaw,Roll,PitchCam,YawCam,RollCam
1782999518.942309,0.0,0.0,10.0,-0.6989352703094482,52.489097595214844,0.053262241184711456,-0.08609142899513245,-156.676025390625,0.05518417805433273
1782999518.94911,0.0,0.0,10.0,-0.697152316570282,52.48896408081055,0.056092631071805954,-0.08609142899513245,-156.676025390625,0.05518417805433273
1782999518.966083,0.0,0.0,10.0,-0.697152316570282,52.48896408081055,0.056092631071805954,-0.08609142899513245,-156.676025390625,0.05518417805433273
1782999518.972818,0.0,0.0,10.0,-0.697152316570282,52.48896408081055,0.056092631071805954,-0.08609142899513245,-156.676025390625,0.05518417805433273
1782999518.980439,0.0,0.0,10.0,-0.697152316570282,52.48896408081055,0.056092631071805954,-0.08609142899513245,-156.676025390625,0.05518417805433273
1782999518.99143,0.0,0.0,10.0,-0.697152316570282,52.48896408081055,0.056092631071805954,-0.08609142899513245,-156.676025390625,0.05518417805433273
1782999518.997079,0.0,0.0,10.0,-0.6982412338256836,52.48935317993164,0.05657006427645683,-0.08609142899513245,-156.676025390625,0.05518417805433273
1782999519.004001,0.0,0.0,10.0,-0.6982412338256836,52.48935317993164,0.05657006427645683,-0.08520445227622986,-156.654052734375,0.0616145133972168
1782999519.009555,0.0,0.0,10.0,-0.6982412338256836,52.48935317993164,0.05657006427645683,-0.08520445227622986,-156.654052734375,0.0616145133972168
1782999519.015638,0.0,0.0,10.0,-0.6982412338256836,52.48935317993164,0.05657006427645683,-0.08520445227622986,-156.654052734375,0.0616145133972168
1782999519.022135,0.0,0.0,10.0,-0.6982412338256836,52.48935317993164,0.05657006427645683,-0.08520445227622986,-156.654052734375,0.0616145133972168
1782999519.039103,0.0,0.0,10.0,-0.6982412338256836,52.48935317993164,0.05657006427645683,-0.08520445227622986,-156.654052734375,0.0616145133972168
1782999519.045888,0.0,0.0,10.0,-0.6982412338256836,52.48935317993164,0.05657006427645683,-0.08520445227622986,-156.654052734375,0.0616145133972168
1782999519.052972,0.0,0.0,10.0,-0.6993297338485718,52.489830017089844,0.05523667111992836,-0.08520445227622986,-156.654052734375,0.0616145133972168
1782999519.058354,0.0,0.0,10.0,-0.6993297338485718,52.489830017089844,0.05523667111992836,-0.08520445227622986,-156.654052734375,0.0616145133972168
1782999519.064017,0.0,0.0,10.0,-0.6993297338485718,52.489830017089844,0.05523667111992836,-0.08520445227622986,-156.654052734375,0.0616145133972168
1782999519.070173,0.0,0.0,10.0,-0.6993297338485718,52.489830017089844,0.05523667111992836,-0.08520445227622986,-156.654052734375,0.0616145133972168
1782999519.075932,0.0,0.0,10.0,-0.6993297338485718,52.489830017089844,0.05523667111992836,-0.08520445227622986,-156.654052734375,0.0616145133972168
1782999519.088236,0.0,0.0,10.0,-0.6993297338485718,52.489830017089844,0.05523667111992836,-0.08520445227622986,-156.654052734375,0.0616145133972168
1782999519.095068,0.0,0.0,10.0,-0.6993297338485718,52.489830017089844,0.05523667111992836,-0.08520445227622986,-156.654052734375,0.0616145133972168
1782999519.102024,0.0,0.0,10.0,-0.6980479955673218,52.489036560058594,0.0539100281894207,-0.08728931844234467,-156.654052734375,0.056476593017578125
1782999519.108152,0.0,0.0,10.0,-0.6980479955673218,52.489036560058594,0.0539100281894207,-0.08728931844234467,-156.654052734375,0.056476593017578125
1782999519.114253,0.0,0.0,10.0,-0.6980479955673218,52.489036560058594,0.0539100281894207,-0.08728931844234467,-156.654052734375,0.056476593017578125
1782999519.121468,0.0,0.0,10.0,-0.6980479955673218,52.489036560058594,0.0539100281894207,-0.08728931844234467,-156.654052734375,0.056476593017578125
1782999519.128032,0.0,0.0,10.0,-0.6980479955673218,52.489036560058594,0.0539100281894207,-0.08728931844234467,-156.654052734375,0.056476593017578125
1782999519.138459,0.0,0.0,10.0,-0.6980479955673218,52.489036560058594,0.0539100281894207,-0.08728931844234467,-156.654052734375,0.056476593017578125
1782999519.144273,0.0,0.0,10.0,-0.6980479955673218,52.489036560058594,0.0539100281894207,-0.08728931844234467,-156.654052734375,0.056476593017578125
1782999519.149771,0.0,0.0,10.0,-0.6978940367698669,52.488197326660156,0.0560309924185276,-0.08728931844234467,-156.654052734375,0.056476593017578125
1782999519.156378,0.0,0.0,10.0,-0.6978940367698669,52.488197326660156,0.0560309924185276,-0.08728931844234467,-156.654052734375,0.056476593017578125
1782999519.162399,0.0,0.0,10.0,-0.6978940367698669,52.488197326660156,0.0560309924185276,-0.08728931844234467,-156.654052734375,0.056476593017578125
1782999519.168691,0.0,0.0,10.0,-0.6978940367698669,52.488197326660156,0.0560309924185276,-0.08728931844234467,-156.654052734375,0.056476593017578125
1782999519.174887,0.0,0.0,10.0,-0.6978940367698669,52.488197326660156,0.0560309924185276,-0.08728931844234467,-156.654052734375,0.056476593017578125
1782999519.188792,0.0,0.0,10.0,-0.6978940367698669,52.488197326660156,0.0560309924185276,-0.08728931844234467,-156.654052734375,0.056476593017578125
1782999519.195035,0.0,0.0,10.0,-0.6978940367698669,52.488197326660156,0.0560309924185276,-0.08728931844234467,-156.654052734375,0.056476593017578125
1782999519.201532,0.0,0.0,10.0,-0.6985169053077698,52.486717224121094,0.05608004704117775,-0.08697644621133804,-156.654052734375,0.060920484364032745
1782999519.206885,0.0,0.0,10.0,-0.6985169053077698,52.486717224121094,0.05608004704117775,-0.08697644621133804,-156.654052734375,0.060920484364032745
1782999519.212731,0.0,0.0,10.0,-0.6985169053077698,52.486717224121094,0.05608004704117775,-0.08697644621133804,-156.654052734375,0.060920484364032745
1782999519.219163,0.0,0.0,10.0,-0.6985169053077698,52.486717224121094,0.05608004704117775,-0.08697644621133804,-156.654052734375,0.060920484364032745
1782999519.225997,0.0,0.0,10.0,-0.6985169053077698,52.486717224121094,0.05608004704117775,-0.08697644621133804,-156.654052734375,0.060920484364032745
1782999519.23259,0.0,0.0,10.0,-0.6985169053077698,52.486717224121094,0.05608004704117775,-0.08697644621133804,-156.654052734375,0.060920484364032745
1782999519.242655,0.0,0.0,10.0,-0.6985169053077698,52.486717224121094,0.05608004704117775,-0.08697644621133804,-156.654052734375,0.060920484364032745
1782999519.249111,0.0,0.0,10.0,-0.6984281539916992,52.486114501953125,0.0537969172000885,-0.08697644621133804,-156.654052734375,0.060920484364032745
1782999519.255188,0.0,0.0,10.0,-0.6984281539916992,52.486114501953125,0.0537969172000885,-0.08697644621133804,-156.654052734375,0.060920484364032745
1782999519.261368,0.0,0.0,10.0,-0.6984281539916992,52.486114501953125,0.0537969172000885,-0.08697644621133804,-156.654052734375,0.060920484364032745
1782999519.267069,0.0,0.0,10.0,-0.6984281539916992,52.486114501953125,0.0537969172000885,-0.08697644621133804,-156.654052734375,0.060920484364032745
1782999519.272412,0.0,0.0,10.0,-0.6984281539916992,52.486114501953125,0.0537969172000885,-0.08697644621133804,-156.654052734375,0.060920484364032745
1782999519.278407,0.0,0.0,10.0,-0.6984281539916992,52.486114501953125,0.0537969172000885,-0.08697644621133804,-156.654052734375,0.060920484364032745
1782999519.291782,0.0,0.0,10.0,-0.6984281539916992,52.486114501953125,0.0537969172000885,-0.08697644621133804,-156.654052734375,0.060920484364032745
1782999519.2977,0.0,0.0,10.0,-0.6975245475769043,52.48646926879883,0.055123817175626755,-0.08697644621133804,-156.654052734375,0.060920484364032745
1782999519.304205,0.0,0.0,10.0,-0.6975245475769043,52.48646926879883,0.055123817175626755,-0.0830361545085907,-156.676025390625,0.057101186364889145
1782999519.310811,0.0,0.0,10.0,-0.6975245475769043,52.48646926879883,0.055123817175626755,-0.0830361545085907,-156.676025390625,0.057101186364889145
1782999519.316458,0.0,0.0,10.0,-0.6975245475769043,52.48646926879883,0.055123817175626755,-0.0830361545085907,-156.676025390625,0.057101186364889145
1782999519.32199,0.0,0.0,10.0,-0.6975245475769043,52.48646926879883,0.055123817175626755,-0.0830361545085907,-156.676025390625,0.057101186364889145
1782999519.327738,0.0,0.0,10.0,-0.6975245475769043,52.48646926879883,0.055123817175626755,-0.0830361545085907,-156.676025390625,0.057101186364889145
1782999519.333148,0.0,0.0,10.0,-0.6975245475769043,52.48646926879883,0.055123817175626755,-0.0830361545085907,-156.676025390625,0.057101186364889145
1782999519.343775,0.0,0.0,10.0,-0.6975245475769043,52.48646926879883,0.055123817175626755,-0.0830361545085907,-156.676025390625,0.057101186364889145
1782999519.349285,0.0,0.0,10.0,-0.6963584423065186,52.48519515991211,0.05644470825791359,-0.0830361545085907,-156.676025390625,0.057101186364889145
1782999519.354631,0.0,0.0,10.0,-0.6963584423065186,52.48519515991211,0.05644470825791359,-0.0830361545085907,-156.676025390625,0.057101186364889145
1782999519.360201,0.0,0.0,10.0,-0.6963584423065186,52.48519515991211,0.05644470825791359,-0.0830361545085907,-156.676025390625,0.057101186364889145
1782999519.366191,0.0,0.0,10.0,-0.6963584423065186,52.48519515991211,0.05644470825791359,-0.0830361545085907,-156.676025390625,0.057101186364889145
1782999519.371685,0.0,0.0,10.0,-0.6963584423065186,52.48519515991211,0.05644470825791359,-0.0830361545085907,-156.676025390625,0.057101186364889145
1782999519.377412,0.0,0.0,10.0,-0.6963584423065186,52.48519515991211,0.05644470825791359,-0.0830361545085907,-156.676025390625,0.057101186364889145
1782999519.383224,0.0,0.0,10.0,-0.6963584423065186,52.48519515991211,0.05644470825791359,-0.0830361545085907,-156.676025390625,0.057101186364889145
1782999519.393933,0.0,0.0,10.0,-0.6963584423065186,52.48519515991211,0.05644470825791359,-0.0830361545085907,-156.676025390625,0.057101186364889145
1782999519.400321,0.0,0.0,10.0,-0.6976062655448914,52.48540496826172,0.05691054090857506,-0.0830361545085907,-156.676025390625,0.057101186364889145
1782999519.405829,0.0,0.0,10.0,-0.6976062655448914,52.48540496826172,0.05691054090857506,-0.08739023655653,-156.632080078125,0.06085396558046341
1782999519.411747,0.0,0.0,10.0,-0.6976062655448914,52.48540496826172,0.05691054090857506,-0.08739023655653,-156.632080078125,0.06085396558046341
1782999519.418078,0.0,0.0,10.0,-0.6976062655448914,52.48540496826172,0.05691054090857506,-0.08739023655653,-156.632080078125,0.06085396558046341
1782999519.423992,0.0,0.0,10.0,-0.6976062655448914,52.48540496826172,0.05691054090857506,-0.08739023655653,-156.632080078125,0.06085396558046341
1782999519.429772,0.0,0.0,10.0,-0.6976062655448914,52.48540496826172,0.05691054090857506,-0.08739023655653,-156.632080078125,0.06085396558046341
1782999519.435936,0.0,0.0,10.0,-0.6976062655448914,52.48540496826172,0.05691054090857506,-0.08739023655653,-156.632080078125,0.06085396558046341
1782999519.44818,0.0,0.0,10.0,-0.6976062655448914,52.48540496826172,0.05691054090857506,-0.08739023655653,-156.632080078125,0.06085396558046341
1782999519.453872,0.0,0.0,10.0,-0.6978504061698914,52.485836029052734,0.05549933761358261,-0.08739023655653,-156.632080078125,0.06085396558046341
1782999519.459655,0.0,0.0,10.0,-0.6978504061698914,52.485836029052734,0.05549933761358261,-0.08739023655653,-156.632080078125,0.06085396558046341
1782999519.466205,0.0,0.0,10.0,-0.6978504061698914,52.485836029052734,0.05549933761358261,-0.08739023655653,-156.632080078125,0.06085396558046341
1782999519.472742,0.0,0.0,10.0,-0.6978504061698914,52.485836029052734,0.05549933761358261,-0.08739023655653,-156.632080078125,0.06085396558046341
1782999519.478577,0.0,0.0,10.0,-0.6978504061698914,52.485836029052734,0.05549933761358261,-0.08739023655653,-156.632080078125,0.06085396558046341
1782999519.485063,0.0,0.0,10.0,-0.6978504061698914,52.485836029052734,0.05549933761358261,-0.08739023655653,-156.632080078125,0.06085396558046341
1782999519.495951,0.0,0.0,10.0,-0.6978504061698914,52.485836029052734,0.05549933761358261,-0.08739023655653,-156.632080078125,0.06085396558046341
1782999519.502095,0.0,0.0,10.0,-0.697835385799408,52.4847297668457,0.057065919041633606,-0.08581029623746872,-156.676025390625,0.059003833681344986
1782999519.507544,0.0,0.0,10.0,-0.697835385799408,52.4847297668457,0.057065919041633606,-0.08581029623746872,-156.676025390625,0.059003833681344986
1782999519.514102,0.0,0.0,10.0,-0.697835385799408,52.4847297668457,0.057065919041633606,-0.08581029623746872,-156.676025390625,0.059003833681344986
1782999519.519837,0.0,0.0,10.0,-0.697835385799408,52.4847297668457,0.057065919041633606,-0.08581029623746872,-156.676025390625,0.059003833681344986
1782999519.525996,0.0,0.0,10.0,-0.697835385799408,52.4847297668457,0.057065919041633606,-0.08581029623746872,-156.676025390625,0.059003833681344986
1782999519.531726,0.0,0.0,10.0,-0.697835385799408,52.4847297668457,0.057065919041633606,-0.08581029623746872,-156.676025390625,0.059003833681344986
1782999519.537985,0.0,0.0,10.0,-0.697835385799408,52.4847297668457,0.057065919041633606,-0.08581029623746872,-156.676025390625,0.059003833681344986
1782999519.547684,0.0,0.0,10.0,-0.697835385799408,52.4847297668457,0.057065919041633606,-0.08581029623746872,-156.676025390625,0.059003833681344986
1782999519.553984,0.0,0.0,10.0,-0.6970518827438354,52.4849967956543,0.05749141424894333,-0.08581029623746872,-156.676025390625,0.059003833681344986
1782999519.559795,0.0,0.0,10.0,-0.6970518827438354,52.4849967956543,0.05749141424894333,-0.08581029623746872,-156.676025390625,0.059003833681344986
1782999519.565897,0.0,0.0,10.0,-0.6970518827438354,52.4849967956543,0.05749141424894333,-0.08581029623746872,-156.676025390625,0.059003833681344986
1782999519.571871,0.0,0.0,10.0,-0.6970518827438354,52.4849967956543,0.05749141424894333,-0.08581029623746872,-156.676025390625,0.059003833681344986
1782999519.577278,0.0,0.0,10.0,-0.6970518827438354,52.4849967956543,0.05749141424894333,-0.08581029623746872,-156.676025390625,0.059003833681344986
1782999519.582832,0.0,0.0,10.0,-0.6970518827438354,52.4849967956543,0.05749141424894333,-0.08581029623746872,-156.676025390625,0.059003833681344986
1782999519.58926,0.0,0.0,10.0,-0.6970518827438354,52.4849967956543,0.05749141424894333,-0.08581029623746872,-156.676025390625,0.059003833681344986
1782999519.599398,0.0,0.0,10.0,-0.6970518827438354,52.4849967956543,0.05749141424894333,-0.08581029623746872,-156.676025390625,0.059003833681344986
1782999519.60513,0.0,0.0,10.0,-0.6972435116767883,52.48442459106445,0.056026872247457504,-0.08595506846904755,-156.676025390625,0.05999806895852089
1782999519.610493,0.0,0.0,10.0,-0.6972435116767883,52.48442459106445,0.056026872247457504,-0.08595506846904755,-156.676025390625,0.05999806895852089
1782999519.61609,0.0,0.0,10.0,-0.6972435116767883,52.48442459106445,0.056026872247457504,-0.08595506846904755,-156.676025390625,0.05999806895852089
1782999519.623108,0.0,0.0,10.0,-0.6972435116767883,52.48442459106445,0.056026872247457504,-0.08595506846904755,-156.676025390625,0.05999806895852089
1782999519.630088,0.0,0.0,10.0,-0.6972435116767883,52.48442459106445,0.056026872247457504,-0.08595506846904755,-156.676025390625,0.05999806895852089
1782999519.635451,0.0,0.0,10.0,-0.6972435116767883,52.48442459106445,0.056026872247457504,-0.08595506846904755,-156.676025390625,0.05999806895852089
1782999519.649367,0.0,0.0,10.0,-0.6972435116767883,52.48442459106445,0.056026872247457504,-0.08595506846904755,-156.676025390625,0.05999806895852089
1782999519.655742,0.0,0.0,10.0,-0.6960803270339966,52.48332977294922,0.05525324121117592,-0.08595506846904755,-156.676025390625,0.05999806895852089
1782999519.661858,0.0,0.0,10.0,-0.6960803270339966,52.48332977294922,0.05525324121117592,-0.08595506846904755,-156.676025390625,0.05999806895852089
1782999519.667997,0.0,0.0,10.0,-0.6960803270339966,52.48332977294922,0.05525324121117592,-0.08595506846904755,-156.676025390625,0.05999806895852089
1782999519.674783,0.0,0.0,10.0,-0.6960803270339966,52.48332977294922,0.05525324121117592,-0.08595506846904755,-156.676025390625,0.05999806895852089
1782999519.681775,0.0,0.0,10.0,-0.6960803270339966,52.48332977294922,0.05525324121117592,-0.08595506846904755,-156.676025390625,0.05999806895852089
1782999519.687428,0.0,0.0,10.0,-0.6960803270339966,52.48332977294922,0.05525324121117592,-0.08595506846904755,-156.676025390625,0.05999806895852089
1782999519.703361,0.0,0.0,10.0,-0.6960803270339966,52.48332977294922,0.05525324121117592,-0.08595506846904755,-156.676025390625,0.05999806895852089
1782999519.709537,0.0,0.0,10.0,-0.6960607767105103,52.484920501708984,0.05522293597459793,-0.08642999827861786,-156.654052734375,0.06317904591560364
1782999519.716016,0.0,0.0,10.0,-0.6960607767105103,52.484920501708984,0.05522293597459793,-0.08642999827861786,-156.654052734375,0.06317904591560364
1782999519.721932,0.0,0.0,10.0,-0.6960607767105103,52.484920501708984,0.05522293597459793,-0.08642999827861786,-156.654052734375,0.06317904591560364
1782999519.728052,0.0,0.0,10.0,-0.6960607767105103,52.484920501708984,0.05522293597459793,-0.08642999827861786,-156.654052734375,0.06317904591560364
1782999519.733635,0.0,0.0,10.0,-0.6960607767105103,52.484920501708984,0.05522293597459793,-0.08642999827861786,-156.654052734375,0.06317904591560364
1782999519.7409,0.0,0.0,10.0,-0.6960607767105103,52.484920501708984,0.05522293597459793,-0.08642999827861786,-156.654052734375,0.06317904591560364
1782999519.754701,0.0,0.0,10.0,-0.6960607767105103,52.484920501708984,0.05522293597459793,-0.08642999827861786,-156.654052734375,0.06317904591560364
1782999519.760588,0.0,0.0,10.0,-0.6964613199234009,52.4860954284668,0.05029364675283432,-0.08642999827861786,-156.654052734375,0.06317904591560364
1782999519.766355,0.0,0.0,10.0,-0.6964613199234009,52.4860954284668,0.05029364675283432,-0.08642999827861786,-156.654052734375,0.06317904591560364
1782999519.771945,0.0,0.0,10.0,-0.6964613199234009,52.4860954284668,0.05029364675283432,-0.08642999827861786,-156.654052734375,0.06317904591560364
1782999519.778083,0.0,0.0,10.0,-0.6964613199234009,52.4860954284668,0.05029364675283432,-0.08642999827861786,-156.654052734375,0.06317904591560364
1782999519.784011,0.0,0.0,10.0,-0.6964613199234009,52.4860954284668,0.05029364675283432,-0.08642999827861786,-156.654052734375,0.06317904591560364
1782999519.789495,0.0,0.0,10.0,-0.6964613199234009,52.4860954284668,0.05029364675283432,-0.08642999827861786,-156.654052734375,0.06317904591560364
1782999519.795227,0.0,0.0,10.0,-0.6964613199234009,52.4860954284668,0.05029364675283432,-0.08642999827861786,-156.654052734375,0.06317904591560364
1782999519.806437,0.0,0.0,10.0,-0.6941101551055908,52.4876823425293,0.04492732509970665,-0.08642999827861786,-156.654052734375,0.06317904591560364
1782999519.81351,0.0,0.0,10.0,-0.6941101551055908,52.4876823425293,0.04492732509970665,-0.08648912608623505,-156.632080078125,0.06049424782395363
1782999519.820485,0.0,0.0,10.0,-0.6941101551055908,52.4876823425293,0.04492732509970665,-0.08648912608623505,-156.632080078125,0.06049424782395363
1782999519.825913,0.0,0.0,10.0,-0.6941101551055908,52.4876823425293,0.04492732509970665,-0.08648912608623505,-156.632080078125,0.06049424782395363
1782999519.831805,0.0,0.0,10.0,-0.6941101551055908,52.4876823425293,0.04492732509970665,-0.08648912608623505,-156.632080078125,0.06049424782395363
1782999519.837775,0.0,0.0,10.0,-0.6941101551055908,52.4876823425293,0.04492732509970665,-0.08648912608623505,-156.632080078125,0.06049424782395363
1782999519.844924,0.0,0.0,10.0,-0.6941101551055908,52.4876823425293,0.04492732509970665,-0.08648912608623505,-156.632080078125,0.06049424782395363
1782999519.858418,0.0,0.0,10.0,-0.6954540014266968,52.48700714111328,0.04652727395296097,-0.08648912608623505,-156.632080078125,0.06049424782395363
1782999519.865912,0.0,0.0,10.0,-0.6954540014266968,52.48700714111328,0.04652727395296097,-0.08648912608623505,-156.632080078125,0.06049424782395363
1782999519.872241,0.0,0.0,10.0,-0.6954540014266968,52.48700714111328,0.04652727395296097,-0.08648912608623505,-156.632080078125,0.06049424782395363
1782999519.878189,0.0,0.0,10.0,-0.6954540014266968,52.48700714111328,0.04652727395296097,-0.08648912608623505,-156.632080078125,0.06049424782395363
1782999519.883904,0.0,0.0,10.0,-0.6954540014266968,52.48700714111328,0.04652727395296097,-0.08648912608623505,-156.632080078125,0.06049424782395363
1782999519.890037,0.0,0.0,10.0,-0.6954540014266968,52.48700714111328,0.04652727395296097,-0.08648912608623505,-156.632080078125,0.06049424782395363
1782999519.895413,0.0,0.0,10.0,-0.6966310143470764,52.487327575683594,0.04990801960229874,-0.08648912608623505,-156.632080078125,0.06049424782395363
1782999519.90679,0.0,0.0,10.0,-0.6966310143470764,52.487327575683594,0.04990801960229874,-0.08648912608623505,-156.632080078125,0.06049424782395363
1782999519.91305,0.0,0.0,10.0,-0.6966310143470764,52.487327575683594,0.04990801960229874,-0.09677162021398544,-156.676025390625,0.06621833890676498
1782999519.918623,0.0,0.0,10.0,-0.6966310143470764,52.487327575683594,0.04990801960229874,-0.09677162021398544,-156.676025390625,0.06621833890676498
1782999519.924212,0.0,0.0,10.0,-0.6966310143470764,52.487327575683594,0.04990801960229874,-0.09677162021398544,-156.676025390625,0.06621833890676498
1782999519.929738,0.0,0.0,10.0,-0.6966310143470764,52.487327575683594,0.04990801960229874,-0.09677162021398544,-156.676025390625,0.06621833890676498
1782999519.936413,0.0,0.0,10.0,-0.6966310143470764,52.487327575683594,0.04990801960229874,-0.09677162021398544,-156.676025390625,0.06621833890676498
1782999519.941904,0.0,0.0,10.0,-0.6966310143470764,52.487327575683594,0.04990801960229874,-0.09677162021398544,-156.676025390625,0.06621833890676498
1782999519.947319,0.0,0.0,10.0,-0.6921485066413879,52.488834381103516,0.04869464784860611,-0.09677162021398544,-156.676025390625,0.06621833890676498
1782999519.956573,0.0,0.0,10.0,-0.6921485066413879,52.488834381103516,0.04869464784860611,-0.09677162021398544,-156.676025390625,0.06621833890676498
1782999519.962698,0.0,0.0,10.0,-0.6921485066413879,52.488834381103516,0.04869464784860611,-0.09677162021398544,-156.676025390625,0.06621833890676498
1782999519.968098,0.0,0.0,10.0,-0.6921485066413879,52.488834381103516,0.04869464784860611,-0.09677162021398544,-156.676025390625,0.06621833890676498
1782999519.973981,0.0,0.0,10.0,-0.6921485066413879,52.488834381103516,0.04869464784860611,-0.09677162021398544,-156.676025390625,0.06621833890676498
1782999519.979959,0.0,0.0,10.0,-0.6921485066413879,52.488834381103516,0.04869464784860611,-0.09677162021398544,-156.676025390625,0.06621833890676498
1782999519.986032,0.0,0.0,10.0,-0.6921485066413879,52.488834381103516,0.04869464784860611,-0.09677162021398544,-156.676025390625,0.06621833890676498
1782999519.992529,0.0,0.0,10.0,-0.6921485066413879,52.488834381103516,0.04869464784860611,-0.09677162021398544,-156.676025390625,0.06621833890676498
1782999519.998192,0.0,0.0,10.0,-0.6951195597648621,52.48863983154297,0.046032994985580444,-0.09677162021398544,-156.676025390625,0.06621833890676498
1782999520.008417,0.0,0.0,10.0,-0.6951195597648621,52.48863983154297,0.046032994985580444,-0.09677162021398544,-156.676025390625,0.06621833890676498
1782999520.014335,0.0,0.0,10.0,-0.6951195597648621,52.48863983154297,0.046032994985580444,-0.07513301819562912,-156.697998046875,0.062229909002780914
1782999520.020049,0.0,0.0,10.0,-0.6951195597648621,52.48863983154297,0.046032994985580444,-0.07513301819562912,-156.697998046875,0.062229909002780914
1782999520.02592,0.0,0.0,10.0,-0.6951195597648621,52.48863983154297,0.046032994985580444,-0.07513301819562912,-156.697998046875,0.062229909002780914
1782999520.031812,0.0,0.0,10.0,-0.6951195597648621,52.48863983154297,0.046032994985580444,-0.07513301819562912,-156.697998046875,0.062229909002780914
1782999520.037767,0.0,0.0,10.0,-0.6951195597648621,52.48863983154297,0.046032994985580444,-0.07513301819562912,-156.697998046875,0.062229909002780914
1782999520.043865,0.0,0.0,10.0,-0.6951195597648621,52.48863983154297,0.046032994985580444,-0.07513301819562912,-156.697998046875,0.062229909002780914
1782999520.050822,0.0,0.0,10.0,-0.6960047483444214,52.487220764160156,0.048262424767017365,-0.07513301819562912,-156.697998046875,0.062229909002780914
1782999520.060071,0.0,0.0,10.0,-0.6960047483444214,52.487220764160156,0.048262424767017365,-0.07513301819562912,-156.697998046875,0.062229909002780914
1782999520.06593,0.0,0.0,10.0,-0.6960047483444214,52.487220764160156,0.048262424767017365,-0.07513301819562912,-156.697998046875,0.062229909002780914
1782999520.071319,0.0,0.0,10.0,-0.6960047483444214,52.487220764160156,0.048262424767017365,-0.07513301819562912,-156.697998046875,0.062229909002780914
1782999520.07662,0.0,0.0,10.0,-0.6960047483444214,52.487220764160156,0.048262424767017365,-0.07513301819562912,-156.697998046875,0.062229909002780914
1782999520.083518,0.0,0.0,10.0,-0.6960047483444214,52.487220764160156,0.048262424767017365,-0.07513301819562912,-156.697998046875,0.062229909002780914
1782999520.0895,0.0,0.0,10.0,-0.6960047483444214,52.487220764160156,0.048262424767017365,-0.07513301819562912,-156.697998046875,0.062229909002780914
1782999520.094877,0.0,0.0,10.0,-0.6960047483444214,52.487220764160156,0.048262424767017365,-0.07513301819562912,-156.697998046875,0.062229909002780914
1782999520.103087,0.0,0.0,10.0,-0.6966241598129272,52.48635482788086,0.050886720418930054,-0.07513301819562912,-156.697998046875,0.062229909002780914
1782999520.113728,0.0,0.0,10.0,-0.6966241598129272,52.48635482788086,0.050886720418930054,-0.07513301819562912,-156.697998046875,0.062229909002780914
1782999520.11988,0.0,0.0,10.0,-0.6966241598129272,52.48635482788086,0.050886720418930054,-0.09241372346878052,-156.610107421875,0.06452535092830658
1782999520.126418,0.0,0.0,10.0,-0.6966241598129272,52.48635482788086,0.050886720418930054,-0.09241372346878052,-156.610107421875,0.06452535092830658
1782999520.132321,0.0,0.0,10.0,-0.6966241598129272,52.48635482788086,0.050886720418930054,-0.09241372346878052,-156.610107421875,0.06452535092830658
1782999520.138661,0.0,0.0,10.0,-0.6966241598129272,52.48635482788086,0.050886720418930054,-0.09241372346878052,-156.610107421875,0.06452535092830658
1782999520.145203,0.0,0.0,10.0,-0.6966241598129272,52.48635482788086,0.050886720418930054,-0.09241372346878052,-156.610107421875,0.06452535092830658
1782999520.151609,0.0,0.0,10.0,-0.6934953927993774,52.48650360107422,0.047879643738269806,-0.09241372346878052,-156.610107421875,0.06452535092830658
1782999520.165269,0.0,0.0,10.0,-0.6934953927993774,52.48650360107422,0.047879643738269806,-0.09241372346878052,-156.610107421875,0.06452535092830658
1782999520.171838,0.0,0.0,10.0,-0.6934953927993774,52.48650360107422,0.047879643738269806,-0.09241372346878052,-156.610107421875,0.06452535092830658
1782999520.178398,0.0,0.0,10.0,-0.6934953927993774,52.48650360107422,0.047879643738269806,-0.09241372346878052,-156.610107421875,0.06452535092830658
1782999520.184228,0.0,0.0,10.0,-0.6934953927993774,52.48650360107422,0.047879643738269806,-0.09241372346878052,-156.610107421875,0.06452535092830658
1782999520.190475,0.0,0.0,10.0,-0.6934953927993774,52.48650360107422,0.047879643738269806,-0.09241372346878052,-156.610107421875,0.06452535092830658
1782999520.196155,0.0,0.0,10.0,-0.695654571056366,52.486244201660156,0.04683727025985718,-0.09241372346878052,-156.610107421875,0.06452535092830658
1782999520.201557,0.0,0.0,10.0,-0.695654571056366,52.486244201660156,0.04683727025985718,-0.09241372346878052,-156.610107421875,0.06452535092830658
1782999520.207375,0.0,0.0,10.0,-0.695654571056366,52.486244201660156,0.04683727025985718,-0.08109676837921143,-156.654052734375,0.06119994819164276
1782999520.216748,0.0,0.0,10.0,-0.695654571056366,52.486244201660156,0.04683727025985718,-0.08109676837921143,-156.654052734375,0.06119994819164276
1782999520.223646,0.0,0.0,10.0,-0.695654571056366,52.486244201660156,0.04683727025985718,-0.08109676837921143,-156.654052734375,0.06119994819164276
1782999520.229334,0.0,0.0,10.0,-0.695654571056366,52.486244201660156,0.04683727025985718,-0.08109676837921143,-156.654052734375,0.06119994819164276
1782999520.235131,0.0,0.0,10.0,-0.695654571056366,52.486244201660156,0.04683727025985718,-0.08109676837921143,-156.654052734375,0.06119994819164276
1782999520.241651,0.0,0.0,10.0,-0.695654571056366,52.486244201660156,0.04683727025985718,-0.08109676837921143,-156.654052734375,0.06119994819164276
1782999520.247129,0.0,0.0,10.0,-0.6974002718925476,52.48455810546875,0.04952958598732948,-0.08109676837921143,-156.654052734375,0.06119994819164276
1782999520.253249,0.0,0.0,10.0,-0.6974002718925476,52.48455810546875,0.04952958598732948,-0.08109676837921143,-156.654052734375,0.06119994819164276
1782999520.259192,0.0,0.0,10.0,-0.6974002718925476,52.48455810546875,0.04952958598732948,-0.08109676837921143,-156.654052734375,0.06119994819164276
1782999520.271047,0.0,0.0,10.0,-0.6974002718925476,52.48455810546875,0.04952958598732948,-0.08109676837921143,-156.654052734375,0.06119994819164276
1782999520.27683,0.0,0.0,10.0,-0.6974002718925476,52.48455810546875,0.04952958598732948,-0.08109676837921143,-156.654052734375,0.06119994819164276
1782999520.283012,0.0,0.0,10.0,-0.6974002718925476,52.48455810546875,0.04952958598732948,-0.08109676837921143,-156.654052734375,0.06119994819164276
1782999520.288757,0.0,0.0,10.0,-0.6974002718925476,52.48455810546875,0.04952958598732948,-0.08109676837921143,-156.654052734375,0.06119994819164276
1782999520.294913,0.0,0.0,10.0,-0.6974002718925476,52.48455810546875,0.04952958598732948,-0.08109676837921143,-156.654052734375,0.06119994819164276
1782999520.301454,0.0,0.0,10.0,-0.6968021392822266,52.485321044921875,0.05122200772166252,-0.08109676837921143,-156.654052734375,0.06119994819164276
1782999520.307379,0.0,0.0,10.0,-0.6968021392822266,52.485321044921875,0.05122200772166252,-0.08109676837921143,-156.654052734375,0.06119994819164276
1782999520.318173,0.0,0.0,10.0,-0.6968021392822266,52.485321044921875,0.05122200772166252,-0.08884145319461823,-156.654052734375,0.06906966865062714
1782999520.32422,0.0,0.0,10.0,-0.6968021392822266,52.485321044921875,0.05122200772166252,-0.08884145319461823,-156.654052734375,0.06906966865062714
1782999520.330161,0.0,0.0,10.0,-0.6968021392822266,52.485321044921875,0.05122200772166252,-0.08884145319461823,-156.654052734375,0.06906966865062714
1782999520.3366,0.0,0.0,10.0,-0.6968021392822266,52.485321044921875,0.05122200772166252,-0.08884145319461823,-156.654052734375,0.06906966865062714
1782999520.342478,0.0,0.0,10.0,-0.6968021392822266,52.485321044921875,0.05122200772166252,-0.08884145319461823,-156.654052734375,0.06906966865062714
1782999520.349505,0.0,0.0,10.0,-0.6946226954460144,52.485870361328125,0.0483240969479084,-0.08884145319461823,-156.654052734375,0.06906966865062714
1782999520.355547,0.0,0.0,10.0,-0.6946226954460144,52.485870361328125,0.0483240969479084,-0.08884145319461823,-156.654052734375,0.06906966865062714
1782999520.361872,0.0,0.0,10.0,-0.6946226954460144,52.485870361328125,0.0483240969479084,-0.08884145319461823,-156.654052734375,0.06906966865062714
1782999520.371128,0.0,0.0,10.0,-0.6946226954460144,52.485870361328125,0.0483240969479084,-0.08884145319461823,-156.654052734375,0.06906966865062714
1782999520.37799,0.0,0.0,10.0,-0.6946226954460144,52.485870361328125,0.0483240969479084,-0.08884145319461823,-156.654052734375,0.06906966865062714
1782999520.383295,0.0,0.0,10.0,-0.6946226954460144,52.485870361328125,0.0483240969479084,-0.08884145319461823,-156.654052734375,0.06906966865062714
1782999520.38876,0.0,0.0,10.0,-0.6946226954460144,52.485870361328125,0.0483240969479084,-0.08884145319461823,-156.654052734375,0.06906966865062714
1782999520.395056,0.0,0.0,10.0,-0.6946226954460144,52.485870361328125,0.0483240969479084,-0.08884145319461823,-156.654052734375,0.06906966865062714
1782999520.401406,0.0,0.0,10.0,-0.6949186325073242,52.48601531982422,0.047315940260887146,-0.08884145319461823,-156.654052734375,0.06906966865062714
1782999520.407089,0.0,0.0,10.0,-0.6949186325073242,52.48601531982422,0.047315940260887146,-0.08884145319461823,-156.654052734375,0.06906966865062714
1782999520.413977,0.0,0.0,10.0,-0.6949186325073242,52.48601531982422,0.047315940260887146,-0.07767071574926376,-156.632080078125,0.06307798624038696
1782999520.421755,0.0,0.0,10.0,-0.6949186325073242,52.48601531982422,0.047315940260887146,-0.07767071574926376,-156.632080078125,0.06307798624038696
1782999520.428701,0.0,0.0,10.0,-0.6949186325073242,52.48601531982422,0.047315940260887146,-0.07767071574926376,-156.632080078125,0.06307798624038696
1782999520.434375,0.0,0.0,10.0,-0.6949186325073242,52.48601531982422,0.047315940260887146,-0.07767071574926376,-156.632080078125,0.06307798624038696
1782999520.439893,0.0,0.0,10.0,-0.6949186325073242,52.48601531982422,0.047315940260887146,-0.07767071574926376,-156.632080078125,0.06307798624038696
1782999520.445989,0.0,0.0,10.0,-0.6949186325073242,52.48601531982422,0.047315940260887146,-0.07767071574926376,-156.632080078125,0.06307798624038696
1782999520.45285,0.0,0.0,10.0,-0.6970649361610413,52.48381805419922,0.05076196417212486,-0.07767071574926376,-156.632080078125,0.06307798624038696
1782999520.459121,0.0,0.0,10.0,-0.6970649361610413,52.48381805419922,0.05076196417212486,-0.07767071574926376,-156.632080078125,0.06307798624038696
1782999520.465555,0.0,0.0,10.0,-0.6970649361610413,52.48381805419922,0.05076196417212486,-0.07767071574926376,-156.632080078125,0.06307798624038696
1782999520.473683,0.0,0.0,10.0,-0.6970649361610413,52.48381805419922,0.05076196417212486,-0.07767071574926376,-156.632080078125,0.06307798624038696
1782999520.480268,0.0,0.0,10.0,-0.6970649361610413,52.48381805419922,0.05076196417212486,-0.07767071574926376,-156.632080078125,0.06307798624038696
1782999520.486195,0.0,0.0,10.0,-0.6970649361610413,52.48381805419922,0.05076196417212486,-0.07767071574926376,-156.632080078125,0.06307798624038696
1782999520.491471,0.0,0.0,10.0,-0.6970649361610413,52.48381805419922,0.05076196417212486,-0.07767071574926376,-156.632080078125,0.06307798624038696
1782999520.497569,0.0,0.0,10.0,-0.6973389387130737,52.4821662902832,0.05214504897594452,-0.07767071574926376,-156.632080078125,0.06307798624038696
1782999520.50423,0.0,0.0,10.0,-0.6973389387130737,52.4821662902832,0.05214504897594452,-0.07767071574926376,-156.632080078125,0.06307798624038696
1782999520.510621,0.0,0.0,10.0,-0.6973389387130737,52.4821662902832,0.05214504897594452,-0.08993355184793472,-156.610107421875,0.06792602688074112
1782999520.516738,0.0,0.0,10.0,-0.6973389387130737,52.4821662902832,0.05214504897594452,-0.08993355184793472,-156.610107421875,0.06792602688074112
1782999520.526488,0.0,0.0,10.0,-0.6973389387130737,52.4821662902832,0.05214504897594452,-0.08993355184793472,-156.610107421875,0.06792602688074112
1782999520.532459,0.0,0.0,10.0,-0.6973389387130737,52.4821662902832,0.05214504897594452,-0.08993355184793472,-156.610107421875,0.06792602688074112
1782999520.538496,0.0,0.0,10.0,-0.6973389387130737,52.4821662902832,0.05214504897594452,-0.08993355184793472,-156.610107421875,0.06792602688074112
1782999520.548003,0.0,0.0,10.0,-0.6973389387130737,52.4821662902832,0.05214504897594452,-0.08993355184793472,-156.610107421875,0.06792602688074112
1782999520.554032,0.0,0.0,10.0,-0.6950720548629761,52.4815559387207,0.04920763149857521,-0.08993355184793472,-156.610107421875,0.06792602688074112
1782999520.559565,0.0,0.0,10.0,-0.6950720548629761,52.4815559387207,0.04920763149857521,-0.08993355184793472,-156.610107421875,0.06792602688074112
1782999520.565227,0.0,0.0,10.0,-0.6950720548629761,52.4815559387207,0.04920763149857521,-0.08993355184793472,-156.610107421875,0.06792602688074112
1782999520.577552,0.0,0.0,10.0,-0.6950720548629761,52.4815559387207,0.04920763149857521,-0.08993355184793472,-156.610107421875,0.06792602688074112
1782999520.583047,0.0,0.0,10.0,-0.6950720548629761,52.4815559387207,0.04920763149857521,-0.08993355184793472,-156.610107421875,0.06792602688074112
1782999520.588902,0.0,0.0,10.0,-0.6950720548629761,52.4815559387207,0.04920763149857521,-0.08993355184793472,-156.610107421875,0.06792602688074112
1782999520.595584,0.0,0.0,10.0,-0.6950720548629761,52.4815559387207,0.04920763149857521,-0.08993355184793472,-156.610107421875,0.06792602688074112
1782999520.602598,0.0,0.0,10.0,-0.6956846714019775,52.48094177246094,0.04954236373305321,-0.08993355184793472,-156.610107421875,0.06792602688074112
1782999520.610238,0.0,0.0,10.0,-0.6956846714019775,52.48094177246094,0.04954236373305321,-0.08993355184793472,-156.610107421875,0.06792602688074112
1782999520.624905,0.0,0.0,10.0,-0.6956846714019775,52.48094177246094,0.04954236373305321,-0.08993355184793472,-156.610107421875,0.06792602688074112
1782999520.631549,0.0,0.0,10.0,-0.6956846714019775,52.48094177246094,0.04954236373305321,-0.07909341901540756,-156.610107421875,0.06254962086677551
1782999520.636878,0.0,0.0,10.0,-0.6956846714019775,52.48094177246094,0.04954236373305321,-0.07909341901540756,-156.610107421875,0.06254962086677551
1782999520.642801,0.0,0.0,10.0,-0.6956846714019775,52.48094177246094,0.04954236373305321,-0.07909341901540756,-156.610107421875,0.06254962086677551
1782999520.649176,0.0,0.0,10.0,-0.6972828507423401,52.47917556762695,0.052157677710056305,-0.07909341901540756,-156.610107421875,0.06254962086677551
1782999520.659705,0.0,0.0,10.0,-0.6972828507423401,52.47917556762695,0.052157677710056305,-0.07909341901540756,-156.610107421875,0.06254962086677551
1782999520.667154,0.0,0.0,10.0,-0.6972828507423401,52.47917556762695,0.052157677710056305,-0.07909341901540756,-156.610107421875,0.06254962086677551
1782999520.675597,0.0,0.0,10.0,-0.6972828507423401,52.47917556762695,0.052157677710056305,-0.07909341901540756,-156.610107421875,0.06254962086677551
1782999520.68239,0.0,0.0,10.0,-0.6972828507423401,52.47917556762695,0.052157677710056305,-0.07909341901540756,-156.610107421875,0.06254962086677551
1782999520.695662,0.0,0.0,10.0,-0.6972828507423401,52.47917556762695,0.052157677710056305,-0.07909341901540756,-156.610107421875,0.06254962086677551
1782999520.702627,0.0,0.0,10.0,-0.6947418451309204,52.47883605957031,0.05048764869570732,-0.07909341901540756,-156.610107421875,0.06254962086677551
1782999520.708293,0.0,0.0,10.0,-0.6947418451309204,52.47883605957031,0.05048764869570732,-0.07909341901540756,-156.610107421875,0.06254962086677551
1782999520.714542,0.0,0.0,10.0,-0.6947418451309204,52.47883605957031,0.05048764869570732,-0.08556728065013885,-156.676025390625,0.06838066875934601
1782999520.72144,0.0,0.0,10.0,-0.6947418451309204,52.47883605957031,0.05048764869570732,-0.08556728065013885,-156.676025390625,0.06838066875934601
1782999520.727254,0.0,0.0,10.0,-0.6947418451309204,52.47883605957031,0.05048764869570732,-0.08556728065013885,-156.676025390625,0.06838066875934601
1782999520.738862,0.0,0.0,10.0,-0.6947418451309204,52.47883605957031,0.05048764869570732,-0.08556728065013885,-156.676025390625,0.06838066875934601
1782999520.745216,0.0,0.0,10.0,-0.6947418451309204,52.47883605957031,0.05048764869570732,-0.08556728065013885,-156.676025390625,0.06838066875934601
1782999520.751237,0.0,0.0,10.0,-0.6934486627578735,52.476959228515625,0.04720883443951607,-0.08556728065013885,-156.676025390625,0.06838066875934601
1782999520.757618,0.0,0.0,10.0,-0.6934486627578735,52.476959228515625,0.04720883443951607,-0.08556728065013885,-156.676025390625,0.06838066875934601
1782999520.763461,0.0,0.0,10.0,-0.6934486627578735,52.476959228515625,0.04720883443951607,-0.08556728065013885,-156.676025390625,0.06838066875934601
1782999520.769189,0.0,0.0,10.0,-0.6934486627578735,52.476959228515625,0.04720883443951607,-0.08556728065013885,-156.676025390625,0.06838066875934601
1782999520.775359,0.0,0.0,10.0,-0.6934486627578735,52.476959228515625,0.04720883443951607,-0.08556728065013885,-156.676025390625,0.06838066875934601
1782999520.789394,0.0,0.0,10.0,-0.6934486627578735,52.476959228515625,0.04720883443951607,-0.08556728065013885,-156.676025390625,0.06838066875934601
1782999520.794968,0.0,0.0,10.0,-0.6934486627578735,52.476959228515625,0.04720883443951607,-0.08556728065013885,-156.676025390625,0.06838066875934601
1782999520.801043,0.0,0.0,10.0,-0.6952347159385681,52.4747428894043,0.04965139552950859,-0.08556728065013885,-156.676025390625,0.06838066875934601
1782999520.80662,0.0,0.0,10.0,-0.6952347159385681,52.4747428894043,0.04965139552950859,-0.08556728065013885,-156.676025390625,0.06838066875934601
1782999520.813076,0.0,0.0,10.0,-0.6952347159385681,52.4747428894043,0.04965139552950859,-0.08141186088323593,-156.654052734375,0.06407438218593597
1782999520.828073,0.0,0.0,10.0,-0.6952347159385681,52.4747428894043,0.04965139552950859,-0.08141186088323593,-156.654052734375,0.06407438218593597
1782999520.842003,0.0,0.0,10.0,-0.6952347159385681,52.4747428894043,0.04965139552950859,-0.08141186088323593,-156.654052734375,0.06407438218593597
1782999520.849215,0.0,0.0,10.0,-0.6969712376594543,52.4724006652832,0.051160212606191635,-0.08141186088323593,-156.654052734375,0.06407438218593597
1782999520.859526,0.0,0.0,10.0,-0.6969712376594543,52.4724006652832,0.051160212606191635,-0.08141186088323593,-156.654052734375,0.06407438218593597
1782999520.86558,0.0,0.0,10.0,-0.6969712376594543,52.4724006652832,0.051160212606191635,-0.08141186088323593,-156.654052734375,0.06407438218593597
1782999520.872006,0.0,0.0,10.0,-0.6969712376594543,52.4724006652832,0.051160212606191635,-0.08141186088323593,-156.654052734375,0.06407438218593597
1782999520.877379,0.0,0.0,10.0,-0.6969712376594543,52.4724006652832,0.051160212606191635,-0.08141186088323593,-156.654052734375,0.06407438218593597
1782999520.891317,0.0,0.0,10.0,-0.6969712376594543,52.4724006652832,0.051160212606191635,-0.08141186088323593,-156.654052734375,0.06407438218593597
1782999520.897923,0.0,0.0,10.0,-0.6946127414703369,52.47108840942383,0.05068682134151459,-0.08141186088323593,-156.654052734375,0.06407438218593597
1782999520.904159,0.0,0.0,10.0,-0.6946127414703369,52.47108840942383,0.05068682134151459,-0.08141186088323593,-156.654052734375,0.06407438218593597
1782999520.910089,0.0,0.0,10.0,-0.6946127414703369,52.47108840942383,0.05068682134151459,-0.08141186088323593,-156.654052734375,0.06407438218593597
1782999520.916011,0.0,0.0,10.0,-0.6946127414703369,52.47108840942383,0.05068682134151459,-0.08138973265886307,-156.632080078125,0.06541217118501663
1782999520.924446,0.0,0.0,10.0,-0.6946127414703369,52.47108840942383,0.05068682134151459,-0.08138973265886307,-156.632080078125,0.06541217118501663
1782999520.931196,0.0,0.0,10.0,-0.6946127414703369,52.47108840942383,0.05068682134151459,-0.08138973265886307,-156.632080078125,0.06541217118501663
1782999520.944863,0.0,0.0,10.0,-0.6946127414703369,52.47108840942383,0.05068682134151459,-0.08138973265886307,-156.632080078125,0.06541217118501663
1782999520.950507,0.0,0.0,10.0,-0.6945193409919739,52.47032165527344,0.049617085605859756,-0.08138973265886307,-156.632080078125,0.06541217118501663
1782999520.956774,0.0,0.0,10.0,-0.6945193409919739,52.47032165527344,0.049617085605859756,-0.08138973265886307,-156.632080078125,0.06541217118501663
1782999520.963276,0.0,0.0,10.0,-0.6945193409919739,52.47032165527344,0.049617085605859756,-0.08138973265886307,-156.632080078125,0.06541217118501663
1782999520.969108,0.0,0.0,10.0,-0.6945193409919739,52.47032165527344,0.049617085605859756,-0.08138973265886307,-156.632080078125,0.06541217118501663
1782999520.974964,0.0,0.0,10.0,-0.6945193409919739,52.47032165527344,0.049617085605859756,-0.08138973265886307,-156.632080078125,0.06541217118501663
1782999520.980661,0.0,0.0,10.0,-0.6945193409919739,52.47032165527344,0.049617085605859756,-0.08138973265886307,-156.632080078125,0.06541217118501663
1782999520.996514,0.0,0.0,10.0,-0.6945193409919739,52.47032165527344,0.049617085605859756,-0.08138973265886307,-156.632080078125,0.06541217118501663
1782999521.006991,0.0,0.0,10.0,-0.6952826976776123,52.46757888793945,0.05154949054121971,-0.08138973265886307,-156.632080078125,0.06541217118501663
1782999521.012784,0.0,0.0,10.0,-0.6952826976776123,52.46757888793945,0.05154949054121971,-0.08138973265886307,-156.632080078125,0.06541217118501663
1782999521.018499,0.0,0.0,10.0,-0.6952826976776123,52.46757888793945,0.05154949054121971,-0.08453037589788437,-156.610107421875,0.06478472799062729
1782999521.023994,0.0,0.0,10.0,-0.6952826976776123,52.46757888793945,0.05154949054121971,-0.08453037589788437,-156.610107421875,0.06478472799062729
1782999521.029655,0.0,0.0,10.0,-0.6952826976776123,52.46757888793945,0.05154949054121971,-0.08453037589788437,-156.610107421875,0.06478472799062729
1782999521.035391,0.0,0.0,10.0,-0.6952826976776123,52.46757888793945,0.05154949054121971,-0.08453037589788437,-156.610107421875,0.06478472799062729
1782999521.041163,0.0,0.0,10.0,-0.6952826976776123,52.46757888793945,0.05154949054121971,-0.08453037589788437,-156.610107421875,0.06478472799062729
1782999521.04687,0.0,0.0,10.0,-0.6952826976776123,52.46757888793945,0.05154949054121971,-0.08453037589788437,-156.610107421875,0.06478472799062729
1782999521.056107,0.0,0.0,10.0,-0.6960427761077881,52.46714401245117,0.051792968064546585,-0.08453037589788437,-156.610107421875,0.06478472799062729
1782999521.061752,0.0,0.0,10.0,-0.6960427761077881,52.46714401245117,0.051792968064546585,-0.08453037589788437,-156.610107421875,0.06478472799062729
1782999521.067492,0.0,0.0,10.0,-0.6960427761077881,52.46714401245117,0.051792968064546585,-0.08453037589788437,-156.610107421875,0.06478472799062729
1782999521.07298,0.0,0.0,10.0,-0.6960427761077881,52.46714401245117,0.051792968064546585,-0.08453037589788437,-156.610107421875,0.06478472799062729
1782999521.078449,0.0,0.0,10.0,-0.6960427761077881,52.46714401245117,0.051792968064546585,-0.08453037589788437,-156.610107421875,0.06478472799062729
1782999521.083925,0.0,0.0,10.0,-0.6960427761077881,52.46714401245117,0.051792968064546585,-0.08453037589788437,-156.610107421875,0.06478472799062729
1782999521.089353,0.0,0.0,10.0,-0.6960427761077881,52.46714401245117,0.051792968064546585,-0.08453037589788437,-156.610107421875,0.06478472799062729
1782999521.095188,0.0,0.0,10.0,-0.6960427761077881,52.46714401245117,0.051792968064546585,-0.08453037589788437,-156.610107421875,0.06478472799062729
1782999521.107698,0.0,0.0,10.0,-0.693706214427948,52.46718215942383,0.04897351562976837,-0.08453037589788437,-156.610107421875,0.06478472799062729
1782999521.114353,0.0,0.0,10.0,-0.693706214427948,52.46718215942383,0.04897351562976837,-0.07872588187456131,-156.632080078125,0.06293817609548569
1782999521.119806,0.0,0.0,10.0,-0.693706214427948,52.46718215942383,0.04897351562976837,-0.07872588187456131,-156.632080078125,0.06293817609548569
1782999521.125112,0.0,0.0,10.0,-0.693706214427948,52.46718215942383,0.04897351562976837,-0.07872588187456131,-156.632080078125,0.06293817609548569
1782999521.130507,0.0,0.0,10.0,-0.693706214427948,52.46718215942383,0.04897351562976837,-0.07872588187456131,-156.632080078125,0.06293817609548569
1782999521.13616,0.0,0.0,10.0,-0.693706214427948,52.46718215942383,0.04897351562976837,-0.07872588187456131,-156.632080078125,0.06293817609548569
1782999521.142836,0.0,0.0,10.0,-0.693706214427948,52.46718215942383,0.04897351562976837,-0.07872588187456131,-156.632080078125,0.06293817609548569
1782999521.149584,0.0,0.0,10.0,-0.6927316784858704,52.467220306396484,0.04877464845776558,-0.07872588187456131,-156.632080078125,0.06293817609548569
1782999521.158624,0.0,0.0,10.0,-0.6927316784858704,52.467220306396484,0.04877464845776558,-0.07872588187456131,-156.632080078125,0.06293817609548569
1782999521.166372,0.0,0.0,10.0,-0.6927316784858704,52.467220306396484,0.04877464845776558,-0.07872588187456131,-156.632080078125,0.06293817609548569
1782999521.172849,0.0,0.0,10.0,-0.6927316784858704,52.467220306396484,0.04877464845776558,-0.07872588187456131,-156.632080078125,0.06293817609548569
1782999521.178287,0.0,0.0,10.0,-0.6927316784858704,52.467220306396484,0.04877464845776558,-0.07872588187456131,-156.632080078125,0.06293817609548569
1782999521.184049,0.0,0.0,10.0,-0.6927316784858704,52.467220306396484,0.04877464845776558,-0.07872588187456131,-156.632080078125,0.06293817609548569
1782999521.189347,0.0,0.0,10.0,-0.6927316784858704,52.467220306396484,0.04877464845776558,-0.07872588187456131,-156.632080078125,0.06293817609548569
1782999521.195146,0.0,0.0,10.0,-0.6942222118377686,52.46757125854492,0.05174419656395912,-0.07872588187456131,-156.632080078125,0.06293817609548569
1782999521.201198,0.0,0.0,10.0,-0.6942222118377686,52.46757125854492,0.05174419656395912,-0.07872588187456131,-156.632080078125,0.06293817609548569
1782999521.208525,0.0,0.0,10.0,-0.6942222118377686,52.46757125854492,0.05174419656395912,-0.07872588187456131,-156.632080078125,0.06293817609548569
1782999521.214441,0.0,0.0,10.0,-0.6942222118377686,52.46757125854492,0.05174419656395912,-0.08516082167625427,-156.676025390625,0.06569935381412506
1782999521.219828,0.0,0.0,10.0,-0.6942222118377686,52.46757125854492,0.05174419656395912,-0.08516082167625427,-156.676025390625,0.06569935381412506
1782999521.225208,0.0,0.0,10.0,-0.6942222118377686,52.46757125854492,0.05174419656395912,-0.08516082167625427,-156.676025390625,0.06569935381412506
1782999521.230934,0.0,0.0,10.0,-0.6942222118377686,52.46757125854492,0.05174419656395912,-0.08516082167625427,-156.676025390625,0.06569935381412506
1782999521.236657,0.0,0.0,10.0,-0.6942222118377686,52.46757125854492,0.05174419656395912,-0.08516082167625427,-156.676025390625,0.06569935381412506
1782999521.242843,0.0,0.0,10.0,-0.6942222118377686,52.46757125854492,0.05174419656395912,-0.08516082167625427,-156.676025390625,0.06569935381412506
1782999521.248323,0.0,0.0,10.0,-0.6946686506271362,52.46664810180664,0.052264243364334106,-0.08516082167625427,-156.676025390625,0.06569935381412506
1782999521.260891,0.0,0.0,10.0,-0.6946686506271362,52.46664810180664,0.052264243364334106,-0.08516082167625427,-156.676025390625,0.06569935381412506
1782999521.267559,0.0,0.0,10.0,-0.6946686506271362,52.46664810180664,0.052264243364334106,-0.08516082167625427,-156.676025390625,0.06569935381412506
1782999521.274146,0.0,0.0,10.0,-0.6946686506271362,52.46664810180664,0.052264243364334106,-0.08516082167625427,-156.676025390625,0.06569935381412506
1782999521.279586,0.0,0.0,10.0,-0.6946686506271362,52.46664810180664,0.052264243364334106,-0.08516082167625427,-156.676025390625,0.06569935381412506
1782999521.285548,0.0,0.0,10.0,-0.6946686506271362,52.46664810180664,0.052264243364334106,-0.08516082167625427,-156.676025390625,0.06569935381412506
1782999521.291071,0.0,0.0,10.0,-0.6946686506271362,52.46664810180664,0.052264243364334106,-0.08516082167625427,-156.676025390625,0.06569935381412506
1782999521.297006,0.0,0.0,10.0,-0.6921744346618652,52.46859359741211,0.05056068301200867,-0.08516082167625427,-156.676025390625,0.06569935381412506
1782999521.304021,0.0,0.0,10.0,-0.6921744346618652,52.46859359741211,0.05056068301200867,-0.08516082167625427,-156.676025390625,0.06569935381412506
1782999521.313471,0.0,0.0,10.0,-0.6921744346618652,52.46859359741211,0.05056068301200867,-0.08516082167625427,-156.676025390625,0.06569935381412506
1782999521.32,0.0,0.0,10.0,-0.6921744346618652,52.46859359741211,0.05056068301200867,-0.07849299162626266,-156.632080078125,0.06189150735735893
1782999521.326346,0.0,0.0,10.0,-0.6921744346618652,52.46859359741211,0.05056068301200867,-0.07849299162626266,-156.632080078125,0.06189150735735893
1782999521.332056,0.0,0.0,10.0,-0.6921744346618652,52.46859359741211,0.05056068301200867,-0.07849299162626266,-156.632080078125,0.06189150735735893
1782999521.337952,0.0,0.0,10.0,-0.6921744346618652,52.46859359741211,0.05056068301200867,-0.07849299162626266,-156.632080078125,0.06189150735735893
1782999521.344201,0.0,0.0,10.0,-0.6921744346618652,52.46859359741211,0.05056068301200867,-0.07849299162626266,-156.632080078125,0.06189150735735893
1782999521.350723,0.0,0.0,10.0,-0.6920213103294373,52.46896743774414,0.050958193838596344,-0.07849299162626266,-156.632080078125,0.06189150735735893
1782999521.356323,0.0,0.0,10.0,-0.6920213103294373,52.46896743774414,0.050958193838596344,-0.07849299162626266,-156.632080078125,0.06189150735735893
1782999521.365445,0.0,0.0,10.0,-0.6920213103294373,52.46896743774414,0.050958193838596344,-0.07849299162626266,-156.632080078125,0.06189150735735893
1782999521.372038,0.0,0.0,10.0,-0.6920213103294373,52.46896743774414,0.050958193838596344,-0.07849299162626266,-156.632080078125,0.06189150735735893
1782999521.377436,0.0,0.0,10.0,-0.6920213103294373,52.46896743774414,0.050958193838596344,-0.07849299162626266,-156.632080078125,0.06189150735735893
1782999521.391799,0.0,0.0,10.0,-0.6920213103294373,52.46896743774414,0.050958193838596344,-0.07849299162626266,-156.632080078125,0.06189150735735893
1782999521.397884,0.0,0.0,10.0,-0.6930014491081238,52.4683952331543,0.052296046167612076,-0.07849299162626266,-156.632080078125,0.06189150735735893
1782999521.403952,0.0,0.0,10.0,-0.6930014491081238,52.4683952331543,0.052296046167612076,-0.07849299162626266,-156.632080078125,0.06189150735735893
1782999521.418267,0.0,0.0,10.0,-0.6930014491081238,52.4683952331543,0.052296046167612076,-0.07849299162626266,-156.632080078125,0.06189150735735893
1782999521.424869,0.0,0.0,10.0,-0.6930014491081238,52.4683952331543,0.052296046167612076,-0.08728990703821182,-156.676025390625,0.06453490257263184
1782999521.430989,0.0,0.0,10.0,-0.6930014491081238,52.4683952331543,0.052296046167612076,-0.08728990703821182,-156.676025390625,0.06453490257263184
1782999521.437065,0.0,0.0,10.0,-0.6930014491081238,52.4683952331543,0.052296046167612076,-0.08728990703821182,-156.676025390625,0.06453490257263184
1782999521.443004,0.0,0.0,10.0,-0.6930014491081238,52.4683952331543,0.052296046167612076,-0.08728990703821182,-156.676025390625,0.06453490257263184
1782999521.449232,0.0,0.0,10.0,-0.6938038468360901,52.46854782104492,0.05147460103034973,-0.08728990703821182,-156.676025390625,0.06453490257263184
1782999521.455134,0.0,0.0,10.0,-0.6938038468360901,52.46854782104492,0.05147460103034973,-0.08728990703821182,-156.676025390625,0.06453490257263184
1782999521.468822,0.0,0.0,10.0,-0.6938038468360901,52.46854782104492,0.05147460103034973,-0.08728990703821182,-156.676025390625,0.06453490257263184
1782999521.474473,0.0,0.0,10.0,-0.6938038468360901,52.46854782104492,0.05147460103034973,-0.08728990703821182,-156.676025390625,0.06453490257263184
1782999521.47996,0.0,0.0,10.0,-0.6938038468360901,52.46854782104492,0.05147460103034973,-0.08728990703821182,-156.676025390625,0.06453490257263184
1782999521.486424,0.0,0.0,10.0,-0.6938038468360901,52.46854782104492,0.05147460103034973,-0.08728990703821182,-156.676025390625,0.06453490257263184
1782999521.493035,0.0,0.0,10.0,-0.6938038468360901,52.46854782104492,0.05147460103034973,-0.08728990703821182,-156.676025390625,0.06453490257263184
1782999521.499804,0.0,0.0,10.0,-0.6932600140571594,52.467960357666016,0.049502402544021606,-0.08728990703821182,-156.676025390625,0.06453490257263184
1782999521.506145,0.0,0.0,10.0,-0.6932600140571594,52.467960357666016,0.049502402544021606,-0.08728990703821182,-156.676025390625,0.06453490257263184
1782999521.512032,0.0,0.0,10.0,-0.6932600140571594,52.467960357666016,0.049502402544021606,-0.08728990703821182,-156.676025390625,0.06453490257263184
1782999521.523284,0.0,0.0,10.0,-0.6932600140571594,52.467960357666016,0.049502402544021606,-0.07900004833936691,-156.632080078125,0.06109178438782692
1782999521.529851,0.0,0.0,10.0,-0.6932600140571594,52.467960357666016,0.049502402544021606,-0.07900004833936691,-156.632080078125,0.06109178438782692
1782999521.536009,0.0,0.0,10.0,-0.6932600140571594,52.467960357666016,0.049502402544021606,-0.07900004833936691,-156.632080078125,0.06109178438782692
1782999521.541426,0.0,0.0,10.0,-0.6932600140571594,52.467960357666016,0.049502402544021606,-0.07900004833936691,-156.632080078125,0.06109178438782692
1782999521.547932,0.0,0.0,10.0,-0.6930987238883972,52.46727752685547,0.05041069537401199,-0.07900004833936691,-156.632080078125,0.06109178438782692
1782999521.555425,0.0,0.0,10.0,-0.6930987238883972,52.46727752685547,0.05041069537401199,-0.07900004833936691,-156.632080078125,0.06109178438782692
1782999521.561657,0.0,0.0,10.0,-0.6930987238883972,52.46727752685547,0.05041069537401199,-0.07900004833936691,-156.632080078125,0.06109178438782692
1782999521.57058,0.0,0.0,10.0,-0.6930987238883972,52.46727752685547,0.05041069537401199,-0.07900004833936691,-156.632080078125,0.06109178438782692
1782999521.576049,0.0,0.0,10.0,-0.6930987238883972,52.46727752685547,0.05041069537401199,-0.07900004833936691,-156.632080078125,0.06109178438782692
1782999521.582544,0.0,0.0,10.0,-0.6930987238883972,52.46727752685547,0.05041069537401199,-0.07900004833936691,-156.632080078125,0.06109178438782692
1782999521.588186,0.0,0.0,10.0,-0.6930987238883972,52.46727752685547,0.05041069537401199,-0.07900004833936691,-156.632080078125,0.06109178438782692
1782999521.59347,0.0,0.0,10.0,-0.6930987238883972,52.46727752685547,0.05041069537401199,-0.07900004833936691,-156.632080078125,0.06109178438782692
1782999521.599453,0.0,0.0,10.0,-0.6951428651809692,52.46793746948242,0.052424412220716476,-0.07900004833936691,-156.632080078125,0.06109178438782692
1782999521.605283,0.0,0.0,10.0,-0.6951428651809692,52.46793746948242,0.052424412220716476,-0.07900004833936691,-156.632080078125,0.06109178438782692
1782999521.611545,0.0,0.0,10.0,-0.6951428651809692,52.46793746948242,0.052424412220716476,-0.07900004833936691,-156.632080078125,0.06109178438782692
1782999521.621551,0.0,0.0,10.0,-0.6951428651809692,52.46793746948242,0.052424412220716476,-0.07900004833936691,-156.632080078125,0.06109178438782692
1782999521.626829,0.0,0.0,10.0,-0.6951428651809692,52.46793746948242,0.052424412220716476,-0.08883325755596161,-156.676025390625,0.06334137916564941
1782999521.632308,0.0,0.0,10.0,-0.6951428651809692,52.46793746948242,0.052424412220716476,-0.08883325755596161,-156.676025390625,0.06334137916564941
1782999521.638025,0.0,0.0,10.0,-0.6951428651809692,52.46793746948242,0.052424412220716476,-0.08883325755596161,-156.676025390625,0.06334137916564941
1782999521.64425,0.0,0.0,10.0,-0.6951428651809692,52.46793746948242,0.052424412220716476,-0.08883325755596161,-156.676025390625,0.06334137916564941
1782999521.650156,0.0,0.0,10.0,-0.6942106485366821,52.46954345703125,0.051678795367479324,-0.08883325755596161,-156.676025390625,0.06334137916564941
1782999521.656055,0.0,0.0,10.0,-0.6942106485366821,52.46954345703125,0.051678795367479324,-0.08883325755596161,-156.676025390625,0.06334137916564941
1782999521.662053,0.0,0.0,10.0,-0.6942106485366821,52.46954345703125,0.051678795367479324,-0.08883325755596161,-156.676025390625,0.06334137916564941
1782999521.672488,0.0,0.0,10.0,-0.6942106485366821,52.46954345703125,0.051678795367479324,-0.08883325755596161,-156.676025390625,0.06334137916564941
1782999521.678744,0.0,0.0,10.0,-0.6942106485366821,52.46954345703125,0.051678795367479324,-0.08883325755596161,-156.676025390625,0.06334137916564941
1782999521.684241,0.0,0.0,10.0,-0.6942106485366821,52.46954345703125,0.051678795367479324,-0.08883325755596161,-156.676025390625,0.06334137916564941
1782999521.690455,0.0,0.0,10.0,-0.6942106485366821,52.46954345703125,0.051678795367479324,-0.08883325755596161,-156.676025390625,0.06334137916564941
1782999521.695863,0.0,0.0,10.0,-0.6930592656135559,52.472434997558594,0.05126194655895233,-0.08883325755596161,-156.676025390625,0.06334137916564941
1782999521.70296,0.0,0.0,10.0,-0.6930592656135559,52.472434997558594,0.05126194655895233,-0.08883325755596161,-156.676025390625,0.06334137916564941
1782999521.708446,0.0,0.0,10.0,-0.6930592656135559,52.472434997558594,0.05126194655895233,-0.08883325755596161,-156.676025390625,0.06334137916564941
1782999521.71383,0.0,0.0,10.0,-0.6930592656135559,52.472434997558594,0.05126194655895233,-0.08883325755596161,-156.676025390625,0.06334137916564941
1782999521.72386,0.0,0.0,10.0,-0.6930592656135559,52.472434997558594,0.05126194655895233,-0.08883325755596161,-156.676025390625,0.06334137916564941
1782999521.729734,0.0,0.0,10.0,-0.6930592656135559,52.472434997558594,0.05126194655895233,-0.07911963760852814,-156.654052734375,0.059845227748155594
1782999521.736199,0.0,0.0,10.0,-0.6930592656135559,52.472434997558594,0.05126194655895233,-0.07911963760852814,-156.654052734375,0.059845227748155594
1782999521.743059,0.0,0.0,10.0,-0.6930592656135559,52.472434997558594,0.05126194655895233,-0.07911963760852814,-156.654052734375,0.059845227748155594
1782999521.749476,0.0,0.0,10.0,-0.694143533706665,52.47250747680664,0.05272802710533142,-0.07911963760852814,-156.654052734375,0.059845227748155594
1782999521.756063,0.0,0.0,10.0,-0.694143533706665,52.47250747680664,0.05272802710533142,-0.07911963760852814,-156.654052734375,0.059845227748155594
1782999521.761533,0.0,0.0,10.0,-0.694143533706665,52.47250747680664,0.05272802710533142,-0.07911963760852814,-156.654052734375,0.059845227748155594
1782999521.767854,0.0,0.0,10.0,-0.694143533706665,52.47250747680664,0.05272802710533142,-0.07911963760852814,-156.654052734375,0.059845227748155594
1782999521.775702,0.0,0.0,10.0,-0.694143533706665,52.47250747680664,0.05272802710533142,-0.07911963760852814,-156.654052734375,0.059845227748155594
1782999521.781343,0.0,0.0,10.0,-0.694143533706665,52.47250747680664,0.05272802710533142,-0.07911963760852814,-156.654052734375,0.059845227748155594
1782999521.787392,0.0,0.0,10.0,-0.694143533706665,52.47250747680664,0.05272802710533142,-0.07911963760852814,-156.654052734375,0.059845227748155594
1782999521.793287,0.0,0.0,10.0,-0.694143533706665,52.47250747680664,0.05272802710533142,-0.07911963760852814,-156.654052734375,0.059845227748155594
1782999521.799481,0.0,0.0,10.0,-0.6943174600601196,52.47312545776367,0.054029107093811035,-0.07911963760852814,-156.654052734375,0.059845227748155594
1782999521.805363,0.0,0.0,10.0,-0.6943174600601196,52.47312545776367,0.054029107093811035,-0.07911963760852814,-156.654052734375,0.059845227748155594
1782999521.810975,0.0,0.0,10.0,-0.6943174600601196,52.47312545776367,0.054029107093811035,-0.07911963760852814,-156.654052734375,0.059845227748155594
1782999521.817525,0.0,0.0,10.0,-0.6943174600601196,52.47312545776367,0.054029107093811035,-0.07911963760852814,-156.654052734375,0.059845227748155594
1782999521.828116,0.0,0.0,10.0,-0.6943174600601196,52.47312545776367,0.054029107093811035,-0.07911963760852814,-156.654052734375,0.059845227748155594
1782999521.834073,0.0,0.0,10.0,-0.6943174600601196,52.47312545776367,0.054029107093811035,-0.08918241411447525,-156.654052734375,0.06293152272701263
1782999521.840539,0.0,0.0,10.0,-0.6943174600601196,52.47312545776367,0.054029107093811035,-0.08918241411447525,-156.654052734375,0.06293152272701263
1782999521.846305,0.0,0.0,10.0,-0.6943174600601196,52.47312545776367,0.054029107093811035,-0.08918241411447525,-156.654052734375,0.06293152272701263
1782999521.852097,0.0,0.0,10.0,-0.6930436491966248,52.474491119384766,0.05309493467211723,-0.08918241411447525,-156.654052734375,0.06293152272701263
1782999521.858048,0.0,0.0,10.0,-0.6930436491966248,52.474491119384766,0.05309493467211723,-0.08918241411447525,-156.654052734375,0.06293152272701263
1782999521.864031,0.0,0.0,10.0,-0.6930436491966248,52.474491119384766,0.05309493467211723,-0.08918241411447525,-156.654052734375,0.06293152272701263
1782999521.870548,0.0,0.0,10.0,-0.6930436491966248,52.474491119384766,0.05309493467211723,-0.08918241411447525,-156.654052734375,0.06293152272701263
1782999521.881141,0.0,0.0,10.0,-0.6930436491966248,52.474491119384766,0.05309493467211723,-0.08918241411447525,-156.654052734375,0.06293152272701263
1782999521.888187,0.0,0.0,10.0,-0.6930436491966248,52.474491119384766,0.05309493467211723,-0.08918241411447525,-156.654052734375,0.06293152272701263
1782999521.894623,0.0,0.0,10.0,-0.6930436491966248,52.474491119384766,0.05309493467211723,-0.08918241411447525,-156.654052734375,0.06293152272701263
1782999521.900896,0.0,0.0,10.0,-0.6927787661552429,52.473812103271484,0.052470333874225616,-0.08918241411447525,-156.654052734375,0.06293152272701263
1782999521.908473,0.0,0.0,10.0,-0.6927787661552429,52.473812103271484,0.052470333874225616,-0.08918241411447525,-156.654052734375,0.06293152272701263
1782999521.914062,0.0,0.0,10.0,-0.6927787661552429,52.473812103271484,0.052470333874225616,-0.08918241411447525,-156.654052734375,0.06293152272701263
1782999521.920444,0.0,0.0,10.0,-0.6927787661552429,52.473812103271484,0.052470333874225616,-0.08113595098257065,-156.610107421875,0.05996955558657646
1782999521.933236,0.0,0.0,10.0,-0.6927787661552429,52.473812103271484,0.052470333874225616,-0.08113595098257065,-156.610107421875,0.05996955558657646
1782999521.940086,0.0,0.0,10.0,-0.6927787661552429,52.473812103271484,0.052470333874225616,-0.08113595098257065,-156.610107421875,0.05996955558657646
1782999521.94548,0.0,0.0,10.0,-0.6927787661552429,52.473812103271484,0.052470333874225616,-0.08113595098257065,-156.610107421875,0.05996955558657646
1782999521.952741,0.0,0.0,10.0,-0.6935396790504456,52.4726676940918,0.052789174020290375,-0.08113595098257065,-156.610107421875,0.05996955558657646
1782999521.958046,0.0,0.0,10.0,-0.6935396790504456,52.4726676940918,0.052789174020290375,-0.08113595098257065,-156.610107421875,0.05996955558657646
1782999521.963658,0.0,0.0,10.0,-0.6935396790504456,52.4726676940918,0.052789174020290375,-0.08113595098257065,-156.610107421875,0.05996955558657646
1782999521.970554,0.0,0.0,10.0,-0.6935396790504456,52.4726676940918,0.052789174020290375,-0.08113595098257065,-156.610107421875,0.05996955558657646
1782999521.980602,0.0,0.0,10.0,-0.6935396790504456,52.4726676940918,0.052789174020290375,-0.08113595098257065,-156.610107421875,0.05996955558657646
1782999521.986484,0.0,0.0,10.0,-0.6935396790504456,52.4726676940918,0.052789174020290375,-0.08113595098257065,-156.610107421875,0.05996955558657646
1782999521.992963,0.0,0.0,10.0,-0.6935396790504456,52.4726676940918,0.052789174020290375,-0.08113595098257065,-156.610107421875,0.05996955558657646
1782999521.998407,0.0,0.0,10.0,-0.6940115690231323,52.472076416015625,0.0535309724509716,-0.08113595098257065,-156.610107421875,0.05996955558657646
1782999522.004724,0.0,0.0,10.0,-0.6940115690231323,52.472076416015625,0.0535309724509716,-0.08113595098257065,-156.610107421875,0.05996955558657646
1782999522.01062,0.0,0.0,10.0,-0.6940115690231323,52.472076416015625,0.0535309724509716,-0.08113595098257065,-156.610107421875,0.05996955558657646
1782999522.016148,0.0,0.0,10.0,-0.6940115690231323,52.472076416015625,0.0535309724509716,-0.08113595098257065,-156.610107421875,0.05996955558657646
1782999522.022353,0.0,0.0,10.0,-0.6940115690231323,52.472076416015625,0.0535309724509716,-0.08547895401716232,-156.610107421875,0.06060251593589783
1782999522.030806,0.0,0.0,10.0,-0.6940115690231323,52.472076416015625,0.0535309724509716,-0.08547895401716232,-156.610107421875,0.06060251593589783
1782999522.037374,0.0,0.0,10.0,-0.6940115690231323,52.472076416015625,0.0535309724509716,-0.08547895401716232,-156.610107421875,0.06060251593589783
1782999522.043164,0.0,0.0,10.0,-0.6940115690231323,52.472076416015625,0.0535309724509716,-0.08547895401716232,-156.610107421875,0.06060251593589783
1782999522.049569,0.0,0.0,10.0,-0.6927059292793274,52.47220993041992,0.05289812758564949,-0.08547895401716232,-156.610107421875,0.06060251593589783
1782999522.055791,0.0,0.0,10.0,-0.6927059292793274,52.47220993041992,0.05289812758564949,-0.08547895401716232,-156.610107421875,0.06060251593589783
1782999522.062634,0.0,0.0,10.0,-0.6927059292793274,52.47220993041992,0.05289812758564949,-0.08547895401716232,-156.610107421875,0.06060251593589783
1782999522.06953,0.0,0.0,10.0,-0.6927059292793274,52.47220993041992,0.05289812758564949,-0.08547895401716232,-156.610107421875,0.06060251593589783
1782999522.08208,0.0,0.0,10.0,-0.6927059292793274,52.47220993041992,0.05289812758564949,-0.08547895401716232,-156.610107421875,0.06060251593589783
1782999522.088316,0.0,0.0,10.0,-0.6927059292793274,52.47220993041992,0.05289812758564949,-0.08547895401716232,-156.610107421875,0.06060251593589783
1782999522.094719,0.0,0.0,10.0,-0.6927059292793274,52.47220993041992,0.05289812758564949,-0.08547895401716232,-156.610107421875,0.06060251593589783
1782999522.100469,0.0,0.0,10.0,-0.6940407752990723,52.47291564941406,0.053566910326480865,-0.08547895401716232,-156.610107421875,0.06060251593589783
1782999522.106314,0.0,0.0,10.0,-0.6940407752990723,52.47291564941406,0.053566910326480865,-0.08547895401716232,-156.610107421875,0.06060251593589783
1782999522.113233,0.0,0.0,10.0,-0.6940407752990723,52.47291564941406,0.053566910326480865,-0.08547895401716232,-156.610107421875,0.06060251593589783
1782999522.120121,0.0,0.0,10.0,-0.6940407752990723,52.47291564941406,0.053566910326480865,-0.08547895401716232,-156.610107421875,0.06060251593589783
1782999522.126488,0.0,0.0,10.0,-0.6940407752990723,52.47291564941406,0.053566910326480865,-0.0846555158495903,-156.654052734375,0.05905494838953018
1782999522.136097,0.0,0.0,10.0,-0.6940407752990723,52.47291564941406,0.053566910326480865,-0.0846555158495903,-156.654052734375,0.05905494838953018
1782999522.142037,0.0,0.0,10.0,-0.6940407752990723,52.47291564941406,0.053566910326480865,-0.0846555158495903,-156.654052734375,0.05905494838953018
1782999522.147864,0.0,0.0,10.0,-0.695745050907135,52.47209167480469,0.05610473081469536,-0.0846555158495903,-156.654052734375,0.05905494838953018
1782999522.153411,0.0,0.0,10.0,-0.695745050907135,52.47209167480469,0.05610473081469536,-0.0846555158495903,-156.654052734375,0.05905494838953018
1782999522.158857,0.0,0.0,10.0,-0.695745050907135,52.47209167480469,0.05610473081469536,-0.0846555158495903,-156.654052734375,0.05905494838953018
1782999522.165794,0.0,0.0,10.0,-0.695745050907135,52.47209167480469,0.05610473081469536,-0.0846555158495903,-156.654052734375,0.05905494838953018
1782999522.171784,0.0,0.0,10.0,-0.695745050907135,52.47209167480469,0.05610473081469536,-0.0846555158495903,-156.654052734375,0.05905494838953018
1782999522.177755,0.0,0.0,10.0,-0.695745050907135,52.47209167480469,0.05610473081469536,-0.0846555158495903,-156.654052734375,0.05905494838953018
1782999522.187491,0.0,0.0,10.0,-0.695745050907135,52.47209167480469,0.05610473081469536,-0.0846555158495903,-156.654052734375,0.05905494838953018
1782999522.193845,0.0,0.0,10.0,-0.695745050907135,52.47209167480469,0.05610473081469536,-0.0846555158495903,-156.654052734375,0.05905494838953018
1782999522.199477,0.0,0.0,10.0,-0.6949139833450317,52.47227096557617,0.0557396374642849,-0.0846555158495903,-156.654052734375,0.05905494838953018
1782999522.204929,0.0,0.0,10.0,-0.6949139833450317,52.47227096557617,0.0557396374642849,-0.0846555158495903,-156.654052734375,0.05905494838953018
1782999522.211147,0.0,0.0,10.0,-0.6949139833450317,52.47227096557617,0.0557396374642849,-0.0846555158495903,-156.654052734375,0.05905494838953018
1782999522.22868,0.0,0.0,10.0,-0.6949139833450317,52.47227096557617,0.0557396374642849,-0.0846555158495903,-156.654052734375,0.05905494838953018
1782999522.25243,0.0,0.0,10.0,-0.6949139833450317,52.47227096557617,0.0557396374642849,-0.08310553431510925,-156.654052734375,0.06000726670026779
1782999522.258496,0.0,0.0,10.0,-0.6940024495124817,52.473567962646484,0.053913865238428116,-0.08310553431510925,-156.654052734375,0.06000726670026779
1782999522.264233,0.0,0.0,10.0,-0.6940024495124817,52.473567962646484,0.053913865238428116,-0.08310553431510925,-156.654052734375,0.06000726670026779
1782999522.270298,0.0,0.0,10.0,-0.6940024495124817,52.473567962646484,0.053913865238428116,-0.08310553431510925,-156.654052734375,0.06000726670026779
1782999522.276432,0.0,0.0,10.0,-0.6940024495124817,52.473567962646484,0.053913865238428116,-0.08310553431510925,-156.654052734375,0.06000726670026779
1782999522.283546,0.0,0.0,10.0,-0.6940024495124817,52.473567962646484,0.053913865238428116,-0.08310553431510925,-156.654052734375,0.06000726670026779
1782999522.304417,0.0,0.0,10.0,-0.6940024495124817,52.473567962646484,0.053913865238428116,-0.08310553431510925,-156.654052734375,0.06000726670026779
1782999522.31018,0.0,0.0,10.0,-0.6950987577438354,52.47378158569336,0.054694052785634995,-0.08310553431510925,-156.654052734375,0.06000726670026779
1782999522.315565,0.0,0.0,10.0,-0.6950987577438354,52.47378158569336,0.054694052785634995,-0.08310553431510925,-156.654052734375,0.06000726670026779
1782999522.321061,0.0,0.0,10.0,-0.6950987577438354,52.47378158569336,0.054694052785634995,-0.08310553431510925,-156.654052734375,0.06000726670026779
1782999522.327742,0.0,0.0,10.0,-0.6950987577438354,52.47378158569336,0.054694052785634995,-0.0868680328130722,-156.676025390625,0.05945640802383423
1782999522.347071,0.0,0.0,10.0,-0.6950987577438354,52.47378158569336,0.054694052785634995,-0.0868680328130722,-156.676025390625,0.05945640802383423
1782999522.36021,0.0,0.0,10.0,-0.6950987577438354,52.47378158569336,0.054694052785634995,-0.0868680328130722,-156.676025390625,0.05945640802383423
1782999522.366395,0.0,0.0,10.0,-0.6942655444145203,52.47452163696289,0.05425606667995453,-0.0868680328130722,-156.676025390625,0.05945640802383423
1782999522.373159,0.0,0.0,10.0,-0.6942655444145203,52.47452163696289,0.05425606667995453,-0.0868680328130722,-156.676025390625,0.05945640802383423
1782999522.379898,0.0,0.0,10.0,-0.6942655444145203,52.47452163696289,0.05425606667995453,-0.0868680328130722,-156.676025390625,0.05945640802383423
1782999522.386177,0.0,0.0,10.0,-0.6942655444145203,52.47452163696289,0.05425606667995453,-0.0868680328130722,-156.676025390625,0.05945640802383423
1782999522.39303,0.0,0.0,10.0,-0.6942655444145203,52.47452163696289,0.05425606667995453,-0.0868680328130722,-156.676025390625,0.05945640802383423
1782999522.405793,0.0,0.0,10.0,-0.6932923197746277,52.47397232055664,0.05257419869303703,-0.0868680328130722,-156.676025390625,0.05945640802383423
1782999522.412773,0.0,0.0,10.0,-0.6932923197746277,52.47397232055664,0.05257419869303703,-0.0868680328130722,-156.676025390625,0.05945640802383423
1782999522.418306,0.0,0.0,10.0,-0.6932923197746277,52.47397232055664,0.05257419869303703,-0.0868680328130722,-156.676025390625,0.05945640802383423
1782999522.423554,0.0,0.0,10.0,-0.6932923197746277,52.47397232055664,0.05257419869303703,-0.0834026038646698,-156.654052734375,0.05831000953912735
1782999522.428922,0.0,0.0,10.0,-0.6932923197746277,52.47397232055664,0.05257419869303703,-0.0834026038646698,-156.654052734375,0.05831000953912735
1782999522.444089,0.0,0.0,10.0,-0.6932923197746277,52.47397232055664,0.05257419869303703,-0.0834026038646698,-156.654052734375,0.05831000953912735
1782999522.467257,0.0,0.0,10.0,-0.6931812763214111,52.475406646728516,0.05174139514565468,-0.0834026038646698,-156.654052734375,0.05831000953912735
1782999522.482729,0.0,0.0,10.0,-0.6931812763214111,52.475406646728516,0.05174139514565468,-0.0834026038646698,-156.654052734375,0.05831000953912735
1782999522.489674,0.0,0.0,10.0,-0.6931812763214111,52.475406646728516,0.05174139514565468,-0.0834026038646698,-156.654052734375,0.05831000953912735
1782999522.495146,0.0,0.0,10.0,-0.6946807503700256,52.47587966918945,0.052737537771463394,-0.0834026038646698,-156.654052734375,0.05831000953912735
1782999522.511545,0.0,0.0,10.0,-0.6946807503700256,52.47587966918945,0.052737537771463394,-0.0834026038646698,-156.654052734375,0.05831000953912735
1782999522.518235,0.0,0.0,10.0,-0.6946807503700256,52.47587966918945,0.052737537771463394,-0.0834026038646698,-156.654052734375,0.05831000953912735
1782999522.533886,0.0,0.0,10.0,-0.6946807503700256,52.47587966918945,0.052737537771463394,-0.0834026038646698,-156.654052734375,0.05831000953912735
1782999522.549826,0.0,0.0,10.0,-0.6946807503700256,52.47587966918945,0.052737537771463394,-0.08876888453960419,-156.654052734375,0.059470295906066895
1782999522.566503,0.0,0.0,10.0,-0.6946807503700256,52.47587966918945,0.052737537771463394,-0.08876888453960419,-156.654052734375,0.059470295906066895
1782999522.58762,0.0,0.0,10.0,-0.6946807503700256,52.47587966918945,0.052737537771463394,-0.08876888453960419,-156.654052734375,0.059470295906066895
1782999522.59342,0.0,0.0,10.0,-0.6940037608146667,52.475006103515625,0.053393151611089706,-0.08876888453960419,-156.654052734375,0.059470295906066895
1782999522.599122,0.0,0.0,10.0,-0.6932801008224487,52.47684097290039,0.05316976085305214,-0.08876888453960419,-156.654052734375,0.059470295906066895
1782999522.604637,0.0,0.0,10.0,-0.6932801008224487,52.47684097290039,0.05316976085305214,-0.08876888453960419,-156.654052734375,0.059470295906066895
1782999522.6112,0.0,0.0,10.0,-0.6932801008224487,52.47684097290039,0.05316976085305214,-0.08876888453960419,-156.654052734375,0.059470295906066895
1782999522.632984,0.0,0.0,10.0,-0.6932801008224487,52.47684097290039,0.05316976085305214,-0.08876888453960419,-156.654052734375,0.059470295906066895
1782999522.639212,0.0,0.0,10.0,-0.6932801008224487,52.47684097290039,0.05316976085305214,-0.08460887521505356,-156.632080078125,0.05872990936040878
1782999522.64635,0.0,0.0,10.0,-0.6932801008224487,52.47684097290039,0.05316976085305214,-0.08460887521505356,-156.632080078125,0.05872990936040878
1782999522.653102,0.0,0.0,10.0,-0.6938902735710144,52.477027893066406,0.05200081691145897,-0.08460887521505356,-156.632080078125,0.05872990936040878
1782999522.658588,0.0,0.0,10.0,-0.6938902735710144,52.477027893066406,0.05200081691145897,-0.08460887521505356,-156.632080078125,0.05872990936040878
1782999522.666335,0.0,0.0,10.0,-0.6938902735710144,52.477027893066406,0.05200081691145897,-0.08460887521505356,-156.632080078125,0.05872990936040878
1782999522.681798,0.0,0.0,10.0,-0.6938902735710144,52.477027893066406,0.05200081691145897,-0.08460887521505356,-156.632080078125,0.05872990936040878
1782999522.687834,0.0,0.0,10.0,-0.6938902735710144,52.477027893066406,0.05200081691145897,-0.08460887521505356,-156.632080078125,0.05872990936040878
1782999522.693999,0.0,0.0,10.0,-0.6938902735710144,52.477027893066406,0.05200081691145897,-0.08460887521505356,-156.632080078125,0.05872990936040878
1782999522.700395,0.0,0.0,10.0,-0.6937914490699768,52.477561950683594,0.052650853991508484,-0.08460887521505356,-156.632080078125,0.05872990936040878
1782999522.706312,0.0,0.0,10.0,-0.6937914490699768,52.477561950683594,0.052650853991508484,-0.08460887521505356,-156.632080078125,0.05872990936040878
1782999522.717083,0.0,0.0,10.0,-0.6937914490699768,52.477561950683594,0.052650853991508484,-0.08460887521505356,-156.632080078125,0.05872990936040878
1782999522.723228,0.0,0.0,10.0,-0.6937914490699768,52.477561950683594,0.052650853991508484,-0.08992712199687958,-156.654052734375,0.059777844697237015
1782999522.729349,0.0,0.0,10.0,-0.6937914490699768,52.477561950683594,0.052650853991508484,-0.08992712199687958,-156.654052734375,0.059777844697237015
1782999522.735019,0.0,0.0,10.0,-0.6937914490699768,52.477561950683594,0.052650853991508484,-0.08992712199687958,-156.654052734375,0.059777844697237015
1782999522.741907,0.0,0.0,10.0,-0.6937914490699768,52.477561950683594,0.052650853991508484,-0.08992712199687958,-156.654052734375,0.059777844697237015
1782999522.748321,0.0,0.0,10.0,-0.693456768989563,52.47787857055664,0.05254869535565376,-0.08992712199687958,-156.654052734375,0.059777844697237015
1782999522.753699,0.0,0.0,10.0,-0.693456768989563,52.47787857055664,0.05254869535565376,-0.08992712199687958,-156.654052734375,0.059777844697237015
1782999522.759535,0.0,0.0,10.0,-0.693456768989563,52.47787857055664,0.05254869535565376,-0.08992712199687958,-156.654052734375,0.059777844697237015
1782999522.769781,0.0,0.0,10.0,-0.693456768989563,52.47787857055664,0.05254869535565376,-0.08992712199687958,-156.654052734375,0.059777844697237015
1782999522.775423,0.0,0.0,10.0,-0.693456768989563,52.47787857055664,0.05254869535565376,-0.08992712199687958,-156.654052734375,0.059777844697237015
1782999522.781438,0.0,0.0,10.0,-0.693456768989563,52.47787857055664,0.05254869535565376,-0.08992712199687958,-156.654052734375,0.059777844697237015
1782999522.787396,0.0,0.0,10.0,-0.693456768989563,52.47787857055664,0.05254869535565376,-0.08992712199687958,-156.654052734375,0.059777844697237015
1782999522.794298,0.0,0.0,10.0,-0.693456768989563,52.47787857055664,0.05254869535565376,-0.08992712199687958,-156.654052734375,0.059777844697237015
1782999522.800743,0.0,0.0,10.0,-0.6940253376960754,52.47736740112305,0.052332356572151184,-0.08992712199687958,-156.654052734375,0.059777844697237015
1782999522.806981,0.0,0.0,10.0,-0.6940253376960754,52.47736740112305,0.052332356572151184,-0.08992712199687958,-156.654052734375,0.059777844697237015
1782999522.820208,0.0,0.0,10.0,-0.6940253376960754,52.47736740112305,0.052332356572151184,-0.08992712199687958,-156.654052734375,0.059777844697237015
1782999522.825987,0.0,0.0,10.0,-0.6940253376960754,52.47736740112305,0.052332356572151184,-0.08635759353637695,-156.632080078125,0.058009352535009384
1782999522.831357,0.0,0.0,10.0,-0.6940253376960754,52.47736740112305,0.052332356572151184,-0.08635759353637695,-156.632080078125,0.058009352535009384
1782999522.837161,0.0,0.0,10.0,-0.6940253376960754,52.47736740112305,0.052332356572151184,-0.08635759353637695,-156.632080078125,0.058009352535009384
1782999522.842543,0.0,0.0,10.0,-0.6940253376960754,52.47736740112305,0.052332356572151184,-0.08635759353637695,-156.632080078125,0.058009352535009384
1782999522.847884,0.0,0.0,10.0,-0.6947360634803772,52.47732162475586,0.05285819247364998,-0.08635759353637695,-156.632080078125,0.058009352535009384
1782999522.854049,0.0,0.0,10.0,-0.6947360634803772,52.47732162475586,0.05285819247364998,-0.08635759353637695,-156.632080078125,0.058009352535009384
1782999522.860459,0.0,0.0,10.0,-0.6947360634803772,52.47732162475586,0.05285819247364998,-0.08635759353637695,-156.632080078125,0.058009352535009384
1782999522.870377,0.0,0.0,10.0,-0.6947360634803772,52.47732162475586,0.05285819247364998,-0.08635759353637695,-156.632080078125,0.058009352535009384
1782999522.875871,0.0,0.0,10.0,-0.6947360634803772,52.47732162475586,0.05285819247364998,-0.08635759353637695,-156.632080078125,0.058009352535009384
1782999522.881306,0.0,0.0,10.0,-0.6947360634803772,52.47732162475586,0.05285819247364998,-0.08635759353637695,-156.632080078125,0.058009352535009384
1782999522.887207,0.0,0.0,10.0,-0.6947360634803772,52.47732162475586,0.05285819247364998,-0.08635759353637695,-156.632080078125,0.058009352535009384
1782999522.893506,0.0,0.0,10.0,-0.6947360634803772,52.47732162475586,0.05285819247364998,-0.08635759353637695,-156.632080078125,0.058009352535009384
1782999522.899043,0.0,0.0,10.0,-0.6956560015678406,52.47685623168945,0.05320833623409271,-0.08635759353637695,-156.632080078125,0.058009352535009384
1782999522.904926,0.0,0.0,10.0,-0.6956560015678406,52.47685623168945,0.05320833623409271,-0.08635759353637695,-156.632080078125,0.058009352535009384
1782999522.910636,0.0,0.0,10.0,-0.6956560015678406,52.47685623168945,0.05320833623409271,-0.08635759353637695,-156.632080078125,0.058009352535009384
1782999522.921277,0.0,0.0,10.0,-0.6956560015678406,52.47685623168945,0.05320833623409271,-0.08635759353637695,-156.632080078125,0.058009352535009384
1782999522.926991,0.0,0.0,10.0,-0.6956560015678406,52.47685623168945,0.05320833623409271,-0.09068391472101212,-156.676025390625,0.06055687740445137
1782999522.932952,0.0,0.0,10.0,-0.6956560015678406,52.47685623168945,0.05320833623409271,-0.09068391472101212,-156.676025390625,0.06055687740445137
1782999522.939008,0.0,0.0,10.0,-0.6956560015678406,52.47685623168945,0.05320833623409271,-0.09068391472101212,-156.676025390625,0.06055687740445137
1782999522.944548,0.0,0.0,10.0,-0.6956560015678406,52.47685623168945,0.05320833623409271,-0.09068391472101212,-156.676025390625,0.06055687740445137
1782999522.950077,0.0,0.0,10.0,-0.6954574584960938,52.47605514526367,0.05182478576898575,-0.09068391472101212,-156.676025390625,0.06055687740445137
1782999522.955655,0.0,0.0,10.0,-0.6954574584960938,52.47605514526367,0.05182478576898575,-0.09068391472101212,-156.676025390625,0.06055687740445137
1782999522.961351,0.0,0.0,10.0,-0.6954574584960938,52.47605514526367,0.05182478576898575,-0.09068391472101212,-156.676025390625,0.06055687740445137
1782999522.972714,0.0,0.0,10.0,-0.6954574584960938,52.47605514526367,0.05182478576898575,-0.09068391472101212,-156.676025390625,0.06055687740445137
1782999522.978802,0.0,0.0,10.0,-0.6954574584960938,52.47605514526367,0.05182478576898575,-0.09068391472101212,-156.676025390625,0.06055687740445137
1782999522.984203,0.0,0.0,10.0,-0.6954574584960938,52.47605514526367,0.05182478576898575,-0.09068391472101212,-156.676025390625,0.06055687740445137
1782999522.990136,0.0,0.0,10.0,-0.6954574584960938,52.47605514526367,0.05182478576898575,-0.09068391472101212,-156.676025390625,0.06055687740445137
1782999522.996286,0.0,0.0,10.0,-0.6954574584960938,52.47605514526367,0.05182478576898575,-0.09068391472101212,-156.676025390625,0.06055687740445137
1782999523.001953,0.0,0.0,10.0,-0.6940858364105225,52.47549057006836,0.05209214612841606,-0.09068391472101212,-156.676025390625,0.06055687740445137
1782999523.007828,0.0,0.0,10.0,-0.6940858364105225,52.47549057006836,0.05209214612841606,-0.09068391472101212,-156.676025390625,0.06055687740445137
1782999523.014158,0.0,0.0,10.0,-0.6940858364105225,52.47549057006836,0.05209214612841606,-0.09068391472101212,-156.676025390625,0.06055687740445137
1782999523.02397,0.0,0.0,10.0,-0.6940858364105225,52.47549057006836,0.05209214612841606,-0.09068391472101212,-156.676025390625,0.06055687740445137
1782999523.029394,0.0,0.0,10.0,-0.6940858364105225,52.47549057006836,0.05209214612841606,-0.08667213469743729,-156.654052734375,0.05943489819765091
1782999523.036312,0.0,0.0,10.0,-0.6940858364105225,52.47549057006836,0.05209214612841606,-0.08667213469743729,-156.654052734375,0.05943489819765091
1782999523.042252,0.0,0.0,10.0,-0.6940858364105225,52.47549057006836,0.05209214612841606,-0.08667213469743729,-156.654052734375,0.05943489819765091
1782999523.048134,0.0,0.0,10.0,-0.6949003338813782,52.47430419921875,0.05347542464733124,-0.08667213469743729,-156.654052734375,0.05943489819765091
1782999523.054615,0.0,0.0,10.0,-0.6949003338813782,52.47430419921875,0.05347542464733124,-0.08667213469743729,-156.654052734375,0.05943489819765091
1782999523.060635,0.0,0.0,10.0,-0.6949003338813782,52.47430419921875,0.05347542464733124,-0.08667213469743729,-156.654052734375,0.05943489819765091
1782999523.066283,0.0,0.0,10.0,-0.6949003338813782,52.47430419921875,0.05347542464733124,-0.08667213469743729,-156.654052734375,0.05943489819765091
1782999523.074089,0.0,0.0,10.0,-0.6949003338813782,52.47430419921875,0.05347542464733124,-0.08667213469743729,-156.654052734375,0.05943489819765091
1782999523.079625,0.0,0.0,10.0,-0.6949003338813782,52.47430419921875,0.05347542464733124,-0.08667213469743729,-156.654052734375,0.05943489819765091
1782999523.085621,0.0,0.0,10.0,-0.6949003338813782,52.47430419921875,0.05347542464733124,-0.08667213469743729,-156.654052734375,0.05943489819765091
1782999523.091612,0.0,0.0,10.0,-0.6949003338813782,52.47430419921875,0.05347542464733124,-0.08667213469743729,-156.654052734375,0.05943489819765091
1782999523.097831,0.0,0.0,10.0,-0.6939552426338196,52.473838806152344,0.05411125719547272,-0.08667213469743729,-156.654052734375,0.05943489819765091
1782999523.104164,0.0,0.0,10.0,-0.6939552426338196,52.473838806152344,0.05411125719547272,-0.08667213469743729,-156.654052734375,0.05943489819765091
1782999523.109916,0.0,0.0,10.0,-0.6939552426338196,52.473838806152344,0.05411125719547272,-0.08667213469743729,-156.654052734375,0.05943489819765091
1782999523.115693,0.0,0.0,10.0,-0.6939552426338196,52.473838806152344,0.05411125719547272,-0.08667213469743729,-156.654052734375,0.05943489819765091
1782999523.12952,0.0,0.0,10.0,-0.6939552426338196,52.473838806152344,0.05411125719547272,-0.08667213469743729,-156.654052734375,0.05943489819765091
1782999523.135608,0.0,0.0,10.0,-0.6939552426338196,52.473838806152344,0.05411125719547272,-0.0906456932425499,-156.632080078125,0.06069018691778183
1782999523.141428,0.0,0.0,10.0,-0.6939552426338196,52.473838806152344,0.05411125719547272,-0.0906456932425499,-156.632080078125,0.06069018691778183
1782999523.14815,0.0,0.0,10.0,-0.6938215494155884,52.47452926635742,0.05335899069905281,-0.0906456932425499,-156.632080078125,0.06069018691778183
1782999523.153908,0.0,0.0,10.0,-0.6938215494155884,52.47452926635742,0.05335899069905281,-0.0906456932425499,-156.632080078125,0.06069018691778183
1782999523.159512,0.0,0.0,10.0,-0.6938215494155884,52.47452926635742,0.05335899069905281,-0.0906456932425499,-156.632080078125,0.06069018691778183
1782999523.165031,0.0,0.0,10.0,-0.6938215494155884,52.47452926635742,0.05335899069905281,-0.0906456932425499,-156.632080078125,0.06069018691778183
1782999523.17095,0.0,0.0,10.0,-0.6938215494155884,52.47452926635742,0.05335899069905281,-0.0906456932425499,-156.632080078125,0.06069018691778183
1782999523.179136,0.0,0.0,10.0,-0.6938215494155884,52.47452926635742,0.05335899069905281,-0.0906456932425499,-156.632080078125,0.06069018691778183
1782999523.185896,0.0,0.0,10.0,-0.6938215494155884,52.47452926635742,0.05335899069905281,-0.0906456932425499,-156.632080078125,0.06069018691778183
1782999523.191446,0.0,0.0,10.0,-0.6938215494155884,52.47452926635742,0.05335899069905281,-0.0906456932425499,-156.632080078125,0.06069018691778183
1782999523.197165,0.0,0.0,10.0,-0.6933464407920837,52.476261138916016,0.05418924242258072,-0.0906456932425499,-156.632080078125,0.06069018691778183
1782999523.202876,0.0,0.0,10.0,-0.6933464407920837,52.476261138916016,0.05418924242258072,-0.0906456932425499,-156.632080078125,0.06069018691778183
1782999523.210533,0.0,0.0,10.0,-0.6933464407920837,52.476261138916016,0.05418924242258072,-0.0906456932425499,-156.632080078125,0.06069018691778183
1782999523.216197,0.0,0.0,10.0,-0.6933464407920837,52.476261138916016,0.05418924242258072,-0.0906456932425499,-156.632080078125,0.06069018691778183
1782999523.223436,0.0,0.0,10.0,-0.6933464407920837,52.476261138916016,0.05418924242258072,-0.0906456932425499,-156.632080078125,0.06069018691778183
1782999523.233352,0.0,0.0,10.0,-0.6933464407920837,52.476261138916016,0.05418924242258072,-0.0906456932425499,-156.632080078125,0.06069018691778183
1782999523.239012,0.0,0.0,10.0,-0.6933464407920837,52.476261138916016,0.05418924242258072,-0.07756658643484116,-156.654052734375,0.05314524844288826
1782999523.244965,0.0,0.0,10.0,-0.6933464407920837,52.476261138916016,0.05418924242258072,-0.07756658643484116,-156.654052734375,0.05314524844288826
1782999523.250975,0.0,0.0,10.0,-0.6941543221473694,52.4778938293457,0.0537588968873024,-0.07756658643484116,-156.654052734375,0.05314524844288826
1782999523.267584,0.0,0.0,10.0,-0.6941543221473694,52.4778938293457,0.0537588968873024,-0.07756658643484116,-156.654052734375,0.05314524844288826
1782999523.273226,0.0,0.0,10.0,-0.6941543221473694,52.4778938293457,0.0537588968873024,-0.07756658643484116,-156.654052734375,0.05314524844288826
1782999523.278772,0.0,0.0,10.0,-0.6941543221473694,52.4778938293457,0.0537588968873024,-0.07756658643484116,-156.654052734375,0.05314524844288826
1782999523.284281,0.0,0.0,10.0,-0.6941543221473694,52.4778938293457,0.0537588968873024,-0.07756658643484116,-156.654052734375,0.05314524844288826
1782999523.290779,0.0,0.0,10.0,-0.6941543221473694,52.4778938293457,0.0537588968873024,-0.07756658643484116,-156.654052734375,0.05314524844288826
1782999523.296698,0.0,0.0,10.0,-0.6941543221473694,52.4778938293457,0.0537588968873024,-0.07756658643484116,-156.654052734375,0.05314524844288826
1782999523.319291,0.0,0.0,10.0,-0.6934666633605957,52.4777717590332,0.0547269843518734,-0.07756658643484116,-156.654052734375,0.05314524844288826
1782999523.325726,0.0,0.0,10.0,-0.6934666633605957,52.4777717590332,0.0547269843518734,-0.07756658643484116,-156.654052734375,0.05314524844288826
1782999523.331849,0.0,0.0,10.0,-0.6934666633605957,52.4777717590332,0.0547269843518734,-0.07624967396259308,-156.654052734375,0.05431802198290825
1782999523.338188,0.0,0.0,10.0,-0.6934666633605957,52.4777717590332,0.0547269843518734,-0.07624967396259308,-156.654052734375,0.05431802198290825
1782999523.344646,0.0,0.0,10.0,-0.6934666633605957,52.4777717590332,0.0547269843518734,-0.07624967396259308,-156.654052734375,0.05431802198290825
1782999523.368295,0.0,0.0,10.0,-0.6937513947486877,52.47892379760742,0.054435499012470245,-0.07624967396259308,-156.654052734375,0.05431802198290825
1782999523.374256,0.0,0.0,10.0,-0.6937513947486877,52.47892379760742,0.054435499012470245,-0.07624967396259308,-156.654052734375,0.05431802198290825
1782999523.379983,0.0,0.0,10.0,-0.6937513947486877,52.47892379760742,0.054435499012470245,-0.07624967396259308,-156.654052734375,0.05431802198290825
1782999523.386121,0.0,0.0,10.0,-0.6937513947486877,52.47892379760742,0.054435499012470245,-0.07624967396259308,-156.654052734375,0.05431802198290825
1782999523.391733,0.0,0.0,10.0,-0.6937513947486877,52.47892379760742,0.054435499012470245,-0.07624967396259308,-156.654052734375,0.05431802198290825
1782999523.397585,0.0,0.0,10.0,-0.6941801309585571,52.47991180419922,0.054286617785692215,-0.07624967396259308,-156.654052734375,0.05431802198290825
1782999523.417623,0.0,0.0,10.0,-0.6941801309585571,52.47991180419922,0.054286617785692215,-0.07624967396259308,-156.654052734375,0.05431802198290825
1782999523.42405,0.0,0.0,10.0,-0.6941801309585571,52.47991180419922,0.054286617785692215,-0.07624967396259308,-156.654052734375,0.05431802198290825
1782999523.430337,0.0,0.0,10.0,-0.6941801309585571,52.47991180419922,0.054286617785692215,-0.07762737572193146,-156.610107421875,0.05300304666161537
1782999523.436227,0.0,0.0,10.0,-0.6941801309585571,52.47991180419922,0.054286617785692215,-0.07762737572193146,-156.610107421875,0.05300304666161537
1782999523.442768,0.0,0.0,10.0,-0.6941801309585571,52.47991180419922,0.054286617785692215,-0.07762737572193146,-156.610107421875,0.05300304666161537
1782999523.448838,0.0,0.0,10.0,-0.6946094036102295,52.48012161254883,0.05405621603131294,-0.07762737572193146,-156.610107421875,0.05300304666161537
1782999523.458856,0.0,0.0,10.0,-0.6946094036102295,52.48012161254883,0.05405621603131294,-0.07762737572193146,-156.610107421875,0.05300304666161537
1782999523.46563,0.0,0.0,10.0,-0.6946094036102295,52.48012161254883,0.05405621603131294,-0.07762737572193146,-156.610107421875,0.05300304666161537
1782999523.471996,0.0,0.0,10.0,-0.6946094036102295,52.48012161254883,0.05405621603131294,-0.07762737572193146,-156.610107421875,0.05300304666161537
1782999523.478709,0.0,0.0,10.0,-0.6946094036102295,52.48012161254883,0.05405621603131294,-0.07762737572193146,-156.610107421875,0.05300304666161537
1782999523.49224,0.0,0.0,10.0,-0.6946094036102295,52.48012161254883,0.05405621603131294,-0.07762737572193146,-156.610107421875,0.05300304666161537
1782999523.497988,0.0,0.0,10.0,-0.6949692964553833,52.48084259033203,0.0540342703461647,-0.07762737572193146,-156.610107421875,0.05300304666161537
1782999523.503552,0.0,0.0,10.0,-0.6949692964553833,52.48084259033203,0.0540342703461647,-0.07762737572193146,-156.610107421875,0.05300304666161537
1782999523.509201,0.0,0.0,10.0,-0.6949692964553833,52.48084259033203,0.0540342703461647,-0.07762737572193146,-156.610107421875,0.05300304666161537
1782999523.514508,0.0,0.0,10.0,-0.6949692964553833,52.48084259033203,0.0540342703461647,-0.07762737572193146,-156.610107421875,0.05300304666161537
1782999523.519854,0.0,0.0,10.0,-0.6949692964553833,52.48084259033203,0.0540342703461647,-0.07762737572193146,-156.610107421875,0.05300304666161537
1782999523.526209,0.0,0.0,10.0,-0.6949692964553833,52.48084259033203,0.0540342703461647,-0.07762737572193146,-156.610107421875,0.05300304666161537
1782999523.540377,0.0,0.0,10.0,-0.6949692964553833,52.48084259033203,0.0540342703461647,-0.07762737572193146,-156.610107421875,0.05300304666161537
1782999523.54756,0.0,0.0,10.0,-0.6955056190490723,52.48196792602539,0.05344633758068085,-0.07767409831285477,-156.632080078125,0.05295105278491974
1782999523.554152,0.0,0.0,10.0,-0.6955056190490723,52.48196792602539,0.05344633758068085,-0.07767409831285477,-156.632080078125,0.05295105278491974
1782999523.55983,0.0,0.0,10.0,-0.6955056190490723,52.48196792602539,0.05344633758068085,-0.07767409831285477,-156.632080078125,0.05295105278491974
1782999523.566146,0.0,0.0,10.0,-0.6955056190490723,52.48196792602539,0.05344633758068085,-0.07767409831285477,-156.632080078125,0.05295105278491974
1782999523.571532,0.0,0.0,10.0,-0.6955056190490723,52.48196792602539,0.05344633758068085,-0.07767409831285477,-156.632080078125,0.05295105278491974
1782999523.577885,0.0,0.0,10.0,-0.6955056190490723,52.48196792602539,0.05344633758068085,-0.07767409831285477,-156.632080078125,0.05295105278491974
1782999523.591544,0.0,0.0,10.0,-0.6955056190490723,52.48196792602539,0.05344633758068085,-0.07767409831285477,-156.632080078125,0.05295105278491974
1782999523.597978,0.0,0.0,10.0,-0.6949818730354309,52.483055114746094,0.052887238562107086,-0.07767409831285477,-156.632080078125,0.05295105278491974
1782999523.60401,0.0,0.0,10.0,-0.6949818730354309,52.483055114746094,0.052887238562107086,-0.07767409831285477,-156.632080078125,0.05295105278491974
1782999523.610204,0.0,0.0,10.0,-0.6949818730354309,52.483055114746094,0.052887238562107086,-0.07767409831285477,-156.632080078125,0.05295105278491974
1782999523.616057,0.0,0.0,10.0,-0.6949818730354309,52.483055114746094,0.052887238562107086,-0.07767409831285477,-156.632080078125,0.05295105278491974
1782999523.62148,0.0,0.0,10.0,-0.6949818730354309,52.483055114746094,0.052887238562107086,-0.07767409831285477,-156.632080078125,0.05295105278491974
1782999523.628655,0.0,0.0,10.0,-0.6949818730354309,52.483055114746094,0.052887238562107086,-0.07767409831285477,-156.632080078125,0.05295105278491974
1782999523.642407,0.0,0.0,10.0,-0.6949818730354309,52.483055114746094,0.052887238562107086,-0.0784217119216919,-156.654052734375,0.05415442958474159
1782999523.647979,0.0,0.0,10.0,-0.696222186088562,52.48314666748047,0.052447691559791565,-0.0784217119216919,-156.654052734375,0.05415442958474159
1782999523.654005,0.0,0.0,10.0,-0.696222186088562,52.48314666748047,0.052447691559791565,-0.0784217119216919,-156.654052734375,0.05415442958474159
1782999523.660321,0.0,0.0,10.0,-0.696222186088562,52.48314666748047,0.052447691559791565,-0.0784217119216919,-156.654052734375,0.05415442958474159
1782999523.665723,0.0,0.0,10.0,-0.696222186088562,52.48314666748047,0.052447691559791565,-0.0784217119216919,-156.654052734375,0.05415442958474159
1782999523.672893,0.0,0.0,10.0,-0.696222186088562,52.48314666748047,0.052447691559791565,-0.0784217119216919,-156.654052734375,0.05415442958474159
1782999523.679452,0.0,0.0,10.0,-0.696222186088562,52.48314666748047,0.052447691559791565,-0.0784217119216919,-156.654052734375,0.05415442958474159
1782999523.692831,0.0,0.0,10.0,-0.696222186088562,52.48314666748047,0.052447691559791565,-0.0784217119216919,-156.654052734375,0.05415442958474159
1782999523.700098,0.0,0.0,10.0,-0.6944090127944946,52.48427963256836,0.052076514810323715,-0.0784217119216919,-156.654052734375,0.05415442958474159
1782999523.706135,0.0,0.0,10.0,-0.6944090127944946,52.48427963256836,0.052076514810323715,-0.0784217119216919,-156.654052734375,0.05415442958474159
1782999523.711931,0.0,0.0,10.0,-0.6944090127944946,52.48427963256836,0.052076514810323715,-0.0784217119216919,-156.654052734375,0.05415442958474159
1782999523.717317,0.0,0.0,10.0,-0.6944090127944946,52.48427963256836,0.052076514810323715,-0.0784217119216919,-156.654052734375,0.05415442958474159
1782999523.722973,0.0,0.0,10.0,-0.6944090127944946,52.48427963256836,0.052076514810323715,-0.0784217119216919,-156.654052734375,0.05415442958474159
1782999523.730677,0.0,0.0,10.0,-0.6944090127944946,52.48427963256836,0.052076514810323715,-0.0784217119216919,-156.654052734375,0.05415442958474159
1782999523.743965,0.0,0.0,10.0,-0.6944090127944946,52.48427963256836,0.052076514810323715,-0.07846411317586899,-156.632080078125,0.05327380821108818
1782999523.749785,0.0,0.0,10.0,-0.6939763426780701,52.48576736450195,0.051708754152059555,-0.07846411317586899,-156.632080078125,0.05327380821108818
1782999523.755464,0.0,0.0,10.0,-0.6939763426780701,52.48576736450195,0.051708754152059555,-0.07846411317586899,-156.632080078125,0.05327380821108818
1782999523.760787,0.0,0.0,10.0,-0.6939763426780701,52.48576736450195,0.051708754152059555,-0.07846411317586899,-156.632080078125,0.05327380821108818
1782999523.766613,0.0,0.0,10.0,-0.6939763426780701,52.48576736450195,0.051708754152059555,-0.07846411317586899,-156.632080078125,0.05327380821108818
1782999523.772156,0.0,0.0,10.0,-0.6939763426780701,52.48576736450195,0.051708754152059555,-0.07846411317586899,-156.632080078125,0.05327380821108818
1782999523.778461,0.0,0.0,10.0,-0.6939763426780701,52.48576736450195,0.051708754152059555,-0.07846411317586899,-156.632080078125,0.05327380821108818
1782999523.784651,0.0,0.0,10.0,-0.6939763426780701,52.48576736450195,0.051708754152059555,-0.07846411317586899,-156.632080078125,0.05327380821108818
1782999523.794831,0.0,0.0,10.0,-0.6939763426780701,52.48576736450195,0.051708754152059555,-0.07846411317586899,-156.632080078125,0.05327380821108818
1782999523.801344,0.0,0.0,10.0,-0.694668710231781,52.487667083740234,0.052524954080581665,-0.07846411317586899,-156.632080078125,0.05327380821108818
1782999523.80761,0.0,0.0,10.0,-0.694668710231781,52.487667083740234,0.052524954080581665,-0.07846411317586899,-156.632080078125,0.05327380821108818
1782999523.813556,0.0,0.0,10.0,-0.694668710231781,52.487667083740234,0.052524954080581665,-0.07846411317586899,-156.632080078125,0.05327380821108818
1782999523.830494,0.0,0.0,10.0,-0.694668710231781,52.487667083740234,0.052524954080581665,-0.07846411317586899,-156.632080078125,0.05327380821108818
1782999523.836519,0.0,0.0,10.0,-0.694668710231781,52.487667083740234,0.052524954080581665,-0.07899796962738037,-156.676025390625,0.05571100488305092
1782999523.846527,0.0,0.0,10.0,-0.694668710231781,52.487667083740234,0.052524954080581665,-0.07899796962738037,-156.676025390625,0.05571100488305092
1782999523.864002,0.0,0.0,10.0,-0.6949508786201477,52.48927307128906,0.05331665277481079,-0.07899796962738037,-156.676025390625,0.05571100488305092
1782999523.880989,0.0,0.0,10.0,-0.6949508786201477,52.48927307128906,0.05331665277481079,-0.07899796962738037,-156.676025390625,0.05571100488305092
1782999523.900445,0.0,0.0,10.0,-0.6949508786201477,52.48927307128906,0.05331665277481079,-0.07899796962738037,-156.676025390625,0.05571100488305092
1782999523.92358,0.0,0.0,10.0,-0.6946730613708496,52.491703033447266,0.052782438695430756,-0.07899796962738037,-156.676025390625,0.05571100488305092
1782999523.930274,0.0,0.0,10.0,-0.6946730613708496,52.491703033447266,0.052782438695430756,-0.07899796962738037,-156.676025390625,0.05571100488305092
1782999523.93562,0.0,0.0,10.0,-0.6946730613708496,52.491703033447266,0.052782438695430756,-0.07771725952625275,-156.654052734375,0.055296365171670914
1782999523.941056,0.0,0.0,10.0,-0.6946730613708496,52.491703033447266,0.052782438695430756,-0.07771725952625275,-156.654052734375,0.055296365171670914
1782999523.946938,0.0,0.0,10.0,-0.6946730613708496,52.491703033447266,0.052782438695430756,-0.07771725952625275,-156.654052734375,0.055296365171670914
1782999523.961206,0.0,0.0,10.0,-0.694399356842041,52.49150085449219,0.05239114537835121,-0.07771725952625275,-156.654052734375,0.055296365171670914
1782999523.98373,0.0,0.0,10.0,-0.694399356842041,52.49150085449219,0.05239114537835121,-0.07771725952625275,-156.654052734375,0.055296365171670914
1782999523.99011,0.0,0.0,10.0,-0.694399356842041,52.49150085449219,0.05239114537835121,-0.07771725952625275,-156.654052734375,0.055296365171670914
1782999523.995875,0.0,0.0,10.0,-0.694399356842041,52.49150085449219,0.05239114537835121,-0.07771725952625275,-156.654052734375,0.055296365171670914
1782999524.001351,0.0,0.0,10.0,-0.6946505904197693,52.49211502075195,0.051883913576602936,-0.07771725952625275,-156.654052734375,0.055296365171670914
1782999524.008909,0.0,0.0,10.0,-0.6946505904197693,52.49211502075195,0.051883913576602936,-0.07771725952625275,-156.654052734375,0.055296365171670914
1782999524.014595,0.0,0.0,10.0,-0.6946505904197693,52.49211502075195,0.051883913576602936,-0.07771725952625275,-156.654052734375,0.055296365171670914
1782999524.034714,0.0,0.0,10.0,-0.6946505904197693,52.49211502075195,0.051883913576602936,-0.07771725952625275,-156.654052734375,0.055296365171670914
1782999524.050335,0.0,0.0,10.0,-0.6946505904197693,52.49211502075195,0.051883913576602936,-0.08048267662525177,-156.654052734375,0.05649673193693161
1782999524.065728,0.0,0.0,10.0,-0.6957204341888428,52.49324417114258,0.0520058199763298,-0.08048267662525177,-156.654052734375,0.05649673193693161
1782999524.089512,0.0,0.0,10.0,-0.6957204341888428,52.49324417114258,0.0520058199763298,-0.08048267662525177,-156.654052734375,0.05649673193693161
1782999524.095547,0.0,0.0,10.0,-0.6957204341888428,52.49324417114258,0.0520058199763298,-0.08048267662525177,-156.654052734375,0.05649673193693161
1782999524.101856,0.0,0.0,10.0,-0.6950761675834656,52.492713928222656,0.05187409371137619,-0.08048267662525177,-156.654052734375,0.05649673193693161
1782999524.107612,0.0,0.0,10.0,-0.6950761675834656,52.492713928222656,0.05187409371137619,-0.08048267662525177,-156.654052734375,0.05649673193693161
1782999524.11403,0.0,0.0,10.0,-0.6950761675834656,52.492713928222656,0.05187409371137619,-0.08048267662525177,-156.654052734375,0.05649673193693161
1782999524.128507,0.0,0.0,10.0,-0.6950761675834656,52.492713928222656,0.05187409371137619,-0.08048267662525177,-156.654052734375,0.05649673193693161
1782999524.143829,0.0,0.0,10.0,-0.6950761675834656,52.492713928222656,0.05187409371137619,-0.08048267662525177,-156.654052734375,0.05649673193693161
1782999524.149383,0.0,0.0,10.0,-0.6950761675834656,52.492713928222656,0.05187409371137619,-0.0796755850315094,-156.676025390625,0.056333526968955994
1782999524.155316,0.0,0.0,10.0,-0.695349931716919,52.492149353027344,0.0533832423388958,-0.0796755850315094,-156.676025390625,0.056333526968955994
1782999524.161847,0.0,0.0,10.0,-0.695349931716919,52.492149353027344,0.0533832423388958,-0.0796755850315094,-156.676025390625,0.056333526968955994
1782999524.16827,0.0,0.0,10.0,-0.695349931716919,52.492149353027344,0.0533832423388958,-0.0796755850315094,-156.676025390625,0.056333526968955994
1782999524.173985,0.0,0.0,10.0,-0.695349931716919,52.492149353027344,0.0533832423388958,-0.0796755850315094,-156.676025390625,0.056333526968955994
1782999524.186722,0.0,0.0,10.0,-0.695349931716919,52.492149353027344,0.0533832423388958,-0.0796755850315094,-156.676025390625,0.056333526968955994
1782999524.193094,0.0,0.0,10.0,-0.695349931716919,52.492149353027344,0.0533832423388958,-0.0796755850315094,-156.676025390625,0.056333526968955994
1782999524.19946,0.0,0.0,10.0,-0.6967219114303589,52.49125289916992,0.0531599260866642,-0.0796755850315094,-156.676025390625,0.056333526968955994
1782999524.205488,0.0,0.0,10.0,-0.6967219114303589,52.49125289916992,0.0531599260866642,-0.0796755850315094,-156.676025390625,0.056333526968955994
1782999524.211403,0.0,0.0,10.0,-0.6967219114303589,52.49125289916992,0.0531599260866642,-0.0796755850315094,-156.676025390625,0.056333526968955994
1782999524.217372,0.0,0.0,10.0,-0.6967219114303589,52.49125289916992,0.0531599260866642,-0.0796755850315094,-156.676025390625,0.056333526968955994
1782999524.223817,0.0,0.0,10.0,-0.6967219114303589,52.49125289916992,0.0531599260866642,-0.0796755850315094,-156.676025390625,0.056333526968955994
1782999524.229687,0.0,0.0,10.0,-0.6967219114303589,52.49125289916992,0.0531599260866642,-0.0796755850315094,-156.676025390625,0.056333526968955994
1782999524.239868,0.0,0.0,10.0,-0.6967219114303589,52.49125289916992,0.0531599260866642,-0.0796755850315094,-156.676025390625,0.056333526968955994
1782999524.245579,0.0,0.0,10.0,-0.6965497732162476,52.490211486816406,0.05268775299191475,-0.08200354874134064,-156.632080078125,0.05811089649796486
1782999524.251372,0.0,0.0,10.0,-0.6965497732162476,52.490211486816406,0.05268775299191475,-0.08200354874134064,-156.632080078125,0.05811089649796486
1782999524.256911,0.0,0.0,10.0,-0.6965497732162476,52.490211486816406,0.05268775299191475,-0.08200354874134064,-156.632080078125,0.05811089649796486
1782999524.26408,0.0,0.0,10.0,-0.6965497732162476,52.490211486816406,0.05268775299191475,-0.08200354874134064,-156.632080078125,0.05811089649796486
1782999524.270581,0.0,0.0,10.0,-0.6965497732162476,52.490211486816406,0.05268775299191475,-0.08200354874134064,-156.632080078125,0.05811089649796486
1782999524.276788,0.0,0.0,10.0,-0.6965497732162476,52.490211486816406,0.05268775299191475,-0.08200354874134064,-156.632080078125,0.05811089649796486
1782999524.290089,0.0,0.0,10.0,-0.6965497732162476,52.490211486816406,0.05268775299191475,-0.08200354874134064,-156.632080078125,0.05811089649796486
1782999524.296879,0.0,0.0,10.0,-0.6965497732162476,52.490211486816406,0.05268775299191475,-0.08200354874134064,-156.632080078125,0.05811089649796486
1782999524.302432,0.0,0.0,10.0,-0.6956806778907776,52.4903564453125,0.05248888209462166,-0.08200354874134064,-156.632080078125,0.05811089649796486
1782999524.308053,0.0,0.0,10.0,-0.6956806778907776,52.4903564453125,0.05248888209462166,-0.08200354874134064,-156.632080078125,0.05811089649796486
1782999524.314167,0.0,0.0,10.0,-0.6956806778907776,52.4903564453125,0.05248888209462166,-0.08200354874134064,-156.632080078125,0.05811089649796486
1782999524.320173,0.0,0.0,10.0,-0.6956806778907776,52.4903564453125,0.05248888209462166,-0.08200354874134064,-156.632080078125,0.05811089649796486
1782999524.326152,0.0,0.0,10.0,-0.6956806778907776,52.4903564453125,0.05248888209462166,-0.08200354874134064,-156.632080078125,0.05811089649796486
1782999524.332258,0.0,0.0,10.0,-0.6956806778907776,52.4903564453125,0.05248888209462166,-0.08200354874134064,-156.632080078125,0.05811089649796486
1782999524.342155,0.0,0.0,10.0,-0.6956806778907776,52.4903564453125,0.05248888209462166,-0.08200354874134064,-156.632080078125,0.05811089649796486
1782999524.348154,0.0,0.0,10.0,-0.6959978342056274,52.48893356323242,0.053356729447841644,-0.08012960851192474,-156.676025390625,0.05827243626117706
1782999524.35414,0.0,0.0,10.0,-0.6959978342056274,52.48893356323242,0.053356729447841644,-0.08012960851192474,-156.676025390625,0.05827243626117706
1782999524.360404,0.0,0.0,10.0,-0.6959978342056274,52.48893356323242,0.053356729447841644,-0.08012960851192474,-156.676025390625,0.05827243626117706
1782999524.366251,0.0,0.0,10.0,-0.6959978342056274,52.48893356323242,0.053356729447841644,-0.08012960851192474,-156.676025390625,0.05827243626117706
1782999524.372823,0.0,0.0,10.0,-0.6959978342056274,52.48893356323242,0.053356729447841644,-0.08012960851192474,-156.676025390625,0.05827243626117706
1782999524.378646,0.0,0.0,10.0,-0.6959978342056274,52.48893356323242,0.053356729447841644,-0.08012960851192474,-156.676025390625,0.05827243626117706
1782999524.384953,0.0,0.0,10.0,-0.6959978342056274,52.48893356323242,0.053356729447841644,-0.08012960851192474,-156.676025390625,0.05827243626117706
1782999524.394395,0.0,0.0,10.0,-0.6959978342056274,52.48893356323242,0.053356729447841644,-0.08012960851192474,-156.676025390625,0.05827243626117706
1782999524.400121,0.0,0.0,10.0,-0.6963439583778381,52.4874382019043,0.053594913333654404,-0.08012960851192474,-156.676025390625,0.05827243626117706
1782999524.40559,0.0,0.0,10.0,-0.6963439583778381,52.4874382019043,0.053594913333654404,-0.08012960851192474,-156.676025390625,0.05827243626117706
1782999524.411911,0.0,0.0,10.0,-0.6963439583778381,52.4874382019043,0.053594913333654404,-0.08012960851192474,-156.676025390625,0.05827243626117706
1782999524.417816,0.0,0.0,10.0,-0.6963439583778381,52.4874382019043,0.053594913333654404,-0.08012960851192474,-156.676025390625,0.05827243626117706
1782999524.425082,0.0,0.0,10.0,-0.6963439583778381,52.4874382019043,0.053594913333654404,-0.08012960851192474,-156.676025390625,0.05827243626117706
1782999524.431015,0.0,0.0,10.0,-0.6963439583778381,52.4874382019043,0.053594913333654404,-0.08012960851192474,-156.676025390625,0.05827243626117706
1782999524.443574,0.0,0.0,10.0,-0.6963439583778381,52.4874382019043,0.053594913333654404,-0.08362556248903275,-156.654052734375,0.05883529782295227
1782999524.451088,0.0,0.0,10.0,-0.6959500312805176,52.486263275146484,0.05352643504738808,-0.08362556248903275,-156.654052734375,0.05883529782295227
1782999524.456381,0.0,0.0,10.0,-0.6959500312805176,52.486263275146484,0.05352643504738808,-0.08362556248903275,-156.654052734375,0.05883529782295227
1782999524.46192,0.0,0.0,10.0,-0.6959500312805176,52.486263275146484,0.05352643504738808,-0.08362556248903275,-156.654052734375,0.05883529782295227
1782999524.467332,0.0,0.0,10.0,-0.6959500312805176,52.486263275146484,0.05352643504738808,-0.08362556248903275,-156.654052734375,0.05883529782295227
1782999524.473032,0.0,0.0,10.0,-0.6959500312805176,52.486263275146484,0.05352643504738808,-0.08362556248903275,-156.654052734375,0.05883529782295227
1782999524.479229,0.0,0.0,10.0,-0.6959500312805176,52.486263275146484,0.05352643504738808,-0.08362556248903275,-156.654052734375,0.05883529782295227
1782999524.484838,0.0,0.0,10.0,-0.6959500312805176,52.486263275146484,0.05352643504738808,-0.08362556248903275,-156.654052734375,0.05883529782295227
1782999524.497842,0.0,0.0,10.0,-0.6959500312805176,52.486263275146484,0.05352643504738808,-0.08362556248903275,-156.654052734375,0.05883529782295227
1782999524.503876,0.0,0.0,10.0,-0.6955016255378723,52.48489761352539,0.053053371608257294,-0.08362556248903275,-156.654052734375,0.05883529782295227
1782999524.510433,0.0,0.0,10.0,-0.6955016255378723,52.48489761352539,0.053053371608257294,-0.08362556248903275,-156.654052734375,0.05883529782295227
1782999524.515881,0.0,0.0,10.0,-0.6955016255378723,52.48489761352539,0.053053371608257294,-0.08362556248903275,-156.654052734375,0.05883529782295227
1782999524.52293,0.0,0.0,10.0,-0.6955016255378723,52.48489761352539,0.053053371608257294,-0.08362556248903275,-156.654052734375,0.05883529782295227
1782999524.528843,0.0,0.0,10.0,-0.6955016255378723,52.48489761352539,0.053053371608257294,-0.08362556248903275,-156.654052734375,0.05883529782295227
1782999524.535864,0.0,0.0,10.0,-0.6955016255378723,52.48489761352539,0.053053371608257294,-0.08362556248903275,-156.654052734375,0.05883529782295227
1782999524.549448,0.0,0.0,10.0,-0.6955016255378723,52.48489761352539,0.053053371608257294,-0.0802224725484848,-156.654052734375,0.058378107845783234
1782999524.556688,0.0,0.0,10.0,-0.6959201097488403,52.48436737060547,0.05303124338388443,-0.0802224725484848,-156.654052734375,0.058378107845783234
1782999524.562225,0.0,0.0,10.0,-0.6959201097488403,52.48436737060547,0.05303124338388443,-0.0802224725484848,-156.654052734375,0.058378107845783234
1782999524.57114,0.0,0.0,10.0,-0.6959201097488403,52.48436737060547,0.05303124338388443,-0.0802224725484848,-156.654052734375,0.058378107845783234
1782999524.577439,0.0,0.0,10.0,-0.6959201097488403,52.48436737060547,0.05303124338388443,-0.0802224725484848,-156.654052734375,0.058378107845783234
1782999524.583694,0.0,0.0,10.0,-0.6959201097488403,52.48436737060547,0.05303124338388443,-0.0802224725484848,-156.654052734375,0.058378107845783234
1782999524.589133,0.0,0.0,10.0,-0.6959201097488403,52.48436737060547,0.05303124338388443,-0.0802224725484848,-156.654052734375,0.058378107845783234
1782999524.601658,0.0,0.0,10.0,-0.6959201097488403,52.48436737060547,0.05303124338388443,-0.0802224725484848,-156.654052734375,0.058378107845783234
1782999524.609074,0.0,0.0,10.0,-0.6956337690353394,52.484195709228516,0.05262703076004982,-0.0802224725484848,-156.654052734375,0.058378107845783234
1782999524.615317,0.0,0.0,10.0,-0.6956337690353394,52.484195709228516,0.05262703076004982,-0.0802224725484848,-156.654052734375,0.058378107845783234
1782999524.621206,0.0,0.0,10.0,-0.6956337690353394,52.484195709228516,0.05262703076004982,-0.0802224725484848,-156.654052734375,0.058378107845783234
1782999524.627456,0.0,0.0,10.0,-0.6956337690353394,52.484195709228516,0.05262703076004982,-0.0802224725484848,-156.654052734375,0.058378107845783234
1782999524.633208,0.0,0.0,10.0,-0.6956337690353394,52.484195709228516,0.05262703076004982,-0.0802224725484848,-156.654052734375,0.058378107845783234
1782999524.639779,0.0,0.0,10.0,-0.6956337690353394,52.484195709228516,0.05262703076004982,-0.08103711158037186,-156.610107421875,0.05910765007138252
1782999524.651305,0.0,0.0,10.0,-0.6956337690353394,52.484195709228516,0.05262703076004982,-0.08103711158037186,-156.610107421875,0.05910765007138252
1782999524.657751,0.0,0.0,10.0,-0.6961876153945923,52.48347091674805,0.05263189598917961,-0.08103711158037186,-156.610107421875,0.05910765007138252
1782999524.663904,0.0,0.0,10.0,-0.6961876153945923,52.48347091674805,0.05263189598917961,-0.08103711158037186,-156.610107421875,0.05910765007138252
1782999524.67058,0.0,0.0,10.0,-0.6961876153945923,52.48347091674805,0.05263189598917961,-0.08103711158037186,-156.610107421875,0.05910765007138252
1782999524.676488,0.0,0.0,10.0,-0.6961876153945923,52.48347091674805,0.05263189598917961,-0.08103711158037186,-156.610107421875,0.05910765007138252
1782999524.68338,0.0,0.0,10.0,-0.6961876153945923,52.48347091674805,0.05263189598917961,-0.08103711158037186,-156.610107421875,0.05910765007138252
1782999524.689496,0.0,0.0,10.0,-0.6961876153945923,52.48347091674805,0.05263189598917961,-0.08103711158037186,-156.610107421875,0.05910765007138252
1782999524.704788,0.0,0.0,10.0,-0.6961876153945923,52.48347091674805,0.05263189598917961,-0.08103711158037186,-156.610107421875,0.05910765007138252
1782999524.710269,0.0,0.0,10.0,-0.6963164210319519,52.48381423950195,0.05288228392601013,-0.08103711158037186,-156.610107421875,0.05910765007138252
1782999524.716648,0.0,0.0,10.0,-0.6963164210319519,52.48381423950195,0.05288228392601013,-0.08103711158037186,-156.610107421875,0.05910765007138252
1782999524.723161,0.0,0.0,10.0,-0.6963164210319519,52.48381423950195,0.05288228392601013,-0.08103711158037186,-156.610107421875,0.05910765007138252
1782999524.729599,0.0,0.0,10.0,-0.6963164210319519,52.48381423950195,0.05288228392601013,-0.08103711158037186,-156.610107421875,0.05910765007138252
1782999524.735093,0.0,0.0,10.0,-0.6963164210319519,52.48381423950195,0.05288228392601013,-0.08103711158037186,-156.610107421875,0.05910765007138252
1782999524.741142,0.0,0.0,10.0,-0.6963164210319519,52.48381423950195,0.05288228392601013,-0.08240967988967896,-156.654052734375,0.05897238105535507
1782999524.75523,0.0,0.0,10.0,-0.6963164210319519,52.48381423950195,0.05288228392601013,-0.08240967988967896,-156.654052734375,0.05897238105535507
1782999524.760874,0.0,0.0,10.0,-0.697205662727356,52.48329544067383,0.05301136150956154,-0.08240967988967896,-156.654052734375,0.05897238105535507
1782999524.766855,0.0,0.0,10.0,-0.697205662727356,52.48329544067383,0.05301136150956154,-0.08240967988967896,-156.654052734375,0.05897238105535507
1782999524.772946,0.0,0.0,10.0,-0.697205662727356,52.48329544067383,0.05301136150956154,-0.08240967988967896,-156.654052734375,0.05897238105535507
1782999524.778792,0.0,0.0,10.0,-0.697205662727356,52.48329544067383,0.05301136150956154,-0.08240967988967896,-156.654052734375,0.05897238105535507
1782999524.784327,0.0,0.0,10.0,-0.697205662727356,52.48329544067383,0.05301136150956154,-0.08240967988967896,-156.654052734375,0.05897238105535507
1782999524.791289,0.0,0.0,10.0,-0.697205662727356,52.48329544067383,0.05301136150956154,-0.08240967988967896,-156.654052734375,0.05897238105535507
1782999524.797168,0.0,0.0,10.0,-0.697205662727356,52.48329544067383,0.05301136150956154,-0.08240967988967896,-156.654052734375,0.05897238105535507
1782999524.805776,0.0,0.0,10.0,-0.6976951956748962,52.48419189453125,0.052220750600099564,-0.08240967988967896,-156.654052734375,0.05897238105535507
1782999524.811834,0.0,0.0,10.0,-0.6976951956748962,52.48419189453125,0.052220750600099564,-0.08240967988967896,-156.654052734375,0.05897238105535507
1782999524.817514,0.0,0.0,10.0,-0.6976951956748962,52.48419189453125,0.052220750600099564,-0.08240967988967896,-156.654052734375,0.05897238105535507
1782999524.824587,0.0,0.0,10.0,-0.6976951956748962,52.48419189453125,0.052220750600099564,-0.08240967988967896,-156.654052734375,0.05897238105535507
1782999524.831014,0.0,0.0,10.0,-0.6976951956748962,52.48419189453125,0.052220750600099564,-0.08240967988967896,-156.654052734375,0.05897238105535507
1782999524.837146,0.0,0.0,10.0,-0.6976951956748962,52.48419189453125,0.052220750600099564,-0.08240967988967896,-156.654052734375,0.05897238105535507
1782999524.844116,0.0,0.0,10.0,-0.6976951956748962,52.48419189453125,0.052220750600099564,-0.08422895520925522,-156.632080078125,0.0601259283721447
1782999524.856668,0.0,0.0,10.0,-0.6974689364433289,52.48572540283203,0.051117561757564545,-0.08422895520925522,-156.632080078125,0.0601259283721447
1782999524.863096,0.0,0.0,10.0,-0.6974689364433289,52.48572540283203,0.051117561757564545,-0.08422895520925522,-156.632080078125,0.0601259283721447
1782999524.869437,0.0,0.0,10.0,-0.6974689364433289,52.48572540283203,0.051117561757564545,-0.08422895520925522,-156.632080078125,0.0601259283721447
1782999524.874763,0.0,0.0,10.0,-0.6974689364433289,52.48572540283203,0.051117561757564545,-0.08422895520925522,-156.632080078125,0.0601259283721447
1782999524.880659,0.0,0.0,10.0,-0.6974689364433289,52.48572540283203,0.051117561757564545,-0.08422895520925522,-156.632080078125,0.0601259283721447
1782999524.887001,0.0,0.0,10.0,-0.6974689364433289,52.48572540283203,0.051117561757564545,-0.08422895520925522,-156.632080078125,0.0601259283721447
1782999524.893,0.0,0.0,10.0,-0.6974689364433289,52.48572540283203,0.051117561757564545,-0.08422895520925522,-156.632080078125,0.0601259283721447
1782999524.898893,0.0,0.0,10.0,-0.6960151791572571,52.48624801635742,0.0502825602889061,-0.08422895520925522,-156.632080078125,0.0601259283721447
1782999524.907687,0.0,0.0,10.0,-0.6960151791572571,52.48624801635742,0.0502825602889061,-0.08422895520925522,-156.632080078125,0.0601259283721447
1782999524.913296,0.0,0.0,10.0,-0.6960151791572571,52.48624801635742,0.0502825602889061,-0.08422895520925522,-156.632080078125,0.0601259283721447
1782999524.918983,0.0,0.0,10.0,-0.6960151791572571,52.48624801635742,0.0502825602889061,-0.08422895520925522,-156.632080078125,0.0601259283721447
1782999524.925516,0.0,0.0,10.0,-0.6960151791572571,52.48624801635742,0.0502825602889061,-0.08422895520925522,-156.632080078125,0.0601259283721447
1782999524.931921,0.0,0.0,10.0,-0.6960151791572571,52.48624801635742,0.0502825602889061,-0.08422895520925522,-156.632080078125,0.0601259283721447
1782999524.937433,0.0,0.0,10.0,-0.6960151791572571,52.48624801635742,0.0502825602889061,-0.08422895520925522,-156.632080078125,0.0601259283721447
1782999524.943315,0.0,0.0,10.0,-0.6960151791572571,52.48624801635742,0.0502825602889061,-0.0779065489768982,-156.654052734375,0.06126460060477257
1782999524.949135,0.0,0.0,10.0,-0.6994670033454895,52.48593521118164,0.04999283701181412,-0.0779065489768982,-156.654052734375,0.06126460060477257
1782999524.959484,0.0,0.0,10.0,-0.6994670033454895,52.48593521118164,0.04999283701181412,-0.0779065489768982,-156.654052734375,0.06126460060477257
1782999524.965123,0.0,0.0,10.0,-0.6994670033454895,52.48593521118164,0.04999283701181412,-0.0779065489768982,-156.654052734375,0.06126460060477257
1782999524.970875,0.0,0.0,10.0,-0.6994670033454895,52.48593521118164,0.04999283701181412,-0.0779065489768982,-156.654052734375,0.06126460060477257
1782999524.976413,0.0,0.0,10.0,-0.6994670033454895,52.48593521118164,0.04999283701181412,-0.0779065489768982,-156.654052734375,0.06126460060477257
1782999524.982429,0.0,0.0,10.0,-0.6994670033454895,52.48593521118164,0.04999283701181412,-0.0779065489768982,-156.654052734375,0.06126460060477257
1782999524.988941,0.0,0.0,10.0,-0.6994670033454895,52.48593521118164,0.04999283701181412,-0.0779065489768982,-156.654052734375,0.06126460060477257
1782999524.995753,0.0,0.0,10.0,-0.6994670033454895,52.48593521118164,0.04999283701181412,-0.0779065489768982,-156.654052734375,0.06126460060477257
1782999525.001595,0.0,0.0,10.0,-0.6975356936454773,52.48744201660156,0.049893900752067566,-0.0779065489768982,-156.654052734375,0.06126460060477257
1782999525.013043,0.0,0.0,10.0,-0.6975356936454773,52.48744201660156,0.049893900752067566,-0.0779065489768982,-156.654052734375,0.06126460060477257
1782999525.019178,0.0,0.0,10.0,-0.6975356936454773,52.48744201660156,0.049893900752067566,-0.0779065489768982,-156.654052734375,0.06126460060477257
1782999525.025242,0.0,0.0,10.0,-0.6975356936454773,52.48744201660156,0.049893900752067566,-0.0779065489768982,-156.654052734375,0.06126460060477257
1782999525.031202,0.0,0.0,10.0,-0.6975356936454773,52.48744201660156,0.049893900752067566,-0.0779065489768982,-156.654052734375,0.06126460060477257
1782999525.038653,0.0,0.0,10.0,-0.6975356936454773,52.48744201660156,0.049893900752067566,-0.0779065489768982,-156.654052734375,0.06126460060477257
1782999525.044543,0.0,0.0,10.0,-0.6975356936454773,52.48744201660156,0.049893900752067566,-0.07858075946569443,-156.676025390625,0.06243867054581642
1782999525.05027,0.0,0.0,10.0,-0.6968713998794556,52.48701095581055,0.04920787364244461,-0.07858075946569443,-156.676025390625,0.06243867054581642
1782999525.063339,0.0,0.0,10.0,-0.6968713998794556,52.48701095581055,0.04920787364244461,-0.07858075946569443,-156.676025390625,0.06243867054581642
1782999525.06914,0.0,0.0,10.0,-0.6968713998794556,52.48701095581055,0.04920787364244461,-0.07858075946569443,-156.676025390625,0.06243867054581642
1782999525.075562,0.0,0.0,10.0,-0.6968713998794556,52.48701095581055,0.04920787364244461,-0.07858075946569443,-156.676025390625,0.06243867054581642
1782999525.081406,0.0,0.0,10.0,-0.6968713998794556,52.48701095581055,0.04920787364244461,-0.07858075946569443,-156.676025390625,0.06243867054581642
1782999525.087204,0.0,0.0,10.0,-0.6968713998794556,52.48701095581055,0.04920787364244461,-0.07858075946569443,-156.676025390625,0.06243867054581642
1782999525.094011,0.0,0.0,10.0,-0.6968713998794556,52.48701095581055,0.04920787364244461,-0.07858075946569443,-156.676025390625,0.06243867054581642
1782999525.100042,0.0,0.0,10.0,-0.6999244093894958,52.486412048339844,0.04779679328203201,-0.07858075946569443,-156.676025390625,0.06243867054581642
1782999525.113029,0.0,0.0,10.0,-0.6999244093894958,52.486412048339844,0.04779679328203201,-0.07858075946569443,-156.676025390625,0.06243867054581642
1782999525.118753,0.0,0.0,10.0,-0.6999244093894958,52.486412048339844,0.04779679328203201,-0.07858075946569443,-156.676025390625,0.06243867054581642
1782999525.124246,0.0,0.0,10.0,-0.6999244093894958,52.486412048339844,0.04779679328203201,-0.07858075946569443,-156.676025390625,0.06243867054581642
1782999525.129595,0.0,0.0,10.0,-0.6999244093894958,52.486412048339844,0.04779679328203201,-0.07858075946569443,-156.676025390625,0.06243867054581642
1782999525.135441,0.0,0.0,10.0,-0.6999244093894958,52.486412048339844,0.04779679328203201,-0.07858075946569443,-156.676025390625,0.06243867054581642
1782999525.141591,0.0,0.0,10.0,-0.6999244093894958,52.486412048339844,0.04779679328203201,-0.07858075946569443,-156.676025390625,0.06243867054581642
1782999525.14747,0.0,0.0,10.0,-0.6985893249511719,52.4846305847168,0.04842580854892731,-0.08694909512996674,-156.610107421875,0.05935356020927429
1782999525.152848,0.0,0.0,10.0,-0.6985893249511719,52.4846305847168,0.04842580854892731,-0.08694909512996674,-156.610107421875,0.05935356020927429
1782999525.166189,0.0,0.0,10.0,-0.6985893249511719,52.4846305847168,0.04842580854892731,-0.08694909512996674,-156.610107421875,0.05935356020927429
1782999525.173095,0.0,0.0,10.0,-0.6985893249511719,52.4846305847168,0.04842580854892731,-0.08694909512996674,-156.610107421875,0.05935356020927429
1782999525.179391,0.0,0.0,10.0,-0.6985893249511719,52.4846305847168,0.04842580854892731,-0.08694909512996674,-156.610107421875,0.05935356020927429
1782999525.185549,0.0,0.0,10.0,-0.6985893249511719,52.4846305847168,0.04842580854892731,-0.08694909512996674,-156.610107421875,0.05935356020927429
1782999525.191501,0.0,0.0,10.0,-0.6985893249511719,52.4846305847168,0.04842580854892731,-0.08694909512996674,-156.610107421875,0.05935356020927429
1782999525.197385,0.0,0.0,10.0,-0.6979156136512756,52.48346710205078,0.04865327104926109,-0.08694909512996674,-156.610107421875,0.05935356020927429
1782999525.203471,0.0,0.0,10.0,-0.6979156136512756,52.48346710205078,0.04865327104926109,-0.08694909512996674,-156.610107421875,0.05935356020927429
1782999525.210171,0.0,0.0,10.0,-0.6979156136512756,52.48346710205078,0.04865327104926109,-0.08694909512996674,-156.610107421875,0.05935356020927429
1782999525.219148,0.0,0.0,10.0,-0.6979156136512756,52.48346710205078,0.04865327104926109,-0.08694909512996674,-156.610107421875,0.05935356020927429
1782999525.22518,0.0,0.0,10.0,-0.6979156136512756,52.48346710205078,0.04865327104926109,-0.08694909512996674,-156.610107421875,0.05935356020927429
1782999525.230593,0.0,0.0,10.0,-0.6979156136512756,52.48346710205078,0.04865327104926109,-0.08694909512996674,-156.610107421875,0.05935356020927429
1782999525.235898,0.0,0.0,10.0,-0.6979156136512756,52.48346710205078,0.04865327104926109,-0.08694909512996674,-156.610107421875,0.05935356020927429
1782999525.242445,0.0,0.0,10.0,-0.6979156136512756,52.48346710205078,0.04865327104926109,-0.08694909512996674,-156.610107421875,0.05935356020927429
1782999525.248908,0.0,0.0,10.0,-0.6960043907165527,52.48258972167969,0.047742895781993866,-0.07292822003364563,-156.610107421875,0.0636066123843193
1782999525.254525,0.0,0.0,10.0,-0.6960043907165527,52.48258972167969,0.047742895781993866,-0.07292822003364563,-156.610107421875,0.0636066123843193
1782999525.260444,0.0,0.0,10.0,-0.6960043907165527,52.48258972167969,0.047742895781993866,-0.07292822003364563,-156.610107421875,0.0636066123843193
1782999525.271016,0.0,0.0,10.0,-0.6960043907165527,52.48258972167969,0.047742895781993866,-0.07292822003364563,-156.610107421875,0.0636066123843193
1782999525.277057,0.0,0.0,10.0,-0.6960043907165527,52.48258972167969,0.047742895781993866,-0.07292822003364563,-156.610107421875,0.0636066123843193
1782999525.282857,0.0,0.0,10.0,-0.6960043907165527,52.48258972167969,0.047742895781993866,-0.07292822003364563,-156.610107421875,0.0636066123843193
1782999525.288206,0.0,0.0,10.0,-0.6960043907165527,52.48258972167969,0.047742895781993866,-0.07292822003364563,-156.610107421875,0.0636066123843193
1782999525.294085,0.0,0.0,10.0,-0.6960043907165527,52.48258972167969,0.047742895781993866,-0.07292822003364563,-156.610107421875,0.0636066123843193
1782999525.300403,0.0,0.0,10.0,-0.6999348402023315,52.48186492919922,0.04915481433272362,-0.07292822003364563,-156.610107421875,0.0636066123843193
1782999525.30631,0.0,0.0,10.0,-0.6999348402023315,52.48186492919922,0.04915481433272362,-0.07292822003364563,-156.610107421875,0.0636066123843193
1782999525.313007,0.0,0.0,10.0,-0.6999348402023315,52.48186492919922,0.04915481433272362,-0.07292822003364563,-156.610107421875,0.0636066123843193
1782999525.321061,0.0,0.0,10.0,-0.6999348402023315,52.48186492919922,0.04915481433272362,-0.07292822003364563,-156.610107421875,0.0636066123843193
1782999525.327726,0.0,0.0,10.0,-0.6999348402023315,52.48186492919922,0.04915481433272362,-0.07292822003364563,-156.610107421875,0.0636066123843193
1782999525.333257,0.0,0.0,10.0,-0.6999348402023315,52.48186492919922,0.04915481433272362,-0.07292822003364563,-156.610107421875,0.0636066123843193
1782999525.339693,0.0,0.0,10.0,-0.6999348402023315,52.48186492919922,0.04915481433272362,-0.07292822003364563,-156.610107421875,0.0636066123843193
1782999525.345303,0.0,0.0,10.0,-0.6999348402023315,52.48186492919922,0.04915481433272362,-0.08329565078020096,-156.610107421875,0.06324281543493271
1782999525.351499,0.0,0.0,10.0,-0.6985030770301819,52.4818000793457,0.048461902886629105,-0.08329565078020096,-156.610107421875,0.06324281543493271
1782999525.357725,0.0,0.0,10.0,-0.6985030770301819,52.4818000793457,0.048461902886629105,-0.08329565078020096,-156.610107421875,0.06324281543493271
1782999525.363827,0.0,0.0,10.0,-0.6985030770301819,52.4818000793457,0.048461902886629105,-0.08329565078020096,-156.610107421875,0.06324281543493271
1782999525.373287,0.0,0.0,10.0,-0.6985030770301819,52.4818000793457,0.048461902886629105,-0.08329565078020096,-156.610107421875,0.06324281543493271
1782999525.380742,0.0,0.0,10.0,-0.6985030770301819,52.4818000793457,0.048461902886629105,-0.08329565078020096,-156.610107421875,0.06324281543493271
1782999525.386205,0.0,0.0,10.0,-0.6985030770301819,52.4818000793457,0.048461902886629105,-0.08329565078020096,-156.610107421875,0.06324281543493271
1782999525.392206,0.0,0.0,10.0,-0.6985030770301819,52.4818000793457,0.048461902886629105,-0.08329565078020096,-156.610107421875,0.06324281543493271
1782999525.3995,0.0,0.0,10.0,-0.6982302069664001,52.48072052001953,0.04833151027560234,-0.08329565078020096,-156.610107421875,0.06324281543493271
1782999525.405867,0.0,0.0,10.0,-0.6982302069664001,52.48072052001953,0.04833151027560234,-0.08329565078020096,-156.610107421875,0.06324281543493271
1782999525.411665,0.0,0.0,10.0,-0.6982302069664001,52.48072052001953,0.04833151027560234,-0.08329565078020096,-156.610107421875,0.06324281543493271
1782999525.423022,0.0,0.0,10.0,-0.6982302069664001,52.48072052001953,0.04833151027560234,-0.08329565078020096,-156.610107421875,0.06324281543493271
1782999525.428482,0.0,0.0,10.0,-0.6982302069664001,52.48072052001953,0.04833151027560234,-0.08329565078020096,-156.610107421875,0.06324281543493271
1782999525.434046,0.0,0.0,10.0,-0.6982302069664001,52.48072052001953,0.04833151027560234,-0.08329565078020096,-156.610107421875,0.06324281543493271
1782999525.439869,0.0,0.0,10.0,-0.6982302069664001,52.48072052001953,0.04833151027560234,-0.08329565078020096,-156.610107421875,0.06324281543493271
1782999525.445352,0.0,0.0,10.0,-0.6982302069664001,52.48072052001953,0.04833151027560234,-0.0773722305893898,-156.654052734375,0.061806466430425644
1782999525.452334,0.0,0.0,10.0,-0.6985062956809998,52.47995376586914,0.046267952769994736,-0.0773722305893898,-156.654052734375,0.061806466430425644
1782999525.458179,0.0,0.0,10.0,-0.6985062956809998,52.47995376586914,0.046267952769994736,-0.0773722305893898,-156.654052734375,0.061806466430425644
1782999525.465014,0.0,0.0,10.0,-0.6985062956809998,52.47995376586914,0.046267952769994736,-0.0773722305893898,-156.654052734375,0.061806466430425644
1782999525.474944,0.0,0.0,10.0,-0.6985062956809998,52.47995376586914,0.046267952769994736,-0.0773722305893898,-156.654052734375,0.061806466430425644
1782999525.481065,0.0,0.0,10.0,-0.6985062956809998,52.47995376586914,0.046267952769994736,-0.0773722305893898,-156.654052734375,0.061806466430425644
1782999525.486861,0.0,0.0,10.0,-0.6985062956809998,52.47995376586914,0.046267952769994736,-0.0773722305893898,-156.654052734375,0.061806466430425644
1782999525.492338,0.0,0.0,10.0,-0.6985062956809998,52.47995376586914,0.046267952769994736,-0.0773722305893898,-156.654052734375,0.061806466430425644
1782999525.498623,0.0,0.0,10.0,-0.6990483999252319,52.47989273071289,0.04524947702884674,-0.0773722305893898,-156.654052734375,0.061806466430425644
1782999525.504182,0.0,0.0,10.0,-0.6990483999252319,52.47989273071289,0.04524947702884674,-0.0773722305893898,-156.654052734375,0.061806466430425644
1782999525.510305,0.0,0.0,10.0,-0.6990483999252319,52.47989273071289,0.04524947702884674,-0.0773722305893898,-156.654052734375,0.061806466430425644
1782999525.516092,0.0,0.0,10.0,-0.6990483999252319,52.47989273071289,0.04524947702884674,-0.0773722305893898,-156.654052734375,0.061806466430425644
1782999525.525368,0.0,0.0,10.0,-0.6990483999252319,52.47989273071289,0.04524947702884674,-0.0773722305893898,-156.654052734375,0.061806466430425644
1782999525.531943,0.0,0.0,10.0,-0.6990483999252319,52.47989273071289,0.04524947702884674,-0.0773722305893898,-156.654052734375,0.061806466430425644
1782999525.537766,0.0,0.0,10.0,-0.6990483999252319,52.47989273071289,0.04524947702884674,-0.0773722305893898,-156.654052734375,0.061806466430425644
1782999525.543475,0.0,0.0,10.0,-0.6990483999252319,52.47989273071289,0.04524947702884674,-0.08418498933315277,-156.610107421875,0.0640547052025795
1782999525.549607,0.0,0.0,10.0,-0.6967586874961853,52.48028564453125,0.0446745790541172,-0.08418498933315277,-156.610107421875,0.0640547052025795
1782999525.556452,0.0,0.0,10.0,-0.6967586874961853,52.48028564453125,0.0446745790541172,-0.08418498933315277,-156.610107421875,0.0640547052025795
1782999525.562717,0.0,0.0,10.0,-0.6967586874961853,52.48028564453125,0.0446745790541172,-0.08418498933315277,-156.610107421875,0.0640547052025795
1782999525.569116,0.0,0.0,10.0,-0.6967586874961853,52.48028564453125,0.0446745790541172,-0.08418498933315277,-156.610107421875,0.0640547052025795
1782999525.576968,0.0,0.0,10.0,-0.6967586874961853,52.48028564453125,0.0446745790541172,-0.08418498933315277,-156.610107421875,0.0640547052025795
1782999525.583125,0.0,0.0,10.0,-0.6967586874961853,52.48028564453125,0.0446745790541172,-0.08418498933315277,-156.610107421875,0.0640547052025795
1782999525.589859,0.0,0.0,10.0,-0.6967586874961853,52.48028564453125,0.0446745790541172,-0.08418498933315277,-156.610107421875,0.0640547052025795
1782999525.596139,0.0,0.0,10.0,-0.6967586874961853,52.48028564453125,0.0446745790541172,-0.08418498933315277,-156.610107421875,0.0640547052025795
1782999525.601586,0.0,0.0,10.0,-0.6965963244438171,52.48093795776367,0.04375505819916725,-0.08418498933315277,-156.610107421875,0.0640547052025795
1782999525.607425,0.0,0.0,10.0,-0.6965963244438171,52.48093795776367,0.04375505819916725,-0.08418498933315277,-156.610107421875,0.0640547052025795
1782999525.613785,0.0,0.0,10.0,-0.6965963244438171,52.48093795776367,0.04375505819916725,-0.08418498933315277,-156.610107421875,0.0640547052025795
1782999525.619734,0.0,0.0,10.0,-0.6965963244438171,52.48093795776367,0.04375505819916725,-0.08418498933315277,-156.610107421875,0.0640547052025795
1782999525.628232,0.0,0.0,10.0,-0.6965963244438171,52.48093795776367,0.04375505819916725,-0.08418498933315277,-156.610107421875,0.0640547052025795
1782999525.634185,0.0,0.0,10.0,-0.6965963244438171,52.48093795776367,0.04375505819916725,-0.08418498933315277,-156.610107421875,0.0640547052025795
1782999525.640088,0.0,0.0,10.0,-0.6965963244438171,52.48093795776367,0.04375505819916725,-0.08418498933315277,-156.610107421875,0.0640547052025795
1782999525.64579,0.0,0.0,10.0,-0.6965963244438171,52.48093795776367,0.04375505819916725,-0.07782158255577087,-156.610107421875,0.06261009722948074
1782999525.652584,0.0,0.0,10.0,-0.697842001914978,52.4808349609375,0.04420457407832146,-0.07782158255577087,-156.610107421875,0.06261009722948074
1782999525.65808,0.0,0.0,10.0,-0.697842001914978,52.4808349609375,0.04420457407832146,-0.07782158255577087,-156.610107421875,0.06261009722948074
1782999525.663755,0.0,0.0,10.0,-0.697842001914978,52.4808349609375,0.04420457407832146,-0.07782158255577087,-156.610107421875,0.06261009722948074
1782999525.669733,0.0,0.0,10.0,-0.697842001914978,52.4808349609375,0.04420457407832146,-0.07782158255577087,-156.610107421875,0.06261009722948074
1782999525.67945,0.0,0.0,10.0,-0.697842001914978,52.4808349609375,0.04420457407832146,-0.07782158255577087,-156.610107421875,0.06261009722948074
1782999525.68518,0.0,0.0,10.0,-0.697842001914978,52.4808349609375,0.04420457407832146,-0.07782158255577087,-156.610107421875,0.06261009722948074
1782999525.691634,0.0,0.0,10.0,-0.697842001914978,52.4808349609375,0.04420457407832146,-0.07782158255577087,-156.610107421875,0.06261009722948074
1782999525.696988,0.0,0.0,10.0,-0.697842001914978,52.4808349609375,0.04420457407832146,-0.07782158255577087,-156.610107421875,0.06261009722948074
1782999525.702782,0.0,0.0,10.0,-0.6985925436019897,52.48088455200195,0.04405280575156212,-0.07782158255577087,-156.610107421875,0.06261009722948074
1782999525.708621,0.0,0.0,10.0,-0.6985925436019897,52.48088455200195,0.04405280575156212,-0.07782158255577087,-156.610107421875,0.06261009722948074
1782999525.715456,0.0,0.0,10.0,-0.6985925436019897,52.48088455200195,0.04405280575156212,-0.07782158255577087,-156.610107421875,0.06261009722948074
1782999525.72162,0.0,0.0,10.0,-0.6985925436019897,52.48088455200195,0.04405280575156212,-0.07782158255577087,-156.610107421875,0.06261009722948074
1782999525.729555,0.0,0.0,10.0,-0.6985925436019897,52.48088455200195,0.04405280575156212,-0.07782158255577087,-156.610107421875,0.06261009722948074
1782999525.735462,0.0,0.0,10.0,-0.6985925436019897,52.48088455200195,0.04405280575156212,-0.07782158255577087,-156.610107421875,0.06261009722948074
1782999525.743197,0.0,0.0,10.0,-0.6985925436019897,52.48088455200195,0.04405280575156212,-0.07782158255577087,-156.610107421875,0.06261009722948074
1782999525.750401,0.0,0.0,10.0,-0.6963933110237122,52.48125076293945,0.044338129460811615,-0.08080734312534332,-156.610107421875,0.06396984308958054
1782999525.756153,0.0,0.0,10.0,-0.6963933110237122,52.48125076293945,0.044338129460811615,-0.08080734312534332,-156.610107421875,0.06396984308958054
1782999525.762261,0.0,0.0,10.0,-0.6963933110237122,52.48125076293945,0.044338129460811615,-0.08080734312534332,-156.610107421875,0.06396984308958054
1782999525.768137,0.0,0.0,10.0,-0.6963933110237122,52.48125076293945,0.044338129460811615,-0.08080734312534332,-156.610107421875,0.06396984308958054
1782999525.781295,0.0,0.0,10.0,-0.6963933110237122,52.48125076293945,0.044338129460811615,-0.08080734312534332,-156.610107421875,0.06396984308958054
1782999525.78685,0.0,0.0,10.0,-0.6963933110237122,52.48125076293945,0.044338129460811615,-0.08080734312534332,-156.610107421875,0.06396984308958054
1782999525.793063,0.0,0.0,10.0,-0.6963933110237122,52.48125076293945,0.044338129460811615,-0.08080734312534332,-156.610107421875,0.06396984308958054
1782999525.799738,0.0,0.0,10.0,-0.6981992125511169,52.48191833496094,0.043832216411828995,-0.08080734312534332,-156.610107421875,0.06396984308958054
1782999525.805064,0.0,0.0,10.0,-0.6981992125511169,52.48191833496094,0.043832216411828995,-0.08080734312534332,-156.610107421875,0.06396984308958054
1782999525.811334,0.0,0.0,10.0,-0.6981992125511169,52.48191833496094,0.043832216411828995,-0.08080734312534332,-156.610107421875,0.06396984308958054
1782999525.816818,0.0,0.0,10.0,-0.6981992125511169,52.48191833496094,0.043832216411828995,-0.08080734312534332,-156.610107421875,0.06396984308958054
1782999525.823675,0.0,0.0,10.0,-0.6981992125511169,52.48191833496094,0.043832216411828995,-0.08080734312534332,-156.610107421875,0.06396984308958054
1782999525.831993,0.0,0.0,10.0,-0.6981992125511169,52.48191833496094,0.043832216411828995,-0.08080734312534332,-156.610107421875,0.06396984308958054
1782999525.837313,0.0,0.0,10.0,-0.6981992125511169,52.48191833496094,0.043832216411828995,-0.08080734312534332,-156.610107421875,0.06396984308958054
1782999525.843119,0.0,0.0,10.0,-0.6981992125511169,52.48191833496094,0.043832216411828995,-0.08080734312534332,-156.610107421875,0.06396984308958054
1782999525.849154,0.0,0.0,10.0,-0.6990777254104614,52.482479095458984,0.045255936682224274,-0.08033772557973862,-156.610107421875,0.06210673600435257
1782999525.855575,0.0,0.0,10.0,-0.6990777254104614,52.482479095458984,0.045255936682224274,-0.08033772557973862,-156.610107421875,0.06210673600435257
1782999525.862441,0.0,0.0,10.0,-0.6990777254104614,52.482479095458984,0.045255936682224274,-0.08033772557973862,-156.610107421875,0.06210673600435257
1782999525.868153,0.0,0.0,10.0,-0.6990777254104614,52.482479095458984,0.045255936682224274,-0.08033772557973862,-156.610107421875,0.06210673600435257
1782999525.874187,0.0,0.0,10.0,-0.6990777254104614,52.482479095458984,0.045255936682224274,-0.08033772557973862,-156.610107421875,0.06210673600435257
1782999525.884064,0.0,0.0,10.0,-0.6990777254104614,52.482479095458984,0.045255936682224274,-0.08033772557973862,-156.610107421875,0.06210673600435257
1782999525.890039,0.0,0.0,10.0,-0.6990777254104614,52.482479095458984,0.045255936682224274,-0.08033772557973862,-156.610107421875,0.06210673600435257
1782999525.896304,0.0,0.0,10.0,-0.7005900740623474,52.48234176635742,0.04470266401767731,-0.08033772557973862,-156.610107421875,0.06210673600435257
1782999525.903259,0.0,0.0,10.0,-0.7005900740623474,52.48234176635742,0.04470266401767731,-0.08033772557973862,-156.610107421875,0.06210673600435257
1782999525.909977,0.0,0.0,10.0,-0.7005900740623474,52.48234176635742,0.04470266401767731,-0.08033772557973862,-156.610107421875,0.06210673600435257
1782999525.91635,0.0,0.0,10.0,-0.7005900740623474,52.48234176635742,0.04470266401767731,-0.08033772557973862,-156.610107421875,0.06210673600435257
1782999525.922992,0.0,0.0,10.0,-0.7005900740623474,52.48234176635742,0.04470266401767731,-0.08033772557973862,-156.610107421875,0.06210673600435257
1782999525.938382,0.0,0.0,10.0,-0.7005900740623474,52.48234176635742,0.04470266401767731,-0.08033772557973862,-156.610107421875,0.06210673600435257
1782999525.943986,0.0,0.0,10.0,-0.7005900740623474,52.48234176635742,0.04470266401767731,-0.08033772557973862,-156.610107421875,0.06210673600435257
1782999525.95028,0.0,0.0,10.0,-0.6986497044563293,52.482608795166016,0.044321052730083466,-0.08125852793455124,-156.632080078125,0.06306185573339462
1782999525.956469,0.0,0.0,10.0,-0.6986497044563293,52.482608795166016,0.044321052730083466,-0.08125852793455124,-156.632080078125,0.06306185573339462
1782999525.962398,0.0,0.0,10.0,-0.6986497044563293,52.482608795166016,0.044321052730083466,-0.08125852793455124,-156.632080078125,0.06306185573339462
1782999525.968105,0.0,0.0,10.0,-0.6986497044563293,52.482608795166016,0.044321052730083466,-0.08125852793455124,-156.632080078125,0.06306185573339462
1782999525.97423,0.0,0.0,10.0,-0.6986497044563293,52.482608795166016,0.044321052730083466,-0.08125852793455124,-156.632080078125,0.06306185573339462
1782999525.980075,0.0,0.0,10.0,-0.6986497044563293,52.482608795166016,0.044321052730083466,-0.08125852793455124,-156.632080078125,0.06306185573339462
1782999525.991976,0.0,0.0,10.0,-0.6986497044563293,52.482608795166016,0.044321052730083466,-0.08125852793455124,-156.632080078125,0.06306185573339462
1782999525.999483,0.0,0.0,10.0,-0.6975648999214172,52.48366928100586,0.04326532036066055,-0.08125852793455124,-156.632080078125,0.06306185573339462
1782999526.005927,0.0,0.0,10.0,-0.6975648999214172,52.48366928100586,0.04326532036066055,-0.08125852793455124,-156.632080078125,0.06306185573339462
1782999526.011951,0.0,0.0,10.0,-0.6975648999214172,52.48366928100586,0.04326532036066055,-0.08125852793455124,-156.632080078125,0.06306185573339462
1782999526.018495,0.0,0.0,10.0,-0.6975648999214172,52.48366928100586,0.04326532036066055,-0.08125852793455124,-156.632080078125,0.06306185573339462
1782999526.023983,0.0,0.0,10.0,-0.6975648999214172,52.48366928100586,0.04326532036066055,-0.08125852793455124,-156.632080078125,0.06306185573339462
1782999526.029455,0.0,0.0,10.0,-0.6975648999214172,52.48366928100586,0.04326532036066055,-0.08125852793455124,-156.632080078125,0.06306185573339462
1782999526.040866,0.0,0.0,10.0,-0.6975648999214172,52.48366928100586,0.04326532036066055,-0.08125852793455124,-156.632080078125,0.06306185573339462
1782999526.046646,0.0,0.0,10.0,-0.6975648999214172,52.48366928100586,0.04326532036066055,-0.08125852793455124,-156.632080078125,0.06306185573339462
1782999526.052415,0.0,0.0,10.0,-0.7004079818725586,52.483375549316406,0.042839162051677704,-0.07993310689926147,-156.676025390625,0.06206619367003441
1782999526.058398,0.0,0.0,10.0,-0.7004079818725586,52.483375549316406,0.042839162051677704,-0.07993310689926147,-156.676025390625,0.06206619367003441
1782999526.063903,0.0,0.0,10.0,-0.7004079818725586,52.483375549316406,0.042839162051677704,-0.07993310689926147,-156.676025390625,0.06206619367003441
1782999526.069627,0.0,0.0,10.0,-0.7004079818725586,52.483375549316406,0.042839162051677704,-0.07993310689926147,-156.676025390625,0.06206619367003441
1782999526.074992,0.0,0.0,10.0,-0.7004079818725586,52.483375549316406,0.042839162051677704,-0.07993310689926147,-156.676025390625,0.06206619367003441
1782999526.080399,0.0,0.0,10.0,-0.7004079818725586,52.483375549316406,0.042839162051677704,-0.07993310689926147,-156.676025390625,0.06206619367003441
1782999526.09112,0.0,0.0,10.0,-0.7004079818725586,52.483375549316406,0.042839162051677704,-0.07993310689926147,-156.676025390625,0.06206619367003441
1782999526.096913,0.0,0.0,10.0,-0.7020125389099121,52.48278045654297,0.042199358344078064,-0.07993310689926147,-156.676025390625,0.06206619367003441
1782999526.102386,0.0,0.0,10.0,-0.7020125389099121,52.48278045654297,0.042199358344078064,-0.07993310689926147,-156.676025390625,0.06206619367003441
1782999526.108013,0.0,0.0,10.0,-0.7020125389099121,52.48278045654297,0.042199358344078064,-0.07993310689926147,-156.676025390625,0.06206619367003441
1782999526.113293,0.0,0.0,10.0,-0.7020125389099121,52.48278045654297,0.042199358344078064,-0.07993310689926147,-156.676025390625,0.06206619367003441
1782999526.119412,0.0,0.0,10.0,-0.7020125389099121,52.48278045654297,0.042199358344078064,-0.07993310689926147,-156.676025390625,0.06206619367003441
1782999526.12597,0.0,0.0,10.0,-0.7020125389099121,52.48278045654297,0.042199358344078064,-0.07993310689926147,-156.676025390625,0.06206619367003441
1782999526.132013,0.0,0.0,10.0,-0.7020125389099121,52.48278045654297,0.042199358344078064,-0.07993310689926147,-156.676025390625,0.06206619367003441
1782999526.14298,0.0,0.0,10.0,-0.7020125389099121,52.48278045654297,0.042199358344078064,-0.07993310689926147,-156.676025390625,0.06206619367003441
1782999526.149053,0.0,0.0,10.0,-0.7003031373023987,52.48365783691406,0.04209046810865402,-0.07993310689926147,-156.676025390625,0.06206619367003441
1782999526.154417,0.0,0.0,10.0,-0.7003031373023987,52.48365783691406,0.04209046810865402,-0.08125212788581848,-156.654052734375,0.06014103442430496
1782999526.160111,0.0,0.0,10.0,-0.7003031373023987,52.48365783691406,0.04209046810865402,-0.08125212788581848,-156.654052734375,0.06014103442430496
1782999526.166402,0.0,0.0,10.0,-0.7003031373023987,52.48365783691406,0.04209046810865402,-0.08125212788581848,-156.654052734375,0.06014103442430496
1782999526.173078,0.0,0.0,10.0,-0.7003031373023987,52.48365783691406,0.04209046810865402,-0.08125212788581848,-156.654052734375,0.06014103442430496
1782999526.178713,0.0,0.0,10.0,-0.7003031373023987,52.48365783691406,0.04209046810865402,-0.08125212788581848,-156.654052734375,0.06014103442430496
1782999526.191735,0.0,0.0,10.0,-0.7003031373023987,52.48365783691406,0.04209046810865402,-0.08125212788581848,-156.654052734375,0.06014103442430496
1782999526.197579,0.0,0.0,10.0,-0.7003031373023987,52.48365783691406,0.04209046810865402,-0.08125212788581848,-156.654052734375,0.06014103442430496
1782999526.203693,0.0,0.0,10.0,-0.7005577683448792,52.48267364501953,0.044683560729026794,-0.08125212788581848,-156.654052734375,0.06014103442430496
1782999526.209241,0.0,0.0,10.0,-0.7005577683448792,52.48267364501953,0.044683560729026794,-0.08125212788581848,-156.654052734375,0.06014103442430496
1782999526.215925,0.0,0.0,10.0,-0.7005577683448792,52.48267364501953,0.044683560729026794,-0.08125212788581848,-156.654052734375,0.06014103442430496
1782999526.221835,0.0,0.0,10.0,-0.7005577683448792,52.48267364501953,0.044683560729026794,-0.08125212788581848,-156.654052734375,0.06014103442430496
1782999526.229008,0.0,0.0,10.0,-0.7005577683448792,52.48267364501953,0.044683560729026794,-0.08125212788581848,-156.654052734375,0.06014103442430496
1782999526.23519,0.0,0.0,10.0,-0.7005577683448792,52.48267364501953,0.044683560729026794,-0.08125212788581848,-156.654052734375,0.06014103442430496
1782999526.242986,0.0,0.0,10.0,-0.7005577683448792,52.48267364501953,0.044683560729026794,-0.08125212788581848,-156.654052734375,0.06014103442430496
1782999526.250549,0.0,0.0,10.0,-0.7019502520561218,52.4829216003418,0.04673010855913162,-0.08125212788581848,-156.654052734375,0.06014103442430496
1782999526.256394,0.0,0.0,10.0,-0.7019502520561218,52.4829216003418,0.04673010855913162,-0.08315065503120422,-156.632080078125,0.05879126489162445
1782999526.262396,0.0,0.0,10.0,-0.7019502520561218,52.4829216003418,0.04673010855913162,-0.08315065503120422,-156.632080078125,0.05879126489162445
1782999526.268683,0.0,0.0,10.0,-0.7019502520561218,52.4829216003418,0.04673010855913162,-0.08315065503120422,-156.632080078125,0.05879126489162445
1782999526.274428,0.0,0.0,10.0,-0.7019502520561218,52.4829216003418,0.04673010855913162,-0.08315065503120422,-156.632080078125,0.05879126489162445
1782999526.280716,0.0,0.0,10.0,-0.7019502520561218,52.4829216003418,0.04673010855913162,-0.08315065503120422,-156.632080078125,0.05879126489162445
1782999526.292829,0.0,0.0,10.0,-0.7019502520561218,52.4829216003418,0.04673010855913162,-0.08315065503120422,-156.632080078125,0.05879126489162445
1782999526.299606,0.0,0.0,10.0,-0.7010251879692078,52.48322677612305,0.04545007273554802,-0.08315065503120422,-156.632080078125,0.05879126489162445
1782999526.304948,0.0,0.0,10.0,-0.7010251879692078,52.48322677612305,0.04545007273554802,-0.08315065503120422,-156.632080078125,0.05879126489162445
1782999526.310698,0.0,0.0,10.0,-0.7010251879692078,52.48322677612305,0.04545007273554802,-0.08315065503120422,-156.632080078125,0.05879126489162445
1782999526.316259,0.0,0.0,10.0,-0.7010251879692078,52.48322677612305,0.04545007273554802,-0.08315065503120422,-156.632080078125,0.05879126489162445
1782999526.323362,0.0,0.0,10.0,-0.7010251879692078,52.48322677612305,0.04545007273554802,-0.08315065503120422,-156.632080078125,0.05879126489162445
1782999526.328805,0.0,0.0,10.0,-0.7010251879692078,52.48322677612305,0.04545007273554802,-0.08315065503120422,-156.632080078125,0.05879126489162445
1782999526.334386,0.0,0.0,10.0,-0.7010251879692078,52.48322677612305,0.04545007273554802,-0.08315065503120422,-156.632080078125,0.05879126489162445
1782999526.346009,0.0,0.0,10.0,-0.7010251879692078,52.48322677612305,0.04545007273554802,-0.08315065503120422,-156.632080078125,0.05879126489162445
1782999526.353129,0.0,0.0,10.0,-0.7003690004348755,52.48339080810547,0.04623525217175484,-0.0774330198764801,-156.676025390625,0.05840351805090904
1782999526.359375,0.0,0.0,10.0,-0.7003690004348755,52.48339080810547,0.04623525217175484,-0.0774330198764801,-156.676025390625,0.05840351805090904
1782999526.366238,0.0,0.0,10.0,-0.7003690004348755,52.48339080810547,0.04623525217175484,-0.0774330198764801,-156.676025390625,0.05840351805090904
1782999526.372173,0.0,0.0,10.0,-0.7003690004348755,52.48339080810547,0.04623525217175484,-0.0774330198764801,-156.676025390625,0.05840351805090904
1782999526.378528,0.0,0.0,10.0,-0.7003690004348755,52.48339080810547,0.04623525217175484,-0.0774330198764801,-156.676025390625,0.05840351805090904
1782999526.384998,0.0,0.0,10.0,-0.7003690004348755,52.48339080810547,0.04623525217175484,-0.0774330198764801,-156.676025390625,0.05840351805090904
1782999526.396914,0.0,0.0,10.0,-0.7003690004348755,52.48339080810547,0.04623525217175484,-0.0774330198764801,-156.676025390625,0.05840351805090904
1782999526.403797,0.0,0.0,10.0,-0.701204776763916,52.48398208618164,0.04708394408226013,-0.0774330198764801,-156.676025390625,0.05840351805090904
1782999526.409496,0.0,0.0,10.0,-0.701204776763916,52.48398208618164,0.04708394408226013,-0.0774330198764801,-156.676025390625,0.05840351805090904
1782999526.415832,0.0,0.0,10.0,-0.701204776763916,52.48398208618164,0.04708394408226013,-0.0774330198764801,-156.676025390625,0.05840351805090904
1782999526.423094,0.0,0.0,10.0,-0.701204776763916,52.48398208618164,0.04708394408226013,-0.0774330198764801,-156.676025390625,0.05840351805090904
1782999526.428414,0.0,0.0,10.0,-0.701204776763916,52.48398208618164,0.04708394408226013,-0.0774330198764801,-156.676025390625,0.05840351805090904
1782999526.434264,0.0,0.0,10.0,-0.701204776763916,52.48398208618164,0.04708394408226013,-0.0774330198764801,-156.676025390625,0.05840351805090904
1782999526.441694,0.0,0.0,10.0,-0.701204776763916,52.48398208618164,0.04708394408226013,-0.0774330198764801,-156.676025390625,0.05840351805090904
1782999526.447153,0.0,0.0,10.0,-0.7022038698196411,52.482120513916016,0.049022480845451355,-0.0774330198764801,-156.676025390625,0.05840351805090904
1782999526.453297,0.0,0.0,10.0,-0.7022038698196411,52.482120513916016,0.049022480845451355,-0.0852590873837471,-156.632080078125,0.06068045273423195
1782999526.459612,0.0,0.0,10.0,-0.7022038698196411,52.482120513916016,0.049022480845451355,-0.0852590873837471,-156.632080078125,0.06068045273423195
1782999526.46615,0.0,0.0,10.0,-0.7022038698196411,52.482120513916016,0.049022480845451355,-0.0852590873837471,-156.632080078125,0.06068045273423195
1782999526.475473,0.0,0.0,10.0,-0.7022038698196411,52.482120513916016,0.049022480845451355,-0.0852590873837471,-156.632080078125,0.06068045273423195
1782999526.481456,0.0,0.0,10.0,-0.7022038698196411,52.482120513916016,0.049022480845451355,-0.0852590873837471,-156.632080078125,0.06068045273423195
1782999526.487072,0.0,0.0,10.0,-0.7022038698196411,52.482120513916016,0.049022480845451355,-0.0852590873837471,-156.632080078125,0.06068045273423195
1782999526.493451,0.0,0.0,10.0,-0.7022038698196411,52.482120513916016,0.049022480845451355,-0.0852590873837471,-156.632080078125,0.06068045273423195
1782999526.503868,0.0,0.0,10.0,-0.7026129961013794,52.48161697387695,0.04741064831614494,-0.0852590873837471,-156.632080078125,0.06068045273423195
1782999526.509903,0.0,0.0,10.0,-0.7026129961013794,52.48161697387695,0.04741064831614494,-0.0852590873837471,-156.632080078125,0.06068045273423195
1782999526.516104,0.0,0.0,10.0,-0.7026129961013794,52.48161697387695,0.04741064831614494,-0.0852590873837471,-156.632080078125,0.06068045273423195
1782999526.5228,0.0,0.0,10.0,-0.7026129961013794,52.48161697387695,0.04741064831614494,-0.0852590873837471,-156.632080078125,0.06068045273423195
1782999526.528577,0.0,0.0,10.0,-0.7026129961013794,52.48161697387695,0.04741064831614494,-0.0852590873837471,-156.632080078125,0.06068045273423195
1782999526.534331,0.0,0.0,10.0,-0.7026129961013794,52.48161697387695,0.04741064831614494,-0.0852590873837471,-156.632080078125,0.06068045273423195
1782999526.540343,0.0,0.0,10.0,-0.7026129961013794,52.48161697387695,0.04741064831614494,-0.0852590873837471,-156.632080078125,0.06068045273423195
1782999526.554336,0.0,0.0,10.0,-0.7017653584480286,52.4814567565918,0.046353988349437714,-0.0852590873837471,-156.632080078125,0.06068045273423195
1782999526.560609,0.0,0.0,10.0,-0.7017653584480286,52.4814567565918,0.046353988349437714,-0.07950031757354736,-156.654052734375,0.0591248981654644
1782999526.566823,0.0,0.0,10.0,-0.7017653584480286,52.4814567565918,0.046353988349437714,-0.07950031757354736,-156.654052734375,0.0591248981654644
1782999526.572598,0.0,0.0,10.0,-0.7017653584480286,52.4814567565918,0.046353988349437714,-0.07950031757354736,-156.654052734375,0.0591248981654644
1782999526.578628,0.0,0.0,10.0,-0.7017653584480286,52.4814567565918,0.046353988349437714,-0.07950031757354736,-156.654052734375,0.0591248981654644
1782999526.584967,0.0,0.0,10.0,-0.7017653584480286,52.4814567565918,0.046353988349437714,-0.07950031757354736,-156.654052734375,0.0591248981654644
1782999526.590986,0.0,0.0,10.0,-0.7017653584480286,52.4814567565918,0.046353988349437714,-0.07950031757354736,-156.654052734375,0.0591248981654644
1782999526.60628,0.0,0.0,10.0,-0.7017653584480286,52.4814567565918,0.046353988349437714,-0.07950031757354736,-156.654052734375,0.0591248981654644
1782999526.61187,0.0,0.0,10.0,-0.7018563747406006,52.480587005615234,0.048752348870038986,-0.07950031757354736,-156.654052734375,0.0591248981654644
1782999526.617454,0.0,0.0,10.0,-0.7018563747406006,52.480587005615234,0.048752348870038986,-0.07950031757354736,-156.654052734375,0.0591248981654644
1782999526.623803,0.0,0.0,10.0,-0.7018563747406006,52.480587005615234,0.048752348870038986,-0.07950031757354736,-156.654052734375,0.0591248981654644
1782999526.629437,0.0,0.0,10.0,-0.7018563747406006,52.480587005615234,0.048752348870038986,-0.07950031757354736,-156.654052734375,0.0591248981654644
1782999526.635308,0.0,0.0,10.0,-0.7018563747406006,52.480587005615234,0.048752348870038986,-0.07950031757354736,-156.654052734375,0.0591248981654644
1782999526.64141,0.0,0.0,10.0,-0.7018563747406006,52.480587005615234,0.048752348870038986,-0.07950031757354736,-156.654052734375,0.0591248981654644
1782999526.647553,0.0,0.0,10.0,-0.7021971940994263,52.482479095458984,0.05125729739665985,-0.07950031757354736,-156.654052734375,0.0591248981654644
1782999526.656333,0.0,0.0,10.0,-0.7021971940994263,52.482479095458984,0.05125729739665985,-0.07950031757354736,-156.654052734375,0.0591248981654644
1782999526.661835,0.0,0.0,10.0,-0.7021971940994263,52.482479095458984,0.05125729739665985,-0.08069422841072083,-156.676025390625,0.06081129610538483
1782999526.667939,0.0,0.0,10.0,-0.7021971940994263,52.482479095458984,0.05125729739665985,-0.08069422841072083,-156.676025390625,0.06081129610538483
1782999526.673342,0.0,0.0,10.0,-0.7021971940994263,52.482479095458984,0.05125729739665985,-0.08069422841072083,-156.676025390625,0.06081129610538483
1782999526.679336,0.0,0.0,10.0,-0.7021971940994263,52.482479095458984,0.05125729739665985,-0.08069422841072083,-156.676025390625,0.06081129610538483
1782999526.684752,0.0,0.0,10.0,-0.7021971940994263,52.482479095458984,0.05125729739665985,-0.08069422841072083,-156.676025390625,0.06081129610538483
1782999526.69041,0.0,0.0,10.0,-0.7021971940994263,52.482479095458984,0.05125729739665985,-0.08069422841072083,-156.676025390625,0.06081129610538483
1782999526.696071,0.0,0.0,10.0,-0.7021971940994263,52.482479095458984,0.05125729739665985,-0.08069422841072083,-156.676025390625,0.06081129610538483
1782999526.706769,0.0,0.0,10.0,-0.7019140720367432,52.48221969604492,0.05027081072330475,-0.08069422841072083,-156.676025390625,0.06081129610538483
1782999526.713865,0.0,0.0,10.0,-0.7019140720367432,52.48221969604492,0.05027081072330475,-0.08069422841072083,-156.676025390625,0.06081129610538483
1782999526.719217,0.0,0.0,10.0,-0.7019140720367432,52.48221969604492,0.05027081072330475,-0.08069422841072083,-156.676025390625,0.06081129610538483
1782999526.725315,0.0,0.0,10.0,-0.7019140720367432,52.48221969604492,0.05027081072330475,-0.08069422841072083,-156.676025390625,0.06081129610538483
1782999526.730723,0.0,0.0,10.0,-0.7019140720367432,52.48221969604492,0.05027081072330475,-0.08069422841072083,-156.676025390625,0.06081129610538483
1782999526.736589,0.0,0.0,10.0,-0.7019140720367432,52.48221969604492,0.05027081072330475,-0.08069422841072083,-156.676025390625,0.06081129610538483
1782999526.742417,0.0,0.0,10.0,-0.7019140720367432,52.48221969604492,0.05027081072330475,-0.08069422841072083,-156.676025390625,0.06081129610538483
1782999526.748295,0.0,0.0,10.0,-0.7016894817352295,52.48202896118164,0.04906553402543068,-0.08069422841072083,-156.676025390625,0.06081129610538483
1782999526.761777,0.0,0.0,10.0,-0.7016894817352295,52.48202896118164,0.04906553402543068,-0.08069422841072083,-156.676025390625,0.06081129610538483
1782999526.767262,0.0,0.0,10.0,-0.7016894817352295,52.48202896118164,0.04906553402543068,-0.07665257900953293,-156.676025390625,0.055348481982946396
1782999526.772655,0.0,0.0,10.0,-0.7016894817352295,52.48202896118164,0.04906553402543068,-0.07665257900953293,-156.676025390625,0.055348481982946396
1782999526.77847,0.0,0.0,10.0,-0.7016894817352295,52.48202896118164,0.04906553402543068,-0.07665257900953293,-156.676025390625,0.055348481982946396
1782999526.789023,0.0,0.0,10.0,-0.7016894817352295,52.48202896118164,0.04906553402543068,-0.07665257900953293,-156.676025390625,0.055348481982946396
1782999526.795061,0.0,0.0,10.0,-0.7031126022338867,52.482452392578125,0.049826137721538544,-0.07665257900953293,-156.676025390625,0.055348481982946396
1782999526.801278,0.0,0.0,10.0,-0.7031126022338867,52.482452392578125,0.049826137721538544,-0.07665257900953293,-156.676025390625,0.055348481982946396
1782999526.810366,0.0,0.0,10.0,-0.7031126022338867,52.482452392578125,0.049826137721538544,-0.07665257900953293,-156.676025390625,0.055348481982946396
1782999526.815898,0.0,0.0,10.0,-0.7031126022338867,52.482452392578125,0.049826137721538544,-0.07665257900953293,-156.676025390625,0.055348481982946396
1782999526.821977,0.0,0.0,10.0,-0.7031126022338867,52.482452392578125,0.049826137721538544,-0.07665257900953293,-156.676025390625,0.055348481982946396
1782999526.828463,0.0,0.0,10.0,-0.7031126022338867,52.482452392578125,0.049826137721538544,-0.07665257900953293,-156.676025390625,0.055348481982946396
1782999526.834152,0.0,0.0,10.0,-0.7031126022338867,52.482452392578125,0.049826137721538544,-0.07665257900953293,-156.676025390625,0.055348481982946396
1782999526.840655,0.0,0.0,10.0,-0.7031126022338867,52.482452392578125,0.049826137721538544,-0.07665257900953293,-156.676025390625,0.055348481982946396
1782999526.846473,0.0,0.0,10.0,-0.7032146453857422,52.48226547241211,0.04908018931746483,-0.07665257900953293,-156.676025390625,0.055348481982946396
1782999526.852799,0.0,0.0,10.0,-0.7032146453857422,52.48226547241211,0.04908018931746483,-0.07665257900953293,-156.676025390625,0.055348481982946396
1782999526.861271,0.0,0.0,10.0,-0.7032146453857422,52.48226547241211,0.04908018931746483,-0.07665257900953293,-156.676025390625,0.055348481982946396
1782999526.867276,0.0,0.0,10.0,-0.7032146453857422,52.48226547241211,0.04908018931746483,-0.08254990726709366,-156.654052734375,0.05809137225151062
1782999526.873532,0.0,0.0,10.0,-0.7032146453857422,52.48226547241211,0.04908018931746483,-0.08254990726709366,-156.654052734375,0.05809137225151062
1782999526.87926,0.0,0.0,10.0,-0.7032146453857422,52.48226547241211,0.04908018931746483,-0.08254990726709366,-156.654052734375,0.05809137225151062
1782999526.885336,0.0,0.0,10.0,-0.7032146453857422,52.48226547241211,0.04908018931746483,-0.08254990726709366,-156.654052734375,0.05809137225151062
1782999526.893272,0.0,0.0,10.0,-0.7032146453857422,52.48226547241211,0.04908018931746483,-0.08254990726709366,-156.654052734375,0.05809137225151062
1782999526.899232,0.0,0.0,10.0,-0.7034719586372375,52.4847412109375,0.04632456600666046,-0.08254990726709366,-156.654052734375,0.05809137225151062
1782999526.912586,0.0,0.0,10.0,-0.7034719586372375,52.4847412109375,0.04632456600666046,-0.08254990726709366,-156.654052734375,0.05809137225151062
1782999526.918121,0.0,0.0,10.0,-0.7034719586372375,52.4847412109375,0.04632456600666046,-0.08254990726709366,-156.654052734375,0.05809137225151062
1782999526.924512,0.0,0.0,10.0,-0.7034719586372375,52.4847412109375,0.04632456600666046,-0.08254990726709366,-156.654052734375,0.05809137225151062
1782999526.930211,0.0,0.0,10.0,-0.7034719586372375,52.4847412109375,0.04632456600666046,-0.08254990726709366,-156.654052734375,0.05809137225151062
1782999526.936249,0.0,0.0,10.0,-0.7034719586372375,52.4847412109375,0.04632456600666046,-0.08254990726709366,-156.654052734375,0.05809137225151062
1782999526.943418,0.0,0.0,10.0,-0.7034719586372375,52.4847412109375,0.04632456600666046,-0.08254990726709366,-156.654052734375,0.05809137225151062
1782999526.948765,0.0,0.0,10.0,-0.7028661370277405,52.485633850097656,0.047006454318761826,-0.08254990726709366,-156.654052734375,0.05809137225151062
1782999526.956152,0.0,0.0,10.0,-0.7028661370277405,52.485633850097656,0.047006454318761826,-0.07673745602369308,-156.654052734375,0.055680643767118454
1782999526.966576,0.0,0.0,10.0,-0.7028661370277405,52.485633850097656,0.047006454318761826,-0.07673745602369308,-156.654052734375,0.055680643767118454
1782999526.972631,0.0,0.0,10.0,-0.7028661370277405,52.485633850097656,0.047006454318761826,-0.07673745602369308,-156.654052734375,0.055680643767118454
1782999526.978895,0.0,0.0,10.0,-0.7028661370277405,52.485633850097656,0.047006454318761826,-0.07673745602369308,-156.654052734375,0.055680643767118454
1782999526.985067,0.0,0.0,10.0,-0.7028661370277405,52.485633850097656,0.047006454318761826,-0.07673745602369308,-156.654052734375,0.055680643767118454
1782999526.991676,0.0,0.0,10.0,-0.7028661370277405,52.485633850097656,0.047006454318761826,-0.07673745602369308,-156.654052734375,0.055680643767118454
1782999526.998252,0.0,0.0,10.0,-0.7032570838928223,52.487060546875,0.047699861228466034,-0.07673745602369308,-156.654052734375,0.055680643767118454
1782999527.004166,0.0,0.0,10.0,-0.7032570838928223,52.487060546875,0.047699861228466034,-0.07673745602369308,-156.654052734375,0.055680643767118454
1782999527.016964,0.0,0.0,10.0,-0.7032570838928223,52.487060546875,0.047699861228466034,-0.07673745602369308,-156.654052734375,0.055680643767118454
1782999527.022733,0.0,0.0,10.0,-0.7032570838928223,52.487060546875,0.047699861228466034,-0.07673745602369308,-156.654052734375,0.055680643767118454
1782999527.029193,0.0,0.0,10.0,-0.7032570838928223,52.487060546875,0.047699861228466034,-0.07673745602369308,-156.654052734375,0.055680643767118454
1782999527.035141,0.0,0.0,10.0,-0.7032570838928223,52.487060546875,0.047699861228466034,-0.07673745602369308,-156.654052734375,0.055680643767118454
1782999527.041652,0.0,0.0,10.0,-0.7032570838928223,52.487060546875,0.047699861228466034,-0.07673745602369308,-156.654052734375,0.055680643767118454
1782999527.048285,0.0,0.0,10.0,-0.7036446332931519,52.49020767211914,0.0471552349627018,-0.07673745602369308,-156.654052734375,0.055680643767118454
1782999527.054546,0.0,0.0,10.0,-0.7036446332931519,52.49020767211914,0.0471552349627018,-0.07673745602369308,-156.654052734375,0.055680643767118454
1782999527.069485,0.0,0.0,10.0,-0.7036446332931519,52.49020767211914,0.0471552349627018,-0.0827019065618515,-156.676025390625,0.05891883373260498
1782999527.075156,0.0,0.0,10.0,-0.7036446332931519,52.49020767211914,0.0471552349627018,-0.0827019065618515,-156.676025390625,0.05891883373260498
1782999527.082093,0.0,0.0,10.0,-0.7036446332931519,52.49020767211914,0.0471552349627018,-0.0827019065618515,-156.676025390625,0.05891883373260498
1782999527.088046,0.0,0.0,10.0,-0.7036446332931519,52.49020767211914,0.0471552349627018,-0.0827019065618515,-156.676025390625,0.05891883373260498
1782999527.094008,0.0,0.0,10.0,-0.7036446332931519,52.49020767211914,0.0471552349627018,-0.0827019065618515,-156.676025390625,0.05891883373260498
1782999527.100695,0.0,0.0,10.0,-0.703348696231842,52.49104309082031,0.0448131188750267,-0.0827019065618515,-156.676025390625,0.05891883373260498
1782999527.10662,0.0,0.0,10.0,-0.703348696231842,52.49104309082031,0.0448131188750267,-0.0827019065618515,-156.676025390625,0.05891883373260498
1782999527.11803,0.0,0.0,10.0,-0.703348696231842,52.49104309082031,0.0448131188750267,-0.0827019065618515,-156.676025390625,0.05891883373260498
1782999527.123998,0.0,0.0,10.0,-0.703348696231842,52.49104309082031,0.0448131188750267,-0.0827019065618515,-156.676025390625,0.05891883373260498
1782999527.130569,0.0,0.0,10.0,-0.703348696231842,52.49104309082031,0.0448131188750267,-0.0827019065618515,-156.676025390625,0.05891883373260498
1782999527.136661,0.0,0.0,10.0,-0.703348696231842,52.49104309082031,0.0448131188750267,-0.0827019065618515,-156.676025390625,0.05891883373260498
1782999527.143374,0.0,0.0,10.0,-0.703348696231842,52.49104309082031,0.0448131188750267,-0.0827019065618515,-156.676025390625,0.05891883373260498
1782999527.149536,0.0,0.0,10.0,-0.70401930809021,52.49333953857422,0.04505632817745209,-0.0827019065618515,-156.676025390625,0.05891883373260498
1782999527.156649,0.0,0.0,10.0,-0.70401930809021,52.49333953857422,0.04505632817745209,-0.0827019065618515,-156.676025390625,0.05891883373260498
1782999527.169917,0.0,0.0,10.0,-0.70401930809021,52.49333953857422,0.04505632817745209,-0.0775076374411583,-156.654052734375,0.05525633692741394
1782999527.175715,0.0,0.0,10.0,-0.70401930809021,52.49333953857422,0.04505632817745209,-0.0775076374411583,-156.654052734375,0.05525633692741394
1782999527.181389,0.0,0.0,10.0,-0.70401930809021,52.49333953857422,0.04505632817745209,-0.0775076374411583,-156.654052734375,0.05525633692741394
1782999527.187896,0.0,0.0,10.0,-0.70401930809021,52.49333953857422,0.04505632817745209,-0.0775076374411583,-156.654052734375,0.05525633692741394
1782999527.194506,0.0,0.0,10.0,-0.70401930809021,52.49333953857422,0.04505632817745209,-0.0775076374411583,-156.654052734375,0.05525633692741394
1782999527.200496,0.0,0.0,10.0,-0.7047739624977112,52.49488830566406,0.04569960758090019,-0.0775076374411583,-156.654052734375,0.05525633692741394
1782999527.206097,0.0,0.0,10.0,-0.7047739624977112,52.49488830566406,0.04569960758090019,-0.0775076374411583,-156.654052734375,0.05525633692741394
1782999527.212205,0.0,0.0,10.0,-0.7047739624977112,52.49488830566406,0.04569960758090019,-0.0775076374411583,-156.654052734375,0.05525633692741394
1782999527.220738,0.0,0.0,10.0,-0.7047739624977112,52.49488830566406,0.04569960758090019,-0.0775076374411583,-156.654052734375,0.05525633692741394
1782999527.227117,0.0,0.0,10.0,-0.7047739624977112,52.49488830566406,0.04569960758090019,-0.0775076374411583,-156.654052734375,0.05525633692741394
1782999527.232946,0.0,0.0,10.0,-0.7047739624977112,52.49488830566406,0.04569960758090019,-0.0775076374411583,-156.654052734375,0.05525633692741394
1782999527.238764,0.0,0.0,10.0,-0.7047739624977112,52.49488830566406,0.04569960758090019,-0.0775076374411583,-156.654052734375,0.05525633692741394
1782999527.245042,0.0,0.0,10.0,-0.7047739624977112,52.49488830566406,0.04569960758090019,-0.0775076374411583,-156.654052734375,0.05525633692741394
1782999527.251356,0.0,0.0,10.0,-0.7035430073738098,52.49635314941406,0.045597366988658905,-0.0775076374411583,-156.654052734375,0.05525633692741394
1782999527.257529,0.0,0.0,10.0,-0.7035430073738098,52.49635314941406,0.045597366988658905,-0.08282619714736938,-156.654052734375,0.05624563246965408
1782999527.264598,0.0,0.0,10.0,-0.7035430073738098,52.49635314941406,0.045597366988658905,-0.08282619714736938,-156.654052734375,0.05624563246965408
1782999527.27519,0.0,0.0,10.0,-0.7035430073738098,52.49635314941406,0.045597366988658905,-0.08282619714736938,-156.654052734375,0.05624563246965408
1782999527.280934,0.0,0.0,10.0,-0.7035430073738098,52.49635314941406,0.045597366988658905,-0.08282619714736938,-156.654052734375,0.05624563246965408
1782999527.287133,0.0,0.0,10.0,-0.7035430073738098,52.49635314941406,0.045597366988658905,-0.08282619714736938,-156.654052734375,0.05624563246965408
1782999527.293267,0.0,0.0,10.0,-0.7035430073738098,52.49635314941406,0.045597366988658905,-0.08282619714736938,-156.654052734375,0.05624563246965408
1782999527.299819,0.0,0.0,10.0,-0.7030584812164307,52.49824523925781,0.04488043114542961,-0.08282619714736938,-156.654052734375,0.05624563246965408
1782999527.305227,0.0,0.0,10.0,-0.7030584812164307,52.49824523925781,0.04488043114542961,-0.08282619714736938,-156.654052734375,0.05624563246965408
1782999527.311038,0.0,0.0,10.0,-0.7030584812164307,52.49824523925781,0.04488043114542961,-0.08282619714736938,-156.654052734375,0.05624563246965408
1782999527.317129,0.0,0.0,10.0,-0.7030584812164307,52.49824523925781,0.04488043114542961,-0.08282619714736938,-156.654052734375,0.05624563246965408
1782999527.32672,0.0,0.0,10.0,-0.7030584812164307,52.49824523925781,0.04488043114542961,-0.08282619714736938,-156.654052734375,0.05624563246965408
1782999527.33247,0.0,0.0,10.0,-0.7030584812164307,52.49824523925781,0.04488043114542961,-0.08282619714736938,-156.654052734375,0.05624563246965408
1782999527.338747,0.0,0.0,10.0,-0.7030584812164307,52.49824523925781,0.04488043114542961,-0.08282619714736938,-156.654052734375,0.05624563246965408
1782999527.344163,0.0,0.0,10.0,-0.7030584812164307,52.49824523925781,0.04488043114542961,-0.08282619714736938,-156.654052734375,0.05624563246965408
1782999527.350427,0.0,0.0,10.0,-0.7043564319610596,52.49907684326172,0.045276887714862823,-0.08282619714736938,-156.654052734375,0.05624563246965408
1782999527.356389,0.0,0.0,10.0,-0.7043564319610596,52.49907684326172,0.045276887714862823,-0.07910161465406418,-156.632080078125,0.054785750806331635
1782999527.362423,0.0,0.0,10.0,-0.7043564319610596,52.49907684326172,0.045276887714862823,-0.07910161465406418,-156.632080078125,0.054785750806331635
1782999527.368389,0.0,0.0,10.0,-0.7043564319610596,52.49907684326172,0.045276887714862823,-0.07910161465406418,-156.632080078125,0.054785750806331635
1782999527.377889,0.0,0.0,10.0,-0.7043564319610596,52.49907684326172,0.045276887714862823,-0.07910161465406418,-156.632080078125,0.054785750806331635
1782999527.384031,0.0,0.0,10.0,-0.7043564319610596,52.49907684326172,0.045276887714862823,-0.07910161465406418,-156.632080078125,0.054785750806331635
1782999527.389879,0.0,0.0,10.0,-0.7043564319610596,52.49907684326172,0.045276887714862823,-0.07910161465406418,-156.632080078125,0.054785750806331635
1782999527.395173,0.0,0.0,10.0,-0.7057675123214722,52.49890899658203,0.046876050531864166,-0.07910161465406418,-156.632080078125,0.054785750806331635
1782999527.401313,0.0,0.0,10.0,-0.7057675123214722,52.49890899658203,0.046876050531864166,-0.07910161465406418,-156.632080078125,0.054785750806331635
1782999527.408463,0.0,0.0,10.0,-0.7057675123214722,52.49890899658203,0.046876050531864166,-0.07910161465406418,-156.632080078125,0.054785750806331635
1782999527.414152,0.0,0.0,10.0,-0.7057675123214722,52.49890899658203,0.046876050531864166,-0.07910161465406418,-156.632080078125,0.054785750806331635
1782999527.427193,0.0,0.0,10.0,-0.7057675123214722,52.49890899658203,0.046876050531864166,-0.07910161465406418,-156.632080078125,0.054785750806331635
1782999527.43271,0.0,0.0,10.0,-0.7057675123214722,52.49890899658203,0.046876050531864166,-0.07910161465406418,-156.632080078125,0.054785750806331635
1782999527.438256,0.0,0.0,10.0,-0.7057675123214722,52.49890899658203,0.046876050531864166,-0.07910161465406418,-156.632080078125,0.054785750806331635
1782999527.444569,0.0,0.0,10.0,-0.7057675123214722,52.49890899658203,0.046876050531864166,-0.07910161465406418,-156.632080078125,0.054785750806331635
1782999527.450738,0.0,0.0,10.0,-0.703754186630249,52.499671936035156,0.04695027321577072,-0.07910161465406418,-156.632080078125,0.054785750806331635
1782999527.456097,0.0,0.0,10.0,-0.703754186630249,52.499671936035156,0.04695027321577072,-0.07910161465406418,-156.632080078125,0.054785750806331635
1782999527.462352,0.0,0.0,10.0,-0.703754186630249,52.499671936035156,0.04695027321577072,-0.0801347866654396,-156.654052734375,0.0582127682864666
1782999527.467865,0.0,0.0,10.0,-0.703754186630249,52.499671936035156,0.04695027321577072,-0.0801347866654396,-156.654052734375,0.0582127682864666
1782999527.481976,0.0,0.0,10.0,-0.703754186630249,52.499671936035156,0.04695027321577072,-0.0801347866654396,-156.654052734375,0.0582127682864666
1782999527.48857,0.0,0.0,10.0,-0.703754186630249,52.499671936035156,0.04695027321577072,-0.0801347866654396,-156.654052734375,0.0582127682864666
1782999527.494143,0.0,0.0,10.0,-0.703754186630249,52.499671936035156,0.04695027321577072,-0.0801347866654396,-156.654052734375,0.0582127682864666
1782999527.501384,0.0,0.0,10.0,-0.7049880027770996,52.49898910522461,0.046019602566957474,-0.0801347866654396,-156.654052734375,0.0582127682864666
1782999527.507271,0.0,0.0,10.0,-0.7049880027770996,52.49898910522461,0.046019602566957474,-0.0801347866654396,-156.654052734375,0.0582127682864666
1782999527.513038,0.0,0.0,10.0,-0.7049880027770996,52.49898910522461,0.046019602566957474,-0.0801347866654396,-156.654052734375,0.0582127682864666
1782999527.518625,0.0,0.0,10.0,-0.7049880027770996,52.49898910522461,0.046019602566957474,-0.0801347866654396,-156.654052734375,0.0582127682864666
1782999527.532863,0.0,0.0,10.0,-0.7049880027770996,52.49898910522461,0.046019602566957474,-0.0801347866654396,-156.654052734375,0.0582127682864666
1782999527.538802,0.0,0.0,10.0,-0.7049880027770996,52.49898910522461,0.046019602566957474,-0.0801347866654396,-156.654052734375,0.0582127682864666
1782999527.544197,0.0,0.0,10.0,-0.7049880027770996,52.49898910522461,0.046019602566957474,-0.0801347866654396,-156.654052734375,0.0582127682864666
1782999527.550478,0.0,0.0,10.0,-0.7049259543418884,52.49974822998047,0.04884951561689377,-0.0801347866654396,-156.654052734375,0.0582127682864666
1782999527.55635,0.0,0.0,10.0,-0.7049259543418884,52.49974822998047,0.04884951561689377,-0.08264262229204178,-156.654052734375,0.0549096018075943
1782999527.561783,0.0,0.0,10.0,-0.7049259543418884,52.49974822998047,0.04884951561689377,-0.08264262229204178,-156.654052734375,0.0549096018075943
1782999527.568311,0.0,0.0,10.0,-0.7049259543418884,52.49974822998047,0.04884951561689377,-0.08264262229204178,-156.654052734375,0.0549096018075943
1782999527.574742,0.0,0.0,10.0,-0.7049259543418884,52.49974822998047,0.04884951561689377,-0.08264262229204178,-156.654052734375,0.0549096018075943
1782999527.585945,0.0,0.0,10.0,-0.7049259543418884,52.49974822998047,0.04884951561689377,-0.08264262229204178,-156.654052734375,0.0549096018075943
1782999527.591683,0.0,0.0,10.0,-0.7049259543418884,52.49974822998047,0.04884951561689377,-0.08264262229204178,-156.654052734375,0.0549096018075943
1782999527.599383,0.0,0.0,10.0,-0.7052003741264343,52.50054168701172,0.04816253110766411,-0.08264262229204178,-156.654052734375,0.0549096018075943
1782999527.604806,0.0,0.0,10.0,-0.7052003741264343,52.50054168701172,0.04816253110766411,-0.08264262229204178,-156.654052734375,0.0549096018075943
1782999527.610475,0.0,0.0,10.0,-0.7052003741264343,52.50054168701172,0.04816253110766411,-0.08264262229204178,-156.654052734375,0.0549096018075943
1782999527.616617,0.0,0.0,10.0,-0.7052003741264343,52.50054168701172,0.04816253110766411,-0.08264262229204178,-156.654052734375,0.0549096018075943
1782999527.623225,0.0,0.0,10.0,-0.7052003741264343,52.50054168701172,0.04816253110766411,-0.08264262229204178,-156.654052734375,0.0549096018075943
1782999527.633668,0.0,0.0,10.0,-0.7052003741264343,52.50054168701172,0.04816253110766411,-0.08264262229204178,-156.654052734375,0.0549096018075943
1782999527.640892,0.0,0.0,10.0,-0.7052003741264343,52.50054168701172,0.04816253110766411,-0.08264262229204178,-156.654052734375,0.0549096018075943
1782999527.646692,0.0,0.0,10.0,-0.7037267684936523,52.501285552978516,0.046103302389383316,-0.08264262229204178,-156.654052734375,0.0549096018075943
1782999527.652178,0.0,0.0,10.0,-0.7037267684936523,52.501285552978516,0.046103302389383316,-0.08264262229204178,-156.654052734375,0.0549096018075943
1782999527.657793,0.0,0.0,10.0,-0.7037267684936523,52.501285552978516,0.046103302389383316,-0.0794384703040123,-156.610107421875,0.057286154478788376
1782999527.663518,0.0,0.0,10.0,-0.7037267684936523,52.501285552978516,0.046103302389383316,-0.0794384703040123,-156.610107421875,0.057286154478788376
1782999527.670074,0.0,0.0,10.0,-0.7037267684936523,52.501285552978516,0.046103302389383316,-0.0794384703040123,-156.610107421875,0.057286154478788376
1782999527.682437,0.0,0.0,10.0,-0.7037267684936523,52.501285552978516,0.046103302389383316,-0.0794384703040123,-156.610107421875,0.057286154478788376
1782999527.688217,0.0,0.0,10.0,-0.7037267684936523,52.501285552978516,0.046103302389383316,-0.0794384703040123,-156.610107421875,0.057286154478788376
1782999527.693779,0.0,0.0,10.0,-0.7037267684936523,52.501285552978516,0.046103302389383316,-0.0794384703040123,-156.610107421875,0.057286154478788376
1782999527.699801,0.0,0.0,10.0,-0.7031571865081787,52.502166748046875,0.04676287993788719,-0.0794384703040123,-156.610107421875,0.057286154478788376
1782999527.705328,0.0,0.0,10.0,-0.7031571865081787,52.502166748046875,0.04676287993788719,-0.0794384703040123,-156.610107421875,0.057286154478788376
1782999527.711146,0.0,0.0,10.0,-0.7031571865081787,52.502166748046875,0.04676287993788719,-0.0794384703040123,-156.610107421875,0.057286154478788376
1782999527.717058,0.0,0.0,10.0,-0.7031571865081787,52.502166748046875,0.04676287993788719,-0.0794384703040123,-156.610107421875,0.057286154478788376
1782999527.723843,0.0,0.0,10.0,-0.7031571865081787,52.502166748046875,0.04676287993788719,-0.0794384703040123,-156.610107421875,0.057286154478788376
1782999527.738188,0.0,0.0,10.0,-0.7031571865081787,52.502166748046875,0.04676287993788719,-0.0794384703040123,-156.610107421875,0.057286154478788376
1782999527.744253,0.0,0.0,10.0,-0.7031571865081787,52.502166748046875,0.04676287993788719,-0.0794384703040123,-156.610107421875,0.057286154478788376
1782999527.750724,0.0,0.0,10.0,-0.7041022181510925,52.50210952758789,0.04863371327519417,-0.0794384703040123,-156.610107421875,0.057286154478788376
1782999527.756074,0.0,0.0,10.0,-0.7041022181510925,52.50210952758789,0.04863371327519417,-0.0794384703040123,-156.610107421875,0.057286154478788376
1782999527.762661,0.0,0.0,10.0,-0.7041022181510925,52.50210952758789,0.04863371327519417,-0.08600278198719025,-156.632080078125,0.061788301914930344
1782999527.768556,0.0,0.0,10.0,-0.7041022181510925,52.50210952758789,0.04863371327519417,-0.08600278198719025,-156.632080078125,0.061788301914930344
1782999527.773847,0.0,0.0,10.0,-0.7041022181510925,52.50210952758789,0.04863371327519417,-0.08600278198719025,-156.632080078125,0.061788301914930344
1782999527.788113,0.0,0.0,10.0,-0.7041022181510925,52.50210952758789,0.04863371327519417,-0.08600278198719025,-156.632080078125,0.061788301914930344
1782999527.794804,0.0,0.0,10.0,-0.7041022181510925,52.50210952758789,0.04863371327519417,-0.08600278198719025,-156.632080078125,0.061788301914930344
1782999527.801514,0.0,0.0,10.0,-0.7036864161491394,52.503631591796875,0.04716585949063301,-0.08600278198719025,-156.632080078125,0.061788301914930344
1782999527.807105,0.0,0.0,10.0,-0.7036864161491394,52.503631591796875,0.04716585949063301,-0.08600278198719025,-156.632080078125,0.061788301914930344
1782999527.813969,0.0,0.0,10.0,-0.7036864161491394,52.503631591796875,0.04716585949063301,-0.08600278198719025,-156.632080078125,0.061788301914930344
1782999527.820212,0.0,0.0,10.0,-0.7036864161491394,52.503631591796875,0.04716585949063301,-0.08600278198719025,-156.632080078125,0.061788301914930344
1782999527.826408,0.0,0.0,10.0,-0.7036864161491394,52.503631591796875,0.04716585949063301,-0.08600278198719025,-156.632080078125,0.061788301914930344
1782999527.838758,0.0,0.0,10.0,-0.7036864161491394,52.503631591796875,0.04716585949063301,-0.08600278198719025,-156.632080078125,0.061788301914930344
1782999527.844693,0.0,0.0,10.0,-0.7027403116226196,52.5042724609375,0.043383557349443436,-0.08600278198719025,-156.632080078125,0.061788301914930344
1782999527.850229,0.0,0.0,10.0,-0.7027403116226196,52.5042724609375,0.043383557349443436,-0.08600278198719025,-156.632080078125,0.061788301914930344
1782999527.856247,0.0,0.0,10.0,-0.7027403116226196,52.5042724609375,0.043383557349443436,-0.08600278198719025,-156.632080078125,0.061788301914930344
1782999527.863581,0.0,0.0,10.0,-0.7027403116226196,52.5042724609375,0.043383557349443436,-0.07894988358020782,-156.654052734375,0.05483072251081467
1782999527.869655,0.0,0.0,10.0,-0.7027403116226196,52.5042724609375,0.043383557349443436,-0.07894988358020782,-156.654052734375,0.05483072251081467
1782999527.875007,0.0,0.0,10.0,-0.7027403116226196,52.5042724609375,0.043383557349443436,-0.07894988358020782,-156.654052734375,0.05483072251081467
1782999527.881209,0.0,0.0,10.0,-0.7027403116226196,52.5042724609375,0.043383557349443436,-0.07894988358020782,-156.654052734375,0.05483072251081467
1782999527.892445,0.0,0.0,10.0,-0.7027403116226196,52.5042724609375,0.043383557349443436,-0.07894988358020782,-156.654052734375,0.05483072251081467
1782999527.899202,0.0,0.0,10.0,-0.7020838856697083,52.50426483154297,0.04484844207763672,-0.07894988358020782,-156.654052734375,0.05483072251081467
1782999527.905553,0.0,0.0,10.0,-0.7020838856697083,52.50426483154297,0.04484844207763672,-0.07894988358020782,-156.654052734375,0.05483072251081467
1782999527.910975,0.0,0.0,10.0,-0.7020838856697083,52.50426483154297,0.04484844207763672,-0.07894988358020782,-156.654052734375,0.05483072251081467
1782999527.917215,0.0,0.0,10.0,-0.7020838856697083,52.50426483154297,0.04484844207763672,-0.07894988358020782,-156.654052734375,0.05483072251081467
1782999527.923124,0.0,0.0,10.0,-0.7020838856697083,52.50426483154297,0.04484844207763672,-0.07894988358020782,-156.654052734375,0.05483072251081467
1782999527.928427,0.0,0.0,10.0,-0.7020838856697083,52.50426483154297,0.04484844207763672,-0.07894988358020782,-156.654052734375,0.05483072251081467
1782999527.940584,0.0,0.0,10.0,-0.7020838856697083,52.50426483154297,0.04484844207763672,-0.07894988358020782,-156.654052734375,0.05483072251081467
1782999527.946944,0.0,0.0,10.0,-0.7043886780738831,52.50396728515625,0.04748545587062836,-0.07894988358020782,-156.654052734375,0.05483072251081467
1782999527.952392,0.0,0.0,10.0,-0.7043886780738831,52.50396728515625,0.04748545587062836,-0.07894988358020782,-156.654052734375,0.05483072251081467
1782999527.957818,0.0,0.0,10.0,-0.7043886780738831,52.50396728515625,0.04748545587062836,-0.07894988358020782,-156.654052734375,0.05483072251081467
1782999527.963619,0.0,0.0,10.0,-0.7043886780738831,52.50396728515625,0.04748545587062836,-0.08842547237873077,-156.632080078125,0.06144878268241882
1782999527.96965,0.0,0.0,10.0,-0.7043886780738831,52.50396728515625,0.04748545587062836,-0.08842547237873077,-156.632080078125,0.06144878268241882
1782999527.975678,0.0,0.0,10.0,-0.7043886780738831,52.50396728515625,0.04748545587062836,-0.08842547237873077,-156.632080078125,0.06144878268241882
1782999527.983042,0.0,0.0,10.0,-0.7043886780738831,52.50396728515625,0.04748545587062836,-0.08842547237873077,-156.632080078125,0.06144878268241882
1782999527.994024,0.0,0.0,10.0,-0.7043886780738831,52.50396728515625,0.04748545587062836,-0.08842547237873077,-156.632080078125,0.06144878268241882
1782999528.00033,0.0,0.0,10.0,-0.7030889987945557,52.50535583496094,0.04561581090092659,-0.08842547237873077,-156.632080078125,0.06144878268241882
1782999528.006919,0.0,0.0,10.0,-0.7030889987945557,52.50535583496094,0.04561581090092659,-0.08842547237873077,-156.632080078125,0.06144878268241882
1782999528.013136,0.0,0.0,10.0,-0.7030889987945557,52.50535583496094,0.04561581090092659,-0.08842547237873077,-156.632080078125,0.06144878268241882
1782999528.018564,0.0,0.0,10.0,-0.7030889987945557,52.50535583496094,0.04561581090092659,-0.08842547237873077,-156.632080078125,0.06144878268241882
1782999528.024036,0.0,0.0,10.0,-0.7030889987945557,52.50535583496094,0.04561581090092659,-0.08842547237873077,-156.632080078125,0.06144878268241882
1782999528.03133,0.0,0.0,10.0,-0.7030889987945557,52.50535583496094,0.04561581090092659,-0.08842547237873077,-156.632080078125,0.06144878268241882
1782999528.044713,0.0,0.0,10.0,-0.7030889987945557,52.50535583496094,0.04561581090092659,-0.08842547237873077,-156.632080078125,0.06144878268241882
1782999528.051207,0.0,0.0,10.0,-0.7031653523445129,52.505245208740234,0.04441753402352333,-0.08842547237873077,-156.632080078125,0.06144878268241882
1782999528.056604,0.0,0.0,10.0,-0.7031653523445129,52.505245208740234,0.04441753402352333,-0.08842547237873077,-156.632080078125,0.06144878268241882
1782999528.062477,0.0,0.0,10.0,-0.7031653523445129,52.505245208740234,0.04441753402352333,-0.08066945523023605,-156.632080078125,0.05677340179681778
1782999528.069379,0.0,0.0,10.0,-0.7031653523445129,52.505245208740234,0.04441753402352333,-0.08066945523023605,-156.632080078125,0.05677340179681778
1782999528.075481,0.0,0.0,10.0,-0.7031653523445129,52.505245208740234,0.04441753402352333,-0.08066945523023605,-156.632080078125,0.05677340179681778
1782999528.081633,0.0,0.0,10.0,-0.7031653523445129,52.505245208740234,0.04441753402352333,-0.08066945523023605,-156.632080078125,0.05677340179681778
1782999528.094798,0.0,0.0,10.0,-0.7031653523445129,52.505245208740234,0.04441753402352333,-0.08066945523023605,-156.632080078125,0.05677340179681778
1782999528.101475,0.0,0.0,10.0,-0.7029855251312256,52.50630569458008,0.04667959362268448,-0.08066945523023605,-156.632080078125,0.05677340179681778
1782999528.106888,0.0,0.0,10.0,-0.7029855251312256,52.50630569458008,0.04667959362268448,-0.08066945523023605,-156.632080078125,0.05677340179681778
1782999528.113958,0.0,0.0,10.0,-0.7029855251312256,52.50630569458008,0.04667959362268448,-0.08066945523023605,-156.632080078125,0.05677340179681778
1782999528.120219,0.0,0.0,10.0,-0.7029855251312256,52.50630569458008,0.04667959362268448,-0.08066945523023605,-156.632080078125,0.05677340179681778
1782999528.126017,0.0,0.0,10.0,-0.7029855251312256,52.50630569458008,0.04667959362268448,-0.08066945523023605,-156.632080078125,0.05677340179681778
1782999528.132118,0.0,0.0,10.0,-0.7029855251312256,52.50630569458008,0.04667959362268448,-0.08066945523023605,-156.632080078125,0.05677340179681778
1782999528.138176,0.0,0.0,10.0,-0.7029855251312256,52.50630569458008,0.04667959362268448,-0.08066945523023605,-156.632080078125,0.05677340179681778
1782999528.146053,0.0,0.0,10.0,-0.7029855251312256,52.50630569458008,0.04667959362268448,-0.08066945523023605,-156.632080078125,0.05677340179681778
1782999528.152856,0.0,0.0,10.0,-0.7037779092788696,52.50658416748047,0.04894338548183441,-0.08066945523023605,-156.632080078125,0.05677340179681778
1782999528.15989,0.0,0.0,10.0,-0.7037779092788696,52.50658416748047,0.04894338548183441,-0.08066945523023605,-156.632080078125,0.05677340179681778
1782999528.165484,0.0,0.0,10.0,-0.7037779092788696,52.50658416748047,0.04894338548183441,-0.08980035781860352,-156.610107421875,0.06321423500776291
1782999528.171258,0.0,0.0,10.0,-0.7037779092788696,52.50658416748047,0.04894338548183441,-0.08980035781860352,-156.610107421875,0.06321423500776291
1782999528.177458,0.0,0.0,10.0,-0.7037779092788696,52.50658416748047,0.04894338548183441,-0.08980035781860352,-156.610107421875,0.06321423500776291
1782999528.183539,0.0,0.0,10.0,-0.7037779092788696,52.50658416748047,0.04894338548183441,-0.08980035781860352,-156.610107421875,0.06321423500776291
1782999528.197463,0.0,0.0,10.0,-0.7037779092788696,52.50658416748047,0.04894338548183441,-0.08980035781860352,-156.610107421875,0.06321423500776291
1782999528.203698,0.0,0.0,10.0,-0.7030892372131348,52.50650405883789,0.04688294976949692,-0.08980035781860352,-156.610107421875,0.06321423500776291
1782999528.210102,0.0,0.0,10.0,-0.7030892372131348,52.50650405883789,0.04688294976949692,-0.08980035781860352,-156.610107421875,0.06321423500776291
1782999528.216374,0.0,0.0,10.0,-0.7030892372131348,52.50650405883789,0.04688294976949692,-0.08980035781860352,-156.610107421875,0.06321423500776291
1782999528.223464,0.0,0.0,10.0,-0.7030892372131348,52.50650405883789,0.04688294976949692,-0.08980035781860352,-156.610107421875,0.06321423500776291
1782999528.230564,0.0,0.0,10.0,-0.7030892372131348,52.50650405883789,0.04688294976949692,-0.08980035781860352,-156.610107421875,0.06321423500776291
1782999528.236288,0.0,0.0,10.0,-0.7030892372131348,52.50650405883789,0.04688294976949692,-0.08980035781860352,-156.610107421875,0.06321423500776291
1782999528.250302,0.0,0.0,10.0,-0.7030892372131348,52.50650405883789,0.04688294976949692,-0.08980035781860352,-156.610107421875,0.06321423500776291
1782999528.256304,0.0,0.0,10.0,-0.7010557055473328,52.50640106201172,0.04652669280767441,-0.08980035781860352,-156.610107421875,0.06321423500776291
1782999528.262104,0.0,0.0,10.0,-0.7010557055473328,52.50640106201172,0.04652669280767441,-0.08980035781860352,-156.610107421875,0.06321423500776291
1782999528.268213,0.0,0.0,10.0,-0.7010557055473328,52.50640106201172,0.04652669280767441,-0.07787153869867325,-156.632080078125,0.05612986162304878
1782999528.273976,0.0,0.0,10.0,-0.7010557055473328,52.50640106201172,0.04652669280767441,-0.07787153869867325,-156.632080078125,0.05612986162304878
1782999528.27952,0.0,0.0,10.0,-0.7010557055473328,52.50640106201172,0.04652669280767441,-0.07787153869867325,-156.632080078125,0.05612986162304878
1782999528.285973,0.0,0.0,10.0,-0.7010557055473328,52.50640106201172,0.04652669280767441,-0.07787153869867325,-156.632080078125,0.05612986162304878
1782999528.300852,0.0,0.0,10.0,-0.7010557055473328,52.50640106201172,0.04652669280767441,-0.07787153869867325,-156.632080078125,0.05612986162304878
1782999528.307797,0.0,0.0,10.0,-0.7033045887947083,52.50505065917969,0.049622341990470886,-0.07787153869867325,-156.632080078125,0.05612986162304878
1782999528.314026,0.0,0.0,10.0,-0.7033045887947083,52.50505065917969,0.049622341990470886,-0.07787153869867325,-156.632080078125,0.05612986162304878
1782999528.320754,0.0,0.0,10.0,-0.7033045887947083,52.50505065917969,0.049622341990470886,-0.07787153869867325,-156.632080078125,0.05612986162304878
1782999528.327372,0.0,0.0,10.0,-0.7033045887947083,52.50505065917969,0.049622341990470886,-0.07787153869867325,-156.632080078125,0.05612986162304878
1782999528.332876,0.0,0.0,10.0,-0.7033045887947083,52.50505065917969,0.049622341990470886,-0.07787153869867325,-156.632080078125,0.05612986162304878
1782999528.338331,0.0,0.0,10.0,-0.7033045887947083,52.50505065917969,0.049622341990470886,-0.07787153869867325,-156.632080078125,0.05612986162304878
1782999528.350864,0.0,0.0,10.0,-0.7033045887947083,52.50505065917969,0.049622341990470886,-0.07787153869867325,-156.632080078125,0.05612986162304878
1782999528.35831,0.0,0.0,10.0,-0.7035042643547058,52.504364013671875,0.05110921338200569,-0.07787153869867325,-156.632080078125,0.05612986162304878
1782999528.364284,0.0,0.0,10.0,-0.7035042643547058,52.504364013671875,0.05110921338200569,-0.07787153869867325,-156.632080078125,0.05612986162304878
1782999528.370421,0.0,0.0,10.0,-0.7035042643547058,52.504364013671875,0.05110921338200569,-0.08693725615739822,-156.654052734375,0.05996033176779747
1782999528.377349,0.0,0.0,10.0,-0.7035042643547058,52.504364013671875,0.05110921338200569,-0.08693725615739822,-156.654052734375,0.05996033176779747
1782999528.383006,0.0,0.0,10.0,-0.7035042643547058,52.504364013671875,0.05110921338200569,-0.08693725615739822,-156.654052734375,0.05996033176779747
1782999528.389031,0.0,0.0,10.0,-0.7035042643547058,52.504364013671875,0.05110921338200569,-0.08693725615739822,-156.654052734375,0.05996033176779747
1782999528.403095,0.0,0.0,10.0,-0.7035042643547058,52.504364013671875,0.05110921338200569,-0.08693725615739822,-156.654052734375,0.05996033176779747
1782999528.408983,0.0,0.0,10.0,-0.7042794823646545,52.50434112548828,0.04904306307435036,-0.08693725615739822,-156.654052734375,0.05996033176779747
1782999528.414811,0.0,0.0,10.0,-0.7042794823646545,52.50434112548828,0.04904306307435036,-0.08693725615739822,-156.654052734375,0.05996033176779747
1782999528.421466,0.0,0.0,10.0,-0.7042794823646545,52.50434112548828,0.04904306307435036,-0.08693725615739822,-156.654052734375,0.05996033176779747
1782999528.427764,0.0,0.0,10.0,-0.7042794823646545,52.50434112548828,0.04904306307435036,-0.08693725615739822,-156.654052734375,0.05996033176779747
1782999528.434123,0.0,0.0,10.0,-0.7042794823646545,52.50434112548828,0.04904306307435036,-0.08693725615739822,-156.654052734375,0.05996033176779747
1782999528.441434,0.0,0.0,10.0,-0.7042794823646545,52.50434112548828,0.04904306307435036,-0.08693725615739822,-156.654052734375,0.05996033176779747
1782999528.453718,0.0,0.0,10.0,-0.7042794823646545,52.50434112548828,0.04904306307435036,-0.08693725615739822,-156.654052734375,0.05996033176779747
1782999528.460067,0.0,0.0,10.0,-0.7028051614761353,52.50364303588867,0.049489185214042664,-0.08693725615739822,-156.654052734375,0.05996033176779747
1782999528.466442,0.0,0.0,10.0,-0.7028051614761353,52.50364303588867,0.049489185214042664,-0.08199524879455566,-156.632080078125,0.05831146240234375
1782999528.473271,0.0,0.0,10.0,-0.7028051614761353,52.50364303588867,0.049489185214042664,-0.08199524879455566,-156.632080078125,0.05831146240234375
1782999528.479454,0.0,0.0,10.0,-0.7028051614761353,52.50364303588867,0.049489185214042664,-0.08199524879455566,-156.632080078125,0.05831146240234375
1782999528.487524,0.0,0.0,10.0,-0.7028051614761353,52.50364303588867,0.049489185214042664,-0.08199524879455566,-156.632080078125,0.05831146240234375
1782999528.493165,0.0,0.0,10.0,-0.7028051614761353,52.50364303588867,0.049489185214042664,-0.08199524879455566,-156.632080078125,0.05831146240234375
1782999528.499407,0.0,0.0,10.0,-0.7051350474357605,52.50270462036133,0.05141245946288109,-0.08199524879455566,-156.632080078125,0.05831146240234375
1782999528.507203,0.0,0.0,10.0,-0.7051350474357605,52.50270462036133,0.05141245946288109,-0.08199524879455566,-156.632080078125,0.05831146240234375
1782999528.513198,0.0,0.0,10.0,-0.7051350474357605,52.50270462036133,0.05141245946288109,-0.08199524879455566,-156.632080078125,0.05831146240234375
1782999528.519178,0.0,0.0,10.0,-0.7051350474357605,52.50270462036133,0.05141245946288109,-0.08199524879455566,-156.632080078125,0.05831146240234375
1782999528.525561,0.0,0.0,10.0,-0.7051350474357605,52.50270462036133,0.05141245946288109,-0.08199524879455566,-156.632080078125,0.05831146240234375
1782999528.53163,0.0,0.0,10.0,-0.7051350474357605,52.50270462036133,0.05141245946288109,-0.08199524879455566,-156.632080078125,0.05831146240234375
1782999528.537917,0.0,0.0,10.0,-0.7051350474357605,52.50270462036133,0.05141245946288109,-0.08199524879455566,-156.632080078125,0.05831146240234375
1782999528.544356,0.0,0.0,10.0,-0.7051350474357605,52.50270462036133,0.05141245946288109,-0.08199524879455566,-156.632080078125,0.05831146240234375
1782999528.556671,0.0,0.0,10.0,-0.7040761113166809,52.5019416809082,0.05222366750240326,-0.08199524879455566,-156.632080078125,0.05831146240234375
1782999528.562124,0.0,0.0,10.0,-0.7040761113166809,52.5019416809082,0.05222366750240326,-0.08199524879455566,-156.632080078125,0.05831146240234375
1782999528.568383,0.0,0.0,10.0,-0.7040761113166809,52.5019416809082,0.05222366750240326,-0.08344962447881699,-156.610107421875,0.06299261003732681
1782999528.574104,0.0,0.0,10.0,-0.7040761113166809,52.5019416809082,0.05222366750240326,-0.08344962447881699,-156.610107421875,0.06299261003732681
1782999528.580319,0.0,0.0,10.0,-0.7040761113166809,52.5019416809082,0.05222366750240326,-0.08344962447881699,-156.610107421875,0.06299261003732681
1782999528.586205,0.0,0.0,10.0,-0.7040761113166809,52.5019416809082,0.05222366750240326,-0.08344962447881699,-156.610107421875,0.06299261003732681
1782999528.591709,0.0,0.0,10.0,-0.7040761113166809,52.5019416809082,0.05222366750240326,-0.08344962447881699,-156.610107421875,0.06299261003732681
1782999528.603942,0.0,0.0,10.0,-0.7051807045936584,52.501678466796875,0.049998339265584946,-0.08344962447881699,-156.610107421875,0.06299261003732681
1782999528.6103,0.0,0.0,10.0,-0.7051807045936584,52.501678466796875,0.049998339265584946,-0.08344962447881699,-156.610107421875,0.06299261003732681
1782999528.61663,0.0,0.0,10.0,-0.7051807045936584,52.501678466796875,0.049998339265584946,-0.08344962447881699,-156.610107421875,0.06299261003732681
1782999528.623018,0.0,0.0,10.0,-0.7051807045936584,52.501678466796875,0.049998339265584946,-0.08344962447881699,-156.610107421875,0.06299261003732681
1782999528.62836,0.0,0.0,10.0,-0.7051807045936584,52.501678466796875,0.049998339265584946,-0.08344962447881699,-156.610107421875,0.06299261003732681
1782999528.634989,0.0,0.0,10.0,-0.7051807045936584,52.501678466796875,0.049998339265584946,-0.08344962447881699,-156.610107421875,0.06299261003732681
1782999528.640423,0.0,0.0,10.0,-0.7051807045936584,52.501678466796875,0.049998339265584946,-0.08344962447881699,-156.610107421875,0.06299261003732681
1782999528.647143,0.0,0.0,10.0,-0.7031050324440002,52.50305938720703,0.05058006942272186,-0.08344962447881699,-156.610107421875,0.06299261003732681
1782999528.655853,0.0,0.0,10.0,-0.7031050324440002,52.50305938720703,0.05058006942272186,-0.08344962447881699,-156.610107421875,0.06299261003732681
1782999528.661933,0.0,0.0,10.0,-0.7031050324440002,52.50305938720703,0.05058006942272186,-0.08344962447881699,-156.610107421875,0.06299261003732681
1782999528.668409,0.0,0.0,10.0,-0.7031050324440002,52.50305938720703,0.05058006942272186,-0.08322717994451523,-156.654052734375,0.05996489152312279
1782999528.673912,0.0,0.0,10.0,-0.7031050324440002,52.50305938720703,0.05058006942272186,-0.08322717994451523,-156.654052734375,0.05996489152312279
1782999528.679433,0.0,0.0,10.0,-0.7031050324440002,52.50305938720703,0.05058006942272186,-0.08322717994451523,-156.654052734375,0.05996489152312279
1782999528.68531,0.0,0.0,10.0,-0.7031050324440002,52.50305938720703,0.05058006942272186,-0.08322717994451523,-156.654052734375,0.05996489152312279
1782999528.691131,0.0,0.0,10.0,-0.7031050324440002,52.50305938720703,0.05058006942272186,-0.08322717994451523,-156.654052734375,0.05996489152312279
1782999528.69732,0.0,0.0,10.0,-0.7039554119110107,52.50291442871094,0.05160457268357277,-0.08322717994451523,-156.654052734375,0.05996489152312279
1782999528.709169,0.0,0.0,10.0,-0.7039554119110107,52.50291442871094,0.05160457268357277,-0.08322717994451523,-156.654052734375,0.05996489152312279
