Time,PosX,PosY,PosZ,Pitch,Yaw,Roll,PitchCam,YawCam,RollCam
1783010184.734259,0.0,0.0,10.0,-0.6547157764434814,51.54018783569336,0.04714944213628769,9.802738189697266,-176.495361328125,0.05615046247839928
1783010184.744098,0.0,0.0,10.0,-0.6547157764434814,51.54018783569336,0.04714944213628769,9.802738189697266,-176.495361328125,0.05615046247839928
1783010184.749958,0.0,0.0,10.0,-0.6547157764434814,51.54018783569336,0.04714944213628769,9.802738189697266,-176.495361328125,0.05615046247839928
1783010184.755931,0.0,0.0,10.0,-0.6547157764434814,51.54018783569336,0.04714944213628769,9.802738189697266,-176.495361328125,0.05615046247839928
1783010184.764221,0.0,0.0,10.0,-0.6534249782562256,51.53961944580078,0.047801777720451355,9.802738189697266,-176.495361328125,0.05615046247839928
1783010184.770299,0.0,0.0,10.0,-0.6534249782562256,51.53961944580078,0.047801777720451355,9.802738189697266,-176.495361328125,0.05615046247839928
1783010184.794745,0.0,0.0,10.0,-0.6534249782562256,51.53961944580078,0.047801777720451355,9.802738189697266,-176.495361328125,0.05615046247839928
1783010184.800397,0.0,0.0,10.0,-0.6534249782562256,51.53961944580078,0.047801777720451355,9.802738189697266,-176.495361328125,0.05615046247839928
1783010184.807053,0.0,0.0,10.0,-0.6534249782562256,51.53961944580078,0.047801777720451355,9.802738189697266,-176.495361328125,0.05615046247839928
1783010184.812517,0.0,0.0,10.0,-0.6541916728019714,51.53915786743164,0.0480475053191185,9.802738189697266,-176.495361328125,0.05615046247839928
1783010184.818171,0.0,0.0,10.0,-0.6541916728019714,51.53915786743164,0.0480475053191185,9.8079252243042,-176.495361328125,0.058397483080625534
1783010184.824827,0.0,0.0,10.0,-0.6541916728019714,51.53915786743164,0.0480475053191185,9.8079252243042,-176.495361328125,0.058397483080625534
1783010184.83542,0.0,0.0,10.0,-0.6541916728019714,51.53915786743164,0.0480475053191185,9.8079252243042,-176.495361328125,0.058397483080625534
1783010184.841808,0.0,0.0,10.0,-0.6541916728019714,51.53915786743164,0.0480475053191185,9.8079252243042,-176.495361328125,0.058397483080625534
1783010184.84752,0.0,0.0,10.0,-0.6541916728019714,51.53915786743164,0.0480475053191185,9.8079252243042,-176.495361328125,0.058397483080625534
1783010184.854289,0.0,0.0,10.0,-0.6541916728019714,51.53915786743164,0.0480475053191185,9.8079252243042,-176.495361328125,0.058397483080625534
1783010184.86692,0.0,0.0,10.0,-0.6541916728019714,51.53915786743164,0.0480475053191185,9.8079252243042,-176.495361328125,0.058397483080625534
1783010184.872613,0.0,0.0,10.0,-0.6554831862449646,51.540531158447266,0.04847493767738342,9.8079252243042,-176.495361328125,0.058397483080625534
1783010184.878669,0.0,0.0,10.0,-0.6554831862449646,51.540531158447266,0.04847493767738342,9.8079252243042,-176.495361328125,0.058397483080625534
1783010184.88402,0.0,0.0,10.0,-0.6554831862449646,51.540531158447266,0.04847493767738342,9.8079252243042,-176.495361328125,0.058397483080625534
1783010184.890699,0.0,0.0,10.0,-0.6554831862449646,51.540531158447266,0.04847493767738342,9.8079252243042,-176.495361328125,0.058397483080625534
1783010184.897542,0.0,0.0,10.0,-0.6554831862449646,51.540531158447266,0.04847493767738342,9.8079252243042,-176.495361328125,0.058397483080625534
1783010184.903306,0.0,0.0,10.0,-0.6554831862449646,51.540531158447266,0.04847493767738342,9.8079252243042,-176.495361328125,0.058397483080625534
1783010184.910288,0.0,0.0,10.0,-0.6554831862449646,51.540531158447266,0.04847493767738342,9.8079252243042,-176.495361328125,0.058397483080625534
1783010184.917749,0.0,0.0,10.0,-0.6534630060195923,51.541412353515625,0.047317542135715485,9.8079252243042,-176.495361328125,0.058397483080625534
1783010184.923283,0.0,0.0,10.0,-0.6534630060195923,51.541412353515625,0.047317542135715485,9.804988861083984,-176.517333984375,0.056388940662145615
1783010184.928828,0.0,0.0,10.0,-0.6534630060195923,51.541412353515625,0.047317542135715485,9.804988861083984,-176.517333984375,0.056388940662145615
1783010184.93415,0.0,0.0,10.0,-0.6534630060195923,51.541412353515625,0.047317542135715485,9.804988861083984,-176.517333984375,0.056388940662145615
1783010184.940191,0.0,0.0,10.0,-0.6534630060195923,51.541412353515625,0.047317542135715485,9.804988861083984,-176.517333984375,0.056388940662145615
1783010184.946395,0.0,0.0,10.0,-0.6534630060195923,51.541412353515625,0.047317542135715485,9.804988861083984,-176.517333984375,0.056388940662145615
1783010184.952099,0.0,0.0,10.0,-0.6534630060195923,51.541412353515625,0.047317542135715485,9.804988861083984,-176.517333984375,0.056388940662145615
1783010184.957953,0.0,0.0,10.0,-0.6534630060195923,51.541412353515625,0.047317542135715485,9.804988861083984,-176.517333984375,0.056388940662145615
1783010184.973197,0.0,0.0,10.0,-0.6529802680015564,51.54209899902344,0.0480460561811924,9.804988861083984,-176.517333984375,0.056388940662145615
1783010184.978709,0.0,0.0,10.0,-0.6529802680015564,51.54209899902344,0.0480460561811924,9.804988861083984,-176.517333984375,0.056388940662145615
1783010184.985853,0.0,0.0,10.0,-0.6529802680015564,51.54209899902344,0.0480460561811924,9.804988861083984,-176.517333984375,0.056388940662145615
1783010184.991284,0.0,0.0,10.0,-0.6529802680015564,51.54209899902344,0.0480460561811924,9.804988861083984,-176.517333984375,0.056388940662145615
1783010184.996731,0.0,0.0,10.0,-0.6529802680015564,51.54209899902344,0.0480460561811924,9.804988861083984,-176.517333984375,0.056388940662145615
1783010185.002941,0.0,0.0,10.0,-0.6529802680015564,51.54209899902344,0.0480460561811924,9.804988861083984,-176.517333984375,0.056388940662145615
1783010185.009235,0.0,0.0,10.0,-0.6529802680015564,51.54209899902344,0.0480460561811924,9.804988861083984,-176.517333984375,0.056388940662145615
1783010185.021874,0.0,0.0,10.0,-0.6529802680015564,51.544368743896484,0.04781043156981468,9.804988861083984,-176.517333984375,0.056388940662145615
1783010185.027798,0.0,0.0,10.0,-0.6529802680015564,51.544368743896484,0.04781043156981468,9.804677963256836,-176.495361328125,0.05932401493191719
1783010185.033323,0.0,0.0,10.0,-0.6529802680015564,51.544368743896484,0.04781043156981468,9.804677963256836,-176.495361328125,0.05932401493191719
1783010185.038905,0.0,0.0,10.0,-0.6529802680015564,51.544368743896484,0.04781043156981468,9.804677963256836,-176.495361328125,0.05932401493191719
1783010185.044422,0.0,0.0,10.0,-0.6529802680015564,51.544368743896484,0.04781043156981468,9.804677963256836,-176.495361328125,0.05932401493191719
1783010185.05029,0.0,0.0,10.0,-0.6529802680015564,51.544368743896484,0.04781043156981468,9.804677963256836,-176.495361328125,0.05932401493191719
1783010185.056957,0.0,0.0,10.0,-0.6529802680015564,51.544368743896484,0.04781043156981468,9.804677963256836,-176.495361328125,0.05932401493191719
1783010185.063227,0.0,0.0,10.0,-0.6551312208175659,51.54450225830078,0.047080740332603455,9.804677963256836,-176.495361328125,0.05932401493191719
1783010185.074747,0.0,0.0,10.0,-0.6551312208175659,51.54450225830078,0.047080740332603455,9.804677963256836,-176.495361328125,0.05932401493191719
1783010185.080899,0.0,0.0,10.0,-0.6551312208175659,51.54450225830078,0.047080740332603455,9.804677963256836,-176.495361328125,0.05932401493191719
1783010185.086299,0.0,0.0,10.0,-0.6551312208175659,51.54450225830078,0.047080740332603455,9.804677963256836,-176.495361328125,0.05932401493191719
1783010185.092155,0.0,0.0,10.0,-0.6551312208175659,51.54450225830078,0.047080740332603455,9.804677963256836,-176.495361328125,0.05932401493191719
1783010185.097986,0.0,0.0,10.0,-0.6551312208175659,51.54450225830078,0.047080740332603455,9.804677963256836,-176.495361328125,0.05932401493191719
1783010185.104365,0.0,0.0,10.0,-0.6551312208175659,51.54450225830078,0.047080740332603455,9.804677963256836,-176.495361328125,0.05932401493191719
1783010185.109549,0.0,0.0,10.0,-0.6551312208175659,51.54450225830078,0.047080740332603455,9.804677963256836,-176.495361328125,0.05932401493191719
1783010185.11594,0.0,0.0,10.0,-0.6537355780601501,51.54600143432617,0.04812203347682953,9.804677963256836,-176.495361328125,0.05932401493191719
1783010185.126983,0.0,0.0,10.0,-0.6537355780601501,51.54600143432617,0.04812203347682953,9.804677963256836,-176.495361328125,0.05932401493191719
1783010185.13254,0.0,0.0,10.0,-0.6537355780601501,51.54600143432617,0.04812203347682953,9.80547046661377,-176.517333984375,0.056176695972681046
1783010185.137907,0.0,0.0,10.0,-0.6537355780601501,51.54600143432617,0.04812203347682953,9.80547046661377,-176.517333984375,0.056176695972681046
1783010185.143307,0.0,0.0,10.0,-0.6537355780601501,51.54600143432617,0.04812203347682953,9.80547046661377,-176.517333984375,0.056176695972681046
1783010185.148953,0.0,0.0,10.0,-0.6537355780601501,51.54600143432617,0.04812203347682953,9.80547046661377,-176.517333984375,0.056176695972681046
1783010185.154659,0.0,0.0,10.0,-0.6537355780601501,51.54600143432617,0.04812203347682953,9.80547046661377,-176.517333984375,0.056176695972681046
1783010185.161143,0.0,0.0,10.0,-0.6537355780601501,51.54600143432617,0.04812203347682953,9.80547046661377,-176.517333984375,0.056176695972681046
1783010185.167247,0.0,0.0,10.0,-0.6527301669120789,51.54663848876953,0.04939379170536995,9.80547046661377,-176.517333984375,0.056176695972681046
1783010185.177141,0.0,0.0,10.0,-0.6527301669120789,51.54663848876953,0.04939379170536995,9.80547046661377,-176.517333984375,0.056176695972681046
1783010185.183452,0.0,0.0,10.0,-0.6527301669120789,51.54663848876953,0.04939379170536995,9.80547046661377,-176.517333984375,0.056176695972681046
1783010185.188745,0.0,0.0,10.0,-0.6527301669120789,51.54663848876953,0.04939379170536995,9.80547046661377,-176.517333984375,0.056176695972681046
1783010185.194068,0.0,0.0,10.0,-0.6527301669120789,51.54663848876953,0.04939379170536995,9.80547046661377,-176.517333984375,0.056176695972681046
1783010185.200338,0.0,0.0,10.0,-0.6527301669120789,51.54663848876953,0.04939379170536995,9.80547046661377,-176.517333984375,0.056176695972681046
1783010185.206029,0.0,0.0,10.0,-0.6527301669120789,51.54663848876953,0.04939379170536995,9.80547046661377,-176.517333984375,0.056176695972681046
1783010185.212228,0.0,0.0,10.0,-0.654181182384491,51.54513931274414,0.04743120074272156,9.80547046661377,-176.517333984375,0.056176695972681046
1783010185.218766,0.0,0.0,10.0,-0.654181182384491,51.54513931274414,0.04743120074272156,9.80547046661377,-176.517333984375,0.056176695972681046
1783010185.230338,0.0,0.0,10.0,-0.654181182384491,51.54513931274414,0.04743120074272156,9.80547046661377,-176.517333984375,0.056176695972681046
1783010185.237606,0.0,0.0,10.0,-0.654181182384491,51.54513931274414,0.04743120074272156,9.806384086608887,-176.451416015625,0.05702139809727669
1783010185.243216,0.0,0.0,10.0,-0.654181182384491,51.54513931274414,0.04743120074272156,9.806384086608887,-176.451416015625,0.05702139809727669
1783010185.248399,0.0,0.0,10.0,-0.654181182384491,51.54513931274414,0.04743120074272156,9.806384086608887,-176.451416015625,0.05702139809727669
1783010185.254169,0.0,0.0,10.0,-0.654181182384491,51.54513931274414,0.04743120074272156,9.806384086608887,-176.451416015625,0.05702139809727669
1783010185.259858,0.0,0.0,10.0,-0.654181182384491,51.54513931274414,0.04743120074272156,9.806384086608887,-176.451416015625,0.05702139809727669
1783010185.265967,0.0,0.0,10.0,-0.6543147563934326,51.54454803466797,0.04698716476559639,9.806384086608887,-176.451416015625,0.05702139809727669
1783010185.278966,0.0,0.0,10.0,-0.6543147563934326,51.54454803466797,0.04698716476559639,9.806384086608887,-176.451416015625,0.05702139809727669
1783010185.285955,0.0,0.0,10.0,-0.6543147563934326,51.54454803466797,0.04698716476559639,9.806384086608887,-176.451416015625,0.05702139809727669
1783010185.291749,0.0,0.0,10.0,-0.6543147563934326,51.54454803466797,0.04698716476559639,9.806384086608887,-176.451416015625,0.05702139809727669
1783010185.297043,0.0,0.0,10.0,-0.6543147563934326,51.54454803466797,0.04698716476559639,9.806384086608887,-176.451416015625,0.05702139809727669
1783010185.302954,0.0,0.0,10.0,-0.6543147563934326,51.54454803466797,0.04698716476559639,9.806384086608887,-176.451416015625,0.05702139809727669
1783010185.308464,0.0,0.0,10.0,-0.6543147563934326,51.54454803466797,0.04698716476559639,9.806384086608887,-176.451416015625,0.05702139809727669
1783010185.313812,0.0,0.0,10.0,-0.6531964540481567,51.544403076171875,0.046483006328344345,9.806384086608887,-176.451416015625,0.05702139809727669
1783010185.319938,0.0,0.0,10.0,-0.6531964540481567,51.544403076171875,0.046483006328344345,9.806384086608887,-176.451416015625,0.05702139809727669
1783010185.33136,0.0,0.0,10.0,-0.6531964540481567,51.544403076171875,0.046483006328344345,9.806384086608887,-176.451416015625,0.05702139809727669
1783010185.337499,0.0,0.0,10.0,-0.6531964540481567,51.544403076171875,0.046483006328344345,9.805432319641113,-176.517333984375,0.05714082717895508
1783010185.342927,0.0,0.0,10.0,-0.6531964540481567,51.544403076171875,0.046483006328344345,9.805432319641113,-176.517333984375,0.05714082717895508
1783010185.348962,0.0,0.0,10.0,-0.6531964540481567,51.544403076171875,0.046483006328344345,9.805432319641113,-176.517333984375,0.05714082717895508
1783010185.355919,0.0,0.0,10.0,-0.6531964540481567,51.544403076171875,0.046483006328344345,9.805432319641113,-176.517333984375,0.05714082717895508
1783010185.361362,0.0,0.0,10.0,-0.6526326537132263,51.54379653930664,0.04751471057534218,9.805432319641113,-176.517333984375,0.05714082717895508
1783010185.367857,0.0,0.0,10.0,-0.6526326537132263,51.54379653930664,0.04751471057534218,9.805432319641113,-176.517333984375,0.05714082717895508
1783010185.381661,0.0,0.0,10.0,-0.6526326537132263,51.54379653930664,0.04751471057534218,9.805432319641113,-176.517333984375,0.05714082717895508
1783010185.38749,0.0,0.0,10.0,-0.6526326537132263,51.54379653930664,0.04751471057534218,9.805432319641113,-176.517333984375,0.05714082717895508
1783010185.392687,0.0,0.0,10.0,-0.6526326537132263,51.54379653930664,0.04751471057534218,9.805432319641113,-176.517333984375,0.05714082717895508
1783010185.398891,0.0,0.0,10.0,-0.6526326537132263,51.54379653930664,0.04751471057534218,9.805432319641113,-176.517333984375,0.05714082717895508
1783010185.404304,0.0,0.0,10.0,-0.6526326537132263,51.54379653930664,0.04751471057534218,9.805432319641113,-176.517333984375,0.05714082717895508
1783010185.410444,0.0,0.0,10.0,-0.6526326537132263,51.54379653930664,0.04751471057534218,9.805432319641113,-176.517333984375,0.05714082717895508
1783010185.415977,0.0,0.0,10.0,-0.6524064540863037,51.54325485229492,0.04651843011379242,9.805432319641113,-176.517333984375,0.05714082717895508
1783010185.421427,0.0,0.0,10.0,-0.6524064540863037,51.54325485229492,0.04651843011379242,9.805432319641113,-176.517333984375,0.05714082717895508
1783010185.442555,0.0,0.0,10.0,-0.6524064540863037,51.54325485229492,0.04651843011379242,9.805432319641113,-176.517333984375,0.05714082717895508
1783010185.448626,0.0,0.0,10.0,-0.6524064540863037,51.54325485229492,0.04651843011379242,9.803047180175781,-176.495361328125,0.0568213164806366
1783010185.454329,0.0,0.0,10.0,-0.6524064540863037,51.54325485229492,0.04651843011379242,9.803047180175781,-176.495361328125,0.0568213164806366
1783010185.460195,0.0,0.0,10.0,-0.6524064540863037,51.54325485229492,0.04651843011379242,9.803047180175781,-176.495361328125,0.0568213164806366
1783010185.465703,0.0,0.0,10.0,-0.6521245837211609,51.541568756103516,0.04687823727726936,9.803047180175781,-176.495361328125,0.0568213164806366
1783010185.471691,0.0,0.0,10.0,-0.6521245837211609,51.541568756103516,0.04687823727726936,9.803047180175781,-176.495361328125,0.0568213164806366
1783010185.48285,0.0,0.0,10.0,-0.6521245837211609,51.541568756103516,0.04687823727726936,9.803047180175781,-176.495361328125,0.0568213164806366
1783010185.488806,0.0,0.0,10.0,-0.6521245837211609,51.541568756103516,0.04687823727726936,9.803047180175781,-176.495361328125,0.0568213164806366
1783010185.49433,0.0,0.0,10.0,-0.6521245837211609,51.541568756103516,0.04687823727726936,9.803047180175781,-176.495361328125,0.0568213164806366
1783010185.500081,0.0,0.0,10.0,-0.6521245837211609,51.541568756103516,0.04687823727726936,9.803047180175781,-176.495361328125,0.0568213164806366
1783010185.505461,0.0,0.0,10.0,-0.6521245837211609,51.541568756103516,0.04687823727726936,9.803047180175781,-176.495361328125,0.0568213164806366
1783010185.510731,0.0,0.0,10.0,-0.6523152589797974,51.5404167175293,0.048210591077804565,9.803047180175781,-176.495361328125,0.0568213164806366
1783010185.517467,0.0,0.0,10.0,-0.6523152589797974,51.5404167175293,0.048210591077804565,9.803047180175781,-176.495361328125,0.0568213164806366
1783010185.523526,0.0,0.0,10.0,-0.6523152589797974,51.5404167175293,0.048210591077804565,9.803047180175781,-176.495361328125,0.0568213164806366
1783010185.54021,0.0,0.0,10.0,-0.6523152589797974,51.5404167175293,0.048210591077804565,9.808262825012207,-176.495361328125,0.057451363652944565
1783010185.546403,0.0,0.0,10.0,-0.6523152589797974,51.5404167175293,0.048210591077804565,9.808262825012207,-176.495361328125,0.057451363652944565
1783010185.551781,0.0,0.0,10.0,-0.6523152589797974,51.5404167175293,0.048210591077804565,9.808262825012207,-176.495361328125,0.057451363652944565
1783010185.557107,0.0,0.0,10.0,-0.6523152589797974,51.5404167175293,0.048210591077804565,9.808262825012207,-176.495361328125,0.057451363652944565
1783010185.563013,0.0,0.0,10.0,-0.6514031887054443,51.53954315185547,0.04894336685538292,9.808262825012207,-176.495361328125,0.057451363652944565
1783010185.568554,0.0,0.0,10.0,-0.6514031887054443,51.53954315185547,0.04894336685538292,9.808262825012207,-176.495361328125,0.057451363652944565
1783010185.574306,0.0,0.0,10.0,-0.6514031887054443,51.53954315185547,0.04894336685538292,9.808262825012207,-176.495361328125,0.057451363652944565
1783010185.586534,0.0,0.0,10.0,-0.6514031887054443,51.53954315185547,0.04894336685538292,9.808262825012207,-176.495361328125,0.057451363652944565
1783010185.59215,0.0,0.0,10.0,-0.6514031887054443,51.53954315185547,0.04894336685538292,9.808262825012207,-176.495361328125,0.057451363652944565
1783010185.599483,0.0,0.0,10.0,-0.6514031887054443,51.53954315185547,0.04894336685538292,9.808262825012207,-176.495361328125,0.057451363652944565
1783010185.604863,0.0,0.0,10.0,-0.6514031887054443,51.53954315185547,0.04894336685538292,9.808262825012207,-176.495361328125,0.057451363652944565
1783010185.610151,0.0,0.0,10.0,-0.6514031887054443,51.53954315185547,0.04894336685538292,9.808262825012207,-176.495361328125,0.057451363652944565
1783010185.616261,0.0,0.0,10.0,-0.6506039500236511,51.538482666015625,0.04848393425345421,9.808262825012207,-176.495361328125,0.057451363652944565
1783010185.621886,0.0,0.0,10.0,-0.6506039500236511,51.538482666015625,0.04848393425345421,9.808262825012207,-176.495361328125,0.057451363652944565
1783010185.627501,0.0,0.0,10.0,-0.6506039500236511,51.538482666015625,0.04848393425345421,9.805137634277344,-176.495361328125,0.056709181517362595
1783010185.707587,0.0,0.0,10.0,-0.6506039500236511,51.538482666015625,0.04848393425345421,9.805137634277344,-176.495361328125,0.056709181517362595
1783010185.713498,0.0,0.0,10.0,-0.650589644908905,51.53891372680664,0.04919954761862755,9.805137634277344,-176.495361328125,0.056709181517362595
1783010185.718739,0.0,0.0,10.0,-0.6506909728050232,51.53749465942383,0.05010446906089783,9.805137634277344,-176.495361328125,0.056709181517362595
1783010185.735753,0.0,0.0,10.0,-0.6506909728050232,51.53749465942383,0.05010446906089783,9.805137634277344,-176.495361328125,0.056709181517362595
1783010185.742882,0.0,0.0,10.0,-0.6506909728050232,51.53749465942383,0.05010446906089783,9.806970596313477,-176.495361328125,0.05881670117378235
1783010185.748785,0.0,0.0,10.0,-0.6506909728050232,51.53749465942383,0.05010446906089783,9.806970596313477,-176.495361328125,0.05881670117378235
1783010185.754796,0.0,0.0,10.0,-0.6506909728050232,51.53749465942383,0.05010446906089783,9.806970596313477,-176.495361328125,0.05881670117378235
1783010185.760642,0.0,0.0,10.0,-0.6499840021133423,51.53696060180664,0.04869693145155907,9.806970596313477,-176.495361328125,0.05881670117378235
1783010185.77292,0.0,0.0,10.0,-0.6499840021133423,51.53696060180664,0.04869693145155907,9.806970596313477,-176.495361328125,0.05881670117378235
1783010185.779863,0.0,0.0,10.0,-0.6499840021133423,51.53696060180664,0.04869693145155907,9.806970596313477,-176.495361328125,0.05881670117378235
1783010185.785683,0.0,0.0,10.0,-0.6499840021133423,51.53696060180664,0.04869693145155907,9.806970596313477,-176.495361328125,0.05881670117378235
1783010185.790943,0.0,0.0,10.0,-0.6499840021133423,51.53696060180664,0.04869693145155907,9.806970596313477,-176.495361328125,0.05881670117378235
1783010185.797013,0.0,0.0,10.0,-0.6499840021133423,51.53696060180664,0.04869693145155907,9.806970596313477,-176.495361328125,0.05881670117378235
1783010185.802825,0.0,0.0,10.0,-0.6499840021133423,51.53696060180664,0.04869693145155907,9.806970596313477,-176.495361328125,0.05881670117378235
1783010185.808077,0.0,0.0,10.0,-0.6499840021133423,51.53696060180664,0.04869693145155907,9.806970596313477,-176.495361328125,0.05881670117378235
1783010185.819127,0.0,0.0,10.0,-0.6502434015274048,51.53700256347656,0.04824552685022354,9.806970596313477,-176.495361328125,0.05881670117378235
1783010185.825448,0.0,0.0,10.0,-0.6502434015274048,51.53700256347656,0.04824552685022354,9.806970596313477,-176.495361328125,0.05881670117378235
1783010185.831103,0.0,0.0,10.0,-0.6502434015274048,51.53700256347656,0.04824552685022354,9.806370735168457,-176.495361328125,0.05808383971452713
1783010185.838425,0.0,0.0,10.0,-0.6502434015274048,51.53700256347656,0.04824552685022354,9.806370735168457,-176.495361328125,0.05808383971452713
1783010185.843935,0.0,0.0,10.0,-0.6502434015274048,51.53700256347656,0.04824552685022354,9.806370735168457,-176.495361328125,0.05808383971452713
1783010185.849498,0.0,0.0,10.0,-0.6502434015274048,51.53700256347656,0.04824552685022354,9.806370735168457,-176.495361328125,0.05808383971452713
1783010185.856001,0.0,0.0,10.0,-0.6502434015274048,51.53700256347656,0.04824552685022354,9.806370735168457,-176.495361328125,0.05808383971452713
1783010185.862059,0.0,0.0,10.0,-0.6501443982124329,51.53653335571289,0.0496896430850029,9.806370735168457,-176.495361328125,0.05808383971452713
1783010185.872685,0.0,0.0,10.0,-0.6501443982124329,51.53653335571289,0.0496896430850029,9.806370735168457,-176.495361328125,0.05808383971452713
1783010185.878726,0.0,0.0,10.0,-0.6501443982124329,51.53653335571289,0.0496896430850029,9.806370735168457,-176.495361328125,0.05808383971452713
1783010185.884656,0.0,0.0,10.0,-0.6501443982124329,51.53653335571289,0.0496896430850029,9.806370735168457,-176.495361328125,0.05808383971452713
1783010185.890238,0.0,0.0,10.0,-0.6501443982124329,51.53653335571289,0.0496896430850029,9.806370735168457,-176.495361328125,0.05808383971452713
1783010185.896223,0.0,0.0,10.0,-0.6501443982124329,51.53653335571289,0.0496896430850029,9.806370735168457,-176.495361328125,0.05808383971452713
1783010185.902777,0.0,0.0,10.0,-0.6501443982124329,51.53653335571289,0.0496896430850029,9.806370735168457,-176.495361328125,0.05808383971452713
1783010185.9084,0.0,0.0,10.0,-0.6501443982124329,51.53653335571289,0.0496896430850029,9.806370735168457,-176.495361328125,0.05808383971452713
1783010185.914531,0.0,0.0,10.0,-0.6494970321655273,51.537208557128906,0.05030078440904617,9.806370735168457,-176.495361328125,0.05808383971452713
1783010185.928189,0.0,0.0,10.0,-0.6494970321655273,51.537208557128906,0.05030078440904617,9.806370735168457,-176.495361328125,0.05808383971452713
1783010185.934918,0.0,0.0,10.0,-0.6494970321655273,51.537208557128906,0.05030078440904617,9.808074951171875,-176.495361328125,0.06102687865495682
1783010185.940415,0.0,0.0,10.0,-0.6494970321655273,51.537208557128906,0.05030078440904617,9.808074951171875,-176.495361328125,0.06102687865495682
1783010185.947434,0.0,0.0,10.0,-0.6494970321655273,51.537208557128906,0.05030078440904617,9.808074951171875,-176.495361328125,0.06102687865495682
1783010185.953129,0.0,0.0,10.0,-0.6494970321655273,51.537208557128906,0.05030078440904617,9.808074951171875,-176.495361328125,0.06102687865495682
1783010185.95862,0.0,0.0,10.0,-0.6494970321655273,51.537208557128906,0.05030078440904617,9.808074951171875,-176.495361328125,0.06102687865495682
1783010185.965219,0.0,0.0,10.0,-0.6505114436149597,51.536537170410156,0.04960530251264572,9.808074951171875,-176.495361328125,0.06102687865495682
1783010185.98022,0.0,0.0,10.0,-0.6505114436149597,51.536537170410156,0.04960530251264572,9.808074951171875,-176.495361328125,0.06102687865495682
1783010185.985785,0.0,0.0,10.0,-0.6505114436149597,51.536537170410156,0.04960530251264572,9.808074951171875,-176.495361328125,0.06102687865495682
1783010185.991801,0.0,0.0,10.0,-0.6505114436149597,51.536537170410156,0.04960530251264572,9.808074951171875,-176.495361328125,0.06102687865495682
1783010185.998337,0.0,0.0,10.0,-0.6505114436149597,51.536537170410156,0.04960530251264572,9.808074951171875,-176.495361328125,0.06102687865495682
1783010186.004378,0.0,0.0,10.0,-0.6505114436149597,51.536537170410156,0.04960530251264572,9.808074951171875,-176.495361328125,0.06102687865495682
1783010186.010382,0.0,0.0,10.0,-0.6505114436149597,51.536537170410156,0.04960530251264572,9.808074951171875,-176.495361328125,0.06102687865495682
1783010186.016444,0.0,0.0,10.0,-0.6507362723350525,51.535438537597656,0.050134625285863876,9.808074951171875,-176.495361328125,0.06102687865495682
1783010186.029206,0.0,0.0,10.0,-0.6507362723350525,51.535438537597656,0.050134625285863876,9.808074951171875,-176.495361328125,0.06102687865495682
1783010186.034934,0.0,0.0,10.0,-0.6507362723350525,51.535438537597656,0.050134625285863876,9.808074951171875,-176.495361328125,0.06102687865495682
1783010186.0405,0.0,0.0,10.0,-0.6507362723350525,51.535438537597656,0.050134625285863876,9.808074951171875,-176.495361328125,0.06102687865495682
1783010186.045803,0.0,0.0,10.0,-0.6507362723350525,51.535438537597656,0.050134625285863876,9.806260108947754,-176.517333984375,0.058772969990968704
1783010186.052297,0.0,0.0,10.0,-0.6507362723350525,51.535438537597656,0.050134625285863876,9.806260108947754,-176.517333984375,0.058772969990968704
1783010186.060104,0.0,0.0,10.0,-0.6507362723350525,51.535438537597656,0.050134625285863876,9.806260108947754,-176.517333984375,0.058772969990968704
1783010186.065628,0.0,0.0,10.0,-0.6497845649719238,51.535518646240234,0.05168338865041733,9.806260108947754,-176.517333984375,0.058772969990968704
1783010186.090737,0.0,0.0,10.0,-0.6497845649719238,51.535518646240234,0.05168338865041733,9.806260108947754,-176.517333984375,0.058772969990968704
1783010186.096912,0.0,0.0,10.0,-0.6497845649719238,51.535518646240234,0.05168338865041733,9.806260108947754,-176.517333984375,0.058772969990968704
1783010186.103376,0.0,0.0,10.0,-0.6497845649719238,51.535518646240234,0.05168338865041733,9.806260108947754,-176.517333984375,0.058772969990968704
1783010186.108634,0.0,0.0,10.0,-0.6497845649719238,51.535518646240234,0.05168338865041733,9.806260108947754,-176.517333984375,0.058772969990968704
1783010186.114473,0.0,0.0,10.0,-0.650027334690094,51.53389358520508,0.052766069769859314,9.806260108947754,-176.517333984375,0.058772969990968704
1783010186.120847,0.0,0.0,10.0,-0.650027334690094,51.53389358520508,0.052766069769859314,9.806260108947754,-176.517333984375,0.058772969990968704
1783010186.137898,0.0,0.0,10.0,-0.650027334690094,51.53389358520508,0.052766069769859314,9.806260108947754,-176.517333984375,0.058772969990968704
1783010186.14364,0.0,0.0,10.0,-0.650027334690094,51.53389358520508,0.052766069769859314,9.808300971984863,-176.473388671875,0.06029579043388367
1783010186.148842,0.0,0.0,10.0,-0.650027334690094,51.53389358520508,0.052766069769859314,9.808300971984863,-176.473388671875,0.06029579043388367
1783010186.15429,0.0,0.0,10.0,-0.650027334690094,51.53389358520508,0.052766069769859314,9.808300971984863,-176.473388671875,0.06029579043388367
1783010186.16021,0.0,0.0,10.0,-0.650027334690094,51.53389358520508,0.052766069769859314,9.808300971984863,-176.473388671875,0.06029579043388367
1783010186.16583,0.0,0.0,10.0,-0.6509376168251038,51.533592224121094,0.05267195776104927,9.808300971984863,-176.473388671875,0.06029579043388367
1783010186.172745,0.0,0.0,10.0,-0.6509376168251038,51.533592224121094,0.05267195776104927,9.808300971984863,-176.473388671875,0.06029579043388367
1783010186.190856,0.0,0.0,10.0,-0.6509376168251038,51.533592224121094,0.05267195776104927,9.808300971984863,-176.473388671875,0.06029579043388367
1783010186.196102,0.0,0.0,10.0,-0.6509376168251038,51.533592224121094,0.05267195776104927,9.808300971984863,-176.473388671875,0.06029579043388367
1783010186.20213,0.0,0.0,10.0,-0.6509376168251038,51.533592224121094,0.05267195776104927,9.808300971984863,-176.473388671875,0.06029579043388367
1783010186.207838,0.0,0.0,10.0,-0.6509376168251038,51.533592224121094,0.05267195776104927,9.808300971984863,-176.473388671875,0.06029579043388367
1783010186.214052,0.0,0.0,10.0,-0.6509376168251038,51.533592224121094,0.05267195776104927,9.808300971984863,-176.473388671875,0.06029579043388367
1783010186.219792,0.0,0.0,10.0,-0.6515859961509705,51.533172607421875,0.05350318178534508,9.808300971984863,-176.473388671875,0.06029579043388367
1783010186.225209,0.0,0.0,10.0,-0.6515859961509705,51.533172607421875,0.05350318178534508,9.808300971984863,-176.473388671875,0.06029579043388367
1783010186.241086,0.0,0.0,10.0,-0.6515859961509705,51.533172607421875,0.05350318178534508,9.808300971984863,-176.473388671875,0.06029579043388367
1783010186.246392,0.0,0.0,10.0,-0.6515859961509705,51.533172607421875,0.05350318178534508,9.805303573608398,-176.473388671875,0.060459110885858536
1783010186.252538,0.0,0.0,10.0,-0.6515859961509705,51.533172607421875,0.05350318178534508,9.805303573608398,-176.473388671875,0.060459110885858536
1783010186.258035,0.0,0.0,10.0,-0.6515859961509705,51.533172607421875,0.05350318178534508,9.805303573608398,-176.473388671875,0.060459110885858536
1783010186.265109,0.0,0.0,10.0,-0.6505346894264221,51.53273010253906,0.055039409548044205,9.805303573608398,-176.473388671875,0.060459110885858536
1783010186.270497,0.0,0.0,10.0,-0.6505346894264221,51.53273010253906,0.055039409548044205,9.805303573608398,-176.473388671875,0.060459110885858536
1783010186.276652,0.0,0.0,10.0,-0.6505346894264221,51.53273010253906,0.055039409548044205,9.805303573608398,-176.473388671875,0.060459110885858536
1783010186.287651,0.0,0.0,10.0,-0.6505346894264221,51.53273010253906,0.055039409548044205,9.805303573608398,-176.473388671875,0.060459110885858536
1783010186.292776,0.0,0.0,10.0,-0.6505346894264221,51.53273010253906,0.055039409548044205,9.805303573608398,-176.473388671875,0.060459110885858536
1783010186.298787,0.0,0.0,10.0,-0.6505346894264221,51.53273010253906,0.055039409548044205,9.805303573608398,-176.473388671875,0.060459110885858536
1783010186.304311,0.0,0.0,10.0,-0.6505346894264221,51.53273010253906,0.055039409548044205,9.805303573608398,-176.473388671875,0.060459110885858536
1783010186.309443,0.0,0.0,10.0,-0.6506841778755188,51.53302001953125,0.05532161518931389,9.805303573608398,-176.473388671875,0.060459110885858536
1783010186.315009,0.0,0.0,10.0,-0.6506841778755188,51.53302001953125,0.05532161518931389,9.805303573608398,-176.473388671875,0.060459110885858536
1783010186.32038,0.0,0.0,10.0,-0.6506841778755188,51.53302001953125,0.05532161518931389,9.805303573608398,-176.473388671875,0.060459110885858536
1783010186.326391,0.0,0.0,10.0,-0.6506841778755188,51.53302001953125,0.05532161518931389,9.805303573608398,-176.473388671875,0.060459110885858536
1783010186.337422,0.0,0.0,10.0,-0.6506841778755188,51.53302001953125,0.05532161518931389,9.805303573608398,-176.473388671875,0.060459110885858536
1783010186.343679,0.0,0.0,10.0,-0.6506841778755188,51.53302001953125,0.05532161518931389,9.807036399841309,-176.517333984375,0.06106456369161606
1783010186.348995,0.0,0.0,10.0,-0.6506841778755188,51.53302001953125,0.05532161518931389,9.807036399841309,-176.517333984375,0.06106456369161606
1783010186.356531,0.0,0.0,10.0,-0.6506841778755188,51.53302001953125,0.05532161518931389,9.807036399841309,-176.517333984375,0.06106456369161606
1783010186.362053,0.0,0.0,10.0,-0.6505677700042725,51.5327262878418,0.05337056517601013,9.807036399841309,-176.517333984375,0.06106456369161606
1783010186.368605,0.0,0.0,10.0,-0.6505677700042725,51.5327262878418,0.05337056517601013,9.807036399841309,-176.517333984375,0.06106456369161606
1783010186.375076,0.0,0.0,10.0,-0.6505677700042725,51.5327262878418,0.05337056517601013,9.807036399841309,-176.517333984375,0.06106456369161606
1783010186.3879,0.0,0.0,10.0,-0.6505677700042725,51.5327262878418,0.05337056517601013,9.807036399841309,-176.517333984375,0.06106456369161606
1783010186.393957,0.0,0.0,10.0,-0.6505677700042725,51.5327262878418,0.05337056517601013,9.807036399841309,-176.517333984375,0.06106456369161606
1783010186.399472,0.0,0.0,10.0,-0.6505677700042725,51.5327262878418,0.05337056517601013,9.807036399841309,-176.517333984375,0.06106456369161606
1783010186.405066,0.0,0.0,10.0,-0.6505677700042725,51.5327262878418,0.05337056517601013,9.807036399841309,-176.517333984375,0.06106456369161606
1783010186.410608,0.0,0.0,10.0,-0.6497564911842346,51.532806396484375,0.05441607907414436,9.807036399841309,-176.517333984375,0.06106456369161606
1783010186.416423,0.0,0.0,10.0,-0.6497564911842346,51.532806396484375,0.05441607907414436,9.807036399841309,-176.517333984375,0.06106456369161606
1783010186.422208,0.0,0.0,10.0,-0.6497564911842346,51.532806396484375,0.05441607907414436,9.807036399841309,-176.517333984375,0.06106456369161606
1783010186.42867,0.0,0.0,10.0,-0.6497564911842346,51.532806396484375,0.05441607907414436,9.807036399841309,-176.517333984375,0.06106456369161606
1783010186.445908,0.0,0.0,10.0,-0.6497564911842346,51.532806396484375,0.05441607907414436,9.807036399841309,-176.517333984375,0.06106456369161606
1783010186.451331,0.0,0.0,10.0,-0.6497564911842346,51.532806396484375,0.05441607907414436,9.806042671203613,-176.473388671875,0.060852546244859695
1783010186.457026,0.0,0.0,10.0,-0.6497564911842346,51.532806396484375,0.05441607907414436,9.806042671203613,-176.473388671875,0.060852546244859695
1783010186.462934,0.0,0.0,10.0,-0.6473429203033447,51.53255844116211,0.05561856925487518,9.806042671203613,-176.473388671875,0.060852546244859695
1783010186.468452,0.0,0.0,10.0,-0.6473429203033447,51.53255844116211,0.05561856925487518,9.806042671203613,-176.473388671875,0.060852546244859695
1783010186.474235,0.0,0.0,10.0,-0.6473429203033447,51.53255844116211,0.05561856925487518,9.806042671203613,-176.473388671875,0.060852546244859695
1783010186.481053,0.0,0.0,10.0,-0.6473429203033447,51.53255844116211,0.05561856925487518,9.806042671203613,-176.473388671875,0.060852546244859695
1783010186.497256,0.0,0.0,10.0,-0.6473429203033447,51.53255844116211,0.05561856925487518,9.806042671203613,-176.473388671875,0.060852546244859695
1783010186.503901,0.0,0.0,10.0,-0.6473429203033447,51.53255844116211,0.05561856925487518,9.806042671203613,-176.473388671875,0.060852546244859695
1783010186.509892,0.0,0.0,10.0,-0.6473429203033447,51.53255844116211,0.05561856925487518,9.806042671203613,-176.473388671875,0.060852546244859695
1783010186.515433,0.0,0.0,10.0,-0.6476407051086426,51.532081604003906,0.05464073643088341,9.806042671203613,-176.473388671875,0.060852546244859695
1783010186.520895,0.0,0.0,10.0,-0.6476407051086426,51.532081604003906,0.05464073643088341,9.806042671203613,-176.473388671875,0.060852546244859695
1783010186.528536,0.0,0.0,10.0,-0.6476407051086426,51.532081604003906,0.05464073643088341,9.806042671203613,-176.473388671875,0.060852546244859695
1783010186.548251,0.0,0.0,10.0,-0.6476407051086426,51.532081604003906,0.05464073643088341,9.807887077331543,-176.495361328125,0.06080704927444458
1783010186.55422,0.0,0.0,10.0,-0.6476407051086426,51.532081604003906,0.05464073643088341,9.807887077331543,-176.495361328125,0.06080704927444458
1783010186.559541,0.0,0.0,10.0,-0.6481293439865112,51.53228759765625,0.05503378435969353,9.807887077331543,-176.495361328125,0.06080704927444458
1783010186.564851,0.0,0.0,10.0,-0.6481293439865112,51.53228759765625,0.05503378435969353,9.807887077331543,-176.495361328125,0.06080704927444458
1783010186.570453,0.0,0.0,10.0,-0.6481293439865112,51.53228759765625,0.05503378435969353,9.807887077331543,-176.495361328125,0.06080704927444458
1783010186.57699,0.0,0.0,10.0,-0.6481293439865112,51.53228759765625,0.05503378435969353,9.807887077331543,-176.495361328125,0.06080704927444458
1783010186.583593,0.0,0.0,10.0,-0.6481293439865112,51.53228759765625,0.05503378435969353,9.807887077331543,-176.495361328125,0.06080704927444458
1783010186.600553,0.0,0.0,10.0,-0.6481293439865112,51.53228759765625,0.05503378435969353,9.807887077331543,-176.495361328125,0.06080704927444458
1783010186.606297,0.0,0.0,10.0,-0.6481293439865112,51.53228759765625,0.05503378435969353,9.807887077331543,-176.495361328125,0.06080704927444458
1783010186.611674,0.0,0.0,10.0,-0.6467172503471375,51.53194046020508,0.05651893839240074,9.807887077331543,-176.495361328125,0.06080704927444458
1783010186.617295,0.0,0.0,10.0,-0.6467172503471375,51.53194046020508,0.05651893839240074,9.807887077331543,-176.495361328125,0.06080704927444458
1783010186.623068,0.0,0.0,10.0,-0.6467172503471375,51.53194046020508,0.05651893839240074,9.807887077331543,-176.495361328125,0.06080704927444458
1783010186.628828,0.0,0.0,10.0,-0.6467172503471375,51.53194046020508,0.05651893839240074,9.807887077331543,-176.495361328125,0.06080704927444458
1783010186.634472,0.0,0.0,10.0,-0.6467172503471375,51.53194046020508,0.05651893839240074,9.80795669555664,-176.473388671875,0.06171134486794472
1783010186.648589,0.0,0.0,10.0,-0.6467172503471375,51.53194046020508,0.05651893839240074,9.80795669555664,-176.473388671875,0.06171134486794472
1783010186.654975,0.0,0.0,10.0,-0.6467172503471375,51.53194046020508,0.05651893839240074,9.80795669555664,-176.473388671875,0.06171134486794472
1783010186.66029,0.0,0.0,10.0,-0.6467172503471375,51.53194046020508,0.05651893839240074,9.80795669555664,-176.473388671875,0.06171134486794472
1783010186.665958,0.0,0.0,10.0,-0.6459407210350037,51.53128433227539,0.056788403540849686,9.80795669555664,-176.473388671875,0.06171134486794472
1783010186.672128,0.0,0.0,10.0,-0.6459407210350037,51.53128433227539,0.056788403540849686,9.80795669555664,-176.473388671875,0.06171134486794472
1783010186.677697,0.0,0.0,10.0,-0.6459407210350037,51.53128433227539,0.056788403540849686,9.80795669555664,-176.473388671875,0.06171134486794472
1783010186.683457,0.0,0.0,10.0,-0.6459407210350037,51.53128433227539,0.056788403540849686,9.80795669555664,-176.473388671875,0.06171134486794472
1783010186.690164,0.0,0.0,10.0,-0.6459407210350037,51.53128433227539,0.056788403540849686,9.80795669555664,-176.473388671875,0.06171134486794472
1783010186.703744,0.0,0.0,10.0,-0.6459407210350037,51.53128433227539,0.056788403540849686,9.80795669555664,-176.473388671875,0.06171134486794472
1783010186.709819,0.0,0.0,10.0,-0.6459407210350037,51.53128433227539,0.056788403540849686,9.80795669555664,-176.473388671875,0.06171134486794472
1783010186.715729,0.0,0.0,10.0,-0.6475031971931458,51.53163146972656,0.05655683949589729,9.80795669555664,-176.473388671875,0.06171134486794472
1783010186.722092,0.0,0.0,10.0,-0.6475031971931458,51.53163146972656,0.05655683949589729,9.80795669555664,-176.473388671875,0.06171134486794472
1783010186.728292,0.0,0.0,10.0,-0.6475031971931458,51.53163146972656,0.05655683949589729,9.80795669555664,-176.473388671875,0.06171134486794472
1783010186.733985,0.0,0.0,10.0,-0.6475031971931458,51.53163146972656,0.05655683949589729,9.80795669555664,-176.473388671875,0.06171134486794472
1783010186.746454,0.0,0.0,10.0,-0.6475031971931458,51.53163146972656,0.05655683949589729,9.805746078491211,-176.495361328125,0.06097651273012161
1783010186.752925,0.0,0.0,10.0,-0.6475031971931458,51.53163146972656,0.05655683949589729,9.805746078491211,-176.495361328125,0.06097651273012161
1783010186.758758,0.0,0.0,10.0,-0.6475031971931458,51.53163146972656,0.05655683949589729,9.805746078491211,-176.495361328125,0.06097651273012161
1783010186.764461,0.0,0.0,10.0,-0.6478700041770935,51.53199005126953,0.05674188584089279,9.805746078491211,-176.495361328125,0.06097651273012161
1783010186.772055,0.0,0.0,10.0,-0.6478700041770935,51.53199005126953,0.05674188584089279,9.805746078491211,-176.495361328125,0.06097651273012161
1783010186.778007,0.0,0.0,10.0,-0.6478700041770935,51.53199005126953,0.05674188584089279,9.805746078491211,-176.495361328125,0.06097651273012161
1783010186.784145,0.0,0.0,10.0,-0.6478700041770935,51.53199005126953,0.05674188584089279,9.805746078491211,-176.495361328125,0.06097651273012161
1783010186.790712,0.0,0.0,10.0,-0.6478700041770935,51.53199005126953,0.05674188584089279,9.805746078491211,-176.495361328125,0.06097651273012161
1783010186.800395,0.0,0.0,10.0,-0.6478700041770935,51.53199005126953,0.05674188584089279,9.805746078491211,-176.495361328125,0.06097651273012161
1783010186.80576,0.0,0.0,10.0,-0.6478700041770935,51.53199005126953,0.05674188584089279,9.805746078491211,-176.495361328125,0.06097651273012161
1783010186.812823,0.0,0.0,10.0,-0.6482769846916199,51.532508850097656,0.05668231099843979,9.805746078491211,-176.495361328125,0.06097651273012161
1783010186.81846,0.0,0.0,10.0,-0.6482769846916199,51.532508850097656,0.05668231099843979,9.805746078491211,-176.495361328125,0.06097651273012161
1783010186.824015,0.0,0.0,10.0,-0.6482769846916199,51.532508850097656,0.05668231099843979,9.805746078491211,-176.495361328125,0.06097651273012161
1783010186.82947,0.0,0.0,10.0,-0.6482769846916199,51.532508850097656,0.05668231099843979,9.805746078491211,-176.495361328125,0.06097651273012161
1783010186.836005,0.0,0.0,10.0,-0.6482769846916199,51.532508850097656,0.05668231099843979,9.808506965637207,-176.517333984375,0.06296185404062271
1783010186.842099,0.0,0.0,10.0,-0.6482769846916199,51.532508850097656,0.05668231099843979,9.808506965637207,-176.517333984375,0.06296185404062271
1783010186.850756,0.0,0.0,10.0,-0.6482769846916199,51.532508850097656,0.05668231099843979,9.808506965637207,-176.517333984375,0.06296185404062271
1783010186.858184,0.0,0.0,10.0,-0.6482769846916199,51.532508850097656,0.05668231099843979,9.808506965637207,-176.517333984375,0.06296185404062271
1783010186.864081,0.0,0.0,10.0,-0.648743748664856,51.53193664550781,0.05820700153708458,9.808506965637207,-176.517333984375,0.06296185404062271
1783010186.870132,0.0,0.0,10.0,-0.648743748664856,51.53193664550781,0.05820700153708458,9.808506965637207,-176.517333984375,0.06296185404062271
1783010186.876013,0.0,0.0,10.0,-0.648743748664856,51.53193664550781,0.05820700153708458,9.808506965637207,-176.517333984375,0.06296185404062271
1783010186.881713,0.0,0.0,10.0,-0.648743748664856,51.53193664550781,0.05820700153708458,9.808506965637207,-176.517333984375,0.06296185404062271
1783010186.887202,0.0,0.0,10.0,-0.648743748664856,51.53193664550781,0.05820700153708458,9.808506965637207,-176.517333984375,0.06296185404062271
1783010186.893294,0.0,0.0,10.0,-0.648743748664856,51.53193664550781,0.05820700153708458,9.808506965637207,-176.517333984375,0.06296185404062271
1783010186.908023,0.0,0.0,10.0,-0.648743748664856,51.53193664550781,0.05820700153708458,9.808506965637207,-176.517333984375,0.06296185404062271
1783010186.914867,0.0,0.0,10.0,-0.6495987772941589,51.53145217895508,0.05761947110295296,9.808506965637207,-176.517333984375,0.06296185404062271
1783010186.92041,0.0,0.0,10.0,-0.6495987772941589,51.53145217895508,0.05761947110295296,9.808506965637207,-176.517333984375,0.06296185404062271
1783010186.926161,0.0,0.0,10.0,-0.6495987772941589,51.53145217895508,0.05761947110295296,9.808506965637207,-176.517333984375,0.06296185404062271
1783010186.932255,0.0,0.0,10.0,-0.6495987772941589,51.53145217895508,0.05761947110295296,9.808506965637207,-176.517333984375,0.06296185404062271
1783010186.938698,0.0,0.0,10.0,-0.6495987772941589,51.53145217895508,0.05761947110295296,9.805036544799805,-176.495361328125,0.06118704378604889
1783010186.945146,0.0,0.0,10.0,-0.6495987772941589,51.53145217895508,0.05761947110295296,9.805036544799805,-176.495361328125,0.06118704378604889
1783010186.957496,0.0,0.0,10.0,-0.6495987772941589,51.53145217895508,0.05761947110295296,9.805036544799805,-176.495361328125,0.06118704378604889
1783010186.962911,0.0,0.0,10.0,-0.6493750214576721,51.53227233886719,0.05789439380168915,9.805036544799805,-176.495361328125,0.06118704378604889
1783010186.968444,0.0,0.0,10.0,-0.6493750214576721,51.53227233886719,0.05789439380168915,9.805036544799805,-176.495361328125,0.06118704378604889
1783010186.973762,0.0,0.0,10.0,-0.6493750214576721,51.53227233886719,0.05789439380168915,9.805036544799805,-176.495361328125,0.06118704378604889
1783010186.979,0.0,0.0,10.0,-0.6493750214576721,51.53227233886719,0.05789439380168915,9.805036544799805,-176.495361328125,0.06118704378604889
1783010186.985025,0.0,0.0,10.0,-0.6493750214576721,51.53227233886719,0.05789439380168915,9.805036544799805,-176.495361328125,0.06118704378604889
1783010186.990561,0.0,0.0,10.0,-0.6493750214576721,51.53227233886719,0.05789439380168915,9.805036544799805,-176.495361328125,0.06118704378604889
1783010186.997079,0.0,0.0,10.0,-0.6493750214576721,51.53227233886719,0.05789439380168915,9.805036544799805,-176.495361328125,0.06118704378604889
1783010187.011089,0.0,0.0,10.0,-0.6493750214576721,51.53227233886719,0.05789439380168915,9.805036544799805,-176.495361328125,0.06118704378604889
1783010187.016471,0.0,0.0,10.0,-0.6483350992202759,51.532047271728516,0.05921245366334915,9.805036544799805,-176.495361328125,0.06118704378604889
1783010187.021978,0.0,0.0,10.0,-0.6483350992202759,51.532047271728516,0.05921245366334915,9.805036544799805,-176.495361328125,0.06118704378604889
1783010187.027614,0.0,0.0,10.0,-0.6483350992202759,51.532047271728516,0.05921245366334915,9.805036544799805,-176.495361328125,0.06118704378604889
1783010187.033494,0.0,0.0,10.0,-0.6483350992202759,51.532047271728516,0.05921245366334915,9.805036544799805,-176.495361328125,0.06118704378604889
1783010187.040182,0.0,0.0,10.0,-0.6483350992202759,51.532047271728516,0.05921245366334915,9.809447288513184,-176.517333984375,0.06310787796974182
1783010187.048061,0.0,0.0,10.0,-0.6483350992202759,51.532047271728516,0.05921245366334915,9.809447288513184,-176.517333984375,0.06310787796974182
1783010187.060901,0.0,0.0,10.0,-0.6483350992202759,51.532047271728516,0.05921245366334915,9.809447288513184,-176.517333984375,0.06310787796974182
1783010187.066132,0.0,0.0,10.0,-0.6486694812774658,51.53303909301758,0.05885154753923416,9.809447288513184,-176.517333984375,0.06310787796974182
1783010187.07231,0.0,0.0,10.0,-0.6486694812774658,51.53303909301758,0.05885154753923416,9.809447288513184,-176.517333984375,0.06310787796974182
1783010187.078818,0.0,0.0,10.0,-0.6486694812774658,51.53303909301758,0.05885154753923416,9.809447288513184,-176.517333984375,0.06310787796974182
1783010187.085619,0.0,0.0,10.0,-0.6486694812774658,51.53303909301758,0.05885154753923416,9.809447288513184,-176.517333984375,0.06310787796974182
1783010187.09186,0.0,0.0,10.0,-0.6486694812774658,51.53303909301758,0.05885154753923416,9.809447288513184,-176.517333984375,0.06310787796974182
1783010187.09753,0.0,0.0,10.0,-0.6486694812774658,51.53303909301758,0.05885154753923416,9.809447288513184,-176.517333984375,0.06310787796974182
1783010187.112522,0.0,0.0,10.0,-0.6486694812774658,51.53303909301758,0.05885154753923416,9.809447288513184,-176.517333984375,0.06310787796974182
1783010187.118787,0.0,0.0,10.0,-0.6492005586624146,51.53363800048828,0.05844666063785553,9.809447288513184,-176.517333984375,0.06310787796974182
1783010187.124812,0.0,0.0,10.0,-0.6492005586624146,51.53363800048828,0.05844666063785553,9.809447288513184,-176.517333984375,0.06310787796974182
1783010187.131386,0.0,0.0,10.0,-0.6492005586624146,51.53363800048828,0.05844666063785553,9.809447288513184,-176.517333984375,0.06310787796974182
1783010187.13837,0.0,0.0,10.0,-0.6492005586624146,51.53363800048828,0.05844666063785553,9.80594253540039,-176.451416015625,0.06217436119914055
1783010187.143907,0.0,0.0,10.0,-0.6492005586624146,51.53363800048828,0.05844666063785553,9.80594253540039,-176.451416015625,0.06217436119914055
1783010187.149589,0.0,0.0,10.0,-0.6492005586624146,51.53363800048828,0.05844666063785553,9.80594253540039,-176.451416015625,0.06217436119914055
1783010187.160876,0.0,0.0,10.0,-0.6492005586624146,51.53363800048828,0.05844666063785553,9.80594253540039,-176.451416015625,0.06217436119914055
1783010187.166662,0.0,0.0,10.0,-0.6484972238540649,51.5328369140625,0.05989686772227287,9.80594253540039,-176.451416015625,0.06217436119914055
1783010187.172833,0.0,0.0,10.0,-0.6484972238540649,51.5328369140625,0.05989686772227287,9.80594253540039,-176.451416015625,0.06217436119914055
1783010187.178656,0.0,0.0,10.0,-0.6484972238540649,51.5328369140625,0.05989686772227287,9.80594253540039,-176.451416015625,0.06217436119914055
1783010187.185748,0.0,0.0,10.0,-0.6484972238540649,51.5328369140625,0.05989686772227287,9.80594253540039,-176.451416015625,0.06217436119914055
1783010187.19289,0.0,0.0,10.0,-0.6484972238540649,51.5328369140625,0.05989686772227287,9.80594253540039,-176.451416015625,0.06217436119914055
1783010187.198454,0.0,0.0,10.0,-0.6484972238540649,51.5328369140625,0.05989686772227287,9.80594253540039,-176.451416015625,0.06217436119914055
1783010187.204322,0.0,0.0,10.0,-0.6484972238540649,51.5328369140625,0.05989686772227287,9.80594253540039,-176.451416015625,0.06217436119914055
1783010187.21515,0.0,0.0,10.0,-0.6484972238540649,51.5328369140625,0.05989686772227287,9.80594253540039,-176.451416015625,0.06217436119914055
1783010187.220448,0.0,0.0,10.0,-0.647851288318634,51.53284454345703,0.06015240028500557,9.80594253540039,-176.451416015625,0.06217436119914055
1783010187.225617,0.0,0.0,10.0,-0.647851288318634,51.53284454345703,0.06015240028500557,9.80594253540039,-176.451416015625,0.06217436119914055
1783010187.23192,0.0,0.0,10.0,-0.647851288318634,51.53284454345703,0.06015240028500557,9.80594253540039,-176.451416015625,0.06217436119914055
1783010187.237177,0.0,0.0,10.0,-0.647851288318634,51.53284454345703,0.06015240028500557,9.809891700744629,-176.539306640625,0.06238102167844772
1783010187.242911,0.0,0.0,10.0,-0.647851288318634,51.53284454345703,0.06015240028500557,9.809891700744629,-176.539306640625,0.06238102167844772
1783010187.248112,0.0,0.0,10.0,-0.647851288318634,51.53284454345703,0.06015240028500557,9.809891700744629,-176.539306640625,0.06238102167844772
1783010187.286377,0.0,0.0,10.0,-0.647851288318634,51.53284454345703,0.06015240028500557,9.809891700744629,-176.539306640625,0.06238102167844772
1783010187.29536,0.0,0.0,10.0,-0.647851288318634,51.53284454345703,0.06015240028500557,9.809891700744629,-176.539306640625,0.06238102167844772
1783010187.301118,0.0,0.0,10.0,-0.6480352878570557,51.531253814697266,0.06024838238954544,9.809891700744629,-176.539306640625,0.06238102167844772
1783010187.306833,0.0,0.0,10.0,-0.6480352878570557,51.531253814697266,0.06024838238954544,9.809891700744629,-176.539306640625,0.06238102167844772
1783010187.348743,0.0,0.0,10.0,-0.6480352878570557,51.531253814697266,0.06024838238954544,9.809891700744629,-176.539306640625,0.06238102167844772
1783010187.354205,0.0,0.0,10.0,-0.6487260460853577,51.53047180175781,0.05937975272536278,9.809891700744629,-176.539306640625,0.06238102167844772
1783010187.360264,0.0,0.0,10.0,-0.6487260460853577,51.53047180175781,0.05937975272536278,9.806031227111816,-176.473388671875,0.06085590645670891
1783010187.365671,0.0,0.0,10.0,-0.6480304002761841,51.53048324584961,0.05919675901532173,9.806031227111816,-176.473388671875,0.06085590645670891
1783010187.372952,0.0,0.0,10.0,-0.6480304002761841,51.53048324584961,0.05919675901532173,9.806031227111816,-176.473388671875,0.06085590645670891
1783010187.384121,0.0,0.0,10.0,-0.6480304002761841,51.53048324584961,0.05919675901532173,9.806031227111816,-176.473388671875,0.06085590645670891
1783010187.389879,0.0,0.0,10.0,-0.6480304002761841,51.53048324584961,0.05919675901532173,9.806031227111816,-176.473388671875,0.06085590645670891
1783010187.396843,0.0,0.0,10.0,-0.6480304002761841,51.53048324584961,0.05919675901532173,9.806031227111816,-176.473388671875,0.06085590645670891
1783010187.416934,0.0,0.0,10.0,-0.6480304002761841,51.53048324584961,0.05919675901532173,9.806031227111816,-176.473388671875,0.06085590645670891
1783010187.422516,0.0,0.0,10.0,-0.6481857299804688,51.5297737121582,0.05936539173126221,9.806031227111816,-176.473388671875,0.06085590645670891
1783010187.428563,0.0,0.0,10.0,-0.6481857299804688,51.5297737121582,0.05936539173126221,9.806031227111816,-176.473388671875,0.06085590645670891
1783010187.434088,0.0,0.0,10.0,-0.6481857299804688,51.5297737121582,0.05936539173126221,9.806031227111816,-176.473388671875,0.06085590645670891
1783010187.440441,0.0,0.0,10.0,-0.6481857299804688,51.5297737121582,0.05936539173126221,9.808161735534668,-176.473388671875,0.061357319355010986
1783010187.445617,0.0,0.0,10.0,-0.6481857299804688,51.5297737121582,0.05936539173126221,9.808161735534668,-176.473388671875,0.061357319355010986
1783010187.451334,0.0,0.0,10.0,-0.6481857299804688,51.5297737121582,0.05936539173126221,9.808161735534668,-176.473388671875,0.061357319355010986
1783010187.469672,0.0,0.0,10.0,-0.6481857299804688,51.5297737121582,0.05936539173126221,9.808161735534668,-176.473388671875,0.061357319355010986
1783010187.475254,0.0,0.0,10.0,-0.6483204960823059,51.5287971496582,0.058991726487874985,9.808161735534668,-176.473388671875,0.061357319355010986
1783010187.48078,0.0,0.0,10.0,-0.6483204960823059,51.5287971496582,0.058991726487874985,9.808161735534668,-176.473388671875,0.061357319355010986
1783010187.486337,0.0,0.0,10.0,-0.6483204960823059,51.5287971496582,0.058991726487874985,9.808161735534668,-176.473388671875,0.061357319355010986
1783010187.491972,0.0,0.0,10.0,-0.6483204960823059,51.5287971496582,0.058991726487874985,9.808161735534668,-176.473388671875,0.061357319355010986
1783010187.498143,0.0,0.0,10.0,-0.6483204960823059,51.5287971496582,0.058991726487874985,9.808161735534668,-176.473388671875,0.061357319355010986
1783010187.504847,0.0,0.0,10.0,-0.6483204960823059,51.5287971496582,0.058991726487874985,9.808161735534668,-176.473388671875,0.061357319355010986
1783010187.520916,0.0,0.0,10.0,-0.6483204960823059,51.5287971496582,0.058991726487874985,9.808161735534668,-176.473388671875,0.061357319355010986
1783010187.526197,0.0,0.0,10.0,-0.648133397102356,51.528968811035156,0.058556634932756424,9.808161735534668,-176.473388671875,0.061357319355010986
1783010187.531715,0.0,0.0,10.0,-0.648133397102356,51.528968811035156,0.058556634932756424,9.808161735534668,-176.473388671875,0.061357319355010986
1783010187.537582,0.0,0.0,10.0,-0.648133397102356,51.528968811035156,0.058556634932756424,9.808161735534668,-176.473388671875,0.061357319355010986
1783010187.54373,0.0,0.0,10.0,-0.648133397102356,51.528968811035156,0.058556634932756424,9.802938461303711,-176.451416015625,0.06043718755245209
1783010187.549258,0.0,0.0,10.0,-0.648133397102356,51.528968811035156,0.058556634932756424,9.802938461303711,-176.451416015625,0.06043718755245209
1783010187.555302,0.0,0.0,10.0,-0.648133397102356,51.528968811035156,0.058556634932756424,9.802938461303711,-176.451416015625,0.06043718755245209
1783010187.572807,0.0,0.0,10.0,-0.648133397102356,51.528968811035156,0.058556634932756424,9.802938461303711,-176.451416015625,0.06043718755245209
1783010187.578915,0.0,0.0,10.0,-0.647704005241394,51.5286979675293,0.058326270431280136,9.802938461303711,-176.451416015625,0.06043718755245209
1783010187.584462,0.0,0.0,10.0,-0.647704005241394,51.5286979675293,0.058326270431280136,9.802938461303711,-176.451416015625,0.06043718755245209
1783010187.590029,0.0,0.0,10.0,-0.647704005241394,51.5286979675293,0.058326270431280136,9.802938461303711,-176.451416015625,0.06043718755245209
1783010187.596009,0.0,0.0,10.0,-0.647704005241394,51.5286979675293,0.058326270431280136,9.802938461303711,-176.451416015625,0.06043718755245209
1783010187.602096,0.0,0.0,10.0,-0.647704005241394,51.5286979675293,0.058326270431280136,9.802938461303711,-176.451416015625,0.06043718755245209
1783010187.610028,0.0,0.0,10.0,-0.647704005241394,51.5286979675293,0.058326270431280136,9.802938461303711,-176.451416015625,0.06043718755245209
1783010187.621081,0.0,0.0,10.0,-0.647165060043335,51.528926849365234,0.05758865550160408,9.802938461303711,-176.451416015625,0.06043718755245209
1783010187.626358,0.0,0.0,10.0,-0.647165060043335,51.528926849365234,0.05758865550160408,9.802938461303711,-176.451416015625,0.06043718755245209
1783010187.631901,0.0,0.0,10.0,-0.647165060043335,51.528926849365234,0.05758865550160408,9.802938461303711,-176.451416015625,0.06043718755245209
1783010187.639489,0.0,0.0,10.0,-0.647165060043335,51.528926849365234,0.05758865550160408,9.802938461303711,-176.451416015625,0.06043718755245209
1783010187.646326,0.0,0.0,10.0,-0.647165060043335,51.528926849365234,0.05758865550160408,9.774316787719727,-176.363525390625,0.05999935418367386
1783010187.651976,0.0,0.0,10.0,-0.647165060043335,51.528926849365234,0.05758865550160408,9.774316787719727,-176.363525390625,0.05999935418367386
1783010187.658959,0.0,0.0,10.0,-0.647165060043335,51.528926849365234,0.05758865550160408,9.774316787719727,-176.363525390625,0.05999935418367386
1783010187.673696,0.0,0.0,10.0,-0.6469904184341431,51.52973937988281,0.05701044574379921,9.774316787719727,-176.363525390625,0.05999935418367386
1783010187.679674,0.0,0.0,10.0,-0.6469904184341431,51.52973937988281,0.05701044574379921,9.774316787719727,-176.363525390625,0.05999935418367386
1783010187.685179,0.0,0.0,10.0,-0.6469904184341431,51.52973937988281,0.05701044574379921,9.774316787719727,-176.363525390625,0.05999935418367386
1783010187.690541,0.0,0.0,10.0,-0.6469904184341431,51.52973937988281,0.05701044574379921,9.774316787719727,-176.363525390625,0.05999935418367386
1783010187.69656,0.0,0.0,10.0,-0.6469904184341431,51.52973937988281,0.05701044574379921,9.774316787719727,-176.363525390625,0.05999935418367386
1783010187.702269,0.0,0.0,10.0,-0.6469904184341431,51.52973937988281,0.05701044574379921,9.774316787719727,-176.363525390625,0.05999935418367386
1783010187.708919,0.0,0.0,10.0,-0.6469904184341431,51.52973937988281,0.05701044574379921,9.774316787719727,-176.363525390625,0.05999935418367386
1783010187.723511,0.0,0.0,10.0,-0.6465644836425781,51.5310173034668,0.057257357984781265,9.774316787719727,-176.363525390625,0.05999935418367386
1783010187.729459,0.0,0.0,10.0,-0.6465644836425781,51.5310173034668,0.057257357984781265,9.774316787719727,-176.363525390625,0.05999935418367386
1783010187.735397,0.0,0.0,10.0,-0.6465644836425781,51.5310173034668,0.057257357984781265,9.774316787719727,-176.363525390625,0.05999935418367386
1783010187.740524,0.0,0.0,10.0,-0.6465644836425781,51.5310173034668,0.057257357984781265,9.743521690368652,-176.121826171875,0.059826165437698364
1783010187.746011,0.0,0.0,10.0,-0.6465644836425781,51.5310173034668,0.057257357984781265,9.743521690368652,-176.121826171875,0.059826165437698364
1783010187.75199,0.0,0.0,10.0,-0.6465644836425781,51.5310173034668,0.057257357984781265,9.743521690368652,-176.121826171875,0.059826165437698364
1783010187.758146,0.0,0.0,10.0,-0.6465644836425781,51.5310173034668,0.057257357984781265,9.743521690368652,-176.121826171875,0.059826165437698364
1783010187.764431,0.0,0.0,10.0,-0.6462886333465576,51.53178024291992,0.05624232068657875,9.743521690368652,-176.121826171875,0.059826165437698364
1783010187.777799,0.0,0.0,10.0,-0.6462886333465576,51.53178024291992,0.05624232068657875,9.743521690368652,-176.121826171875,0.059826165437698364
1783010187.783614,0.0,0.0,10.0,-0.6462886333465576,51.53178024291992,0.05624232068657875,9.743521690368652,-176.121826171875,0.059826165437698364
1783010187.790125,0.0,0.0,10.0,-0.6462886333465576,51.53178024291992,0.05624232068657875,9.743521690368652,-176.121826171875,0.059826165437698364
1783010187.797507,0.0,0.0,10.0,-0.6462886333465576,51.53178024291992,0.05624232068657875,9.743521690368652,-176.121826171875,0.059826165437698364
1783010187.804695,0.0,0.0,10.0,-0.6462886333465576,51.53178024291992,0.05624232068657875,9.743521690368652,-176.121826171875,0.059826165437698364
1783010187.81013,0.0,0.0,10.0,-0.6462886333465576,51.53178024291992,0.05624232068657875,9.743521690368652,-176.121826171875,0.059826165437698364
1783010187.816819,0.0,0.0,10.0,-0.6455769538879395,51.53238296508789,0.05572666972875595,9.743521690368652,-176.121826171875,0.059826165437698364
1783010187.831485,0.0,0.0,10.0,-0.6455769538879395,51.53238296508789,0.05572666972875595,9.743521690368652,-176.121826171875,0.059826165437698364
1783010187.838341,0.0,0.0,10.0,-0.6455769538879395,51.53238296508789,0.05572666972875595,9.743521690368652,-176.121826171875,0.059826165437698364
1783010187.844855,0.0,0.0,10.0,-0.6455769538879395,51.53238296508789,0.05572666972875595,9.711153984069824,-175.880126953125,0.059047047048807144
1783010187.850208,0.0,0.0,10.0,-0.6455769538879395,51.53238296508789,0.05572666972875595,9.711153984069824,-175.880126953125,0.059047047048807144
1783010187.857334,0.0,0.0,10.0,-0.6455769538879395,51.53238296508789,0.05572666972875595,9.711153984069824,-175.880126953125,0.059047047048807144
1783010187.862717,0.0,0.0,10.0,-0.6462644934654236,51.5338134765625,0.05429793894290924,9.711153984069824,-175.880126953125,0.059047047048807144
1783010187.868591,0.0,0.0,10.0,-0.6462644934654236,51.5338134765625,0.05429793894290924,9.711153984069824,-175.880126953125,0.059047047048807144
1783010187.879772,0.0,0.0,10.0,-0.6462644934654236,51.5338134765625,0.05429793894290924,9.711153984069824,-175.880126953125,0.059047047048807144
1783010187.885294,0.0,0.0,10.0,-0.6462644934654236,51.5338134765625,0.05429793894290924,9.711153984069824,-175.880126953125,0.059047047048807144
1783010187.891357,0.0,0.0,10.0,-0.6462644934654236,51.5338134765625,0.05429793894290924,9.711153984069824,-175.880126953125,0.059047047048807144
1783010187.897072,0.0,0.0,10.0,-0.6462644934654236,51.5338134765625,0.05429793894290924,9.711153984069824,-175.880126953125,0.059047047048807144
1783010187.903918,0.0,0.0,10.0,-0.6462644934654236,51.5338134765625,0.05429793894290924,9.711153984069824,-175.880126953125,0.059047047048807144
1783010187.91,0.0,0.0,10.0,-0.6462644934654236,51.5338134765625,0.05429793894290924,9.711153984069824,-175.880126953125,0.059047047048807144
1783010187.917023,0.0,0.0,10.0,-0.6464791297912598,51.534889221191406,0.05496491491794586,9.711153984069824,-175.880126953125,0.059047047048807144
1783010187.934041,0.0,0.0,10.0,-0.6464791297912598,51.534889221191406,0.05496491491794586,9.711153984069824,-175.880126953125,0.059047047048807144
1783010187.941179,0.0,0.0,10.0,-0.6464791297912598,51.534889221191406,0.05496491491794586,9.711153984069824,-175.880126953125,0.059047047048807144
1783010187.948095,0.0,0.0,10.0,-0.6464791297912598,51.534889221191406,0.05496491491794586,9.679736137390137,-175.660400390625,0.060073722153902054
1783010187.95429,0.0,0.0,10.0,-0.6464791297912598,51.534889221191406,0.05496491491794586,9.679736137390137,-175.660400390625,0.060073722153902054
1783010187.960077,0.0,0.0,10.0,-0.6464791297912598,51.534889221191406,0.05496491491794586,9.679736137390137,-175.660400390625,0.060073722153902054
1783010187.965788,0.0,0.0,10.0,-0.6468344926834106,51.53561019897461,0.05615886673331261,9.679736137390137,-175.660400390625,0.060073722153902054
1783010187.972216,0.0,0.0,10.0,-0.6468344926834106,51.53561019897461,0.05615886673331261,9.679736137390137,-175.660400390625,0.060073722153902054
1783010187.985851,0.0,0.0,10.0,-0.6468344926834106,51.53561019897461,0.05615886673331261,9.679736137390137,-175.660400390625,0.060073722153902054
1783010187.991404,0.0,0.0,10.0,-0.6468344926834106,51.53561019897461,0.05615886673331261,9.679736137390137,-175.660400390625,0.060073722153902054
1783010187.998138,0.0,0.0,10.0,-0.6468344926834106,51.53561019897461,0.05615886673331261,9.679736137390137,-175.660400390625,0.060073722153902054
1783010188.004153,0.0,0.0,10.0,-0.6468344926834106,51.53561019897461,0.05615886673331261,9.679736137390137,-175.660400390625,0.060073722153902054
1783010188.010363,0.0,0.0,10.0,-0.6468344926834106,51.53561019897461,0.05615886673331261,9.679736137390137,-175.660400390625,0.060073722153902054
1783010188.016051,0.0,0.0,10.0,-0.647473931312561,51.53690719604492,0.056383807212114334,9.679736137390137,-175.660400390625,0.060073722153902054
1783010188.02314,0.0,0.0,10.0,-0.647473931312561,51.53690719604492,0.056383807212114334,9.679736137390137,-175.660400390625,0.060073722153902054
1783010188.039247,0.0,0.0,10.0,-0.647473931312561,51.53690719604492,0.056383807212114334,9.679736137390137,-175.660400390625,0.060073722153902054
1783010188.044772,0.0,0.0,10.0,-0.647473931312561,51.53690719604492,0.056383807212114334,9.679736137390137,-175.660400390625,0.060073722153902054
1783010188.050133,0.0,0.0,10.0,-0.647473931312561,51.53690719604492,0.056383807212114334,9.679736137390137,-175.660400390625,0.060073722153902054
1783010188.055894,0.0,0.0,10.0,-0.647473931312561,51.53690719604492,0.056383807212114334,9.646060943603516,-175.374755859375,0.060062214732170105
1783010188.06107,0.0,0.0,10.0,-0.6488115191459656,51.5369987487793,0.057503532618284225,9.646060943603516,-175.374755859375,0.060062214732170105
1783010188.066325,0.0,0.0,10.0,-0.6488115191459656,51.5369987487793,0.057503532618284225,9.646060943603516,-175.374755859375,0.060062214732170105
1783010188.071849,0.0,0.0,10.0,-0.6488115191459656,51.5369987487793,0.057503532618284225,9.646060943603516,-175.374755859375,0.060062214732170105
1783010188.083686,0.0,0.0,10.0,-0.6488115191459656,51.5369987487793,0.057503532618284225,9.646060943603516,-175.374755859375,0.060062214732170105
1783010188.090585,0.0,0.0,10.0,-0.6488115191459656,51.5369987487793,0.057503532618284225,9.646060943603516,-175.374755859375,0.060062214732170105
1783010188.096275,0.0,0.0,10.0,-0.6488115191459656,51.5369987487793,0.057503532618284225,9.646060943603516,-175.374755859375,0.060062214732170105
1783010188.101482,0.0,0.0,10.0,-0.6488115191459656,51.5369987487793,0.057503532618284225,9.646060943603516,-175.374755859375,0.060062214732170105
1783010188.106869,0.0,0.0,10.0,-0.6488115191459656,51.5369987487793,0.057503532618284225,9.646060943603516,-175.374755859375,0.060062214732170105
1783010188.112117,0.0,0.0,10.0,-0.6491848230361938,51.53719711303711,0.05677437037229538,9.646060943603516,-175.374755859375,0.060062214732170105
1783010188.117664,0.0,0.0,10.0,-0.6491848230361938,51.53719711303711,0.05677437037229538,9.646060943603516,-175.374755859375,0.060062214732170105
1783010188.123167,0.0,0.0,10.0,-0.6491848230361938,51.53719711303711,0.05677437037229538,9.646060943603516,-175.374755859375,0.060062214732170105
1783010188.141785,0.0,0.0,10.0,-0.6491848230361938,51.53719711303711,0.05677437037229538,9.646060943603516,-175.374755859375,0.060062214732170105
1783010188.147355,0.0,0.0,10.0,-0.6491848230361938,51.53719711303711,0.05677437037229538,9.612780570983887,-175.111083984375,0.059647541493177414
1783010188.153725,0.0,0.0,10.0,-0.6491848230361938,51.53719711303711,0.05677437037229538,9.612780570983887,-175.111083984375,0.059647541493177414
1783010188.158869,0.0,0.0,10.0,-0.6491848230361938,51.53719711303711,0.05677437037229538,9.612780570983887,-175.111083984375,0.059647541493177414
1783010188.164586,0.0,0.0,10.0,-0.6500725746154785,51.53778839111328,0.0565669983625412,9.612780570983887,-175.111083984375,0.059647541493177414
1783010188.16996,0.0,0.0,10.0,-0.6500725746154785,51.53778839111328,0.0565669983625412,9.612780570983887,-175.111083984375,0.059647541493177414
1783010188.177106,0.0,0.0,10.0,-0.6500725746154785,51.53778839111328,0.0565669983625412,9.612780570983887,-175.111083984375,0.059647541493177414
1783010188.202951,0.0,0.0,10.0,-0.6500725746154785,51.53778839111328,0.0565669983625412,9.612780570983887,-175.111083984375,0.059647541493177414
1783010188.208326,0.0,0.0,10.0,-0.6500725746154785,51.53778839111328,0.0565669983625412,9.612780570983887,-175.111083984375,0.059647541493177414
1783010188.213784,0.0,0.0,10.0,-0.6500686407089233,51.539276123046875,0.05573086440563202,9.612780570983887,-175.111083984375,0.059647541493177414
1783010188.220825,0.0,0.0,10.0,-0.6500686407089233,51.539276123046875,0.05573086440563202,9.612780570983887,-175.111083984375,0.059647541493177414
1783010188.227869,0.0,0.0,10.0,-0.6500686407089233,51.539276123046875,0.05573086440563202,9.612780570983887,-175.111083984375,0.059647541493177414
1783010188.235429,0.0,0.0,10.0,-0.6500686407089233,51.539276123046875,0.05573086440563202,9.612780570983887,-175.111083984375,0.059647541493177414
1783010188.258615,0.0,0.0,10.0,-0.6500686407089233,51.539276123046875,0.05573086440563202,9.612780570983887,-175.111083984375,0.059647541493177414
1783010188.264414,0.0,0.0,10.0,-0.6500686407089233,51.539276123046875,0.05573086440563202,9.577316284179688,-174.891357421875,0.06009969860315323
1783010188.270024,0.0,0.0,10.0,-0.6490361094474792,51.540435791015625,0.05571290850639343,9.577316284179688,-174.891357421875,0.06009969860315323
1783010188.276621,0.0,0.0,10.0,-0.6490361094474792,51.540435791015625,0.05571290850639343,9.577316284179688,-174.891357421875,0.06009969860315323
1783010188.283638,0.0,0.0,10.0,-0.6490361094474792,51.540435791015625,0.05571290850639343,9.577316284179688,-174.891357421875,0.06009969860315323
1783010188.302013,0.0,0.0,10.0,-0.6490361094474792,51.540435791015625,0.05571290850639343,9.577316284179688,-174.891357421875,0.06009969860315323
1783010188.307289,0.0,0.0,10.0,-0.6490361094474792,51.540435791015625,0.05571290850639343,9.577316284179688,-174.891357421875,0.06009969860315323
1783010188.313329,0.0,0.0,10.0,-0.6487470269203186,51.541282653808594,0.055946458131074905,9.577316284179688,-174.891357421875,0.06009969860315323
1783010188.319377,0.0,0.0,10.0,-0.6487470269203186,51.541282653808594,0.055946458131074905,9.577316284179688,-174.891357421875,0.06009969860315323
1783010188.324691,0.0,0.0,10.0,-0.6487470269203186,51.541282653808594,0.055946458131074905,9.577316284179688,-174.891357421875,0.06009969860315323
1783010188.330298,0.0,0.0,10.0,-0.6487470269203186,51.541282653808594,0.055946458131074905,9.577316284179688,-174.891357421875,0.06009969860315323
1783010188.336551,0.0,0.0,10.0,-0.6487470269203186,51.541282653808594,0.055946458131074905,9.577316284179688,-174.891357421875,0.06009969860315323
1783010188.356102,0.0,0.0,10.0,-0.6487470269203186,51.541282653808594,0.055946458131074905,9.577316284179688,-174.891357421875,0.06009969860315323
1783010188.361929,0.0,0.0,10.0,-0.6482754349708557,51.54201126098633,0.05656399577856064,9.539308547973633,-174.627685546875,0.0607079342007637
1783010188.368498,0.0,0.0,10.0,-0.6482754349708557,51.54201126098633,0.05656399577856064,9.539308547973633,-174.627685546875,0.0607079342007637
1783010188.374426,0.0,0.0,10.0,-0.6482754349708557,51.54201126098633,0.05656399577856064,9.539308547973633,-174.627685546875,0.0607079342007637
1783010188.380985,0.0,0.0,10.0,-0.6482754349708557,51.54201126098633,0.05656399577856064,9.539308547973633,-174.627685546875,0.0607079342007637
1783010188.387617,0.0,0.0,10.0,-0.6482754349708557,51.54201126098633,0.05656399577856064,9.539308547973633,-174.627685546875,0.0607079342007637
1783010188.395706,0.0,0.0,10.0,-0.6482754349708557,51.54201126098633,0.05656399577856064,9.539308547973633,-174.627685546875,0.0607079342007637
1783010188.40287,0.0,0.0,10.0,-0.6482754349708557,51.54201126098633,0.05656399577856064,9.539308547973633,-174.627685546875,0.0607079342007637
1783010188.408584,0.0,0.0,10.0,-0.6482754349708557,51.54201126098633,0.05656399577856064,9.539308547973633,-174.627685546875,0.0607079342007637
1783010188.414069,0.0,0.0,10.0,-0.6493627429008484,51.542572021484375,0.05658013001084328,9.539308547973633,-174.627685546875,0.0607079342007637
1783010188.419671,0.0,0.0,10.0,-0.6493627429008484,51.542572021484375,0.05658013001084328,9.539308547973633,-174.627685546875,0.0607079342007637
1783010188.425165,0.0,0.0,10.0,-0.6493627429008484,51.542572021484375,0.05658013001084328,9.539308547973633,-174.627685546875,0.0607079342007637
1783010188.431285,0.0,0.0,10.0,-0.6493627429008484,51.542572021484375,0.05658013001084328,9.539308547973633,-174.627685546875,0.0607079342007637
1783010188.438722,0.0,0.0,10.0,-0.6493627429008484,51.542572021484375,0.05658013001084328,9.539308547973633,-174.627685546875,0.0607079342007637
1783010188.453361,0.0,0.0,10.0,-0.6493627429008484,51.542572021484375,0.05658013001084328,9.539308547973633,-174.627685546875,0.0607079342007637
1783010188.460005,0.0,0.0,10.0,-0.6493627429008484,51.542572021484375,0.05658013001084328,9.499267578125,-174.364013671875,0.06076375022530556
1783010188.465498,0.0,0.0,10.0,-0.6499840617179871,51.543827056884766,0.05639966204762459,9.499267578125,-174.364013671875,0.06076375022530556
1783010188.470993,0.0,0.0,10.0,-0.6499840617179871,51.543827056884766,0.05639966204762459,9.499267578125,-174.364013671875,0.06076375022530556
1783010188.476496,0.0,0.0,10.0,-0.6499840617179871,51.543827056884766,0.05639966204762459,9.499267578125,-174.364013671875,0.06076375022530556
1783010188.48209,0.0,0.0,10.0,-0.6499840617179871,51.543827056884766,0.05639966204762459,9.499267578125,-174.364013671875,0.06076375022530556
1783010188.488131,0.0,0.0,10.0,-0.6499840617179871,51.543827056884766,0.05639966204762459,9.499267578125,-174.364013671875,0.06076375022530556
1783010188.503788,0.0,0.0,10.0,-0.6499840617179871,51.543827056884766,0.05639966204762459,9.499267578125,-174.364013671875,0.06076375022530556
1783010188.509899,0.0,0.0,10.0,-0.6499840617179871,51.543827056884766,0.05639966204762459,9.499267578125,-174.364013671875,0.06076375022530556
1783010188.515691,0.0,0.0,10.0,-0.652221143245697,51.54398727416992,0.05690775811672211,9.499267578125,-174.364013671875,0.06076375022530556
1783010188.520879,0.0,0.0,10.0,-0.652221143245697,51.54398727416992,0.05690775811672211,9.499267578125,-174.364013671875,0.06076375022530556
1783010188.526097,0.0,0.0,10.0,-0.652221143245697,51.54398727416992,0.05690775811672211,9.499267578125,-174.364013671875,0.06076375022530556
1783010188.531946,0.0,0.0,10.0,-0.652221143245697,51.54398727416992,0.05690775811672211,9.499267578125,-174.364013671875,0.06076375022530556
1783010188.537485,0.0,0.0,10.0,-0.652221143245697,51.54398727416992,0.05690775811672211,9.499267578125,-174.364013671875,0.06076375022530556
1783010188.551818,0.0,0.0,10.0,-0.652221143245697,51.54398727416992,0.05690775811672211,9.499267578125,-174.364013671875,0.06076375022530556
1783010188.558545,0.0,0.0,10.0,-0.652221143245697,51.54398727416992,0.05690775811672211,9.4698486328125,-174.122314453125,0.06141798198223114
1783010188.565086,0.0,0.0,10.0,-0.6518390774726868,51.5444221496582,0.05819861218333244,9.4698486328125,-174.122314453125,0.06141798198223114
1783010188.572497,0.0,0.0,10.0,-0.6518390774726868,51.5444221496582,0.05819861218333244,9.4698486328125,-174.122314453125,0.06141798198223114
1783010188.577765,0.0,0.0,10.0,-0.6518390774726868,51.5444221496582,0.05819861218333244,9.4698486328125,-174.122314453125,0.06141798198223114
1783010188.583844,0.0,0.0,10.0,-0.6518390774726868,51.5444221496582,0.05819861218333244,9.4698486328125,-174.122314453125,0.06141798198223114
1783010188.58902,0.0,0.0,10.0,-0.6518390774726868,51.5444221496582,0.05819861218333244,9.4698486328125,-174.122314453125,0.06141798198223114
1783010188.594666,0.0,0.0,10.0,-0.6518390774726868,51.5444221496582,0.05819861218333244,9.4698486328125,-174.122314453125,0.06141798198223114
1783010188.612837,0.0,0.0,10.0,-0.6518390774726868,51.5444221496582,0.05819861218333244,9.4698486328125,-174.122314453125,0.06141798198223114
1783010188.618475,0.0,0.0,10.0,-0.6519217491149902,51.54494094848633,0.05862977355718613,9.4698486328125,-174.122314453125,0.06141798198223114
1783010188.624106,0.0,0.0,10.0,-0.6519217491149902,51.54494094848633,0.05862977355718613,9.4698486328125,-174.122314453125,0.06141798198223114
1783010188.629667,0.0,0.0,10.0,-0.6519217491149902,51.54494094848633,0.05862977355718613,9.4698486328125,-174.122314453125,0.06141798198223114
1783010188.635755,0.0,0.0,10.0,-0.6519217491149902,51.54494094848633,0.05862977355718613,9.4698486328125,-174.122314453125,0.06141798198223114
1783010188.641188,0.0,0.0,10.0,-0.6519217491149902,51.54494094848633,0.05862977355718613,9.4698486328125,-174.122314453125,0.06141798198223114
1783010188.661085,0.0,0.0,10.0,-0.6519217491149902,51.54494094848633,0.05862977355718613,9.4698486328125,-174.122314453125,0.06141798198223114
1783010188.667078,0.0,0.0,10.0,-0.6519217491149902,51.54494094848633,0.05862977355718613,9.428787231445312,-173.836669921875,0.060653429478406906
1783010188.67337,0.0,0.0,10.0,-0.6515443325042725,51.544246673583984,0.05935227870941162,9.428787231445312,-173.836669921875,0.060653429478406906
1783010188.680073,0.0,0.0,10.0,-0.6515443325042725,51.544246673583984,0.05935227870941162,9.428787231445312,-173.836669921875,0.060653429478406906
1783010188.686432,0.0,0.0,10.0,-0.6515443325042725,51.544246673583984,0.05935227870941162,9.428787231445312,-173.836669921875,0.060653429478406906
1783010188.694928,0.0,0.0,10.0,-0.6515443325042725,51.544246673583984,0.05935227870941162,9.428787231445312,-173.836669921875,0.060653429478406906
1783010188.706806,0.0,0.0,10.0,-0.6515443325042725,51.544246673583984,0.05935227870941162,9.428787231445312,-173.836669921875,0.060653429478406906
1783010188.725268,0.0,0.0,10.0,-0.6515443325042725,51.544246673583984,0.05935227870941162,9.428787231445312,-173.836669921875,0.060653429478406906
1783010188.731456,0.0,0.0,10.0,-0.651703953742981,51.54492950439453,0.0603579580783844,9.428787231445312,-173.836669921875,0.060653429478406906
1783010188.736972,0.0,0.0,10.0,-0.651703953742981,51.54492950439453,0.0603579580783844,9.428787231445312,-173.836669921875,0.060653429478406906
1783010188.742473,0.0,0.0,10.0,-0.651703953742981,51.54492950439453,0.0603579580783844,9.428787231445312,-173.836669921875,0.060653429478406906
1783010188.748353,0.0,0.0,10.0,-0.651703953742981,51.54492950439453,0.0603579580783844,9.428787231445312,-173.836669921875,0.060653429478406906
1783010188.754744,0.0,0.0,10.0,-0.651703953742981,51.54492950439453,0.0603579580783844,9.386408805847168,-173.551025390625,0.062079668045043945
1783010188.762872,0.0,0.0,10.0,-0.651703953742981,51.54492950439453,0.0603579580783844,9.386408805847168,-173.551025390625,0.062079668045043945
1783010188.768681,0.0,0.0,10.0,-0.6511885523796082,51.54589080810547,0.061334867030382156,9.386408805847168,-173.551025390625,0.062079668045043945
1783010188.774325,0.0,0.0,10.0,-0.6511885523796082,51.54589080810547,0.061334867030382156,9.386408805847168,-173.551025390625,0.062079668045043945
1783010188.779711,0.0,0.0,10.0,-0.6511885523796082,51.54589080810547,0.061334867030382156,9.386408805847168,-173.551025390625,0.062079668045043945
1783010188.785035,0.0,0.0,10.0,-0.6511885523796082,51.54589080810547,0.061334867030382156,9.386408805847168,-173.551025390625,0.062079668045043945
1783010188.790298,0.0,0.0,10.0,-0.6511885523796082,51.54589080810547,0.061334867030382156,9.386408805847168,-173.551025390625,0.062079668045043945
1783010188.798018,0.0,0.0,10.0,-0.6511885523796082,51.54589080810547,0.061334867030382156,9.386408805847168,-173.551025390625,0.062079668045043945
1783010188.804823,0.0,0.0,10.0,-0.6511885523796082,51.54589080810547,0.061334867030382156,9.386408805847168,-173.551025390625,0.062079668045043945
1783010188.815108,0.0,0.0,10.0,-0.6511885523796082,51.54589080810547,0.061334867030382156,9.386408805847168,-173.551025390625,0.062079668045043945
1783010188.821721,0.0,0.0,10.0,-0.6515371799468994,51.5460205078125,0.0614912211894989,9.386408805847168,-173.551025390625,0.062079668045043945
1783010188.827143,0.0,0.0,10.0,-0.6515371799468994,51.5460205078125,0.0614912211894989,9.386408805847168,-173.551025390625,0.062079668045043945
1783010188.832855,0.0,0.0,10.0,-0.6515371799468994,51.5460205078125,0.0614912211894989,9.386408805847168,-173.551025390625,0.062079668045043945
1783010188.839974,0.0,0.0,10.0,-0.6515371799468994,51.5460205078125,0.0614912211894989,9.386408805847168,-173.551025390625,0.062079668045043945
1783010188.8456,0.0,0.0,10.0,-0.6515371799468994,51.5460205078125,0.0614912211894989,9.386408805847168,-173.551025390625,0.062079668045043945
1783010188.85215,0.0,0.0,10.0,-0.6515371799468994,51.5460205078125,0.0614912211894989,9.343729972839355,-173.331298828125,0.062185466289520264
1783010188.858248,0.0,0.0,10.0,-0.6515371799468994,51.5460205078125,0.0614912211894989,9.343729972839355,-173.331298828125,0.062185466289520264
1783010188.869531,0.0,0.0,10.0,-0.6515371799468994,51.5460205078125,0.0614912211894989,9.343729972839355,-173.331298828125,0.062185466289520264
1783010188.875551,0.0,0.0,10.0,-0.6511989235877991,51.54600143432617,0.06164787709712982,9.343729972839355,-173.331298828125,0.062185466289520264
1783010188.881868,0.0,0.0,10.0,-0.6511989235877991,51.54600143432617,0.06164787709712982,9.343729972839355,-173.331298828125,0.062185466289520264
1783010188.888377,0.0,0.0,10.0,-0.6511989235877991,51.54600143432617,0.06164787709712982,9.343729972839355,-173.331298828125,0.062185466289520264
1783010188.893915,0.0,0.0,10.0,-0.6511989235877991,51.54600143432617,0.06164787709712982,9.343729972839355,-173.331298828125,0.062185466289520264
1783010188.899445,0.0,0.0,10.0,-0.6511989235877991,51.54600143432617,0.06164787709712982,9.343729972839355,-173.331298828125,0.062185466289520264
1783010188.90518,0.0,0.0,10.0,-0.6511989235877991,51.54600143432617,0.06164787709712982,9.343729972839355,-173.331298828125,0.062185466289520264
1783010188.919857,0.0,0.0,10.0,-0.6511989235877991,51.54600143432617,0.06164787709712982,9.343729972839355,-173.331298828125,0.062185466289520264
1783010188.927536,0.0,0.0,10.0,-0.6508961915969849,51.5458984375,0.06058681011199951,9.343729972839355,-173.331298828125,0.062185466289520264
1783010188.934605,0.0,0.0,10.0,-0.6508961915969849,51.5458984375,0.06058681011199951,9.343729972839355,-173.331298828125,0.062185466289520264
1783010188.940199,0.0,0.0,10.0,-0.6508961915969849,51.5458984375,0.06058681011199951,9.343729972839355,-173.331298828125,0.062185466289520264
1783010188.946076,0.0,0.0,10.0,-0.6508961915969849,51.5458984375,0.06058681011199951,9.343729972839355,-173.331298828125,0.062185466289520264
1783010188.951763,0.0,0.0,10.0,-0.6508961915969849,51.5458984375,0.06058681011199951,9.299657821655273,-173.067626953125,0.06258169561624527
1783010188.957226,0.0,0.0,10.0,-0.6508961915969849,51.5458984375,0.06058681011199951,9.299657821655273,-173.067626953125,0.06258169561624527
1783010188.980802,0.0,0.0,10.0,-0.6520996689796448,51.54625701904297,0.06044354289770126,9.299657821655273,-173.067626953125,0.06258169561624527
1783010188.986608,0.0,0.0,10.0,-0.6520996689796448,51.54625701904297,0.06044354289770126,9.299657821655273,-173.067626953125,0.06258169561624527
1783010188.991977,0.0,0.0,10.0,-0.6520996689796448,51.54625701904297,0.06044354289770126,9.299657821655273,-173.067626953125,0.06258169561624527
1783010188.997406,0.0,0.0,10.0,-0.6520996689796448,51.54625701904297,0.06044354289770126,9.299657821655273,-173.067626953125,0.06258169561624527
1783010189.0034,0.0,0.0,10.0,-0.6520996689796448,51.54625701904297,0.06044354289770126,9.299657821655273,-173.067626953125,0.06258169561624527
1783010189.009171,0.0,0.0,10.0,-0.6520996689796448,51.54625701904297,0.06044354289770126,9.299657821655273,-173.067626953125,0.06258169561624527
1783010189.027134,0.0,0.0,10.0,-0.651378333568573,51.54698181152344,0.061104916036129,9.299657821655273,-173.067626953125,0.06258169561624527
1783010189.033068,0.0,0.0,10.0,-0.651378333568573,51.54698181152344,0.061104916036129,9.299657821655273,-173.067626953125,0.06258169561624527
1783010189.038766,0.0,0.0,10.0,-0.651378333568573,51.54698181152344,0.061104916036129,9.299657821655273,-173.067626953125,0.06258169561624527
1783010189.044111,0.0,0.0,10.0,-0.651378333568573,51.54698181152344,0.061104916036129,9.299657821655273,-173.067626953125,0.06258169561624527
1783010189.049875,0.0,0.0,10.0,-0.651378333568573,51.54698181152344,0.061104916036129,9.255922317504883,-172.803955078125,0.06351010501384735
1783010189.05575,0.0,0.0,10.0,-0.651378333568573,51.54698181152344,0.061104916036129,9.255922317504883,-172.803955078125,0.06351010501384735
1783010189.061051,0.0,0.0,10.0,-0.6504234075546265,51.54771423339844,0.06116722151637077,9.255922317504883,-172.803955078125,0.06351010501384735
1783010189.074077,0.0,0.0,10.0,-0.6504234075546265,51.54771423339844,0.06116722151637077,9.255922317504883,-172.803955078125,0.06351010501384735
1783010189.080395,0.0,0.0,10.0,-0.6504234075546265,51.54771423339844,0.06116722151637077,9.255922317504883,-172.803955078125,0.06351010501384735
1783010189.085949,0.0,0.0,10.0,-0.6504234075546265,51.54771423339844,0.06116722151637077,9.255922317504883,-172.803955078125,0.06351010501384735
1783010189.092123,0.0,0.0,10.0,-0.6504234075546265,51.54771423339844,0.06116722151637077,9.255922317504883,-172.803955078125,0.06351010501384735
1783010189.097941,0.0,0.0,10.0,-0.6504234075546265,51.54771423339844,0.06116722151637077,9.255922317504883,-172.803955078125,0.06351010501384735
1783010189.106123,0.0,0.0,10.0,-0.6504234075546265,51.54771423339844,0.06116722151637077,9.255922317504883,-172.803955078125,0.06351010501384735
1783010189.111905,0.0,0.0,10.0,-0.65140700340271,51.54817199707031,0.062048450112342834,9.255922317504883,-172.803955078125,0.06351010501384735
1783010189.124358,0.0,0.0,10.0,-0.65140700340271,51.54817199707031,0.062048450112342834,9.255922317504883,-172.803955078125,0.06351010501384735
1783010189.129871,0.0,0.0,10.0,-0.65140700340271,51.54817199707031,0.062048450112342834,9.255922317504883,-172.803955078125,0.06351010501384735
1783010189.135779,0.0,0.0,10.0,-0.65140700340271,51.54817199707031,0.062048450112342834,9.255922317504883,-172.803955078125,0.06351010501384735
1783010189.142858,0.0,0.0,10.0,-0.65140700340271,51.54817199707031,0.062048450112342834,9.255922317504883,-172.803955078125,0.06351010501384735
1783010189.149176,0.0,0.0,10.0,-0.65140700340271,51.54817199707031,0.062048450112342834,9.255922317504883,-172.803955078125,0.06351010501384735
1783010189.155942,0.0,0.0,10.0,-0.65140700340271,51.54817199707031,0.062048450112342834,9.211845397949219,-172.540283203125,0.06400740146636963
1783010189.161439,0.0,0.0,10.0,-0.6513077616691589,51.54903793334961,0.06173330917954445,9.211845397949219,-172.540283203125,0.06400740146636963
1783010189.167746,0.0,0.0,10.0,-0.6513077616691589,51.54903793334961,0.06173330917954445,9.211845397949219,-172.540283203125,0.06400740146636963
1783010189.175008,0.0,0.0,10.0,-0.6513077616691589,51.54903793334961,0.06173330917954445,9.211845397949219,-172.540283203125,0.06400740146636963
1783010189.181315,0.0,0.0,10.0,-0.6513077616691589,51.54903793334961,0.06173330917954445,9.211845397949219,-172.540283203125,0.06400740146636963
1783010189.187278,0.0,0.0,10.0,-0.6513077616691589,51.54903793334961,0.06173330917954445,9.211845397949219,-172.540283203125,0.06400740146636963
1783010189.192785,0.0,0.0,10.0,-0.6513077616691589,51.54903793334961,0.06173330917954445,9.211845397949219,-172.540283203125,0.06400740146636963
1783010189.198349,0.0,0.0,10.0,-0.6513077616691589,51.54903793334961,0.06173330917954445,9.211845397949219,-172.540283203125,0.06400740146636963
1783010189.203909,0.0,0.0,10.0,-0.6513077616691589,51.54903793334961,0.06173330917954445,9.211845397949219,-172.540283203125,0.06400740146636963
1783010189.210137,0.0,0.0,10.0,-0.6513077616691589,51.54903793334961,0.06173330917954445,9.211845397949219,-172.540283203125,0.06400740146636963
1783010189.215992,0.0,0.0,10.0,-0.6516749262809753,51.54881286621094,0.06265544891357422,9.211845397949219,-172.540283203125,0.06400740146636963
1783010189.222347,0.0,0.0,10.0,-0.6516749262809753,51.54881286621094,0.06265544891357422,9.211845397949219,-172.540283203125,0.06400740146636963
1783010189.234601,0.0,0.0,10.0,-0.6516749262809753,51.54881286621094,0.06265544891357422,9.211845397949219,-172.540283203125,0.06400740146636963
1783010189.240401,0.0,0.0,10.0,-0.6516749262809753,51.54881286621094,0.06265544891357422,9.211845397949219,-172.540283203125,0.06400740146636963
1783010189.24639,0.0,0.0,10.0,-0.6516749262809753,51.54881286621094,0.06265544891357422,9.211845397949219,-172.540283203125,0.06400740146636963
1783010189.252384,0.0,0.0,10.0,-0.6516749262809753,51.54881286621094,0.06265544891357422,9.166749000549316,-172.276611328125,0.06544690579175949
1783010189.258429,0.0,0.0,10.0,-0.6516749262809753,51.54881286621094,0.06265544891357422,9.166749000549316,-172.276611328125,0.06544690579175949
1783010189.264484,0.0,0.0,10.0,-0.6529524326324463,51.54902267456055,0.06368516385555267,9.166749000549316,-172.276611328125,0.06544690579175949
1783010189.270572,0.0,0.0,10.0,-0.6529524326324463,51.54902267456055,0.06368516385555267,9.166749000549316,-172.276611328125,0.06544690579175949
1783010189.2805,0.0,0.0,10.0,-0.6529524326324463,51.54902267456055,0.06368516385555267,9.166749000549316,-172.276611328125,0.06544690579175949
1783010189.287502,0.0,0.0,10.0,-0.6529524326324463,51.54902267456055,0.06368516385555267,9.166749000549316,-172.276611328125,0.06544690579175949
1783010189.293037,0.0,0.0,10.0,-0.6529524326324463,51.54902267456055,0.06368516385555267,9.166749000549316,-172.276611328125,0.06544690579175949
1783010189.300251,0.0,0.0,10.0,-0.6529524326324463,51.54902267456055,0.06368516385555267,9.166749000549316,-172.276611328125,0.06544690579175949
1783010189.30614,0.0,0.0,10.0,-0.6529524326324463,51.54902267456055,0.06368516385555267,9.166749000549316,-172.276611328125,0.06544690579175949
1783010189.312169,0.0,0.0,10.0,-0.6540850400924683,51.55059051513672,0.06343676149845123,9.166749000549316,-172.276611328125,0.06544690579175949
1783010189.317661,0.0,0.0,10.0,-0.6540850400924683,51.55059051513672,0.06343676149845123,9.166749000549316,-172.276611328125,0.06544690579175949
1783010189.332267,0.0,0.0,10.0,-0.6540850400924683,51.55059051513672,0.06343676149845123,9.166749000549316,-172.276611328125,0.06544690579175949
1783010189.338366,0.0,0.0,10.0,-0.6540850400924683,51.55059051513672,0.06343676149845123,9.166749000549316,-172.276611328125,0.06544690579175949
1783010189.343906,0.0,0.0,10.0,-0.6540850400924683,51.55059051513672,0.06343676149845123,9.166749000549316,-172.276611328125,0.06544690579175949
1783010189.349911,0.0,0.0,10.0,-0.6540850400924683,51.55059051513672,0.06343676149845123,9.166749000549316,-172.276611328125,0.06544690579175949
1783010189.355904,0.0,0.0,10.0,-0.6540850400924683,51.55059051513672,0.06343676149845123,9.121721267700195,-172.012939453125,0.06423038989305496
1783010189.361721,0.0,0.0,10.0,-0.6539949178695679,51.550724029541016,0.06451168656349182,9.121721267700195,-172.012939453125,0.06423038989305496
1783010189.368301,0.0,0.0,10.0,-0.6539949178695679,51.550724029541016,0.06451168656349182,9.121721267700195,-172.012939453125,0.06423038989305496
1783010189.373977,0.0,0.0,10.0,-0.6539949178695679,51.550724029541016,0.06451168656349182,9.121721267700195,-172.012939453125,0.06423038989305496
1783010189.382195,0.0,0.0,10.0,-0.6539949178695679,51.550724029541016,0.06451168656349182,9.121721267700195,-172.012939453125,0.06423038989305496
1783010189.387431,0.0,0.0,10.0,-0.6539949178695679,51.550724029541016,0.06451168656349182,9.121721267700195,-172.012939453125,0.06423038989305496
1783010189.39265,0.0,0.0,10.0,-0.6539949178695679,51.550724029541016,0.06451168656349182,9.121721267700195,-172.012939453125,0.06423038989305496
1783010189.399133,0.0,0.0,10.0,-0.6539949178695679,51.550724029541016,0.06451168656349182,9.121721267700195,-172.012939453125,0.06423038989305496
1783010189.405213,0.0,0.0,10.0,-0.6539949178695679,51.550724029541016,0.06451168656349182,9.121721267700195,-172.012939453125,0.06423038989305496
1783010189.410415,0.0,0.0,10.0,-0.6539949178695679,51.550724029541016,0.06451168656349182,9.121721267700195,-172.012939453125,0.06423038989305496
1783010189.416242,0.0,0.0,10.0,-0.6547567844390869,51.55093002319336,0.0645046979188919,9.121721267700195,-172.012939453125,0.06423038989305496
1783010189.42293,0.0,0.0,10.0,-0.6547567844390869,51.55093002319336,0.0645046979188919,9.121721267700195,-172.012939453125,0.06423038989305496
1783010189.436481,0.0,0.0,10.0,-0.6547567844390869,51.55093002319336,0.0645046979188919,9.121721267700195,-172.012939453125,0.06423038989305496
1783010189.442939,0.0,0.0,10.0,-0.6547567844390869,51.55093002319336,0.0645046979188919,9.121721267700195,-172.012939453125,0.06423038989305496
1783010189.448437,0.0,0.0,10.0,-0.6547567844390869,51.55093002319336,0.0645046979188919,9.121721267700195,-172.012939453125,0.06423038989305496
1783010189.453975,0.0,0.0,10.0,-0.6547567844390869,51.55093002319336,0.0645046979188919,9.121721267700195,-172.012939453125,0.06423038989305496
1783010189.460113,0.0,0.0,10.0,-0.6547567844390869,51.55093002319336,0.0645046979188919,9.076288223266602,-171.749267578125,0.0657210424542427
1783010189.466086,0.0,0.0,10.0,-0.654630184173584,51.55023193359375,0.0641113668680191,9.076288223266602,-171.749267578125,0.0657210424542427
1783010189.471827,0.0,0.0,10.0,-0.654630184173584,51.55023193359375,0.0641113668680191,9.076288223266602,-171.749267578125,0.0657210424542427
1783010189.484415,0.0,0.0,10.0,-0.654630184173584,51.55023193359375,0.0641113668680191,9.076288223266602,-171.749267578125,0.0657210424542427
1783010189.490495,0.0,0.0,10.0,-0.654630184173584,51.55023193359375,0.0641113668680191,9.076288223266602,-171.749267578125,0.0657210424542427
1783010189.498676,0.0,0.0,10.0,-0.654630184173584,51.55023193359375,0.0641113668680191,9.076288223266602,-171.749267578125,0.0657210424542427
1783010189.505242,0.0,0.0,10.0,-0.654630184173584,51.55023193359375,0.0641113668680191,9.076288223266602,-171.749267578125,0.0657210424542427
1783010189.51049,0.0,0.0,10.0,-0.654630184173584,51.55023193359375,0.0641113668680191,9.076288223266602,-171.749267578125,0.0657210424542427
1783010189.516446,0.0,0.0,10.0,-0.6547211408615112,51.5507698059082,0.06307926774024963,9.076288223266602,-171.749267578125,0.0657210424542427
1783010189.522809,0.0,0.0,10.0,-0.6547211408615112,51.5507698059082,0.06307926774024963,9.076288223266602,-171.749267578125,0.0657210424542427
1783010189.540657,0.0,0.0,10.0,-0.6547211408615112,51.5507698059082,0.06307926774024963,9.076288223266602,-171.749267578125,0.0657210424542427
1783010189.546163,0.0,0.0,10.0,-0.6547211408615112,51.5507698059082,0.06307926774024963,9.076288223266602,-171.749267578125,0.0657210424542427
1783010189.551542,0.0,0.0,10.0,-0.6547211408615112,51.5507698059082,0.06307926774024963,9.076288223266602,-171.749267578125,0.0657210424542427
1783010189.556803,0.0,0.0,10.0,-0.6547211408615112,51.5507698059082,0.06307926774024963,9.043554306030273,-171.507568359375,0.066062331199646
1783010189.56313,0.0,0.0,10.0,-0.6548223495483398,51.550559997558594,0.061783432960510254,9.043554306030273,-171.507568359375,0.066062331199646
1783010189.602598,0.0,0.0,10.0,-0.6548223495483398,51.550559997558594,0.061783432960510254,9.043554306030273,-171.507568359375,0.066062331199646
1783010189.613085,0.0,0.0,10.0,-0.6548223495483398,51.550559997558594,0.061783432960510254,9.043554306030273,-171.507568359375,0.066062331199646
1783010189.618996,0.0,0.0,10.0,-0.6548223495483398,51.550559997558594,0.061783432960510254,9.043554306030273,-171.507568359375,0.066062331199646
1783010189.650062,0.0,0.0,10.0,-0.655732274055481,51.55037307739258,0.062355462461709976,9.043554306030273,-171.507568359375,0.066062331199646
1783010189.656694,0.0,0.0,10.0,-0.655732274055481,51.55037307739258,0.062355462461709976,9.038814544677734,-171.419677734375,0.06704861670732498
1783010189.662772,0.0,0.0,10.0,-0.6565491557121277,51.550907135009766,0.06293164938688278,9.038814544677734,-171.419677734375,0.06704861670732498
1783010189.66963,0.0,0.0,10.0,-0.6565491557121277,51.550907135009766,0.06293164938688278,9.038814544677734,-171.419677734375,0.06704861670732498
1783010189.681382,0.0,0.0,10.0,-0.6565491557121277,51.550907135009766,0.06293164938688278,9.038814544677734,-171.419677734375,0.06704861670732498
1783010189.687373,0.0,0.0,10.0,-0.6565491557121277,51.550907135009766,0.06293164938688278,9.038814544677734,-171.419677734375,0.06704861670732498
1783010189.692596,0.0,0.0,10.0,-0.6565491557121277,51.550907135009766,0.06293164938688278,9.038814544677734,-171.419677734375,0.06704861670732498
1783010189.698133,0.0,0.0,10.0,-0.6565491557121277,51.550907135009766,0.06293164938688278,9.038814544677734,-171.419677734375,0.06704861670732498
1783010189.703873,0.0,0.0,10.0,-0.6565491557121277,51.550907135009766,0.06293164938688278,9.038814544677734,-171.419677734375,0.06704861670732498
1783010189.710023,0.0,0.0,10.0,-0.6565491557121277,51.550907135009766,0.06293164938688278,9.038814544677734,-171.419677734375,0.06704861670732498
1783010189.720952,0.0,0.0,10.0,-0.6568489670753479,51.551490783691406,0.0629105269908905,9.038814544677734,-171.419677734375,0.06704861670732498
1783010189.726235,0.0,0.0,10.0,-0.6568489670753479,51.551490783691406,0.0629105269908905,9.038814544677734,-171.419677734375,0.06704861670732498
1783010189.732217,0.0,0.0,10.0,-0.6568489670753479,51.551490783691406,0.0629105269908905,9.038814544677734,-171.419677734375,0.06704861670732498
1783010189.738744,0.0,0.0,10.0,-0.6568489670753479,51.551490783691406,0.0629105269908905,9.038814544677734,-171.419677734375,0.06704861670732498
1783010189.744741,0.0,0.0,10.0,-0.6568489670753479,51.551490783691406,0.0629105269908905,9.038814544677734,-171.419677734375,0.06704861670732498
1783010189.750277,0.0,0.0,10.0,-0.6568489670753479,51.551490783691406,0.0629105269908905,9.038814544677734,-171.419677734375,0.06704861670732498
1783010189.756265,0.0,0.0,10.0,-0.6568489670753479,51.551490783691406,0.0629105269908905,9.038814544677734,-171.419677734375,0.06704861670732498
1783010189.762313,0.0,0.0,10.0,-0.656914472579956,51.55226135253906,0.06352781504392624,9.0263090133667,-171.397705078125,0.0672898069024086
1783010189.77773,0.0,0.0,10.0,-0.656914472579956,51.55226135253906,0.06352781504392624,9.0263090133667,-171.397705078125,0.0672898069024086
1783010189.782967,0.0,0.0,10.0,-0.656914472579956,51.55226135253906,0.06352781504392624,9.0263090133667,-171.397705078125,0.0672898069024086
1783010189.788472,0.0,0.0,10.0,-0.656914472579956,51.55226135253906,0.06352781504392624,9.0263090133667,-171.397705078125,0.0672898069024086
1783010189.794458,0.0,0.0,10.0,-0.656914472579956,51.55226135253906,0.06352781504392624,9.0263090133667,-171.397705078125,0.0672898069024086
1783010189.800381,0.0,0.0,10.0,-0.656914472579956,51.55226135253906,0.06352781504392624,9.0263090133667,-171.397705078125,0.0672898069024086
1783010189.80676,0.0,0.0,10.0,-0.656914472579956,51.55226135253906,0.06352781504392624,9.0263090133667,-171.397705078125,0.0672898069024086
1783010189.812091,0.0,0.0,10.0,-0.658064067363739,51.55221176147461,0.06366527080535889,9.0263090133667,-171.397705078125,0.0672898069024086
1783010189.822493,0.0,0.0,10.0,-0.658064067363739,51.55221176147461,0.06366527080535889,9.0263090133667,-171.397705078125,0.0672898069024086
1783010189.828694,0.0,0.0,10.0,-0.658064067363739,51.55221176147461,0.06366527080535889,9.0263090133667,-171.397705078125,0.0672898069024086
1783010189.835548,0.0,0.0,10.0,-0.658064067363739,51.55221176147461,0.06366527080535889,9.0263090133667,-171.397705078125,0.0672898069024086
1783010189.842598,0.0,0.0,10.0,-0.658064067363739,51.55221176147461,0.06366527080535889,9.0263090133667,-171.397705078125,0.0672898069024086
1783010189.849121,0.0,0.0,10.0,-0.658064067363739,51.55221176147461,0.06366527080535889,9.0263090133667,-171.397705078125,0.0672898069024086
1783010189.855,0.0,0.0,10.0,-0.658064067363739,51.55221176147461,0.06366527080535889,8.905296325683594,-171.243896484375,0.06746029853820801
1783010189.860959,0.0,0.0,10.0,-0.6591281890869141,51.55113220214844,0.06473053246736526,8.905296325683594,-171.243896484375,0.06746029853820801
1783010189.866811,0.0,0.0,10.0,-0.6591281890869141,51.55113220214844,0.06473053246736526,8.905296325683594,-171.243896484375,0.06746029853820801
1783010189.876914,0.0,0.0,10.0,-0.6591281890869141,51.55113220214844,0.06473053246736526,8.905296325683594,-171.243896484375,0.06746029853820801
1783010189.882622,0.0,0.0,10.0,-0.6591281890869141,51.55113220214844,0.06473053246736526,8.905296325683594,-171.243896484375,0.06746029853820801
1783010189.888706,0.0,0.0,10.0,-0.6591281890869141,51.55113220214844,0.06473053246736526,8.905296325683594,-171.243896484375,0.06746029853820801
1783010189.894103,0.0,0.0,10.0,-0.6591281890869141,51.55113220214844,0.06473053246736526,8.905296325683594,-171.243896484375,0.06746029853820801
1783010189.900247,0.0,0.0,10.0,-0.6591281890869141,51.55113220214844,0.06473053246736526,8.905296325683594,-171.243896484375,0.06746029853820801
1783010189.907057,0.0,0.0,10.0,-0.6591281890869141,51.55113220214844,0.06473053246736526,8.905296325683594,-171.243896484375,0.06746029853820801
1783010189.912767,0.0,0.0,10.0,-0.6578873991966248,51.551876068115234,0.06485766172409058,8.905296325683594,-171.243896484375,0.06746029853820801
1783010189.918135,0.0,0.0,10.0,-0.6578873991966248,51.551876068115234,0.06485766172409058,8.905296325683594,-171.243896484375,0.06746029853820801
1783010189.927824,0.0,0.0,10.0,-0.6578873991966248,51.551876068115234,0.06485766172409058,8.905296325683594,-171.243896484375,0.06746029853820801
1783010189.933986,0.0,0.0,10.0,-0.6578873991966248,51.551876068115234,0.06485766172409058,8.905296325683594,-171.243896484375,0.06746029853820801
1783010189.939388,0.0,0.0,10.0,-0.6578873991966248,51.551876068115234,0.06485766172409058,8.905296325683594,-171.243896484375,0.06746029853820801
1783010189.945417,0.0,0.0,10.0,-0.6578873991966248,51.551876068115234,0.06485766172409058,8.905296325683594,-171.243896484375,0.06746029853820801
1783010189.95099,0.0,0.0,10.0,-0.6578873991966248,51.551876068115234,0.06485766172409058,8.905296325683594,-171.243896484375,0.06746029853820801
1783010189.956673,0.0,0.0,10.0,-0.6578873991966248,51.551876068115234,0.06485766172409058,8.905296325683594,-171.243896484375,0.06746029853820801
1783010189.961943,0.0,0.0,10.0,-0.6577332019805908,51.551658630371094,0.06482892483472824,8.772089004516602,-170.848388671875,0.0673116147518158
1783010189.96847,0.0,0.0,10.0,-0.6577332019805908,51.551658630371094,0.06482892483472824,8.772089004516602,-170.848388671875,0.0673116147518158
1783010189.978952,0.0,0.0,10.0,-0.6577332019805908,51.551658630371094,0.06482892483472824,8.772089004516602,-170.848388671875,0.0673116147518158
1783010189.986081,0.0,0.0,10.0,-0.6577332019805908,51.551658630371094,0.06482892483472824,8.772089004516602,-170.848388671875,0.0673116147518158
1783010189.991192,0.0,0.0,10.0,-0.6577332019805908,51.551658630371094,0.06482892483472824,8.772089004516602,-170.848388671875,0.0673116147518158
1783010189.997157,0.0,0.0,10.0,-0.6577332019805908,51.551658630371094,0.06482892483472824,8.772089004516602,-170.848388671875,0.0673116147518158
1783010190.002637,0.0,0.0,10.0,-0.6577332019805908,51.551658630371094,0.06482892483472824,8.772089004516602,-170.848388671875,0.0673116147518158
1783010190.008879,0.0,0.0,10.0,-0.6577332019805908,51.551658630371094,0.06482892483472824,8.772089004516602,-170.848388671875,0.0673116147518158
1783010190.014904,0.0,0.0,10.0,-0.6591501235961914,51.55082702636719,0.06617963314056396,8.772089004516602,-170.848388671875,0.0673116147518158
1783010190.021462,0.0,0.0,10.0,-0.6591501235961914,51.55082702636719,0.06617963314056396,8.772089004516602,-170.848388671875,0.0673116147518158
1783010190.037311,0.0,0.0,10.0,-0.6591501235961914,51.55082702636719,0.06617963314056396,8.772089004516602,-170.848388671875,0.0673116147518158
1783010190.043307,0.0,0.0,10.0,-0.6591501235961914,51.55082702636719,0.06617963314056396,8.772089004516602,-170.848388671875,0.0673116147518158
1783010190.048633,0.0,0.0,10.0,-0.6591501235961914,51.55082702636719,0.06617963314056396,8.772089004516602,-170.848388671875,0.0673116147518158
1783010190.054998,0.0,0.0,10.0,-0.6591501235961914,51.55082702636719,0.06617963314056396,8.772089004516602,-170.848388671875,0.0673116147518158
1783010190.061111,0.0,0.0,10.0,-0.6591501235961914,51.55082702636719,0.06617963314056396,8.772089004516602,-170.848388671875,0.0673116147518158
1783010190.067072,0.0,0.0,10.0,-0.6591501235961914,51.55082702636719,0.06617963314056396,8.772089004516602,-170.848388671875,0.0673116147518158
1783010190.07344,0.0,0.0,10.0,-0.6587677597999573,51.55057144165039,0.06537667661905289,8.640775680541992,-170.452880859375,0.06852079927921295
1783010190.091646,0.0,0.0,10.0,-0.6587677597999573,51.55057144165039,0.06537667661905289,8.640775680541992,-170.452880859375,0.06852079927921295
1783010190.097824,0.0,0.0,10.0,-0.6587677597999573,51.55057144165039,0.06537667661905289,8.640775680541992,-170.452880859375,0.06852079927921295
1783010190.103802,0.0,0.0,10.0,-0.6587677597999573,51.55057144165039,0.06537667661905289,8.640775680541992,-170.452880859375,0.06852079927921295
1783010190.10952,0.0,0.0,10.0,-0.6587677597999573,51.55057144165039,0.06537667661905289,8.640775680541992,-170.452880859375,0.06852079927921295
1783010190.115917,0.0,0.0,10.0,-0.6579778790473938,51.55056381225586,0.06445266306400299,8.640775680541992,-170.452880859375,0.06852079927921295
1783010190.122511,0.0,0.0,10.0,-0.6579778790473938,51.55056381225586,0.06445266306400299,8.640775680541992,-170.452880859375,0.06852079927921295
1783010190.14115,0.0,0.0,10.0,-0.6579778790473938,51.55056381225586,0.06445266306400299,8.640775680541992,-170.452880859375,0.06852079927921295
1783010190.146515,0.0,0.0,10.0,-0.6579778790473938,51.55056381225586,0.06445266306400299,8.640775680541992,-170.452880859375,0.06852079927921295
1783010190.151844,0.0,0.0,10.0,-0.6579778790473938,51.55056381225586,0.06445266306400299,8.640775680541992,-170.452880859375,0.06852079927921295
1783010190.157312,0.0,0.0,10.0,-0.6579778790473938,51.55056381225586,0.06445266306400299,8.640775680541992,-170.452880859375,0.06852079927921295
1783010190.16297,0.0,0.0,10.0,-0.6573982238769531,51.5512809753418,0.06448673456907272,8.510625839233398,-170.057373046875,0.06831074506044388
1783010190.16952,0.0,0.0,10.0,-0.6573982238769531,51.5512809753418,0.06448673456907272,8.510625839233398,-170.057373046875,0.06831074506044388
1783010190.175804,0.0,0.0,10.0,-0.6573982238769531,51.5512809753418,0.06448673456907272,8.510625839233398,-170.057373046875,0.06831074506044388
1783010190.187311,0.0,0.0,10.0,-0.6573982238769531,51.5512809753418,0.06448673456907272,8.510625839233398,-170.057373046875,0.06831074506044388
1783010190.192591,0.0,0.0,10.0,-0.6573982238769531,51.5512809753418,0.06448673456907272,8.510625839233398,-170.057373046875,0.06831074506044388
1783010190.198372,0.0,0.0,10.0,-0.6573982238769531,51.5512809753418,0.06448673456907272,8.510625839233398,-170.057373046875,0.06831074506044388
1783010190.203644,0.0,0.0,10.0,-0.6573982238769531,51.5512809753418,0.06448673456907272,8.510625839233398,-170.057373046875,0.06831074506044388
1783010190.209815,0.0,0.0,10.0,-0.6573982238769531,51.5512809753418,0.06448673456907272,8.510625839233398,-170.057373046875,0.06831074506044388
1783010190.216116,0.0,0.0,10.0,-0.6582676768302917,51.55165481567383,0.06502742320299149,8.510625839233398,-170.057373046875,0.06831074506044388
1783010190.222031,0.0,0.0,10.0,-0.6582676768302917,51.55165481567383,0.06502742320299149,8.510625839233398,-170.057373046875,0.06831074506044388
1783010190.228618,0.0,0.0,10.0,-0.6582676768302917,51.55165481567383,0.06502742320299149,8.510625839233398,-170.057373046875,0.06831074506044388
1783010190.240572,0.0,0.0,10.0,-0.6582676768302917,51.55165481567383,0.06502742320299149,8.510625839233398,-170.057373046875,0.06831074506044388
1783010190.246147,0.0,0.0,10.0,-0.6582676768302917,51.55165481567383,0.06502742320299149,8.510625839233398,-170.057373046875,0.06831074506044388
1783010190.252043,0.0,0.0,10.0,-0.6582676768302917,51.55165481567383,0.06502742320299149,8.510625839233398,-170.057373046875,0.06831074506044388
1783010190.259241,0.0,0.0,10.0,-0.6582676768302917,51.55165481567383,0.06502742320299149,8.510625839233398,-170.057373046875,0.06831074506044388
1783010190.265084,0.0,0.0,10.0,-0.6578179001808167,51.551170349121094,0.0665527731180191,8.37964153289795,-169.661865234375,0.06974026560783386
1783010190.270461,0.0,0.0,10.0,-0.6578179001808167,51.551170349121094,0.0665527731180191,8.37964153289795,-169.661865234375,0.06974026560783386
1783010190.277099,0.0,0.0,10.0,-0.6578179001808167,51.551170349121094,0.0665527731180191,8.37964153289795,-169.661865234375,0.06974026560783386
1783010190.288896,0.0,0.0,10.0,-0.6578179001808167,51.551170349121094,0.0665527731180191,8.37964153289795,-169.661865234375,0.06974026560783386
1783010190.294654,0.0,0.0,10.0,-0.6578179001808167,51.551170349121094,0.0665527731180191,8.37964153289795,-169.661865234375,0.06974026560783386
1783010190.300271,0.0,0.0,10.0,-0.6578179001808167,51.551170349121094,0.0665527731180191,8.37964153289795,-169.661865234375,0.06974026560783386
1783010190.305772,0.0,0.0,10.0,-0.6578179001808167,51.551170349121094,0.0665527731180191,8.37964153289795,-169.661865234375,0.06974026560783386
1783010190.311361,0.0,0.0,10.0,-0.657055675983429,51.55084991455078,0.06667225807905197,8.37964153289795,-169.661865234375,0.06974026560783386
1783010190.316771,0.0,0.0,10.0,-0.657055675983429,51.55084991455078,0.06667225807905197,8.37964153289795,-169.661865234375,0.06974026560783386
1783010190.322886,0.0,0.0,10.0,-0.657055675983429,51.55084991455078,0.06667225807905197,8.37964153289795,-169.661865234375,0.06974026560783386
1783010190.328431,0.0,0.0,10.0,-0.657055675983429,51.55084991455078,0.06667225807905197,8.37964153289795,-169.661865234375,0.06974026560783386
1783010190.340337,0.0,0.0,10.0,-0.657055675983429,51.55084991455078,0.06667225807905197,8.37964153289795,-169.661865234375,0.06974026560783386
1783010190.34696,0.0,0.0,10.0,-0.657055675983429,51.55084991455078,0.06667225807905197,8.37964153289795,-169.661865234375,0.06974026560783386
1783010190.352194,0.0,0.0,10.0,-0.657055675983429,51.55084991455078,0.06667225807905197,8.37964153289795,-169.661865234375,0.06974026560783386
1783010190.357846,0.0,0.0,10.0,-0.657055675983429,51.55084991455078,0.06667225807905197,8.37964153289795,-169.661865234375,0.06974026560783386
1783010190.363388,0.0,0.0,10.0,-0.6568461060523987,51.550865173339844,0.06641542911529541,8.251895904541016,-169.288330078125,0.06926973164081573
1783010190.369919,0.0,0.0,10.0,-0.6568461060523987,51.550865173339844,0.06641542911529541,8.251895904541016,-169.288330078125,0.06926973164081573
1783010190.375949,0.0,0.0,10.0,-0.6568461060523987,51.550865173339844,0.06641542911529541,8.251895904541016,-169.288330078125,0.06926973164081573
1783010190.382488,0.0,0.0,10.0,-0.6568461060523987,51.550865173339844,0.06641542911529541,8.251895904541016,-169.288330078125,0.06926973164081573
1783010190.393881,0.0,0.0,10.0,-0.6568461060523987,51.550865173339844,0.06641542911529541,8.251895904541016,-169.288330078125,0.06926973164081573
1783010190.399288,0.0,0.0,10.0,-0.6568461060523987,51.550865173339844,0.06641542911529541,8.251895904541016,-169.288330078125,0.06926973164081573
1783010190.406014,0.0,0.0,10.0,-0.6568461060523987,51.550865173339844,0.06641542911529541,8.251895904541016,-169.288330078125,0.06926973164081573
1783010190.411723,0.0,0.0,10.0,-0.6562705039978027,51.55072021484375,0.06700826436281204,8.251895904541016,-169.288330078125,0.06926973164081573
1783010190.4173,0.0,0.0,10.0,-0.6562705039978027,51.55072021484375,0.06700826436281204,8.251895904541016,-169.288330078125,0.06926973164081573
1783010190.423012,0.0,0.0,10.0,-0.6562705039978027,51.55072021484375,0.06700826436281204,8.251895904541016,-169.288330078125,0.06926973164081573
1783010190.428363,0.0,0.0,10.0,-0.6562705039978027,51.55072021484375,0.06700826436281204,8.251895904541016,-169.288330078125,0.06926973164081573
1783010190.433958,0.0,0.0,10.0,-0.6562705039978027,51.55072021484375,0.06700826436281204,8.251895904541016,-169.288330078125,0.06926973164081573
1783010190.447483,0.0,0.0,10.0,-0.6562705039978027,51.55072021484375,0.06700826436281204,8.251895904541016,-169.288330078125,0.06926973164081573
1783010190.453542,0.0,0.0,10.0,-0.6562705039978027,51.55072021484375,0.06700826436281204,8.251895904541016,-169.288330078125,0.06926973164081573
1783010190.458897,0.0,0.0,10.0,-0.655677318572998,51.55233383178711,0.06649931520223618,8.251895904541016,-169.288330078125,0.06926973164081573
1783010190.464154,0.0,0.0,10.0,-0.655677318572998,51.55233383178711,0.06649931520223618,8.126314163208008,-168.892822265625,0.07030671834945679
1783010190.470137,0.0,0.0,10.0,-0.655677318572998,51.55233383178711,0.06649931520223618,8.126314163208008,-168.892822265625,0.07030671834945679
1783010190.475843,0.0,0.0,10.0,-0.655677318572998,51.55233383178711,0.06649931520223618,8.126314163208008,-168.892822265625,0.07030671834945679
1783010190.481373,0.0,0.0,10.0,-0.655677318572998,51.55233383178711,0.06649931520223618,8.126314163208008,-168.892822265625,0.07030671834945679
1783010190.493757,0.0,0.0,10.0,-0.655677318572998,51.55233383178711,0.06649931520223618,8.126314163208008,-168.892822265625,0.07030671834945679
1783010190.499404,0.0,0.0,10.0,-0.655677318572998,51.55233383178711,0.06649931520223618,8.126314163208008,-168.892822265625,0.07030671834945679
1783010190.505507,0.0,0.0,10.0,-0.655677318572998,51.55233383178711,0.06649931520223618,8.126314163208008,-168.892822265625,0.07030671834945679
1783010190.511408,0.0,0.0,10.0,-0.655677318572998,51.55233383178711,0.06649931520223618,8.126314163208008,-168.892822265625,0.07030671834945679
1783010190.517666,0.0,0.0,10.0,-0.6548964977264404,51.55496597290039,0.06587736308574677,8.126314163208008,-168.892822265625,0.07030671834945679
1783010190.523841,0.0,0.0,10.0,-0.6548964977264404,51.55496597290039,0.06587736308574677,8.126314163208008,-168.892822265625,0.07030671834945679
1783010190.529707,0.0,0.0,10.0,-0.6548964977264404,51.55496597290039,0.06587736308574677,8.126314163208008,-168.892822265625,0.07030671834945679
1783010190.535691,0.0,0.0,10.0,-0.6548964977264404,51.55496597290039,0.06587736308574677,8.126314163208008,-168.892822265625,0.07030671834945679
1783010190.545558,0.0,0.0,10.0,-0.6548964977264404,51.55496597290039,0.06587736308574677,8.126314163208008,-168.892822265625,0.07030671834945679
1783010190.55099,0.0,0.0,10.0,-0.6548964977264404,51.55496597290039,0.06587736308574677,8.126314163208008,-168.892822265625,0.07030671834945679
1783010190.558455,0.0,0.0,10.0,-0.6548964977264404,51.55496597290039,0.06587736308574677,8.126314163208008,-168.892822265625,0.07030671834945679
1783010190.563776,0.0,0.0,10.0,-0.6545162796974182,51.555789947509766,0.06604181230068207,8.004802703857422,-168.497314453125,0.07028543949127197
1783010190.569084,0.0,0.0,10.0,-0.6545162796974182,51.555789947509766,0.06604181230068207,8.004802703857422,-168.497314453125,0.07028543949127197
1783010190.575067,0.0,0.0,10.0,-0.6545162796974182,51.555789947509766,0.06604181230068207,8.004802703857422,-168.497314453125,0.07028543949127197
1783010190.58213,0.0,0.0,10.0,-0.6545162796974182,51.555789947509766,0.06604181230068207,8.004802703857422,-168.497314453125,0.07028543949127197
1783010190.587982,0.0,0.0,10.0,-0.6545162796974182,51.555789947509766,0.06604181230068207,8.004802703857422,-168.497314453125,0.07028543949127197
1783010190.602353,0.0,0.0,10.0,-0.6545162796974182,51.555789947509766,0.06604181230068207,8.004802703857422,-168.497314453125,0.07028543949127197
1783010190.60798,0.0,0.0,10.0,-0.6545162796974182,51.555789947509766,0.06604181230068207,8.004802703857422,-168.497314453125,0.07028543949127197
1783010190.61541,0.0,0.0,10.0,-0.6564646363258362,51.556941986083984,0.06571149826049805,8.004802703857422,-168.497314453125,0.07028543949127197
1783010190.620636,0.0,0.0,10.0,-0.6564646363258362,51.556941986083984,0.06571149826049805,8.004802703857422,-168.497314453125,0.07028543949127197
1783010190.625997,0.0,0.0,10.0,-0.6564646363258362,51.556941986083984,0.06571149826049805,8.004802703857422,-168.497314453125,0.07028543949127197
1783010190.631327,0.0,0.0,10.0,-0.6564646363258362,51.556941986083984,0.06571149826049805,8.004802703857422,-168.497314453125,0.07028543949127197
1783010190.636886,0.0,0.0,10.0,-0.6564646363258362,51.556941986083984,0.06571149826049805,8.004802703857422,-168.497314453125,0.07028543949127197
1783010190.647577,0.0,0.0,10.0,-0.6564646363258362,51.556941986083984,0.06571149826049805,8.004802703857422,-168.497314453125,0.07028543949127197
1783010190.653356,0.0,0.0,10.0,-0.6564646363258362,51.556941986083984,0.06571149826049805,8.004802703857422,-168.497314453125,0.07028543949127197
1783010190.658825,0.0,0.0,10.0,-0.6564646363258362,51.556941986083984,0.06571149826049805,8.004802703857422,-168.497314453125,0.07028543949127197
1783010190.666381,0.0,0.0,10.0,-0.6553640365600586,51.55693054199219,0.06608651578426361,7.887260913848877,-168.057861328125,0.07132384181022644
1783010190.672903,0.0,0.0,10.0,-0.6553640365600586,51.55693054199219,0.06608651578426361,7.887260913848877,-168.057861328125,0.07132384181022644
1783010190.679653,0.0,0.0,10.0,-0.6553640365600586,51.55693054199219,0.06608651578426361,7.887260913848877,-168.057861328125,0.07132384181022644
1783010190.685003,0.0,0.0,10.0,-0.6553640365600586,51.55693054199219,0.06608651578426361,7.887260913848877,-168.057861328125,0.07132384181022644
1783010190.691396,0.0,0.0,10.0,-0.6553640365600586,51.55693054199219,0.06608651578426361,7.887260913848877,-168.057861328125,0.07132384181022644
1783010190.701835,0.0,0.0,10.0,-0.6553640365600586,51.55693054199219,0.06608651578426361,7.887260913848877,-168.057861328125,0.07132384181022644
1783010190.707085,0.0,0.0,10.0,-0.6553640365600586,51.55693054199219,0.06608651578426361,7.887260913848877,-168.057861328125,0.07132384181022644
1783010190.712758,0.0,0.0,10.0,-0.6542033553123474,51.558170318603516,0.06536868959665298,7.887260913848877,-168.057861328125,0.07132384181022644
1783010190.71831,0.0,0.0,10.0,-0.6542033553123474,51.558170318603516,0.06536868959665298,7.887260913848877,-168.057861328125,0.07132384181022644
1783010190.723814,0.0,0.0,10.0,-0.6542033553123474,51.558170318603516,0.06536868959665298,7.887260913848877,-168.057861328125,0.07132384181022644
1783010190.729598,0.0,0.0,10.0,-0.6542033553123474,51.558170318603516,0.06536868959665298,7.887260913848877,-168.057861328125,0.07132384181022644
1783010190.735343,0.0,0.0,10.0,-0.6542033553123474,51.558170318603516,0.06536868959665298,7.887260913848877,-168.057861328125,0.07132384181022644
1783010190.742346,0.0,0.0,10.0,-0.6542033553123474,51.558170318603516,0.06536868959665298,7.887260913848877,-168.057861328125,0.07132384181022644
1783010190.754948,0.0,0.0,10.0,-0.6542033553123474,51.558170318603516,0.06536868959665298,7.887260913848877,-168.057861328125,0.07132384181022644
1783010190.761611,0.0,0.0,10.0,-0.6549975275993347,51.55830764770508,0.06452713161706924,7.887260913848877,-168.057861328125,0.07132384181022644
1783010190.767614,0.0,0.0,10.0,-0.6549975275993347,51.55830764770508,0.06452713161706924,7.759491443634033,-167.706298828125,0.07163442671298981
1783010190.773443,0.0,0.0,10.0,-0.6549975275993347,51.55830764770508,0.06452713161706924,7.759491443634033,-167.706298828125,0.07163442671298981
1783010190.780017,0.0,0.0,10.0,-0.6549975275993347,51.55830764770508,0.06452713161706924,7.759491443634033,-167.706298828125,0.07163442671298981
1783010190.785518,0.0,0.0,10.0,-0.6549975275993347,51.55830764770508,0.06452713161706924,7.759491443634033,-167.706298828125,0.07163442671298981
1783010190.790936,0.0,0.0,10.0,-0.6549975275993347,51.55830764770508,0.06452713161706924,7.759491443634033,-167.706298828125,0.07163442671298981
1783010190.809425,0.0,0.0,10.0,-0.6549975275993347,51.55830764770508,0.06452713161706924,7.759491443634033,-167.706298828125,0.07163442671298981
1783010190.815987,0.0,0.0,10.0,-0.6553317308425903,51.55807113647461,0.06521153450012207,7.759491443634033,-167.706298828125,0.07163442671298981
1783010190.821798,0.0,0.0,10.0,-0.6553317308425903,51.55807113647461,0.06521153450012207,7.759491443634033,-167.706298828125,0.07163442671298981
1783010190.828492,0.0,0.0,10.0,-0.6553317308425903,51.55807113647461,0.06521153450012207,7.759491443634033,-167.706298828125,0.07163442671298981
1783010190.834035,0.0,0.0,10.0,-0.6553317308425903,51.55807113647461,0.06521153450012207,7.759491443634033,-167.706298828125,0.07163442671298981
1783010190.840091,0.0,0.0,10.0,-0.6553317308425903,51.55807113647461,0.06521153450012207,7.759491443634033,-167.706298828125,0.07163442671298981
1783010190.846069,0.0,0.0,10.0,-0.6553317308425903,51.55807113647461,0.06521153450012207,7.759491443634033,-167.706298828125,0.07163442671298981
1783010190.856191,0.0,0.0,10.0,-0.6553317308425903,51.55807113647461,0.06521153450012207,7.759491443634033,-167.706298828125,0.07163442671298981
1783010190.862123,0.0,0.0,10.0,-0.6554433703422546,51.5589485168457,0.06515876203775406,7.759491443634033,-167.706298828125,0.07163442671298981
1783010190.869067,0.0,0.0,10.0,-0.6554433703422546,51.5589485168457,0.06515876203775406,7.631394863128662,-167.266845703125,0.07181086391210556
1783010190.875166,0.0,0.0,10.0,-0.6554433703422546,51.5589485168457,0.06515876203775406,7.631394863128662,-167.266845703125,0.07181086391210556
1783010190.881208,0.0,0.0,10.0,-0.6554433703422546,51.5589485168457,0.06515876203775406,7.631394863128662,-167.266845703125,0.07181086391210556
1783010190.888749,0.0,0.0,10.0,-0.6554433703422546,51.5589485168457,0.06515876203775406,7.631394863128662,-167.266845703125,0.07181086391210556
1783010190.894723,0.0,0.0,10.0,-0.6554433703422546,51.5589485168457,0.06515876203775406,7.631394863128662,-167.266845703125,0.07181086391210556
1783010190.913872,0.0,0.0,10.0,-0.6554433703422546,51.5589485168457,0.06515876203775406,7.631394863128662,-167.266845703125,0.07181086391210556
1783010190.920263,0.0,0.0,10.0,-0.6537064909934998,51.559181213378906,0.06528154015541077,7.631394863128662,-167.266845703125,0.07181086391210556
1783010190.925643,0.0,0.0,10.0,-0.6537064909934998,51.559181213378906,0.06528154015541077,7.631394863128662,-167.266845703125,0.07181086391210556
1783010190.930857,0.0,0.0,10.0,-0.6537064909934998,51.559181213378906,0.06528154015541077,7.631394863128662,-167.266845703125,0.07181086391210556
1783010190.936605,0.0,0.0,10.0,-0.6537064909934998,51.559181213378906,0.06528154015541077,7.631394863128662,-167.266845703125,0.07181086391210556
1783010190.977556,0.0,0.0,10.0,-0.6537064909934998,51.559181213378906,0.06528154015541077,7.631394863128662,-167.266845703125,0.07181086391210556
1783010190.984912,0.0,0.0,10.0,-0.6537064909934998,51.559181213378906,0.06528154015541077,7.631394863128662,-167.266845703125,0.07181086391210556
1783010190.990901,0.0,0.0,10.0,-0.6546626091003418,51.55957794189453,0.06499651074409485,7.501134395599365,-166.827392578125,0.07249677926301956
1783010190.996617,0.0,0.0,10.0,-0.6546626091003418,51.55957794189453,0.06499651074409485,7.501134395599365,-166.827392578125,0.07249677926301956
1783010191.003169,0.0,0.0,10.0,-0.6546626091003418,51.55957794189453,0.06499651074409485,7.501134395599365,-166.827392578125,0.07249677926301956
1783010191.014805,0.0,0.0,10.0,-0.6546626091003418,51.55957794189453,0.06499651074409485,7.501134395599365,-166.827392578125,0.07249677926301956
1783010191.020425,0.0,0.0,10.0,-0.6545872092247009,51.56100082397461,0.0648948922753334,7.501134395599365,-166.827392578125,0.07249677926301956
1783010191.026366,0.0,0.0,10.0,-0.6545872092247009,51.56100082397461,0.0648948922753334,7.501134395599365,-166.827392578125,0.07249677926301956
1783010191.032223,0.0,0.0,10.0,-0.6545872092247009,51.56100082397461,0.0648948922753334,7.501134395599365,-166.827392578125,0.07249677926301956
1783010191.042349,0.0,0.0,10.0,-0.6545872092247009,51.56100082397461,0.0648948922753334,7.501134395599365,-166.827392578125,0.07249677926301956
1783010191.048008,0.0,0.0,10.0,-0.6545872092247009,51.56100082397461,0.0648948922753334,7.501134395599365,-166.827392578125,0.07249677926301956
1783010191.054258,0.0,0.0,10.0,-0.6545872092247009,51.56100082397461,0.0648948922753334,7.501134395599365,-166.827392578125,0.07249677926301956
1783010191.059645,0.0,0.0,10.0,-0.6541211605072021,51.56126022338867,0.06350506842136383,7.501134395599365,-166.827392578125,0.07249677926301956
1783010191.065347,0.0,0.0,10.0,-0.6541211605072021,51.56126022338867,0.06350506842136383,7.501134395599365,-166.827392578125,0.07249677926301956
1783010191.07086,0.0,0.0,10.0,-0.6541211605072021,51.56126022338867,0.06350506842136383,7.372519016265869,-166.475830078125,0.07293584197759628
1783010191.076905,0.0,0.0,10.0,-0.6541211605072021,51.56126022338867,0.06350506842136383,7.372519016265869,-166.475830078125,0.07293584197759628
1783010191.082963,0.0,0.0,10.0,-0.6541211605072021,51.56126022338867,0.06350506842136383,7.372519016265869,-166.475830078125,0.07293584197759628
1783010191.093515,0.0,0.0,10.0,-0.6541211605072021,51.56126022338867,0.06350506842136383,7.372519016265869,-166.475830078125,0.07293584197759628
1783010191.099907,0.0,0.0,10.0,-0.6541211605072021,51.56126022338867,0.06350506842136383,7.372519016265869,-166.475830078125,0.07293584197759628
1783010191.10612,0.0,0.0,10.0,-0.6541211605072021,51.56126022338867,0.06350506842136383,7.372519016265869,-166.475830078125,0.07293584197759628
1783010191.112042,0.0,0.0,10.0,-0.6547188758850098,51.561214447021484,0.06329178065061569,7.372519016265869,-166.475830078125,0.07293584197759628
1783010191.118662,0.0,0.0,10.0,-0.6547188758850098,51.561214447021484,0.06329178065061569,7.372519016265869,-166.475830078125,0.07293584197759628
1783010191.123818,0.0,0.0,10.0,-0.6547188758850098,51.561214447021484,0.06329178065061569,7.372519016265869,-166.475830078125,0.07293584197759628
1783010191.129952,0.0,0.0,10.0,-0.6547188758850098,51.561214447021484,0.06329178065061569,7.372519016265869,-166.475830078125,0.07293584197759628
1783010191.136248,0.0,0.0,10.0,-0.6547188758850098,51.561214447021484,0.06329178065061569,7.372519016265869,-166.475830078125,0.07293584197759628
1783010191.150475,0.0,0.0,10.0,-0.6547188758850098,51.561214447021484,0.06329178065061569,7.372519016265869,-166.475830078125,0.07293584197759628
1783010191.157342,0.0,0.0,10.0,-0.6547188758850098,51.561214447021484,0.06329178065061569,7.372519016265869,-166.475830078125,0.07293584197759628
1783010191.163924,0.0,0.0,10.0,-0.6565869450569153,51.56227493286133,0.06314176321029663,7.372519016265869,-166.475830078125,0.07293584197759628
1783010191.169927,0.0,0.0,10.0,-0.6565869450569153,51.56227493286133,0.06314176321029663,7.270730495452881,-166.080322265625,0.07328907400369644
1783010191.175929,0.0,0.0,10.0,-0.6565869450569153,51.56227493286133,0.06314176321029663,7.270730495452881,-166.080322265625,0.07328907400369644
1783010191.181859,0.0,0.0,10.0,-0.6565869450569153,51.56227493286133,0.06314176321029663,7.270730495452881,-166.080322265625,0.07328907400369644
1783010191.188467,0.0,0.0,10.0,-0.6565869450569153,51.56227493286133,0.06314176321029663,7.270730495452881,-166.080322265625,0.07328907400369644
1783010191.205211,0.0,0.0,10.0,-0.6565869450569153,51.56227493286133,0.06314176321029663,7.270730495452881,-166.080322265625,0.07328907400369644
1783010191.210845,0.0,0.0,10.0,-0.6565869450569153,51.56227493286133,0.06314176321029663,7.270730495452881,-166.080322265625,0.07328907400369644
1783010191.21765,0.0,0.0,10.0,-0.6567181944847107,51.56364822387695,0.06288284808397293,7.270730495452881,-166.080322265625,0.07328907400369644
1783010191.222977,0.0,0.0,10.0,-0.6567181944847107,51.56364822387695,0.06288284808397293,7.270730495452881,-166.080322265625,0.07328907400369644
1783010191.228274,0.0,0.0,10.0,-0.6567181944847107,51.56364822387695,0.06288284808397293,7.270730495452881,-166.080322265625,0.07328907400369644
1783010191.235339,0.0,0.0,10.0,-0.6567181944847107,51.56364822387695,0.06288284808397293,7.270730495452881,-166.080322265625,0.07328907400369644
1783010191.254326,0.0,0.0,10.0,-0.6567181944847107,51.56364822387695,0.06288284808397293,7.270730495452881,-166.080322265625,0.07328907400369644
1783010191.260051,0.0,0.0,10.0,-0.6560949087142944,51.565879821777344,0.06284931302070618,7.270730495452881,-166.080322265625,0.07328907400369644
1783010191.265418,0.0,0.0,10.0,-0.6560949087142944,51.565879821777344,0.06284931302070618,7.270730495452881,-166.080322265625,0.07328907400369644
1783010191.271435,0.0,0.0,10.0,-0.6560949087142944,51.565879821777344,0.06284931302070618,7.290348052978516,-165.904541015625,0.0730978399515152
1783010191.277109,0.0,0.0,10.0,-0.6560949087142944,51.565879821777344,0.06284931302070618,7.290348052978516,-165.904541015625,0.0730978399515152
1783010191.283553,0.0,0.0,10.0,-0.6560949087142944,51.565879821777344,0.06284931302070618,7.290348052978516,-165.904541015625,0.0730978399515152
1783010191.289667,0.0,0.0,10.0,-0.6560949087142944,51.565879821777344,0.06284931302070618,7.290348052978516,-165.904541015625,0.0730978399515152
1783010191.309982,0.0,0.0,10.0,-0.6560949087142944,51.565879821777344,0.06284931302070618,7.290348052978516,-165.904541015625,0.0730978399515152
1783010191.316246,0.0,0.0,10.0,-0.6551503539085388,51.567222595214844,0.062296077609062195,7.290348052978516,-165.904541015625,0.0730978399515152
1783010191.321808,0.0,0.0,10.0,-0.6551503539085388,51.567222595214844,0.062296077609062195,7.290348052978516,-165.904541015625,0.0730978399515152
1783010191.328323,0.0,0.0,10.0,-0.6551503539085388,51.567222595214844,0.062296077609062195,7.290348052978516,-165.904541015625,0.0730978399515152
1783010191.334866,0.0,0.0,10.0,-0.6551503539085388,51.567222595214844,0.062296077609062195,7.290348052978516,-165.904541015625,0.0730978399515152
1783010191.340404,0.0,0.0,10.0,-0.6551503539085388,51.567222595214844,0.062296077609062195,7.290348052978516,-165.904541015625,0.0730978399515152
1783010191.35792,0.0,0.0,10.0,-0.6551503539085388,51.567222595214844,0.062296077609062195,7.290348052978516,-165.904541015625,0.0730978399515152
1783010191.364209,0.0,0.0,10.0,-0.6552672386169434,51.568145751953125,0.062052223831415176,7.290348052978516,-165.904541015625,0.0730978399515152
1783010191.370596,0.0,0.0,10.0,-0.6552672386169434,51.568145751953125,0.062052223831415176,7.290348052978516,-165.904541015625,0.0730978399515152
1783010191.376832,0.0,0.0,10.0,-0.6552672386169434,51.568145751953125,0.062052223831415176,7.3053131103515625,-165.860595703125,0.07338839024305344
1783010191.38337,0.0,0.0,10.0,-0.6552672386169434,51.568145751953125,0.062052223831415176,7.3053131103515625,-165.860595703125,0.07338839024305344
1783010191.389661,0.0,0.0,10.0,-0.6552672386169434,51.568145751953125,0.062052223831415176,7.3053131103515625,-165.860595703125,0.07338839024305344
1783010191.412768,0.0,0.0,10.0,-0.6552672386169434,51.568145751953125,0.062052223831415176,7.3053131103515625,-165.860595703125,0.07338839024305344
1783010191.418087,0.0,0.0,10.0,-0.6540634036064148,51.569339752197266,0.06250205636024475,7.3053131103515625,-165.860595703125,0.07338839024305344
1783010191.4238,0.0,0.0,10.0,-0.6540634036064148,51.569339752197266,0.06250205636024475,7.3053131103515625,-165.860595703125,0.07338839024305344
1783010191.429977,0.0,0.0,10.0,-0.6540634036064148,51.569339752197266,0.06250205636024475,7.3053131103515625,-165.860595703125,0.07338839024305344
1783010191.435865,0.0,0.0,10.0,-0.6540634036064148,51.569339752197266,0.06250205636024475,7.3053131103515625,-165.860595703125,0.07338839024305344
1783010191.44237,0.0,0.0,10.0,-0.6540634036064148,51.569339752197266,0.06250205636024475,7.3053131103515625,-165.860595703125,0.07338839024305344
1783010191.463411,0.0,0.0,10.0,-0.6540634036064148,51.569339752197266,0.06250205636024475,7.3053131103515625,-165.860595703125,0.07338839024305344
1783010191.470383,0.0,0.0,10.0,-0.6546483635902405,51.57131576538086,0.06237342953681946,7.3053131103515625,-165.860595703125,0.07338839024305344
1783010191.47607,0.0,0.0,10.0,-0.6546483635902405,51.57131576538086,0.06237342953681946,7.3368635177612305,-165.948486328125,0.07446581870317459
1783010191.482178,0.0,0.0,10.0,-0.6546483635902405,51.57131576538086,0.06237342953681946,7.3368635177612305,-165.948486328125,0.07446581870317459
1783010191.488657,0.0,0.0,10.0,-0.6546483635902405,51.57131576538086,0.06237342953681946,7.3368635177612305,-165.948486328125,0.07446581870317459
1783010191.494713,0.0,0.0,10.0,-0.6546483635902405,51.57131576538086,0.06237342953681946,7.3368635177612305,-165.948486328125,0.07446581870317459
1783010191.514445,0.0,0.0,10.0,-0.6546483635902405,51.57131576538086,0.06237342953681946,7.3368635177612305,-165.948486328125,0.07446581870317459
1783010191.520371,0.0,0.0,10.0,-0.6543945074081421,51.57255172729492,0.06195216625928879,7.3368635177612305,-165.948486328125,0.07446581870317459
1783010191.525894,0.0,0.0,10.0,-0.6543945074081421,51.57255172729492,0.06195216625928879,7.3368635177612305,-165.948486328125,0.07446581870317459
1783010191.531434,0.0,0.0,10.0,-0.6543945074081421,51.57255172729492,0.06195216625928879,7.3368635177612305,-165.948486328125,0.07446581870317459
1783010191.53741,0.0,0.0,10.0,-0.6543945074081421,51.57255172729492,0.06195216625928879,7.3368635177612305,-165.948486328125,0.07446581870317459
1783010191.542966,0.0,0.0,10.0,-0.6543945074081421,51.57255172729492,0.06195216625928879,7.3368635177612305,-165.948486328125,0.07446581870317459
1783010191.549582,0.0,0.0,10.0,-0.6543945074081421,51.57255172729492,0.06195216625928879,7.3368635177612305,-165.948486328125,0.07446581870317459
1783010191.565368,0.0,0.0,10.0,-0.6543945074081421,51.57255172729492,0.06195216625928879,7.3368635177612305,-165.948486328125,0.07446581870317459
1783010191.571721,0.0,0.0,10.0,-0.6536839604377747,51.57352066040039,0.0606081485748291,7.3368635177612305,-165.948486328125,0.07446581870317459
1783010191.577133,0.0,0.0,10.0,-0.6536839604377747,51.57352066040039,0.0606081485748291,7.372003555297852,-165.926513671875,0.07406050711870193
1783010191.58316,0.0,0.0,10.0,-0.6536839604377747,51.57352066040039,0.0606081485748291,7.372003555297852,-165.926513671875,0.07406050711870193
1783010191.590221,0.0,0.0,10.0,-0.6536839604377747,51.57352066040039,0.0606081485748291,7.372003555297852,-165.926513671875,0.07406050711870193
1783010191.597457,0.0,0.0,10.0,-0.6536839604377747,51.57352066040039,0.0606081485748291,7.372003555297852,-165.926513671875,0.07406050711870193
1783010191.61668,0.0,0.0,10.0,-0.6536839604377747,51.57352066040039,0.0606081485748291,7.372003555297852,-165.926513671875,0.07406050711870193
1783010191.622277,0.0,0.0,10.0,-0.6525269150733948,51.576045989990234,0.05967459827661514,7.372003555297852,-165.926513671875,0.07406050711870193
1783010191.628411,0.0,0.0,10.0,-0.6525269150733948,51.576045989990234,0.05967459827661514,7.372003555297852,-165.926513671875,0.07406050711870193
1783010191.634989,0.0,0.0,10.0,-0.6525269150733948,51.576045989990234,0.05967459827661514,7.372003555297852,-165.926513671875,0.07406050711870193
1783010191.640254,0.0,0.0,10.0,-0.6525269150733948,51.576045989990234,0.05967459827661514,7.372003555297852,-165.926513671875,0.07406050711870193
1783010191.646321,0.0,0.0,10.0,-0.6525269150733948,51.576045989990234,0.05967459827661514,7.372003555297852,-165.926513671875,0.07406050711870193
1783010191.652262,0.0,0.0,10.0,-0.6525269150733948,51.576045989990234,0.05967459827661514,7.372003555297852,-165.926513671875,0.07406050711870193
1783010191.669643,0.0,0.0,10.0,-0.6525269150733948,51.576045989990234,0.05967459827661514,7.372003555297852,-165.926513671875,0.07406050711870193
1783010191.675599,0.0,0.0,10.0,-0.6516048908233643,51.576438903808594,0.05942041426897049,7.41102933883667,-166.058349609375,0.0747702419757843
1783010191.68267,0.0,0.0,10.0,-0.6516048908233643,51.576438903808594,0.05942041426897049,7.41102933883667,-166.058349609375,0.0747702419757843
1783010191.688737,0.0,0.0,10.0,-0.6516048908233643,51.576438903808594,0.05942041426897049,7.41102933883667,-166.058349609375,0.0747702419757843
1783010191.701166,0.0,0.0,10.0,-0.6516048908233643,51.576438903808594,0.05942041426897049,7.41102933883667,-166.058349609375,0.0747702419757843
1783010191.709788,0.0,0.0,10.0,-0.6516048908233643,51.576438903808594,0.05942041426897049,7.41102933883667,-166.058349609375,0.0747702419757843
1783010191.731023,0.0,0.0,10.0,-0.6511417031288147,51.576175689697266,0.05813686549663544,7.41102933883667,-166.058349609375,0.0747702419757843
1783010191.737199,0.0,0.0,10.0,-0.6511417031288147,51.576175689697266,0.05813686549663544,7.41102933883667,-166.058349609375,0.0747702419757843
1783010191.742755,0.0,0.0,10.0,-0.6511417031288147,51.576175689697266,0.05813686549663544,7.41102933883667,-166.058349609375,0.0747702419757843
1783010191.748765,0.0,0.0,10.0,-0.6511417031288147,51.576175689697266,0.05813686549663544,7.41102933883667,-166.058349609375,0.0747702419757843
1783010191.754799,0.0,0.0,10.0,-0.6511417031288147,51.576175689697266,0.05813686549663544,7.41102933883667,-166.058349609375,0.0747702419757843
1783010191.773858,0.0,0.0,10.0,-0.6511417031288147,51.576175689697266,0.05813686549663544,7.41102933883667,-166.058349609375,0.0747702419757843
1783010191.779476,0.0,0.0,10.0,-0.6508002281188965,51.575862884521484,0.05829208716750145,7.4481201171875,-166.124267578125,0.07508279383182526
1783010191.785025,0.0,0.0,10.0,-0.6508002281188965,51.575862884521484,0.05829208716750145,7.4481201171875,-166.124267578125,0.07508279383182526
1783010191.790601,0.0,0.0,10.0,-0.6508002281188965,51.575862884521484,0.05829208716750145,7.4481201171875,-166.124267578125,0.07508279383182526
1783010191.797671,0.0,0.0,10.0,-0.6508002281188965,51.575862884521484,0.05829208716750145,7.4481201171875,-166.124267578125,0.07508279383182526
1783010191.804133,0.0,0.0,10.0,-0.6508002281188965,51.575862884521484,0.05829208716750145,7.4481201171875,-166.124267578125,0.07508279383182526
1783010191.809348,0.0,0.0,10.0,-0.6508002281188965,51.575862884521484,0.05829208716750145,7.4481201171875,-166.124267578125,0.07508279383182526
1783010191.827991,0.0,0.0,10.0,-0.6505894064903259,51.57596969604492,0.05939594283699989,7.4481201171875,-166.124267578125,0.07508279383182526
1783010191.834002,0.0,0.0,10.0,-0.6505894064903259,51.57596969604492,0.05939594283699989,7.4481201171875,-166.124267578125,0.07508279383182526
1783010191.839295,0.0,0.0,10.0,-0.6505894064903259,51.57596969604492,0.05939594283699989,7.4481201171875,-166.124267578125,0.07508279383182526
1783010191.84529,0.0,0.0,10.0,-0.6505894064903259,51.57596969604492,0.05939594283699989,7.4481201171875,-166.124267578125,0.07508279383182526
1783010191.851446,0.0,0.0,10.0,-0.6505894064903259,51.57596969604492,0.05939594283699989,7.4481201171875,-166.124267578125,0.07508279383182526
1783010191.857201,0.0,0.0,10.0,-0.6505894064903259,51.57596969604492,0.05939594283699989,7.4481201171875,-166.124267578125,0.07508279383182526
1783010191.863618,0.0,0.0,10.0,-0.6504276990890503,51.575897216796875,0.05937499180436134,7.4481201171875,-166.124267578125,0.07508279383182526
1783010191.883359,0.0,0.0,10.0,-0.6504276990890503,51.575897216796875,0.05937499180436134,7.4481201171875,-166.124267578125,0.07508279383182526
1783010191.888652,0.0,0.0,10.0,-0.6504276990890503,51.575897216796875,0.05937499180436134,7.488565444946289,-166.168212890625,0.07492054998874664
1783010191.894101,0.0,0.0,10.0,-0.6504276990890503,51.575897216796875,0.05937499180436134,7.488565444946289,-166.168212890625,0.07492054998874664
1783010191.899832,0.0,0.0,10.0,-0.6504276990890503,51.575897216796875,0.05937499180436134,7.488565444946289,-166.168212890625,0.07492054998874664
1783010191.906593,0.0,0.0,10.0,-0.6504276990890503,51.575897216796875,0.05937499180436134,7.488565444946289,-166.168212890625,0.07492054998874664
1783010191.912746,0.0,0.0,10.0,-0.6504276990890503,51.575897216796875,0.05937499180436134,7.488565444946289,-166.168212890625,0.07492054998874664
1783010191.93397,0.0,0.0,10.0,-0.6504052877426147,51.57672882080078,0.058480363339185715,7.488565444946289,-166.168212890625,0.07492054998874664
1783010191.939212,0.0,0.0,10.0,-0.6504052877426147,51.57672882080078,0.058480363339185715,7.488565444946289,-166.168212890625,0.07492054998874664
1783010191.944663,0.0,0.0,10.0,-0.6504052877426147,51.57672882080078,0.058480363339185715,7.488565444946289,-166.168212890625,0.07492054998874664
1783010191.95127,0.0,0.0,10.0,-0.6504052877426147,51.57672882080078,0.058480363339185715,7.488565444946289,-166.168212890625,0.07492054998874664
1783010191.957121,0.0,0.0,10.0,-0.6504052877426147,51.57672882080078,0.058480363339185715,7.488565444946289,-166.168212890625,0.07492054998874664
1783010191.963357,0.0,0.0,10.0,-0.6500803828239441,51.576717376708984,0.058258023113012314,7.488565444946289,-166.168212890625,0.07492054998874664
1783010191.981868,0.0,0.0,10.0,-0.6500803828239441,51.576717376708984,0.058258023113012314,7.488565444946289,-166.168212890625,0.07492054998874664
1783010191.98851,0.0,0.0,10.0,-0.6500803828239441,51.576717376708984,0.058258023113012314,7.528039932250977,-166.234130859375,0.07590692490339279
1783010191.994032,0.0,0.0,10.0,-0.6500803828239441,51.576717376708984,0.058258023113012314,7.528039932250977,-166.234130859375,0.07590692490339279
1783010191.999581,0.0,0.0,10.0,-0.6500803828239441,51.576717376708984,0.058258023113012314,7.528039932250977,-166.234130859375,0.07590692490339279
1783010192.00688,0.0,0.0,10.0,-0.6500803828239441,51.576717376708984,0.058258023113012314,7.528039932250977,-166.234130859375,0.07590692490339279
1783010192.012414,0.0,0.0,10.0,-0.6491512060165405,51.577308654785156,0.05790042504668236,7.528039932250977,-166.234130859375,0.07590692490339279
1783010192.019756,0.0,0.0,10.0,-0.6491512060165405,51.577308654785156,0.05790042504668236,7.528039932250977,-166.234130859375,0.07590692490339279
1783010192.03714,0.0,0.0,10.0,-0.6491512060165405,51.577308654785156,0.05790042504668236,7.528039932250977,-166.234130859375,0.07590692490339279
1783010192.042826,0.0,0.0,10.0,-0.6491512060165405,51.577308654785156,0.05790042504668236,7.528039932250977,-166.234130859375,0.07590692490339279
1783010192.048605,0.0,0.0,10.0,-0.6491512060165405,51.577308654785156,0.05790042504668236,7.528039932250977,-166.234130859375,0.07590692490339279
1783010192.054529,0.0,0.0,10.0,-0.6491512060165405,51.577308654785156,0.05790042504668236,7.528039932250977,-166.234130859375,0.07590692490339279
1783010192.059783,0.0,0.0,10.0,-0.6479159593582153,51.576881408691406,0.05907430127263069,7.528039932250977,-166.234130859375,0.07590692490339279
1783010192.065776,0.0,0.0,10.0,-0.6479159593582153,51.576881408691406,0.05907430127263069,7.528039932250977,-166.234130859375,0.07590692490339279
1783010192.0725,0.0,0.0,10.0,-0.6479159593582153,51.576881408691406,0.05907430127263069,7.528039932250977,-166.234130859375,0.07590692490339279
1783010192.087904,0.0,0.0,10.0,-0.6479159593582153,51.576881408691406,0.05907430127263069,7.528039932250977,-166.234130859375,0.07590692490339279
1783010192.093326,0.0,0.0,10.0,-0.6479159593582153,51.576881408691406,0.05907430127263069,7.5692596435546875,-166.278076171875,0.07565551996231079
1783010192.099381,0.0,0.0,10.0,-0.6479159593582153,51.576881408691406,0.05907430127263069,7.5692596435546875,-166.278076171875,0.07565551996231079
1783010192.105368,0.0,0.0,10.0,-0.6479159593582153,51.576881408691406,0.05907430127263069,7.5692596435546875,-166.278076171875,0.07565551996231079
1783010192.110843,0.0,0.0,10.0,-0.6474859118461609,51.576881408691406,0.05928502976894379,7.5692596435546875,-166.278076171875,0.07565551996231079
1783010192.116928,0.0,0.0,10.0,-0.6474859118461609,51.576881408691406,0.05928502976894379,7.5692596435546875,-166.278076171875,0.07565551996231079
1783010192.12366,0.0,0.0,10.0,-0.6474859118461609,51.576881408691406,0.05928502976894379,7.5692596435546875,-166.278076171875,0.07565551996231079
1783010192.139985,0.0,0.0,10.0,-0.6474859118461609,51.576881408691406,0.05928502976894379,7.5692596435546875,-166.278076171875,0.07565551996231079
1783010192.14718,0.0,0.0,10.0,-0.6474859118461609,51.576881408691406,0.05928502976894379,7.5692596435546875,-166.278076171875,0.07565551996231079
1783010192.152598,0.0,0.0,10.0,-0.6474859118461609,51.576881408691406,0.05928502976894379,7.5692596435546875,-166.278076171875,0.07565551996231079
1783010192.160193,0.0,0.0,10.0,-0.6474859118461609,51.576881408691406,0.05928502976894379,7.5692596435546875,-166.278076171875,0.07565551996231079
1783010192.166167,0.0,0.0,10.0,-0.6470327973365784,51.576717376708984,0.058943815529346466,7.5692596435546875,-166.278076171875,0.07565551996231079
1783010192.172177,0.0,0.0,10.0,-0.6470327973365784,51.576717376708984,0.058943815529346466,7.5692596435546875,-166.278076171875,0.07565551996231079
1783010192.189797,0.0,0.0,10.0,-0.6470327973365784,51.576717376708984,0.058943815529346466,7.5692596435546875,-166.278076171875,0.07565551996231079
1783010192.196214,0.0,0.0,10.0,-0.6470327973365784,51.576717376708984,0.058943815529346466,7.609256744384766,-166.322021484375,0.07650980353355408
1783010192.202127,0.0,0.0,10.0,-0.6470327973365784,51.576717376708984,0.058943815529346466,7.609256744384766,-166.322021484375,0.07650980353355408
1783010192.210561,0.0,0.0,10.0,-0.6470327973365784,51.576717376708984,0.058943815529346466,7.609256744384766,-166.322021484375,0.07650980353355408
1783010192.218306,0.0,0.0,10.0,-0.6461844444274902,51.57710266113281,0.05841565504670143,7.609256744384766,-166.322021484375,0.07650980353355408
1783010192.223609,0.0,0.0,10.0,-0.6461844444274902,51.57710266113281,0.05841565504670143,7.609256744384766,-166.322021484375,0.07650980353355408
1783010192.24217,0.0,0.0,10.0,-0.6461844444274902,51.57710266113281,0.05841565504670143,7.609256744384766,-166.322021484375,0.07650980353355408
1783010192.247427,0.0,0.0,10.0,-0.6461844444274902,51.57710266113281,0.05841565504670143,7.609256744384766,-166.322021484375,0.07650980353355408
1783010192.254032,0.0,0.0,10.0,-0.6461844444274902,51.57710266113281,0.05841565504670143,7.609256744384766,-166.322021484375,0.07650980353355408
1783010192.259595,0.0,0.0,10.0,-0.6459448337554932,51.57735824584961,0.058482035994529724,7.609256744384766,-166.322021484375,0.07650980353355408
1783010192.265618,0.0,0.0,10.0,-0.6459448337554932,51.57735824584961,0.058482035994529724,7.609256744384766,-166.322021484375,0.07650980353355408
1783010192.27108,0.0,0.0,10.0,-0.6459448337554932,51.57735824584961,0.058482035994529724,7.609256744384766,-166.322021484375,0.07650980353355408
1783010192.278435,0.0,0.0,10.0,-0.6459448337554932,51.57735824584961,0.058482035994529724,7.609256744384766,-166.322021484375,0.07650980353355408
1783010192.29485,0.0,0.0,10.0,-0.6459448337554932,51.57735824584961,0.058482035994529724,7.6500349044799805,-166.409912109375,0.07580304145812988
1783010192.301101,0.0,0.0,10.0,-0.6459448337554932,51.57735824584961,0.058482035994529724,7.6500349044799805,-166.409912109375,0.07580304145812988
1783010192.307094,0.0,0.0,10.0,-0.6459448337554932,51.57735824584961,0.058482035994529724,7.6500349044799805,-166.409912109375,0.07580304145812988
1783010192.312664,0.0,0.0,10.0,-0.6466277241706848,51.577823638916016,0.058961037546396255,7.6500349044799805,-166.409912109375,0.07580304145812988
1783010192.318661,0.0,0.0,10.0,-0.6466277241706848,51.577823638916016,0.058961037546396255,7.6500349044799805,-166.409912109375,0.07580304145812988
1783010192.324258,0.0,0.0,10.0,-0.6466277241706848,51.577823638916016,0.058961037546396255,7.6500349044799805,-166.409912109375,0.07580304145812988
1783010192.330222,0.0,0.0,10.0,-0.6466277241706848,51.577823638916016,0.058961037546396255,7.6500349044799805,-166.409912109375,0.07580304145812988
1783010192.346122,0.0,0.0,10.0,-0.6466277241706848,51.577823638916016,0.058961037546396255,7.6500349044799805,-166.409912109375,0.07580304145812988
1783010192.352329,0.0,0.0,10.0,-0.6466277241706848,51.577823638916016,0.058961037546396255,7.6500349044799805,-166.409912109375,0.07580304145812988
1783010192.359091,0.0,0.0,10.0,-0.6466277241706848,51.577823638916016,0.058961037546396255,7.6500349044799805,-166.409912109375,0.07580304145812988
1783010192.364878,0.0,0.0,10.0,-0.6462430357933044,51.57772445678711,0.05935508757829666,7.6500349044799805,-166.409912109375,0.07580304145812988
1783010192.371455,0.0,0.0,10.0,-0.6462430357933044,51.57772445678711,0.05935508757829666,7.6500349044799805,-166.409912109375,0.07580304145812988
1783010192.377239,0.0,0.0,10.0,-0.6462430357933044,51.57772445678711,0.05935508757829666,7.689383029937744,-166.453857421875,0.07726443558931351
1783010192.386946,0.0,0.0,10.0,-0.6462430357933044,51.57772445678711,0.05935508757829666,7.689383029937744,-166.453857421875,0.07726443558931351
1783010192.407579,0.0,0.0,10.0,-0.6462430357933044,51.57772445678711,0.05935508757829666,7.689383029937744,-166.453857421875,0.07726443558931351
1783010192.414083,0.0,0.0,10.0,-0.6450002193450928,51.578121185302734,0.05867203697562218,7.689383029937744,-166.453857421875,0.07726443558931351
1783010192.420803,0.0,0.0,10.0,-0.6450002193450928,51.578121185302734,0.05867203697562218,7.689383029937744,-166.453857421875,0.07726443558931351
1783010192.426197,0.0,0.0,10.0,-0.6450002193450928,51.578121185302734,0.05867203697562218,7.689383029937744,-166.453857421875,0.07726443558931351
1783010192.432229,0.0,0.0,10.0,-0.6450002193450928,51.578121185302734,0.05867203697562218,7.689383029937744,-166.453857421875,0.07726443558931351
1783010192.441116,0.0,0.0,10.0,-0.6450002193450928,51.578121185302734,0.05867203697562218,7.689383029937744,-166.453857421875,0.07726443558931351
1783010192.457445,0.0,0.0,10.0,-0.6450002193450928,51.578121185302734,0.05867203697562218,7.689383029937744,-166.453857421875,0.07726443558931351
1783010192.464032,0.0,0.0,10.0,-0.644797682762146,51.57865524291992,0.058775343000888824,7.689383029937744,-166.453857421875,0.07726443558931351
1783010192.470062,0.0,0.0,10.0,-0.644797682762146,51.57865524291992,0.058775343000888824,7.689383029937744,-166.453857421875,0.07726443558931351
1783010192.47606,0.0,0.0,10.0,-0.644797682762146,51.57865524291992,0.058775343000888824,7.689383029937744,-166.453857421875,0.07726443558931351
1783010192.482641,0.0,0.0,10.0,-0.644797682762146,51.57865524291992,0.058775343000888824,7.7277445793151855,-166.519775390625,0.07712692767381668
1783010192.488586,0.0,0.0,10.0,-0.644797682762146,51.57865524291992,0.058775343000888824,7.7277445793151855,-166.519775390625,0.07712692767381668
1783010192.506869,0.0,0.0,10.0,-0.644797682762146,51.57865524291992,0.058775343000888824,7.7277445793151855,-166.519775390625,0.07712692767381668
1783010192.512852,0.0,0.0,10.0,-0.6452715396881104,51.57988739013672,0.05775075405836105,7.7277445793151855,-166.519775390625,0.07712692767381668
1783010192.518355,0.0,0.0,10.0,-0.6452715396881104,51.57988739013672,0.05775075405836105,7.7277445793151855,-166.519775390625,0.07712692767381668
1783010192.523616,0.0,0.0,10.0,-0.6452715396881104,51.57988739013672,0.05775075405836105,7.7277445793151855,-166.519775390625,0.07712692767381668
1783010192.529848,0.0,0.0,10.0,-0.6452715396881104,51.57988739013672,0.05775075405836105,7.7277445793151855,-166.519775390625,0.07712692767381668
1783010192.536887,0.0,0.0,10.0,-0.6452715396881104,51.57988739013672,0.05775075405836105,7.7277445793151855,-166.519775390625,0.07712692767381668
1783010192.542387,0.0,0.0,10.0,-0.6452715396881104,51.57988739013672,0.05775075405836105,7.7277445793151855,-166.519775390625,0.07712692767381668
1783010192.552964,0.0,0.0,10.0,-0.6452715396881104,51.57988739013672,0.05775075405836105,7.7277445793151855,-166.519775390625,0.07712692767381668
1783010192.559254,0.0,0.0,10.0,-0.6452715396881104,51.57988739013672,0.05775075405836105,7.7277445793151855,-166.519775390625,0.07712692767381668
1783010192.56602,0.0,0.0,10.0,-0.644415557384491,51.580562591552734,0.05813273787498474,7.7277445793151855,-166.519775390625,0.07712692767381668
1783010192.572066,0.0,0.0,10.0,-0.644415557384491,51.580562591552734,0.05813273787498474,7.7277445793151855,-166.519775390625,0.07712692767381668
1783010192.578093,0.0,0.0,10.0,-0.644415557384491,51.580562591552734,0.05813273787498474,7.7277445793151855,-166.519775390625,0.07712692767381668
1783010192.584143,0.0,0.0,10.0,-0.644415557384491,51.580562591552734,0.05813273787498474,7.767157077789307,-166.541748046875,0.07753907889127731
1783010192.590267,0.0,0.0,10.0,-0.644415557384491,51.580562591552734,0.05813273787498474,7.767157077789307,-166.541748046875,0.07753907889127731
1783010192.597403,0.0,0.0,10.0,-0.644415557384491,51.580562591552734,0.05813273787498474,7.767157077789307,-166.541748046875,0.07753907889127731
1783010192.608233,0.0,0.0,10.0,-0.644415557384491,51.580562591552734,0.05813273787498474,7.767157077789307,-166.541748046875,0.07753907889127731
1783010192.614449,0.0,0.0,10.0,-0.6429952383041382,51.58149337768555,0.0586436465382576,7.767157077789307,-166.541748046875,0.07753907889127731
1783010192.621087,0.0,0.0,10.0,-0.6429952383041382,51.58149337768555,0.0586436465382576,7.767157077789307,-166.541748046875,0.07753907889127731
1783010192.626928,0.0,0.0,10.0,-0.6429952383041382,51.58149337768555,0.0586436465382576,7.767157077789307,-166.541748046875,0.07753907889127731
1783010192.632609,0.0,0.0,10.0,-0.6429952383041382,51.58149337768555,0.0586436465382576,7.767157077789307,-166.541748046875,0.07753907889127731
1783010192.638595,0.0,0.0,10.0,-0.6429952383041382,51.58149337768555,0.0586436465382576,7.767157077789307,-166.541748046875,0.07753907889127731
1783010192.644107,0.0,0.0,10.0,-0.6429952383041382,51.58149337768555,0.0586436465382576,7.767157077789307,-166.541748046875,0.07753907889127731
1783010192.660646,0.0,0.0,10.0,-0.6429952383041382,51.58149337768555,0.0586436465382576,7.767157077789307,-166.541748046875,0.07753907889127731
1783010192.665911,0.0,0.0,10.0,-0.6438983082771301,51.58185958862305,0.059855617582798004,7.767157077789307,-166.541748046875,0.07753907889127731
1783010192.67147,0.0,0.0,10.0,-0.6438983082771301,51.58185958862305,0.059855617582798004,7.767157077789307,-166.541748046875,0.07753907889127731
1783010192.677266,0.0,0.0,10.0,-0.6438983082771301,51.58185958862305,0.059855617582798004,7.767157077789307,-166.541748046875,0.07753907889127731
1783010192.682468,0.0,0.0,10.0,-0.6438983082771301,51.58185958862305,0.059855617582798004,7.807969093322754,-166.629638671875,0.07729771733283997
1783010192.688916,0.0,0.0,10.0,-0.6438983082771301,51.58185958862305,0.059855617582798004,7.807969093322754,-166.629638671875,0.07729771733283997
1783010192.695036,0.0,0.0,10.0,-0.6438983082771301,51.58185958862305,0.059855617582798004,7.807969093322754,-166.629638671875,0.07729771733283997
1783010192.700595,0.0,0.0,10.0,-0.6438983082771301,51.58185958862305,0.059855617582798004,7.807969093322754,-166.629638671875,0.07729771733283997
1783010192.706653,0.0,0.0,10.0,-0.6438983082771301,51.58185958862305,0.059855617582798004,7.807969093322754,-166.629638671875,0.07729771733283997
1783010192.716504,0.0,0.0,10.0,-0.6438983082771301,51.58185958862305,0.059855617582798004,7.807969093322754,-166.629638671875,0.07729771733283997
1783010192.722099,0.0,0.0,10.0,-0.6442691087722778,51.58287048339844,0.06162608414888382,7.807969093322754,-166.629638671875,0.07729771733283997
1783010192.72828,0.0,0.0,10.0,-0.6442691087722778,51.58287048339844,0.06162608414888382,7.807969093322754,-166.629638671875,0.07729771733283997
1783010192.734262,0.0,0.0,10.0,-0.6442691087722778,51.58287048339844,0.06162608414888382,7.807969093322754,-166.629638671875,0.07729771733283997
1783010192.739762,0.0,0.0,10.0,-0.6442691087722778,51.58287048339844,0.06162608414888382,7.807969093322754,-166.629638671875,0.07729771733283997
1783010192.746243,0.0,0.0,10.0,-0.6442691087722778,51.58287048339844,0.06162608414888382,7.807969093322754,-166.629638671875,0.07729771733283997
1783010192.756982,0.0,0.0,10.0,-0.6442691087722778,51.58287048339844,0.06162608414888382,7.807969093322754,-166.629638671875,0.07729771733283997
1783010192.762297,0.0,0.0,10.0,-0.6442691087722778,51.58287048339844,0.06162608414888382,7.807969093322754,-166.629638671875,0.07729771733283997
1783010192.768346,0.0,0.0,10.0,-0.6426987648010254,51.583656311035156,0.061580922454595566,7.807969093322754,-166.629638671875,0.07729771733283997
1783010192.774075,0.0,0.0,10.0,-0.6426987648010254,51.583656311035156,0.061580922454595566,7.807969093322754,-166.629638671875,0.07729771733283997
1783010192.780058,0.0,0.0,10.0,-0.6426987648010254,51.583656311035156,0.061580922454595566,7.807969093322754,-166.629638671875,0.07729771733283997
1783010192.785887,0.0,0.0,10.0,-0.6426987648010254,51.583656311035156,0.061580922454595566,7.848941326141357,-166.673583984375,0.07868172973394394
1783010192.791435,0.0,0.0,10.0,-0.6426987648010254,51.583656311035156,0.061580922454595566,7.848941326141357,-166.673583984375,0.07868172973394394
1783010192.797316,0.0,0.0,10.0,-0.6426987648010254,51.583656311035156,0.061580922454595566,7.848941326141357,-166.673583984375,0.07868172973394394
1783010192.814015,0.0,0.0,10.0,-0.6426987648010254,51.583656311035156,0.061580922454595566,7.848941326141357,-166.673583984375,0.07868172973394394
1783010192.820157,0.0,0.0,10.0,-0.6416149139404297,51.58265686035156,0.06265168637037277,7.848941326141357,-166.673583984375,0.07868172973394394
1783010192.826177,0.0,0.0,10.0,-0.6416149139404297,51.58265686035156,0.06265168637037277,7.848941326141357,-166.673583984375,0.07868172973394394
1783010192.831714,0.0,0.0,10.0,-0.6416149139404297,51.58265686035156,0.06265168637037277,7.848941326141357,-166.673583984375,0.07868172973394394
1783010192.837264,0.0,0.0,10.0,-0.6416149139404297,51.58265686035156,0.06265168637037277,7.848941326141357,-166.673583984375,0.07868172973394394
1783010192.843237,0.0,0.0,10.0,-0.6416149139404297,51.58265686035156,0.06265168637037277,7.848941326141357,-166.673583984375,0.07868172973394394
1783010192.848794,0.0,0.0,10.0,-0.6416149139404297,51.58265686035156,0.06265168637037277,7.848941326141357,-166.673583984375,0.07868172973394394
1783010192.862022,0.0,0.0,10.0,-0.6416149139404297,51.58265686035156,0.06265168637037277,7.848941326141357,-166.673583984375,0.07868172973394394
1783010192.867634,0.0,0.0,10.0,-0.6430196166038513,51.58364486694336,0.06210295855998993,7.848941326141357,-166.673583984375,0.07868172973394394
1783010192.873249,0.0,0.0,10.0,-0.6430196166038513,51.58364486694336,0.06210295855998993,7.848941326141357,-166.673583984375,0.07868172973394394
1783010192.878448,0.0,0.0,10.0,-0.6430196166038513,51.58364486694336,0.06210295855998993,7.848941326141357,-166.673583984375,0.07868172973394394
1783010192.884109,0.0,0.0,10.0,-0.6430196166038513,51.58364486694336,0.06210295855998993,7.889294147491455,-166.739501953125,0.07817880809307098
1783010192.890029,0.0,0.0,10.0,-0.6430196166038513,51.58364486694336,0.06210295855998993,7.889294147491455,-166.739501953125,0.07817880809307098
1783010192.896978,0.0,0.0,10.0,-0.6430196166038513,51.58364486694336,0.06210295855998993,7.889294147491455,-166.739501953125,0.07817880809307098
1783010192.9026,0.0,0.0,10.0,-0.6430196166038513,51.58364486694336,0.06210295855998993,7.889294147491455,-166.739501953125,0.07817880809307098
1783010192.914633,0.0,0.0,10.0,-0.6430196166038513,51.58364486694336,0.06210295855998993,7.889294147491455,-166.739501953125,0.07817880809307098
1783010192.92057,0.0,0.0,10.0,-0.6425934433937073,51.58385467529297,0.06174822896718979,7.889294147491455,-166.739501953125,0.07817880809307098
1783010192.925835,0.0,0.0,10.0,-0.6425934433937073,51.58385467529297,0.06174822896718979,7.889294147491455,-166.739501953125,0.07817880809307098
1783010192.931808,0.0,0.0,10.0,-0.6425934433937073,51.58385467529297,0.06174822896718979,7.889294147491455,-166.739501953125,0.07817880809307098
1783010192.937948,0.0,0.0,10.0,-0.6425934433937073,51.58385467529297,0.06174822896718979,7.889294147491455,-166.739501953125,0.07817880809307098
1783010192.974495,0.0,0.0,10.0,-0.6425934433937073,51.58385467529297,0.06174822896718979,7.889294147491455,-166.739501953125,0.07817880809307098
1783010192.983429,0.0,0.0,10.0,-0.6410715579986572,51.58320236206055,0.06157775968313217,7.889294147491455,-166.739501953125,0.07817880809307098
1783010192.988858,0.0,0.0,10.0,-0.6410715579986572,51.58320236206055,0.06157775968313217,7.9328837394714355,-166.783447265625,0.07898172736167908
1783010193.002559,0.0,0.0,10.0,-0.6410715579986572,51.58320236206055,0.06157775968313217,7.9328837394714355,-166.783447265625,0.07898172736167908
1783010193.008739,0.0,0.0,10.0,-0.6410715579986572,51.58320236206055,0.06157775968313217,7.9328837394714355,-166.783447265625,0.07898172736167908
1783010193.014591,0.0,0.0,10.0,-0.6409726142883301,51.58250427246094,0.062294043600559235,7.9328837394714355,-166.783447265625,0.07898172736167908
1783010193.020147,0.0,0.0,10.0,-0.6409726142883301,51.58250427246094,0.062294043600559235,7.9328837394714355,-166.783447265625,0.07898172736167908
1783010193.025872,0.0,0.0,10.0,-0.6409726142883301,51.58250427246094,0.062294043600559235,7.9328837394714355,-166.783447265625,0.07898172736167908
1783010193.04402,0.0,0.0,10.0,-0.6409726142883301,51.58250427246094,0.062294043600559235,7.9328837394714355,-166.783447265625,0.07898172736167908
1783010193.050265,0.0,0.0,10.0,-0.6409726142883301,51.58250427246094,0.062294043600559235,7.9328837394714355,-166.783447265625,0.07898172736167908
1783010193.05629,0.0,0.0,10.0,-0.6409726142883301,51.58250427246094,0.062294043600559235,7.9328837394714355,-166.783447265625,0.07898172736167908
1783010193.063358,0.0,0.0,10.0,-0.6404799818992615,51.582183837890625,0.06276194751262665,7.9328837394714355,-166.783447265625,0.07898172736167908
1783010193.069466,0.0,0.0,10.0,-0.6404799818992615,51.582183837890625,0.06276194751262665,7.9328837394714355,-166.783447265625,0.07898172736167908
1783010193.074997,0.0,0.0,10.0,-0.6404799818992615,51.582183837890625,0.06276194751262665,7.9328837394714355,-166.783447265625,0.07898172736167908
1783010193.081235,0.0,0.0,10.0,-0.6404799818992615,51.582183837890625,0.06276194751262665,7.9328837394714355,-166.783447265625,0.07898172736167908
1783010193.091615,0.0,0.0,10.0,-0.6404799818992615,51.582183837890625,0.06276194751262665,7.973886489868164,-166.871337890625,0.07825624197721481
1783010193.097591,0.0,0.0,10.0,-0.6404799818992615,51.582183837890625,0.06276194751262665,7.973886489868164,-166.871337890625,0.07825624197721481
1783010193.103323,0.0,0.0,10.0,-0.6404799818992615,51.582183837890625,0.06276194751262665,7.973886489868164,-166.871337890625,0.07825624197721481
1783010193.108752,0.0,0.0,10.0,-0.6404799818992615,51.582183837890625,0.06276194751262665,7.973886489868164,-166.871337890625,0.07825624197721481
1783010193.114937,0.0,0.0,10.0,-0.6409412026405334,51.582618713378906,0.06188642606139183,7.973886489868164,-166.871337890625,0.07825624197721481
1783010193.12178,0.0,0.0,10.0,-0.6409412026405334,51.582618713378906,0.06188642606139183,7.973886489868164,-166.871337890625,0.07825624197721481
1783010193.127678,0.0,0.0,10.0,-0.6409412026405334,51.582618713378906,0.06188642606139183,7.973886489868164,-166.871337890625,0.07825624197721481
1783010193.140596,0.0,0.0,10.0,-0.6409412026405334,51.582618713378906,0.06188642606139183,7.973886489868164,-166.871337890625,0.07825624197721481
1783010193.146545,0.0,0.0,10.0,-0.6409412026405334,51.582618713378906,0.06188642606139183,7.973886489868164,-166.871337890625,0.07825624197721481
1783010193.152394,0.0,0.0,10.0,-0.6409412026405334,51.582618713378906,0.06188642606139183,7.973886489868164,-166.871337890625,0.07825624197721481
1783010193.158125,0.0,0.0,10.0,-0.6409412026405334,51.582618713378906,0.06188642606139183,7.973886489868164,-166.871337890625,0.07825624197721481
1783010193.16346,0.0,0.0,10.0,-0.6409482359886169,51.58195495605469,0.06199922412633896,7.973886489868164,-166.871337890625,0.07825624197721481
1783010193.168972,0.0,0.0,10.0,-0.6409482359886169,51.58195495605469,0.06199922412633896,7.973886489868164,-166.871337890625,0.07825624197721481
1783010193.175074,0.0,0.0,10.0,-0.6409482359886169,51.58195495605469,0.06199922412633896,7.973886489868164,-166.871337890625,0.07825624197721481
1783010193.181605,0.0,0.0,10.0,-0.6409482359886169,51.58195495605469,0.06199922412633896,7.973886489868164,-166.871337890625,0.07825624197721481
1783010193.188441,0.0,0.0,10.0,-0.6409482359886169,51.58195495605469,0.06199922412633896,7.9955973625183105,-166.893310546875,0.07889162749052048
1783010193.194082,0.0,0.0,10.0,-0.6409482359886169,51.58195495605469,0.06199922412633896,7.9955973625183105,-166.893310546875,0.07889162749052048
1783010193.200165,0.0,0.0,10.0,-0.6409482359886169,51.58195495605469,0.06199922412633896,7.9955973625183105,-166.893310546875,0.07889162749052048
1783010193.206664,0.0,0.0,10.0,-0.6409482359886169,51.58195495605469,0.06199922412633896,7.9955973625183105,-166.893310546875,0.07889162749052048
1783010193.215364,0.0,0.0,10.0,-0.6409482359886169,51.58195495605469,0.06199922412633896,7.9955973625183105,-166.893310546875,0.07889162749052048
1783010193.221285,0.0,0.0,10.0,-0.6409122943878174,51.5797233581543,0.06266118586063385,7.9955973625183105,-166.893310546875,0.07889162749052048
1783010193.228123,0.0,0.0,10.0,-0.6409122943878174,51.5797233581543,0.06266118586063385,7.9955973625183105,-166.893310546875,0.07889162749052048
1783010193.234851,0.0,0.0,10.0,-0.6409122943878174,51.5797233581543,0.06266118586063385,7.9955973625183105,-166.893310546875,0.07889162749052048
1783010193.244367,0.0,0.0,10.0,-0.6409122943878174,51.5797233581543,0.06266118586063385,7.9955973625183105,-166.893310546875,0.07889162749052048
1783010193.250099,0.0,0.0,10.0,-0.6409122943878174,51.5797233581543,0.06266118586063385,7.9955973625183105,-166.893310546875,0.07889162749052048
1783010193.255623,0.0,0.0,10.0,-0.6409122943878174,51.5797233581543,0.06266118586063385,7.9955973625183105,-166.893310546875,0.07889162749052048
1783010193.26115,0.0,0.0,10.0,-0.6414241790771484,51.57887268066406,0.06258548051118851,7.9955973625183105,-166.893310546875,0.07889162749052048
1783010193.267214,0.0,0.0,10.0,-0.6414241790771484,51.57887268066406,0.06258548051118851,7.9955973625183105,-166.893310546875,0.07889162749052048
1783010193.272829,0.0,0.0,10.0,-0.6414241790771484,51.57887268066406,0.06258548051118851,7.9955973625183105,-166.893310546875,0.07889162749052048
1783010193.278816,0.0,0.0,10.0,-0.6414241790771484,51.57887268066406,0.06258548051118851,7.9955973625183105,-166.893310546875,0.07889162749052048
1783010193.284542,0.0,0.0,10.0,-0.6414241790771484,51.57887268066406,0.06258548051118851,7.997381687164307,-166.871337890625,0.07732749730348587
1783010193.299275,0.0,0.0,10.0,-0.6414241790771484,51.57887268066406,0.06258548051118851,7.997381687164307,-166.871337890625,0.07732749730348587
1783010193.304925,0.0,0.0,10.0,-0.6414241790771484,51.57887268066406,0.06258548051118851,7.997381687164307,-166.871337890625,0.07732749730348587
1783010193.310501,0.0,0.0,10.0,-0.6400154232978821,51.57765197753906,0.06264490634202957,7.997381687164307,-166.871337890625,0.07732749730348587
1783010193.316433,0.0,0.0,10.0,-0.6400154232978821,51.57765197753906,0.06264490634202957,7.997381687164307,-166.871337890625,0.07732749730348587
1783010193.321958,0.0,0.0,10.0,-0.6400154232978821,51.57765197753906,0.06264490634202957,7.997381687164307,-166.871337890625,0.07732749730348587
1783010193.327315,0.0,0.0,10.0,-0.6400154232978821,51.57765197753906,0.06264490634202957,7.997381687164307,-166.871337890625,0.07732749730348587
1783010193.332517,0.0,0.0,10.0,-0.6400154232978821,51.57765197753906,0.06264490634202957,7.997381687164307,-166.871337890625,0.07732749730348587
1783010193.338365,0.0,0.0,10.0,-0.6400154232978821,51.57765197753906,0.06264490634202957,7.997381687164307,-166.871337890625,0.07732749730348587
1783010193.345901,0.0,0.0,10.0,-0.6400154232978821,51.57765197753906,0.06264490634202957,7.997381687164307,-166.871337890625,0.07732749730348587
1783010193.352029,0.0,0.0,10.0,-0.6400154232978821,51.57765197753906,0.06264490634202957,7.997381687164307,-166.871337890625,0.07732749730348587
1783010193.358586,0.0,0.0,10.0,-0.6400154232978821,51.57765197753906,0.06264490634202957,7.997381687164307,-166.871337890625,0.07732749730348587
1783010193.365131,0.0,0.0,10.0,-0.6389285922050476,51.57686996459961,0.062186967581510544,7.997381687164307,-166.871337890625,0.07732749730348587
1783010193.370657,0.0,0.0,10.0,-0.6389285922050476,51.57686996459961,0.062186967581510544,7.997381687164307,-166.871337890625,0.07732749730348587
1783010193.37616,0.0,0.0,10.0,-0.6389285922050476,51.57686996459961,0.062186967581510544,7.997381687164307,-166.871337890625,0.07732749730348587
1783010193.382152,0.0,0.0,10.0,-0.6389285922050476,51.57686996459961,0.062186967581510544,7.997381687164307,-166.871337890625,0.07732749730348587
1783010193.392676,0.0,0.0,10.0,-0.6389285922050476,51.57686996459961,0.062186967581510544,7.997381687164307,-166.871337890625,0.07732749730348587
1783010193.416913,0.0,0.0,10.0,-0.6389285922050476,51.57686996459961,0.062186967581510544,7.942483901977539,-166.893310546875,0.07758831977844238
1783010193.423575,0.0,0.0,10.0,-0.6395642757415771,51.576332092285156,0.06275195628404617,7.942483901977539,-166.893310546875,0.07758831977844238
1783010193.428893,0.0,0.0,10.0,-0.6395642757415771,51.576332092285156,0.06275195628404617,7.942483901977539,-166.893310546875,0.07758831977844238
1783010193.435082,0.0,0.0,10.0,-0.6395642757415771,51.576332092285156,0.06275195628404617,7.942483901977539,-166.893310546875,0.07758831977844238
1783010193.440657,0.0,0.0,10.0,-0.6395642757415771,51.576332092285156,0.06275195628404617,7.942483901977539,-166.893310546875,0.07758831977844238
1783010193.447811,0.0,0.0,10.0,-0.6395642757415771,51.576332092285156,0.06275195628404617,7.942483901977539,-166.893310546875,0.07758831977844238
1783010193.46871,0.0,0.0,10.0,-0.6395642757415771,51.576332092285156,0.06275195628404617,7.942483901977539,-166.893310546875,0.07758831977844238
1783010193.475733,0.0,0.0,10.0,-0.639098584651947,51.5751953125,0.06297653913497925,7.942483901977539,-166.893310546875,0.07758831977844238
1783010193.482683,0.0,0.0,10.0,-0.639098584651947,51.5751953125,0.06297653913497925,7.942483901977539,-166.893310546875,0.07758831977844238
1783010193.488764,0.0,0.0,10.0,-0.639098584651947,51.5751953125,0.06297653913497925,7.938323974609375,-166.893310546875,0.07668206095695496
1783010193.494304,0.0,0.0,10.0,-0.639098584651947,51.5751953125,0.06297653913497925,7.938323974609375,-166.893310546875,0.07668206095695496
1783010193.510326,0.0,0.0,10.0,-0.639098584651947,51.5751953125,0.06297653913497925,7.938323974609375,-166.893310546875,0.07668206095695496
1783010193.516448,0.0,0.0,10.0,-0.6383596062660217,51.57539749145508,0.06324294209480286,7.938323974609375,-166.893310546875,0.07668206095695496
1783010193.521984,0.0,0.0,10.0,-0.6383596062660217,51.57539749145508,0.06324294209480286,7.938323974609375,-166.893310546875,0.07668206095695496
1783010193.527667,0.0,0.0,10.0,-0.6383596062660217,51.57539749145508,0.06324294209480286,7.938323974609375,-166.893310546875,0.07668206095695496
1783010193.533079,0.0,0.0,10.0,-0.6383596062660217,51.57539749145508,0.06324294209480286,7.938323974609375,-166.893310546875,0.07668206095695496
1783010193.538575,0.0,0.0,10.0,-0.6383596062660217,51.57539749145508,0.06324294209480286,7.938323974609375,-166.893310546875,0.07668206095695496
1783010193.544816,0.0,0.0,10.0,-0.6383596062660217,51.57539749145508,0.06324294209480286,7.938323974609375,-166.893310546875,0.07668206095695496
1783010193.550502,0.0,0.0,10.0,-0.6383596062660217,51.57539749145508,0.06324294209480286,7.938323974609375,-166.893310546875,0.07668206095695496
1783010193.557662,0.0,0.0,10.0,-0.6383596062660217,51.57539749145508,0.06324294209480286,7.938323974609375,-166.893310546875,0.07668206095695496
1783010193.563895,0.0,0.0,10.0,-0.6389607191085815,51.5758056640625,0.06329140067100525,7.938323974609375,-166.893310546875,0.07668206095695496
1783010193.569208,0.0,0.0,10.0,-0.6389607191085815,51.5758056640625,0.06329140067100525,7.938323974609375,-166.893310546875,0.07668206095695496
1783010193.575794,0.0,0.0,10.0,-0.6389607191085815,51.5758056640625,0.06329140067100525,7.938323974609375,-166.893310546875,0.07668206095695496
1783010193.581783,0.0,0.0,10.0,-0.6389607191085815,51.5758056640625,0.06329140067100525,7.938323974609375,-166.893310546875,0.07668206095695496
1783010193.5883,0.0,0.0,10.0,-0.6389607191085815,51.5758056640625,0.06329140067100525,7.938323974609375,-166.893310546875,0.07668206095695496
1783010193.594807,0.0,0.0,10.0,-0.6389607191085815,51.5758056640625,0.06329140067100525,7.937384128570557,-166.849365234375,0.07680866867303848
1783010193.599942,0.0,0.0,10.0,-0.6389607191085815,51.5758056640625,0.06329140067100525,7.937384128570557,-166.849365234375,0.07680866867303848
1783010193.610162,0.0,0.0,10.0,-0.6389607191085815,51.5758056640625,0.06329140067100525,7.937384128570557,-166.849365234375,0.07680866867303848
1783010193.615929,0.0,0.0,10.0,-0.6392590999603271,51.57548904418945,0.06381110846996307,7.937384128570557,-166.849365234375,0.07680866867303848
1783010193.621224,0.0,0.0,10.0,-0.6392590999603271,51.57548904418945,0.06381110846996307,7.937384128570557,-166.849365234375,0.07680866867303848
1783010193.626871,0.0,0.0,10.0,-0.6392590999603271,51.57548904418945,0.06381110846996307,7.937384128570557,-166.849365234375,0.07680866867303848
1783010193.63234,0.0,0.0,10.0,-0.6392590999603271,51.57548904418945,0.06381110846996307,7.937384128570557,-166.849365234375,0.07680866867303848
1783010193.63842,0.0,0.0,10.0,-0.6392590999603271,51.57548904418945,0.06381110846996307,7.937384128570557,-166.849365234375,0.07680866867303848
1783010193.644865,0.0,0.0,10.0,-0.6392590999603271,51.57548904418945,0.06381110846996307,7.937384128570557,-166.849365234375,0.07680866867303848
1783010193.65087,0.0,0.0,10.0,-0.6392590999603271,51.57548904418945,0.06381110846996307,7.937384128570557,-166.849365234375,0.07680866867303848
1783010193.660048,0.0,0.0,10.0,-0.6392590999603271,51.57548904418945,0.06381110846996307,7.937384128570557,-166.849365234375,0.07680866867303848
1783010193.666989,0.0,0.0,10.0,-0.638225257396698,51.575897216796875,0.06431214511394501,7.937384128570557,-166.849365234375,0.07680866867303848
1783010193.672475,0.0,0.0,10.0,-0.638225257396698,51.575897216796875,0.06431214511394501,7.937384128570557,-166.849365234375,0.07680866867303848
1783010193.677792,0.0,0.0,10.0,-0.638225257396698,51.575897216796875,0.06431214511394501,7.937384128570557,-166.849365234375,0.07680866867303848
1783010193.683526,0.0,0.0,10.0,-0.638225257396698,51.575897216796875,0.06431214511394501,7.937384128570557,-166.849365234375,0.07680866867303848
1783010193.689362,0.0,0.0,10.0,-0.638225257396698,51.575897216796875,0.06431214511394501,7.935658931732178,-166.893310546875,0.07709629833698273
1783010193.696248,0.0,0.0,10.0,-0.638225257396698,51.575897216796875,0.06431214511394501,7.935658931732178,-166.893310546875,0.07709629833698273
1783010193.701718,0.0,0.0,10.0,-0.638225257396698,51.575897216796875,0.06431214511394501,7.935658931732178,-166.893310546875,0.07709629833698273
1783010193.715173,0.0,0.0,10.0,-0.638225257396698,51.575897216796875,0.06431214511394501,7.935658931732178,-166.893310546875,0.07709629833698273
1783010193.720967,0.0,0.0,10.0,-0.6389757990837097,51.57652282714844,0.0641130805015564,7.935658931732178,-166.893310546875,0.07709629833698273
1783010193.726481,0.0,0.0,10.0,-0.6389757990837097,51.57652282714844,0.0641130805015564,7.935658931732178,-166.893310546875,0.07709629833698273
1783010193.732345,0.0,0.0,10.0,-0.6389757990837097,51.57652282714844,0.0641130805015564,7.935658931732178,-166.893310546875,0.07709629833698273
1783010193.737494,0.0,0.0,10.0,-0.6389757990837097,51.57652282714844,0.0641130805015564,7.935658931732178,-166.893310546875,0.07709629833698273
1783010193.74308,0.0,0.0,10.0,-0.6389757990837097,51.57652282714844,0.0641130805015564,7.935658931732178,-166.893310546875,0.07709629833698273
1783010193.756621,0.0,0.0,10.0,-0.6389757990837097,51.57652282714844,0.0641130805015564,7.935658931732178,-166.893310546875,0.07709629833698273
1783010193.77935,0.0,0.0,10.0,-0.6389757990837097,51.57652282714844,0.0641130805015564,7.935658931732178,-166.893310546875,0.07709629833698273
1783010193.784828,0.0,0.0,10.0,-0.6393600702285767,51.5755615234375,0.06383232772350311,7.935658931732178,-166.893310546875,0.07709629833698273
1783010193.793951,0.0,0.0,10.0,-0.6393600702285767,51.5755615234375,0.06383232772350311,7.935658931732178,-166.893310546875,0.07709629833698273
1783010193.799668,0.0,0.0,10.0,-0.6393600702285767,51.5755615234375,0.06383232772350311,7.936629772186279,-166.893310546875,0.07733169943094254
1783010193.805067,0.0,0.0,10.0,-0.6393600702285767,51.5755615234375,0.06383232772350311,7.936629772186279,-166.893310546875,0.07733169943094254
1783010193.817684,0.0,0.0,10.0,-0.6393600702285767,51.5755615234375,0.06383232772350311,7.936629772186279,-166.893310546875,0.07733169943094254
1783010193.82321,0.0,0.0,10.0,-0.639571487903595,51.57508850097656,0.06412886083126068,7.936629772186279,-166.893310546875,0.07733169943094254
1783010193.828668,0.0,0.0,10.0,-0.639571487903595,51.57508850097656,0.06412886083126068,7.936629772186279,-166.893310546875,0.07733169943094254
1783010193.834687,0.0,0.0,10.0,-0.639571487903595,51.57508850097656,0.06412886083126068,7.936629772186279,-166.893310546875,0.07733169943094254
1783010193.839903,0.0,0.0,10.0,-0.639571487903595,51.57508850097656,0.06412886083126068,7.936629772186279,-166.893310546875,0.07733169943094254
1783010193.847185,0.0,0.0,10.0,-0.639571487903595,51.57508850097656,0.06412886083126068,7.936629772186279,-166.893310546875,0.07733169943094254
1783010193.852722,0.0,0.0,10.0,-0.639571487903595,51.57508850097656,0.06412886083126068,7.936629772186279,-166.893310546875,0.07733169943094254
1783010193.858815,0.0,0.0,10.0,-0.639571487903595,51.57508850097656,0.06412886083126068,7.936629772186279,-166.893310546875,0.07733169943094254
1783010193.869908,0.0,0.0,10.0,-0.6392197012901306,51.57551574707031,0.06360818445682526,7.936629772186279,-166.893310546875,0.07733169943094254
1783010193.875591,0.0,0.0,10.0,-0.6392197012901306,51.57551574707031,0.06360818445682526,7.936629772186279,-166.893310546875,0.07733169943094254
1783010193.881113,0.0,0.0,10.0,-0.6392197012901306,51.57551574707031,0.06360818445682526,7.936629772186279,-166.893310546875,0.07733169943094254
1783010193.887592,0.0,0.0,10.0,-0.6392197012901306,51.57551574707031,0.06360818445682526,7.936629772186279,-166.893310546875,0.07733169943094254
1783010193.894212,0.0,0.0,10.0,-0.6392197012901306,51.57551574707031,0.06360818445682526,7.936352729797363,-166.827392578125,0.07603675127029419
1783010193.899794,0.0,0.0,10.0,-0.6392197012901306,51.57551574707031,0.06360818445682526,7.936352729797363,-166.827392578125,0.07603675127029419
1783010193.905249,0.0,0.0,10.0,-0.6392197012901306,51.57551574707031,0.06360818445682526,7.936352729797363,-166.827392578125,0.07603675127029419
1783010193.911542,0.0,0.0,10.0,-0.6392197012901306,51.57551574707031,0.06360818445682526,7.936352729797363,-166.827392578125,0.07603675127029419
1783010193.918909,0.0,0.0,10.0,-0.6383079290390015,51.574378967285156,0.06390330195426941,7.936352729797363,-166.827392578125,0.07603675127029419
1783010193.924867,0.0,0.0,10.0,-0.6383079290390015,51.574378967285156,0.06390330195426941,7.936352729797363,-166.827392578125,0.07603675127029419
1783010193.930344,0.0,0.0,10.0,-0.6383079290390015,51.574378967285156,0.06390330195426941,7.936352729797363,-166.827392578125,0.07603675127029419
1783010193.936357,0.0,0.0,10.0,-0.6383079290390015,51.574378967285156,0.06390330195426941,7.936352729797363,-166.827392578125,0.07603675127029419
1783010193.942777,0.0,0.0,10.0,-0.6383079290390015,51.574378967285156,0.06390330195426941,7.936352729797363,-166.827392578125,0.07603675127029419
1783010193.948204,0.0,0.0,10.0,-0.6383079290390015,51.574378967285156,0.06390330195426941,7.936352729797363,-166.827392578125,0.07603675127029419
1783010193.953462,0.0,0.0,10.0,-0.6383079290390015,51.574378967285156,0.06390330195426941,7.936352729797363,-166.827392578125,0.07603675127029419
1783010193.959034,0.0,0.0,10.0,-0.6383079290390015,51.574378967285156,0.06390330195426941,7.936352729797363,-166.827392578125,0.07603675127029419
1783010193.977243,0.0,0.0,10.0,-0.6392441391944885,51.57405090332031,0.0636095181107521,7.936352729797363,-166.827392578125,0.07603675127029419
1783010193.983617,0.0,0.0,10.0,-0.6392441391944885,51.57405090332031,0.0636095181107521,7.936352729797363,-166.827392578125,0.07603675127029419
1783010193.990133,0.0,0.0,10.0,-0.6392441391944885,51.57405090332031,0.0636095181107521,7.936352729797363,-166.827392578125,0.07603675127029419
1783010193.996299,0.0,0.0,10.0,-0.6392441391944885,51.57405090332031,0.0636095181107521,7.934463024139404,-166.805419921875,0.07678992301225662
1783010194.002235,0.0,0.0,10.0,-0.6392441391944885,51.57405090332031,0.0636095181107521,7.934463024139404,-166.805419921875,0.07678992301225662
1783010194.007517,0.0,0.0,10.0,-0.6392441391944885,51.57405090332031,0.0636095181107521,7.934463024139404,-166.805419921875,0.07678992301225662
1783010194.013146,0.0,0.0,10.0,-0.6392839550971985,51.571861267089844,0.06336663663387299,7.934463024139404,-166.805419921875,0.07678992301225662
1783010194.027802,0.0,0.0,10.0,-0.6392839550971985,51.571861267089844,0.06336663663387299,7.934463024139404,-166.805419921875,0.07678992301225662
1783010194.03308,0.0,0.0,10.0,-0.6392839550971985,51.571861267089844,0.06336663663387299,7.934463024139404,-166.805419921875,0.07678992301225662
1783010194.03879,0.0,0.0,10.0,-0.6392839550971985,51.571861267089844,0.06336663663387299,7.934463024139404,-166.805419921875,0.07678992301225662
1783010194.044723,0.0,0.0,10.0,-0.6392839550971985,51.571861267089844,0.06336663663387299,7.934463024139404,-166.805419921875,0.07678992301225662
1783010194.05176,0.0,0.0,10.0,-0.6392839550971985,51.571861267089844,0.06336663663387299,7.934463024139404,-166.805419921875,0.07678992301225662
1783010194.057114,0.0,0.0,10.0,-0.6392839550971985,51.571861267089844,0.06336663663387299,7.934463024139404,-166.805419921875,0.07678992301225662
1783010194.063407,0.0,0.0,10.0,-0.6381654739379883,51.57126998901367,0.06336842477321625,7.934463024139404,-166.805419921875,0.07678992301225662
1783010194.078015,0.0,0.0,10.0,-0.6381654739379883,51.57126998901367,0.06336842477321625,7.934463024139404,-166.805419921875,0.07678992301225662
1783010194.085002,0.0,0.0,10.0,-0.6381654739379883,51.57126998901367,0.06336842477321625,7.934463024139404,-166.805419921875,0.07678992301225662
1783010194.090833,0.0,0.0,10.0,-0.6381654739379883,51.57126998901367,0.06336842477321625,7.934463024139404,-166.805419921875,0.07678992301225662
1783010194.097279,0.0,0.0,10.0,-0.6381654739379883,51.57126998901367,0.06336842477321625,7.93707275390625,-166.805419921875,0.07723230868577957
1783010194.10333,0.0,0.0,10.0,-0.6381654739379883,51.57126998901367,0.06336842477321625,7.93707275390625,-166.805419921875,0.07723230868577957
1783010194.109371,0.0,0.0,10.0,-0.6381635665893555,51.57065963745117,0.06302689760923386,7.93707275390625,-166.805419921875,0.07723230868577957
1783010194.11592,0.0,0.0,10.0,-0.6381635665893555,51.57065963745117,0.06302689760923386,7.93707275390625,-166.805419921875,0.07723230868577957
1783010194.127194,0.0,0.0,10.0,-0.6381635665893555,51.57065963745117,0.06302689760923386,7.93707275390625,-166.805419921875,0.07723230868577957
1783010194.133915,0.0,0.0,10.0,-0.6381635665893555,51.57065963745117,0.06302689760923386,7.93707275390625,-166.805419921875,0.07723230868577957
1783010194.140069,0.0,0.0,10.0,-0.6381635665893555,51.57065963745117,0.06302689760923386,7.93707275390625,-166.805419921875,0.07723230868577957
1783010194.145809,0.0,0.0,10.0,-0.6381635665893555,51.57065963745117,0.06302689760923386,7.93707275390625,-166.805419921875,0.07723230868577957
1783010194.151224,0.0,0.0,10.0,-0.6381635665893555,51.57065963745117,0.06302689760923386,7.93707275390625,-166.805419921875,0.07723230868577957
1783010194.156504,0.0,0.0,10.0,-0.6381635665893555,51.57065963745117,0.06302689760923386,7.93707275390625,-166.805419921875,0.07723230868577957
1783010194.16264,0.0,0.0,10.0,-0.6377162933349609,51.5701789855957,0.06272583454847336,7.93707275390625,-166.805419921875,0.07723230868577957
1783010194.169179,0.0,0.0,10.0,-0.6377162933349609,51.5701789855957,0.06272583454847336,7.93707275390625,-166.805419921875,0.07723230868577957
1783010194.183421,0.0,0.0,10.0,-0.6377162933349609,51.5701789855957,0.06272583454847336,7.93707275390625,-166.805419921875,0.07723230868577957
1783010194.188935,0.0,0.0,10.0,-0.6377162933349609,51.5701789855957,0.06272583454847336,7.93707275390625,-166.805419921875,0.07723230868577957
1783010194.198518,0.0,0.0,10.0,-0.6377162933349609,51.5701789855957,0.06272583454847336,7.934171676635742,-166.805419921875,0.07616739720106125
1783010194.20409,0.0,0.0,10.0,-0.6377162933349609,51.5701789855957,0.06272583454847336,7.934171676635742,-166.805419921875,0.07616739720106125
1783010194.227481,0.0,0.0,10.0,-0.6377162933349609,51.5701789855957,0.06272583454847336,7.934171676635742,-166.805419921875,0.07616739720106125
1783010194.233821,0.0,0.0,10.0,-0.6374328136444092,51.56898498535156,0.06254120171070099,7.934171676635742,-166.805419921875,0.07616739720106125
1783010194.239973,0.0,0.0,10.0,-0.6374328136444092,51.56898498535156,0.06254120171070099,7.934171676635742,-166.805419921875,0.07616739720106125
1783010194.245931,0.0,0.0,10.0,-0.6374328136444092,51.56898498535156,0.06254120171070099,7.934171676635742,-166.805419921875,0.07616739720106125
1783010194.252426,0.0,0.0,10.0,-0.6374328136444092,51.56898498535156,0.06254120171070099,7.934171676635742,-166.805419921875,0.07616739720106125
1783010194.271657,0.0,0.0,10.0,-0.6374328136444092,51.56898498535156,0.06254120171070099,7.934171676635742,-166.805419921875,0.07616739720106125
1783010194.278615,0.0,0.0,10.0,-0.6383721232414246,51.569149017333984,0.06379678845405579,7.934171676635742,-166.805419921875,0.07616739720106125
1783010194.288535,0.0,0.0,10.0,-0.6383721232414246,51.569149017333984,0.06379678845405579,7.934171676635742,-166.805419921875,0.07616739720106125
1783010194.294751,0.0,0.0,10.0,-0.6383721232414246,51.569149017333984,0.06379678845405579,7.93385648727417,-166.783447265625,0.0753331184387207
1783010194.299943,0.0,0.0,10.0,-0.6383721232414246,51.569149017333984,0.06379678845405579,7.93385648727417,-166.783447265625,0.0753331184387207
1783010194.305949,0.0,0.0,10.0,-0.6383721232414246,51.569149017333984,0.06379678845405579,7.93385648727417,-166.783447265625,0.0753331184387207
1783010194.312045,0.0,0.0,10.0,-0.6381012797355652,51.57033157348633,0.0647553876042366,7.93385648727417,-166.783447265625,0.0753331184387207
1783010194.318516,0.0,0.0,10.0,-0.6381012797355652,51.57033157348633,0.0647553876042366,7.93385648727417,-166.783447265625,0.0753331184387207
1783010194.324322,0.0,0.0,10.0,-0.6381012797355652,51.57033157348633,0.0647553876042366,7.93385648727417,-166.783447265625,0.0753331184387207
1783010194.330045,0.0,0.0,10.0,-0.6381012797355652,51.57033157348633,0.0647553876042366,7.93385648727417,-166.783447265625,0.0753331184387207
1783010194.340685,0.0,0.0,10.0,-0.6381012797355652,51.57033157348633,0.0647553876042366,7.93385648727417,-166.783447265625,0.0753331184387207
1783010194.346669,0.0,0.0,10.0,-0.6381012797355652,51.57033157348633,0.0647553876042366,7.93385648727417,-166.783447265625,0.0753331184387207
1783010194.353149,0.0,0.0,10.0,-0.6381012797355652,51.57033157348633,0.0647553876042366,7.93385648727417,-166.783447265625,0.0753331184387207
1783010194.359023,0.0,0.0,10.0,-0.6381012797355652,51.57033157348633,0.0647553876042366,7.93385648727417,-166.783447265625,0.0753331184387207
1783010194.364257,0.0,0.0,10.0,-0.6396006941795349,51.5711669921875,0.06432373821735382,7.93385648727417,-166.783447265625,0.0753331184387207
1783010194.370277,0.0,0.0,10.0,-0.6396006941795349,51.5711669921875,0.06432373821735382,7.93385648727417,-166.783447265625,0.0753331184387207
1783010194.375795,0.0,0.0,10.0,-0.6396006941795349,51.5711669921875,0.06432373821735382,7.93385648727417,-166.783447265625,0.0753331184387207
1783010194.381327,0.0,0.0,10.0,-0.6396006941795349,51.5711669921875,0.06432373821735382,7.93385648727417,-166.783447265625,0.0753331184387207
1783010194.390188,0.0,0.0,10.0,-0.6396006941795349,51.5711669921875,0.06432373821735382,7.93385648727417,-166.783447265625,0.0753331184387207
1783010194.395395,0.0,0.0,10.0,-0.6396006941795349,51.5711669921875,0.06432373821735382,7.932101726531982,-166.739501953125,0.07565651834011078
1783010194.401478,0.0,0.0,10.0,-0.6396006941795349,51.5711669921875,0.06432373821735382,7.932101726531982,-166.739501953125,0.07565651834011078
1783010194.407276,0.0,0.0,10.0,-0.6396006941795349,51.5711669921875,0.06432373821735382,7.932101726531982,-166.739501953125,0.07565651834011078
1783010194.413589,0.0,0.0,10.0,-0.639072060585022,51.57216262817383,0.06467244774103165,7.932101726531982,-166.739501953125,0.07565651834011078
1783010194.420124,0.0,0.0,10.0,-0.639072060585022,51.57216262817383,0.06467244774103165,7.932101726531982,-166.739501953125,0.07565651834011078
1783010194.425675,0.0,0.0,10.0,-0.639072060585022,51.57216262817383,0.06467244774103165,7.932101726531982,-166.739501953125,0.07565651834011078
1783010194.43121,0.0,0.0,10.0,-0.639072060585022,51.57216262817383,0.06467244774103165,7.932101726531982,-166.739501953125,0.07565651834011078
1783010194.445198,0.0,0.0,10.0,-0.639072060585022,51.57216262817383,0.06467244774103165,7.932101726531982,-166.739501953125,0.07565651834011078
1783010194.451717,0.0,0.0,10.0,-0.639072060585022,51.57216262817383,0.06467244774103165,7.932101726531982,-166.739501953125,0.07565651834011078
1783010194.459058,0.0,0.0,10.0,-0.639072060585022,51.57216262817383,0.06467244774103165,7.932101726531982,-166.739501953125,0.07565651834011078
1783010194.465916,0.0,0.0,10.0,-0.6385840177536011,51.57370376586914,0.0644434317946434,7.932101726531982,-166.739501953125,0.07565651834011078
1783010194.471548,0.0,0.0,10.0,-0.6385840177536011,51.57370376586914,0.0644434317946434,7.932101726531982,-166.739501953125,0.07565651834011078
1783010194.477595,0.0,0.0,10.0,-0.6385840177536011,51.57370376586914,0.0644434317946434,7.932101726531982,-166.739501953125,0.07565651834011078
1783010194.484232,0.0,0.0,10.0,-0.6385840177536011,51.57370376586914,0.0644434317946434,7.932101726531982,-166.739501953125,0.07565651834011078
1783010194.492402,0.0,0.0,10.0,-0.6385840177536011,51.57370376586914,0.0644434317946434,7.932101726531982,-166.739501953125,0.07565651834011078
1783010194.49819,0.0,0.0,10.0,-0.6385840177536011,51.57370376586914,0.0644434317946434,7.93278694152832,-166.673583984375,0.0756310224533081
1783010194.504115,0.0,0.0,10.0,-0.6385840177536011,51.57370376586914,0.0644434317946434,7.93278694152832,-166.673583984375,0.0756310224533081
1783010194.510575,0.0,0.0,10.0,-0.6385840177536011,51.57370376586914,0.0644434317946434,7.93278694152832,-166.673583984375,0.0756310224533081
1783010194.516291,0.0,0.0,10.0,-0.6386440396308899,51.575557708740234,0.0642433911561966,7.93278694152832,-166.673583984375,0.0756310224533081
1783010194.521879,0.0,0.0,10.0,-0.6386440396308899,51.575557708740234,0.0642433911561966,7.93278694152832,-166.673583984375,0.0756310224533081
1783010194.528048,0.0,0.0,10.0,-0.6386440396308899,51.575557708740234,0.0642433911561966,7.93278694152832,-166.673583984375,0.0756310224533081
1783010194.533587,0.0,0.0,10.0,-0.6386440396308899,51.575557708740234,0.0642433911561966,7.93278694152832,-166.673583984375,0.0756310224533081
1783010194.548339,0.0,0.0,10.0,-0.6386440396308899,51.575557708740234,0.0642433911561966,7.93278694152832,-166.673583984375,0.0756310224533081
1783010194.553609,0.0,0.0,10.0,-0.6386440396308899,51.575557708740234,0.0642433911561966,7.93278694152832,-166.673583984375,0.0756310224533081
1783010194.560254,0.0,0.0,10.0,-0.6386440396308899,51.575557708740234,0.0642433911561966,7.93278694152832,-166.673583984375,0.0756310224533081
1783010194.565635,0.0,0.0,10.0,-0.6380981206893921,51.577152252197266,0.06375130265951157,7.93278694152832,-166.673583984375,0.0756310224533081
1783010194.571303,0.0,0.0,10.0,-0.6380981206893921,51.577152252197266,0.06375130265951157,7.93278694152832,-166.673583984375,0.0756310224533081
1783010194.577505,0.0,0.0,10.0,-0.6380981206893921,51.577152252197266,0.06375130265951157,7.93278694152832,-166.673583984375,0.0756310224533081
1783010194.583136,0.0,0.0,10.0,-0.6380981206893921,51.577152252197266,0.06375130265951157,7.93278694152832,-166.673583984375,0.0756310224533081
1783010194.605213,0.0,0.0,10.0,-0.6380981206893921,51.577152252197266,0.06375130265951157,7.93278694152832,-166.673583984375,0.0756310224533081
1783010194.6108,0.0,0.0,10.0,-0.6382521390914917,51.57741165161133,0.06415988504886627,7.929958343505859,-166.585693359375,0.07516977190971375
1783010194.616726,0.0,0.0,10.0,-0.6382521390914917,51.57741165161133,0.06415988504886627,7.929958343505859,-166.585693359375,0.07516977190971375
1783010194.622,0.0,0.0,10.0,-0.6382521390914917,51.57741165161133,0.06415988504886627,7.929958343505859,-166.585693359375,0.07516977190971375
1783010194.628295,0.0,0.0,10.0,-0.6382521390914917,51.57741165161133,0.06415988504886627,7.929958343505859,-166.585693359375,0.07516977190971375
1783010194.63532,0.0,0.0,10.0,-0.6382521390914917,51.57741165161133,0.06415988504886627,7.929958343505859,-166.585693359375,0.07516977190971375
1783010194.649684,0.0,0.0,10.0,-0.6382521390914917,51.57741165161133,0.06415988504886627,7.929958343505859,-166.585693359375,0.07516977190971375
1783010194.655739,0.0,0.0,10.0,-0.6382521390914917,51.57741165161133,0.06415988504886627,7.929958343505859,-166.585693359375,0.07516977190971375
1783010194.66181,0.0,0.0,10.0,-0.6382521390914917,51.57741165161133,0.06415988504886627,7.929958343505859,-166.585693359375,0.07516977190971375
1783010194.668952,0.0,0.0,10.0,-0.6380409598350525,51.57848358154297,0.06391862034797668,7.929958343505859,-166.585693359375,0.07516977190971375
1783010194.676073,0.0,0.0,10.0,-0.6380409598350525,51.57848358154297,0.06391862034797668,7.929958343505859,-166.585693359375,0.07516977190971375
1783010194.683117,0.0,0.0,10.0,-0.6380409598350525,51.57848358154297,0.06391862034797668,7.929958343505859,-166.585693359375,0.07516977190971375
1783010194.690329,0.0,0.0,10.0,-0.6380409598350525,51.57848358154297,0.06391862034797668,7.929958343505859,-166.585693359375,0.07516977190971375
1783010194.710071,0.0,0.0,10.0,-0.6380409598350525,51.57848358154297,0.06391862034797668,7.929958343505859,-166.585693359375,0.07516977190971375
1783010194.715477,0.0,0.0,10.0,-0.6369758248329163,51.578792572021484,0.06272659450769424,7.930570602416992,-166.497802734375,0.07506301254034042
1783010194.721015,0.0,0.0,10.0,-0.6369758248329163,51.578792572021484,0.06272659450769424,7.930570602416992,-166.497802734375,0.07506301254034042
1783010194.728508,0.0,0.0,10.0,-0.6369758248329163,51.578792572021484,0.06272659450769424,7.930570602416992,-166.497802734375,0.07506301254034042
1783010194.734553,0.0,0.0,10.0,-0.6369758248329163,51.578792572021484,0.06272659450769424,7.930570602416992,-166.497802734375,0.07506301254034042
1783010194.740046,0.0,0.0,10.0,-0.6369758248329163,51.578792572021484,0.06272659450769424,7.930570602416992,-166.497802734375,0.07506301254034042
1783010194.758874,0.0,0.0,10.0,-0.6369758248329163,51.578792572021484,0.06272659450769424,7.930570602416992,-166.497802734375,0.07506301254034042
1783010194.764405,0.0,0.0,10.0,-0.6376245617866516,51.579742431640625,0.06357074528932571,7.930570602416992,-166.497802734375,0.07506301254034042
1783010194.770391,0.0,0.0,10.0,-0.6376245617866516,51.579742431640625,0.06357074528932571,7.930570602416992,-166.497802734375,0.07506301254034042
1783010194.776517,0.0,0.0,10.0,-0.6376245617866516,51.579742431640625,0.06357074528932571,7.930570602416992,-166.497802734375,0.07506301254034042
1783010194.78236,0.0,0.0,10.0,-0.6376245617866516,51.579742431640625,0.06357074528932571,7.930570602416992,-166.497802734375,0.07506301254034042
1783010194.789671,0.0,0.0,10.0,-0.6376245617866516,51.579742431640625,0.06357074528932571,7.930570602416992,-166.497802734375,0.07506301254034042
1783010194.797204,0.0,0.0,10.0,-0.6376245617866516,51.579742431640625,0.06357074528932571,7.930570602416992,-166.497802734375,0.07506301254034042
1783010194.821468,0.0,0.0,10.0,-0.6376245617866516,51.579742431640625,0.06357074528932571,7.930570602416992,-166.497802734375,0.07506301254034042
1783010194.827237,0.0,0.0,10.0,-0.6380165219306946,51.580108642578125,0.06295286864042282,7.928650379180908,-166.431884765625,0.07549960911273956
1783010194.832513,0.0,0.0,10.0,-0.6380165219306946,51.580108642578125,0.06295286864042282,7.928650379180908,-166.431884765625,0.07549960911273956
1783010194.83856,0.0,0.0,10.0,-0.6380165219306946,51.580108642578125,0.06295286864042282,7.928650379180908,-166.431884765625,0.07549960911273956
1783010194.844173,0.0,0.0,10.0,-0.6380165219306946,51.580108642578125,0.06295286864042282,7.928650379180908,-166.431884765625,0.07549960911273956
1783010194.865089,0.0,0.0,10.0,-0.6380165219306946,51.580108642578125,0.06295286864042282,7.928650379180908,-166.431884765625,0.07549960911273956
1783010194.871048,0.0,0.0,10.0,-0.6380165219306946,51.580108642578125,0.06295286864042282,7.928650379180908,-166.431884765625,0.07549960911273956
1783010194.876944,0.0,0.0,10.0,-0.6388434767723083,51.580108642578125,0.0628054216504097,7.928650379180908,-166.431884765625,0.07549960911273956
1783010194.88216,0.0,0.0,10.0,-0.6388434767723083,51.580108642578125,0.0628054216504097,7.928650379180908,-166.431884765625,0.07549960911273956
1783010194.88854,0.0,0.0,10.0,-0.6388434767723083,51.580108642578125,0.0628054216504097,7.928650379180908,-166.431884765625,0.07549960911273956
1783010194.893948,0.0,0.0,10.0,-0.6388434767723083,51.580108642578125,0.0628054216504097,7.928650379180908,-166.431884765625,0.07549960911273956
1783010194.904112,0.0,0.0,10.0,-0.6388434767723083,51.580108642578125,0.0628054216504097,7.928650379180908,-166.431884765625,0.07549960911273956
1783010194.914245,0.0,0.0,10.0,-0.6388434767723083,51.580108642578125,0.0628054216504097,7.92879581451416,-166.365966796875,0.07681538164615631
1783010194.919726,0.0,0.0,10.0,-0.6393623352050781,51.58027267456055,0.06174759566783905,7.92879581451416,-166.365966796875,0.07681538164615631
1783010194.925954,0.0,0.0,10.0,-0.6393623352050781,51.58027267456055,0.06174759566783905,7.92879581451416,-166.365966796875,0.07681538164615631
1783010194.931408,0.0,0.0,10.0,-0.6393623352050781,51.58027267456055,0.06174759566783905,7.92879581451416,-166.365966796875,0.07681538164615631
1783010194.938406,0.0,0.0,10.0,-0.6393623352050781,51.58027267456055,0.06174759566783905,7.92879581451416,-166.365966796875,0.07681538164615631
1783010194.943925,0.0,0.0,10.0,-0.6393623352050781,51.58027267456055,0.06174759566783905,7.92879581451416,-166.365966796875,0.07681538164615631
1783010194.949295,0.0,0.0,10.0,-0.6393623352050781,51.58027267456055,0.06174759566783905,7.92879581451416,-166.365966796875,0.07681538164615631
1783010194.955569,0.0,0.0,10.0,-0.6393623352050781,51.58027267456055,0.06174759566783905,7.92879581451416,-166.365966796875,0.07681538164615631
1783010194.967913,0.0,0.0,10.0,-0.6393623352050781,51.58027267456055,0.06174759566783905,7.92879581451416,-166.365966796875,0.07681538164615631
1783010194.973561,0.0,0.0,10.0,-0.6389275193214417,51.580078125,0.06212051957845688,7.92879581451416,-166.365966796875,0.07681538164615631
1783010194.978945,0.0,0.0,10.0,-0.6389275193214417,51.580078125,0.06212051957845688,7.92879581451416,-166.365966796875,0.07681538164615631
1783010194.98509,0.0,0.0,10.0,-0.6389275193214417,51.580078125,0.06212051957845688,7.92879581451416,-166.365966796875,0.07681538164615631
1783010194.99047,0.0,0.0,10.0,-0.6389275193214417,51.580078125,0.06212051957845688,7.92879581451416,-166.365966796875,0.07681538164615631
1783010194.996238,0.0,0.0,10.0,-0.6389275193214417,51.580078125,0.06212051957845688,7.92879581451416,-166.365966796875,0.07681538164615631
1783010195.001407,0.0,0.0,10.0,-0.6389275193214417,51.580078125,0.06212051957845688,7.929010391235352,-166.278076171875,0.07756849378347397
1783010195.007422,0.0,0.0,10.0,-0.6389275193214417,51.580078125,0.06212051957845688,7.929010391235352,-166.278076171875,0.07756849378347397
1783010195.015859,0.0,0.0,10.0,-0.6389275193214417,51.580078125,0.06212051957845688,7.929010391235352,-166.278076171875,0.07756849378347397
1783010195.021809,0.0,0.0,10.0,-0.6399672627449036,51.58057403564453,0.06258104741573334,7.929010391235352,-166.278076171875,0.07756849378347397
1783010195.028729,0.0,0.0,10.0,-0.6399672627449036,51.58057403564453,0.06258104741573334,7.929010391235352,-166.278076171875,0.07756849378347397
1783010195.034065,0.0,0.0,10.0,-0.6399672627449036,51.58057403564453,0.06258104741573334,7.929010391235352,-166.278076171875,0.07756849378347397
1783010195.039987,0.0,0.0,10.0,-0.6399672627449036,51.58057403564453,0.06258104741573334,7.929010391235352,-166.278076171875,0.07756849378347397
1783010195.046391,0.0,0.0,10.0,-0.6399672627449036,51.58057403564453,0.06258104741573334,7.929010391235352,-166.278076171875,0.07756849378347397
1783010195.051942,0.0,0.0,10.0,-0.6399672627449036,51.58057403564453,0.06258104741573334,7.929010391235352,-166.278076171875,0.07756849378347397
1783010195.058018,0.0,0.0,10.0,-0.6399672627449036,51.58057403564453,0.06258104741573334,7.929010391235352,-166.278076171875,0.07756849378347397
1783010195.070215,0.0,0.0,10.0,-0.6399672627449036,51.58057403564453,0.06258104741573334,7.929010391235352,-166.278076171875,0.07756849378347397
1783010195.07618,0.0,0.0,10.0,-0.6413288712501526,51.57958984375,0.062430620193481445,7.929010391235352,-166.278076171875,0.07756849378347397
1783010195.081694,0.0,0.0,10.0,-0.6413288712501526,51.57958984375,0.062430620193481445,7.929010391235352,-166.278076171875,0.07756849378347397
1783010195.089991,0.0,0.0,10.0,-0.6413288712501526,51.57958984375,0.062430620193481445,7.929010391235352,-166.278076171875,0.07756849378347397
1783010195.095904,0.0,0.0,10.0,-0.6413288712501526,51.57958984375,0.062430620193481445,7.929010391235352,-166.278076171875,0.07756849378347397
1783010195.101372,0.0,0.0,10.0,-0.6413288712501526,51.57958984375,0.062430620193481445,7.929010391235352,-166.278076171875,0.07756849378347397
1783010195.107218,0.0,0.0,10.0,-0.6413288712501526,51.57958984375,0.062430620193481445,7.925785064697266,-166.190185546875,0.07676587998867035
1783010195.131363,0.0,0.0,10.0,-0.6413288712501526,51.57958984375,0.062430620193481445,7.925785064697266,-166.190185546875,0.07676587998867035
1783010195.137523,0.0,0.0,10.0,-0.6423996686935425,51.57912063598633,0.06152604892849922,7.925785064697266,-166.190185546875,0.07676587998867035
1783010195.14423,0.0,0.0,10.0,-0.6423996686935425,51.57912063598633,0.06152604892849922,7.925785064697266,-166.190185546875,0.07676587998867035
1783010195.149715,0.0,0.0,10.0,-0.6423996686935425,51.57912063598633,0.06152604892849922,7.925785064697266,-166.190185546875,0.07676587998867035
1783010195.156158,0.0,0.0,10.0,-0.6423996686935425,51.57912063598633,0.06152604892849922,7.925785064697266,-166.190185546875,0.07676587998867035
1783010195.161915,0.0,0.0,10.0,-0.6419824361801147,51.579383850097656,0.060208480805158615,7.925785064697266,-166.190185546875,0.07676587998867035
1783010195.177043,0.0,0.0,10.0,-0.6419824361801147,51.579383850097656,0.060208480805158615,7.925785064697266,-166.190185546875,0.07676587998867035
1783010195.183699,0.0,0.0,10.0,-0.6419824361801147,51.579383850097656,0.060208480805158615,7.925785064697266,-166.190185546875,0.07676587998867035
1783010195.189457,0.0,0.0,10.0,-0.6419824361801147,51.579383850097656,0.060208480805158615,7.925785064697266,-166.190185546875,0.07676587998867035
1783010195.196045,0.0,0.0,10.0,-0.6419824361801147,51.579383850097656,0.060208480805158615,7.925785064697266,-166.190185546875,0.07676587998867035
1783010195.20178,0.0,0.0,10.0,-0.6419824361801147,51.579383850097656,0.060208480805158615,7.926246166229248,-166.146240234375,0.07879768311977386
1783010195.210269,0.0,0.0,10.0,-0.6419824361801147,51.579383850097656,0.060208480805158615,7.926246166229248,-166.146240234375,0.07879768311977386
1783010195.216387,0.0,0.0,10.0,-0.6420131325721741,51.580684661865234,0.059332821518182755,7.926246166229248,-166.146240234375,0.07879768311977386
1783010195.222499,0.0,0.0,10.0,-0.6420131325721741,51.580684661865234,0.059332821518182755,7.926246166229248,-166.146240234375,0.07879768311977386
1783010195.240174,0.0,0.0,10.0,-0.6420131325721741,51.580684661865234,0.059332821518182755,7.926246166229248,-166.146240234375,0.07879768311977386
1783010195.245499,0.0,0.0,10.0,-0.6420131325721741,51.580684661865234,0.059332821518182755,7.926246166229248,-166.146240234375,0.07879768311977386
1783010195.251477,0.0,0.0,10.0,-0.6420131325721741,51.580684661865234,0.059332821518182755,7.926246166229248,-166.146240234375,0.07879768311977386
1783010195.258606,0.0,0.0,10.0,-0.6420131325721741,51.580684661865234,0.059332821518182755,7.926246166229248,-166.146240234375,0.07879768311977386
1783010195.266274,0.0,0.0,10.0,-0.6419493556022644,51.580223083496094,0.05773625150322914,7.926246166229248,-166.146240234375,0.07879768311977386
1783010195.280973,0.0,0.0,10.0,-0.6419493556022644,51.580223083496094,0.05773625150322914,7.926246166229248,-166.146240234375,0.07879768311977386
1783010195.286715,0.0,0.0,10.0,-0.6419493556022644,51.580223083496094,0.05773625150322914,7.926246166229248,-166.146240234375,0.07879768311977386
1783010195.291891,0.0,0.0,10.0,-0.6419493556022644,51.580223083496094,0.05773625150322914,7.926246166229248,-166.146240234375,0.07879768311977386
1783010195.297067,0.0,0.0,10.0,-0.6419493556022644,51.580223083496094,0.05773625150322914,7.926246166229248,-166.146240234375,0.07879768311977386
1783010195.302432,0.0,0.0,10.0,-0.6419493556022644,51.580223083496094,0.05773625150322914,7.926246166229248,-166.146240234375,0.07879768311977386
1783010195.308431,0.0,0.0,10.0,-0.6419493556022644,51.580223083496094,0.05773625150322914,7.923350811004639,-166.036376953125,0.07900015264749527
1783010195.314614,0.0,0.0,10.0,-0.6429837346076965,51.57917785644531,0.05526767298579216,7.923350811004639,-166.036376953125,0.07900015264749527
1783010195.332948,0.0,0.0,10.0,-0.6429837346076965,51.57917785644531,0.05526767298579216,7.923350811004639,-166.036376953125,0.07900015264749527
1783010195.338426,0.0,0.0,10.0,-0.6429837346076965,51.57917785644531,0.05526767298579216,7.923350811004639,-166.036376953125,0.07900015264749527
1783010195.344376,0.0,0.0,10.0,-0.6429837346076965,51.57917785644531,0.05526767298579216,7.923350811004639,-166.036376953125,0.07900015264749527
1783010195.351203,0.0,0.0,10.0,-0.6429837346076965,51.57917785644531,0.05526767298579216,7.923350811004639,-166.036376953125,0.07900015264749527
1783010195.356971,0.0,0.0,10.0,-0.6429837346076965,51.57917785644531,0.05526767298579216,7.923350811004639,-166.036376953125,0.07900015264749527
1783010195.363315,0.0,0.0,10.0,-0.6404216885566711,51.57889175415039,0.05466563627123833,7.923350811004639,-166.036376953125,0.07900015264749527
1783010195.369649,0.0,0.0,10.0,-0.6404216885566711,51.57889175415039,0.05466563627123833,7.923350811004639,-166.036376953125,0.07900015264749527
1783010195.383804,0.0,0.0,10.0,-0.6404216885566711,51.57889175415039,0.05466563627123833,7.923350811004639,-166.036376953125,0.07900015264749527
1783010195.389524,0.0,0.0,10.0,-0.6404216885566711,51.57889175415039,0.05466563627123833,7.923350811004639,-166.036376953125,0.07900015264749527
1783010195.397275,0.0,0.0,10.0,-0.6404216885566711,51.57889175415039,0.05466563627123833,7.923350811004639,-166.036376953125,0.07900015264749527
1783010195.402544,0.0,0.0,10.0,-0.6404216885566711,51.57889175415039,0.05466563627123833,7.923350811004639,-166.036376953125,0.07900015264749527
1783010195.408568,0.0,0.0,10.0,-0.6404216885566711,51.57889175415039,0.05466563627123833,7.927402973175049,-165.926513671875,0.08037538826465607
1783010195.414594,0.0,0.0,10.0,-0.6417083740234375,51.5776252746582,0.053973615169525146,7.927402973175049,-165.926513671875,0.08037538826465607
1783010195.420909,0.0,0.0,10.0,-0.6417083740234375,51.5776252746582,0.053973615169525146,7.927402973175049,-165.926513671875,0.08037538826465607
1783010195.435209,0.0,0.0,10.0,-0.6417083740234375,51.5776252746582,0.053973615169525146,7.927402973175049,-165.926513671875,0.08037538826465607
1783010195.441199,0.0,0.0,10.0,-0.6417083740234375,51.5776252746582,0.053973615169525146,7.927402973175049,-165.926513671875,0.08037538826465607
1783010195.448352,0.0,0.0,10.0,-0.6417083740234375,51.5776252746582,0.053973615169525146,7.927402973175049,-165.926513671875,0.08037538826465607
1783010195.454822,0.0,0.0,10.0,-0.6417083740234375,51.5776252746582,0.053973615169525146,7.927402973175049,-165.926513671875,0.08037538826465607
1783010195.461685,0.0,0.0,10.0,-0.6417083740234375,51.5776252746582,0.053973615169525146,7.927402973175049,-165.926513671875,0.08037538826465607
1783010195.46764,0.0,0.0,10.0,-0.6411901116371155,51.576148986816406,0.05493079498410225,7.927402973175049,-165.926513671875,0.08037538826465607
1783010195.486396,0.0,0.0,10.0,-0.6411901116371155,51.576148986816406,0.05493079498410225,7.927402973175049,-165.926513671875,0.08037538826465607
1783010195.49207,0.0,0.0,10.0,-0.6411901116371155,51.576148986816406,0.05493079498410225,7.927402973175049,-165.926513671875,0.08037538826465607
1783010195.499033,0.0,0.0,10.0,-0.6411901116371155,51.576148986816406,0.05493079498410225,7.927402973175049,-165.926513671875,0.08037538826465607
1783010195.50469,0.0,0.0,10.0,-0.6411901116371155,51.576148986816406,0.05493079498410225,7.919672966003418,-165.860595703125,0.07800758630037308
1783010195.510752,0.0,0.0,10.0,-0.6411901116371155,51.576148986816406,0.05493079498410225,7.919672966003418,-165.860595703125,0.07800758630037308
1783010195.516768,0.0,0.0,10.0,-0.6424830555915833,51.57484436035156,0.054618705064058304,7.919672966003418,-165.860595703125,0.07800758630037308
1783010195.522327,0.0,0.0,10.0,-0.6424830555915833,51.57484436035156,0.054618705064058304,7.919672966003418,-165.860595703125,0.07800758630037308
1783010195.541208,0.0,0.0,10.0,-0.6424830555915833,51.57484436035156,0.054618705064058304,7.919672966003418,-165.860595703125,0.07800758630037308
1783010195.548291,0.0,0.0,10.0,-0.6424830555915833,51.57484436035156,0.054618705064058304,7.919672966003418,-165.860595703125,0.07800758630037308
1783010195.554129,0.0,0.0,10.0,-0.6424830555915833,51.57484436035156,0.054618705064058304,7.919672966003418,-165.860595703125,0.07800758630037308
1783010195.560242,0.0,0.0,10.0,-0.6424830555915833,51.57484436035156,0.054618705064058304,7.919672966003418,-165.860595703125,0.07800758630037308
1783010195.56781,0.0,0.0,10.0,-0.6409834027290344,51.57471466064453,0.055004674941301346,7.919672966003418,-165.860595703125,0.07800758630037308
1783010195.573409,0.0,0.0,10.0,-0.6409834027290344,51.57471466064453,0.055004674941301346,7.919672966003418,-165.860595703125,0.07800758630037308
1783010195.587403,0.0,0.0,10.0,-0.6409834027290344,51.57471466064453,0.055004674941301346,7.919672966003418,-165.860595703125,0.07800758630037308
1783010195.592889,0.0,0.0,10.0,-0.6409834027290344,51.57471466064453,0.055004674941301346,7.919672966003418,-165.860595703125,0.07800758630037308
1783010195.598493,0.0,0.0,10.0,-0.6409834027290344,51.57471466064453,0.055004674941301346,7.919672966003418,-165.860595703125,0.07800758630037308
1783010195.605843,0.0,0.0,10.0,-0.6409834027290344,51.57471466064453,0.055004674941301346,7.919672966003418,-165.860595703125,0.07800758630037308
1783010195.611499,0.0,0.0,10.0,-0.6413516402244568,51.574676513671875,0.05460516735911369,7.9254350662231445,-165.750732421875,0.0795450285077095
1783010195.617123,0.0,0.0,10.0,-0.6413516402244568,51.574676513671875,0.05460516735911369,7.9254350662231445,-165.750732421875,0.0795450285077095
1783010195.623236,0.0,0.0,10.0,-0.6413516402244568,51.574676513671875,0.05460516735911369,7.9254350662231445,-165.750732421875,0.0795450285077095
1783010195.642244,0.0,0.0,10.0,-0.6413516402244568,51.574676513671875,0.05460516735911369,7.9254350662231445,-165.750732421875,0.0795450285077095
1783010195.649468,0.0,0.0,10.0,-0.6413516402244568,51.574676513671875,0.05460516735911369,7.9254350662231445,-165.750732421875,0.0795450285077095
1783010195.655645,0.0,0.0,10.0,-0.6413516402244568,51.574676513671875,0.05460516735911369,7.9254350662231445,-165.750732421875,0.0795450285077095
1783010195.660848,0.0,0.0,10.0,-0.6426601409912109,51.5758056640625,0.05446873977780342,7.9254350662231445,-165.750732421875,0.0795450285077095
1783010195.667395,0.0,0.0,10.0,-0.6426601409912109,51.5758056640625,0.05446873977780342,7.9254350662231445,-165.750732421875,0.0795450285077095
1783010195.674163,0.0,0.0,10.0,-0.6426601409912109,51.5758056640625,0.05446873977780342,7.9254350662231445,-165.750732421875,0.0795450285077095
1783010195.693587,0.0,0.0,10.0,-0.6426601409912109,51.5758056640625,0.05446873977780342,7.9254350662231445,-165.750732421875,0.0795450285077095
1783010195.699013,0.0,0.0,10.0,-0.6426601409912109,51.5758056640625,0.05446873977780342,7.9254350662231445,-165.750732421875,0.0795450285077095
1783010195.704321,0.0,0.0,10.0,-0.6426601409912109,51.5758056640625,0.05446873977780342,7.9254350662231445,-165.750732421875,0.0795450285077095
1783010195.710339,0.0,0.0,10.0,-0.6416528224945068,51.575923919677734,0.05451671779155731,7.920493125915527,-165.706787109375,0.08002465218305588
1783010195.71686,0.0,0.0,10.0,-0.6416528224945068,51.575923919677734,0.05451671779155731,7.920493125915527,-165.706787109375,0.08002465218305588
1783010195.72241,0.0,0.0,10.0,-0.6416528224945068,51.575923919677734,0.05451671779155731,7.920493125915527,-165.706787109375,0.08002465218305588
1783010195.728068,0.0,0.0,10.0,-0.6416528224945068,51.575923919677734,0.05451671779155731,7.920493125915527,-165.706787109375,0.08002465218305588
1783010195.743624,0.0,0.0,10.0,-0.6416528224945068,51.575923919677734,0.05451671779155731,7.920493125915527,-165.706787109375,0.08002465218305588
1783010195.749657,0.0,0.0,10.0,-0.6416528224945068,51.575923919677734,0.05451671779155731,7.920493125915527,-165.706787109375,0.08002465218305588
1783010195.756223,0.0,0.0,10.0,-0.6416528224945068,51.575923919677734,0.05451671779155731,7.920493125915527,-165.706787109375,0.08002465218305588
1783010195.761572,0.0,0.0,10.0,-0.6406946182250977,51.5754280090332,0.05571988970041275,7.920493125915527,-165.706787109375,0.08002465218305588
1783010195.768573,0.0,0.0,10.0,-0.6406946182250977,51.5754280090332,0.05571988970041275,7.920493125915527,-165.706787109375,0.08002465218305588
1783010195.773875,0.0,0.0,10.0,-0.6406946182250977,51.5754280090332,0.05571988970041275,7.920493125915527,-165.706787109375,0.08002465218305588
1783010195.779706,0.0,0.0,10.0,-0.6406946182250977,51.5754280090332,0.05571988970041275,7.920493125915527,-165.706787109375,0.08002465218305588
1783010195.794492,0.0,0.0,10.0,-0.6406946182250977,51.5754280090332,0.05571988970041275,7.920493125915527,-165.706787109375,0.08002465218305588
1783010195.800015,0.0,0.0,10.0,-0.6406946182250977,51.5754280090332,0.05571988970041275,7.920493125915527,-165.706787109375,0.08002465218305588
1783010195.80557,0.0,0.0,10.0,-0.6406946182250977,51.5754280090332,0.05571988970041275,7.920493125915527,-165.706787109375,0.08002465218305588
1783010195.811074,0.0,0.0,10.0,-0.6406220197677612,51.574859619140625,0.05563414469361305,7.9232611656188965,-165.596923828125,0.08141319453716278
1783010195.818605,0.0,0.0,10.0,-0.6406220197677612,51.574859619140625,0.05563414469361305,7.9232611656188965,-165.596923828125,0.08141319453716278
1783010195.82471,0.0,0.0,10.0,-0.6406220197677612,51.574859619140625,0.05563414469361305,7.9232611656188965,-165.596923828125,0.08141319453716278
1783010195.831681,0.0,0.0,10.0,-0.6406220197677612,51.574859619140625,0.05563414469361305,7.9232611656188965,-165.596923828125,0.08141319453716278
1783010195.847723,0.0,0.0,10.0,-0.6406220197677612,51.574859619140625,0.05563414469361305,7.9232611656188965,-165.596923828125,0.08141319453716278
1783010195.853746,0.0,0.0,10.0,-0.6406220197677612,51.574859619140625,0.05563414469361305,7.9232611656188965,-165.596923828125,0.08141319453716278
1783010195.859635,0.0,0.0,10.0,-0.6406220197677612,51.574859619140625,0.05563414469361305,7.9232611656188965,-165.596923828125,0.08141319453716278
1783010195.864824,0.0,0.0,10.0,-0.6417948007583618,51.57295227050781,0.05584915354847908,7.9232611656188965,-165.596923828125,0.08141319453716278
1783010195.870328,0.0,0.0,10.0,-0.6417948007583618,51.57295227050781,0.05584915354847908,7.9232611656188965,-165.596923828125,0.08141319453716278
1783010195.875993,0.0,0.0,10.0,-0.6417948007583618,51.57295227050781,0.05584915354847908,7.9232611656188965,-165.596923828125,0.08141319453716278
1783010195.881311,0.0,0.0,10.0,-0.6417948007583618,51.57295227050781,0.05584915354847908,7.9232611656188965,-165.596923828125,0.08141319453716278
1783010195.899737,0.0,0.0,10.0,-0.6417948007583618,51.57295227050781,0.05584915354847908,7.9232611656188965,-165.596923828125,0.08141319453716278
1783010195.905961,0.0,0.0,10.0,-0.6417948007583618,51.57295227050781,0.05584915354847908,7.9232611656188965,-165.596923828125,0.08141319453716278
1783010195.91295,0.0,0.0,10.0,-0.6403594613075256,51.57339096069336,0.05588533356785774,7.920831203460693,-165.552978515625,0.08062603324651718
1783010195.919523,0.0,0.0,10.0,-0.6403594613075256,51.57339096069336,0.05588533356785774,7.920831203460693,-165.552978515625,0.08062603324651718
1783010195.926811,0.0,0.0,10.0,-0.6403594613075256,51.57339096069336,0.05588533356785774,7.920831203460693,-165.552978515625,0.08062603324651718
1783010195.933145,0.0,0.0,10.0,-0.6403594613075256,51.57339096069336,0.05588533356785774,7.920831203460693,-165.552978515625,0.08062603324651718
1783010195.952903,0.0,0.0,10.0,-0.6403594613075256,51.57339096069336,0.05588533356785774,7.920831203460693,-165.552978515625,0.08062603324651718
1783010195.966224,0.0,0.0,10.0,-0.6403594613075256,51.57339096069336,0.05588533356785774,7.920831203460693,-165.552978515625,0.08062603324651718
1783010195.972234,0.0,0.0,10.0,-0.6403594613075256,51.57339096069336,0.05588533356785774,7.920831203460693,-165.552978515625,0.08062603324651718
1783010196.010998,0.0,0.0,10.0,-0.6398847699165344,51.572689056396484,0.0560387559235096,7.920831203460693,-165.552978515625,0.08062603324651718
1783010196.016599,0.0,0.0,10.0,-0.6398847699165344,51.572689056396484,0.0560387559235096,7.920831203460693,-165.552978515625,0.08062603324651718
1783010196.023319,0.0,0.0,10.0,-0.6403114795684814,51.57111358642578,0.05656963214278221,7.920738697052002,-165.465087890625,0.08016325533390045
1783010196.029847,0.0,0.0,10.0,-0.6403114795684814,51.57111358642578,0.05656963214278221,7.920738697052002,-165.465087890625,0.08016325533390045
1783010196.035178,0.0,0.0,10.0,-0.6403114795684814,51.57111358642578,0.05656963214278221,7.920738697052002,-165.465087890625,0.08016325533390045
1783010196.04094,0.0,0.0,10.0,-0.6403114795684814,51.57111358642578,0.05656963214278221,7.920738697052002,-165.465087890625,0.08016325533390045
1783010196.058044,0.0,0.0,10.0,-0.6403114795684814,51.57111358642578,0.05656963214278221,7.920738697052002,-165.465087890625,0.08016325533390045
1783010196.065442,0.0,0.0,10.0,-0.6403114795684814,51.57111358642578,0.05656963214278221,7.920738697052002,-165.465087890625,0.08016325533390045
1783010196.079678,0.0,0.0,10.0,-0.6403114795684814,51.57111358642578,0.05656963214278221,7.920738697052002,-165.465087890625,0.08016325533390045
1783010196.085651,0.0,0.0,10.0,-0.6403114795684814,51.57111358642578,0.05656963214278221,7.920738697052002,-165.465087890625,0.08016325533390045
1783010196.090883,0.0,0.0,10.0,-0.6420791745185852,51.56916427612305,0.054832521826028824,7.920738697052002,-165.465087890625,0.08016325533390045
1783010196.097505,0.0,0.0,10.0,-0.6420791745185852,51.56916427612305,0.054832521826028824,7.920738697052002,-165.465087890625,0.08016325533390045
1783010196.105339,0.0,0.0,10.0,-0.6420791745185852,51.56916427612305,0.054832521826028824,7.920738697052002,-165.465087890625,0.08016325533390045
1783010196.11424,0.0,0.0,10.0,-0.6420791745185852,51.56916427612305,0.054832521826028824,7.920738697052002,-165.465087890625,0.08016325533390045
1783010196.121508,0.0,0.0,10.0,-0.6408736109733582,51.568504333496094,0.054177235811948776,7.921400547027588,-165.377197265625,0.07865974307060242
1783010196.141262,0.0,0.0,10.0,-0.6408736109733582,51.568504333496094,0.054177235811948776,7.921400547027588,-165.377197265625,0.07865974307060242
1783010196.147159,0.0,0.0,10.0,-0.6408736109733582,51.568504333496094,0.054177235811948776,7.921400547027588,-165.377197265625,0.07865974307060242
1783010196.152592,0.0,0.0,10.0,-0.6408736109733582,51.568504333496094,0.054177235811948776,7.921400547027588,-165.377197265625,0.07865974307060242
1783010196.158284,0.0,0.0,10.0,-0.6408736109733582,51.568504333496094,0.054177235811948776,7.921400547027588,-165.377197265625,0.07865974307060242
1783010196.163974,0.0,0.0,10.0,-0.641566276550293,51.567161560058594,0.055844031274318695,7.921400547027588,-165.377197265625,0.07865974307060242
1783010196.17099,0.0,0.0,10.0,-0.641566276550293,51.567161560058594,0.055844031274318695,7.921400547027588,-165.377197265625,0.07865974307060242
1783010196.187096,0.0,0.0,10.0,-0.641566276550293,51.567161560058594,0.055844031274318695,7.921400547027588,-165.377197265625,0.07865974307060242
1783010196.194243,0.0,0.0,10.0,-0.641566276550293,51.567161560058594,0.055844031274318695,7.921400547027588,-165.377197265625,0.07865974307060242
1783010196.199783,0.0,0.0,10.0,-0.641566276550293,51.567161560058594,0.055844031274318695,7.921400547027588,-165.377197265625,0.07865974307060242
1783010196.205329,0.0,0.0,10.0,-0.641566276550293,51.567161560058594,0.055844031274318695,7.921400547027588,-165.377197265625,0.07865974307060242
1783010196.212673,0.0,0.0,10.0,-0.641566276550293,51.567161560058594,0.055844031274318695,7.921400547027588,-165.377197265625,0.07865974307060242
1783010196.21791,0.0,0.0,10.0,-0.6410681009292603,51.567317962646484,0.055511724203825,7.849318027496338,-165.223388671875,0.08285266160964966
1783010196.2236,0.0,0.0,10.0,-0.6410681009292603,51.567317962646484,0.055511724203825,7.849318027496338,-165.223388671875,0.08285266160964966
1783010196.240292,0.0,0.0,10.0,-0.6410681009292603,51.567317962646484,0.055511724203825,7.849318027496338,-165.223388671875,0.08285266160964966
1783010196.246113,0.0,0.0,10.0,-0.6410681009292603,51.567317962646484,0.055511724203825,7.849318027496338,-165.223388671875,0.08285266160964966
1783010196.251649,0.0,0.0,10.0,-0.6410681009292603,51.567317962646484,0.055511724203825,7.849318027496338,-165.223388671875,0.08285266160964966
1783010196.259277,0.0,0.0,10.0,-0.6410681009292603,51.567317962646484,0.055511724203825,7.849318027496338,-165.223388671875,0.08285266160964966
1783010196.266223,0.0,0.0,10.0,-0.6402301788330078,51.56543731689453,0.054895829409360886,7.849318027496338,-165.223388671875,0.08285266160964966
1783010196.272367,0.0,0.0,10.0,-0.6402301788330078,51.56543731689453,0.054895829409360886,7.849318027496338,-165.223388671875,0.08285266160964966
1783010196.289863,0.0,0.0,10.0,-0.6402301788330078,51.56543731689453,0.054895829409360886,7.849318027496338,-165.223388671875,0.08285266160964966
1783010196.295159,0.0,0.0,10.0,-0.6402301788330078,51.56543731689453,0.054895829409360886,7.849318027496338,-165.223388671875,0.08285266160964966
1783010196.300734,0.0,0.0,10.0,-0.6402301788330078,51.56543731689453,0.054895829409360886,7.849318027496338,-165.223388671875,0.08285266160964966
1783010196.307085,0.0,0.0,10.0,-0.6402301788330078,51.56543731689453,0.054895829409360886,7.849318027496338,-165.223388671875,0.08285266160964966
1783010196.312593,0.0,0.0,10.0,-0.6404852867126465,51.56528854370117,0.052867591381073,7.677022457122803,-164.915771484375,0.08020421117544174
1783010196.319761,0.0,0.0,10.0,-0.6404852867126465,51.56528854370117,0.052867591381073,7.677022457122803,-164.915771484375,0.08020421117544174
1783010196.327036,0.0,0.0,10.0,-0.6404852867126465,51.56528854370117,0.052867591381073,7.677022457122803,-164.915771484375,0.08020421117544174
1783010196.341968,0.0,0.0,10.0,-0.6404852867126465,51.56528854370117,0.052867591381073,7.677022457122803,-164.915771484375,0.08020421117544174
1783010196.347606,0.0,0.0,10.0,-0.6404852867126465,51.56528854370117,0.052867591381073,7.677022457122803,-164.915771484375,0.08020421117544174
1783010196.353356,0.0,0.0,10.0,-0.6404852867126465,51.56528854370117,0.052867591381073,7.677022457122803,-164.915771484375,0.08020421117544174
1783010196.36033,0.0,0.0,10.0,-0.6404852867126465,51.56528854370117,0.052867591381073,7.677022457122803,-164.915771484375,0.08020421117544174
1783010196.365947,0.0,0.0,10.0,-0.641859233379364,51.56440734863281,0.05350218713283539,7.677022457122803,-164.915771484375,0.08020421117544174
1783010196.371499,0.0,0.0,10.0,-0.641859233379364,51.56440734863281,0.05350218713283539,7.677022457122803,-164.915771484375,0.08020421117544174
1783010196.376999,0.0,0.0,10.0,-0.641859233379364,51.56440734863281,0.05350218713283539,7.677022457122803,-164.915771484375,0.08020421117544174
1783010196.394707,0.0,0.0,10.0,-0.641859233379364,51.56440734863281,0.05350218713283539,7.677022457122803,-164.915771484375,0.08020421117544174
1783010196.403903,0.0,0.0,10.0,-0.641859233379364,51.56440734863281,0.05350218713283539,7.677022457122803,-164.915771484375,0.08020421117544174
1783010196.40991,0.0,0.0,10.0,-0.641859233379364,51.56440734863281,0.05350218713283539,7.677022457122803,-164.915771484375,0.08020421117544174
1783010196.416309,0.0,0.0,10.0,-0.6416273713111877,51.56305694580078,0.0525820218026638,7.499596118927002,-164.630126953125,0.08296798914670944
1783010196.421831,0.0,0.0,10.0,-0.6416273713111877,51.56305694580078,0.0525820218026638,7.499596118927002,-164.630126953125,0.08296798914670944
1783010196.427791,0.0,0.0,10.0,-0.6416273713111877,51.56305694580078,0.0525820218026638,7.499596118927002,-164.630126953125,0.08296798914670944
1783010196.445481,0.0,0.0,10.0,-0.6416273713111877,51.56305694580078,0.0525820218026638,7.499596118927002,-164.630126953125,0.08296798914670944
1783010196.452096,0.0,0.0,10.0,-0.6416273713111877,51.56305694580078,0.0525820218026638,7.499596118927002,-164.630126953125,0.08296798914670944
1783010196.45757,0.0,0.0,10.0,-0.6416273713111877,51.56305694580078,0.0525820218026638,7.499596118927002,-164.630126953125,0.08296798914670944
1783010196.462966,0.0,0.0,10.0,-0.6402356028556824,51.564029693603516,0.05034409835934639,7.499596118927002,-164.630126953125,0.08296798914670944
1783010196.469455,0.0,0.0,10.0,-0.6402356028556824,51.564029693603516,0.05034409835934639,7.499596118927002,-164.630126953125,0.08296798914670944
1783010196.474948,0.0,0.0,10.0,-0.6402356028556824,51.564029693603516,0.05034409835934639,7.499596118927002,-164.630126953125,0.08296798914670944
1783010196.480464,0.0,0.0,10.0,-0.6402356028556824,51.564029693603516,0.05034409835934639,7.499596118927002,-164.630126953125,0.08296798914670944
1783010196.497122,0.0,0.0,10.0,-0.6402356028556824,51.564029693603516,0.05034409835934639,7.499596118927002,-164.630126953125,0.08296798914670944
1783010196.504075,0.0,0.0,10.0,-0.6402356028556824,51.564029693603516,0.05034409835934639,7.499596118927002,-164.630126953125,0.08296798914670944
1783010196.510374,0.0,0.0,10.0,-0.6402356028556824,51.564029693603516,0.05034409835934639,7.499596118927002,-164.630126953125,0.08296798914670944
1783010196.515592,0.0,0.0,10.0,-0.6412878036499023,51.56209182739258,0.04992426931858063,7.305760860443115,-164.344482421875,0.08325842767953873
1783010196.521902,0.0,0.0,10.0,-0.6412878036499023,51.56209182739258,0.04992426931858063,7.305760860443115,-164.344482421875,0.08325842767953873
1783010196.527471,0.0,0.0,10.0,-0.6412878036499023,51.56209182739258,0.04992426931858063,7.305760860443115,-164.344482421875,0.08325842767953873
1783010196.534263,0.0,0.0,10.0,-0.6412878036499023,51.56209182739258,0.04992426931858063,7.305760860443115,-164.344482421875,0.08325842767953873
1783010196.548313,0.0,0.0,10.0,-0.6412878036499023,51.56209182739258,0.04992426931858063,7.305760860443115,-164.344482421875,0.08325842767953873
1783010196.553812,0.0,0.0,10.0,-0.6412878036499023,51.56209182739258,0.04992426931858063,7.305760860443115,-164.344482421875,0.08325842767953873
1783010196.560104,0.0,0.0,10.0,-0.6412952542304993,51.5621337890625,0.051322776824235916,7.305760860443115,-164.344482421875,0.08325842767953873
1783010196.56532,0.0,0.0,10.0,-0.6412952542304993,51.5621337890625,0.051322776824235916,7.305760860443115,-164.344482421875,0.08325842767953873
1783010196.570849,0.0,0.0,10.0,-0.6412952542304993,51.5621337890625,0.051322776824235916,7.305760860443115,-164.344482421875,0.08325842767953873
1783010196.577025,0.0,0.0,10.0,-0.6412952542304993,51.5621337890625,0.051322776824235916,7.305760860443115,-164.344482421875,0.08325842767953873
1783010196.583255,0.0,0.0,10.0,-0.6412952542304993,51.5621337890625,0.051322776824235916,7.305760860443115,-164.344482421875,0.08325842767953873
1783010196.600807,0.0,0.0,10.0,-0.6412952542304993,51.5621337890625,0.051322776824235916,7.305760860443115,-164.344482421875,0.08325842767953873
1783010196.607233,0.0,0.0,10.0,-0.6412952542304993,51.5621337890625,0.051322776824235916,7.305760860443115,-164.344482421875,0.08325842767953873
1783010196.613257,0.0,0.0,10.0,-0.6414738893508911,51.56230926513672,0.05069421976804733,7.305760860443115,-164.344482421875,0.08325842767953873
1783010196.618662,0.0,0.0,10.0,-0.6414738893508911,51.56230926513672,0.05069421976804733,7.1055006980896,-164.080810546875,0.0848601758480072
1783010196.623937,0.0,0.0,10.0,-0.6414738893508911,51.56230926513672,0.05069421976804733,7.1055006980896,-164.080810546875,0.0848601758480072
1783010196.63029,0.0,0.0,10.0,-0.6414738893508911,51.56230926513672,0.05069421976804733,7.1055006980896,-164.080810546875,0.0848601758480072
1783010196.635811,0.0,0.0,10.0,-0.6414738893508911,51.56230926513672,0.05069421976804733,7.1055006980896,-164.080810546875,0.0848601758480072
1783010196.656009,0.0,0.0,10.0,-0.6414738893508911,51.56230926513672,0.05069421976804733,7.1055006980896,-164.080810546875,0.0848601758480072
1783010196.662655,0.0,0.0,10.0,-0.6414738893508911,51.56230926513672,0.05069421976804733,7.1055006980896,-164.080810546875,0.0848601758480072
1783010196.668192,0.0,0.0,10.0,-0.6396941542625427,51.56155776977539,0.049691952764987946,7.1055006980896,-164.080810546875,0.0848601758480072
1783010196.674902,0.0,0.0,10.0,-0.6396941542625427,51.56155776977539,0.049691952764987946,7.1055006980896,-164.080810546875,0.0848601758480072
1783010196.684299,0.0,0.0,10.0,-0.6396941542625427,51.56155776977539,0.049691952764987946,7.1055006980896,-164.080810546875,0.0848601758480072
1783010196.69012,0.0,0.0,10.0,-0.6396941542625427,51.56155776977539,0.049691952764987946,7.1055006980896,-164.080810546875,0.0848601758480072
1783010196.712013,0.0,0.0,10.0,-0.6396941542625427,51.56155776977539,0.049691952764987946,7.1055006980896,-164.080810546875,0.0848601758480072
1783010196.718112,0.0,0.0,10.0,-0.6398782134056091,51.5619010925293,0.05064248666167259,6.899432182312012,-163.773193359375,0.08415598422288895
1783010196.723815,0.0,0.0,10.0,-0.6398782134056091,51.5619010925293,0.05064248666167259,6.899432182312012,-163.773193359375,0.08415598422288895
1783010196.729424,0.0,0.0,10.0,-0.6398782134056091,51.5619010925293,0.05064248666167259,6.899432182312012,-163.773193359375,0.08415598422288895
1783010196.736449,0.0,0.0,10.0,-0.6398782134056091,51.5619010925293,0.05064248666167259,6.899432182312012,-163.773193359375,0.08415598422288895
1783010196.742556,0.0,0.0,10.0,-0.6398782134056091,51.5619010925293,0.05064248666167259,6.899432182312012,-163.773193359375,0.08415598422288895
1783010196.758684,0.0,0.0,10.0,-0.6398782134056091,51.5619010925293,0.05064248666167259,6.899432182312012,-163.773193359375,0.08415598422288895
1783010196.764504,0.0,0.0,10.0,-0.6401010155677795,51.562015533447266,0.05210012197494507,6.899432182312012,-163.773193359375,0.08415598422288895
1783010196.769968,0.0,0.0,10.0,-0.6401010155677795,51.562015533447266,0.05210012197494507,6.899432182312012,-163.773193359375,0.08415598422288895
1783010196.776194,0.0,0.0,10.0,-0.6401010155677795,51.562015533447266,0.05210012197494507,6.899432182312012,-163.773193359375,0.08415598422288895
1783010196.783003,0.0,0.0,10.0,-0.6401010155677795,51.562015533447266,0.05210012197494507,6.899432182312012,-163.773193359375,0.08415598422288895
1783010196.78894,0.0,0.0,10.0,-0.6401010155677795,51.562015533447266,0.05210012197494507,6.899432182312012,-163.773193359375,0.08415598422288895
1783010196.796369,0.0,0.0,10.0,-0.6401010155677795,51.562015533447266,0.05210012197494507,6.899432182312012,-163.773193359375,0.08415598422288895
1783010196.810052,0.0,0.0,10.0,-0.6401010155677795,51.562015533447266,0.05210012197494507,6.899432182312012,-163.773193359375,0.08415598422288895
1783010196.816293,0.0,0.0,10.0,-0.6396347284317017,51.56303787231445,0.050914257764816284,6.899432182312012,-163.773193359375,0.08415598422288895
1783010196.822638,0.0,0.0,10.0,-0.6396347284317017,51.56303787231445,0.050914257764816284,6.6953206062316895,-163.487548828125,0.08477897197008133
1783010196.82923,0.0,0.0,10.0,-0.6396347284317017,51.56303787231445,0.050914257764816284,6.6953206062316895,-163.487548828125,0.08477897197008133
1783010196.835743,0.0,0.0,10.0,-0.6396347284317017,51.56303787231445,0.050914257764816284,6.6953206062316895,-163.487548828125,0.08477897197008133
1783010196.841173,0.0,0.0,10.0,-0.6396347284317017,51.56303787231445,0.050914257764816284,6.6953206062316895,-163.487548828125,0.08477897197008133
1783010196.847231,0.0,0.0,10.0,-0.6396347284317017,51.56303787231445,0.050914257764816284,6.6953206062316895,-163.487548828125,0.08477897197008133
1783010196.857956,0.0,0.0,10.0,-0.6396347284317017,51.56303787231445,0.050914257764816284,6.6953206062316895,-163.487548828125,0.08477897197008133
1783010196.863699,0.0,0.0,10.0,-0.6396347284317017,51.56303787231445,0.050914257764816284,6.6953206062316895,-163.487548828125,0.08477897197008133
1783010196.869952,0.0,0.0,10.0,-0.639717161655426,51.56428527832031,0.050131507217884064,6.6953206062316895,-163.487548828125,0.08477897197008133
1783010196.875342,0.0,0.0,10.0,-0.639717161655426,51.56428527832031,0.050131507217884064,6.6953206062316895,-163.487548828125,0.08477897197008133
1783010196.88137,0.0,0.0,10.0,-0.639717161655426,51.56428527832031,0.050131507217884064,6.6953206062316895,-163.487548828125,0.08477897197008133
1783010196.887389,0.0,0.0,10.0,-0.639717161655426,51.56428527832031,0.050131507217884064,6.6953206062316895,-163.487548828125,0.08477897197008133
1783010196.892589,0.0,0.0,10.0,-0.639717161655426,51.56428527832031,0.050131507217884064,6.6953206062316895,-163.487548828125,0.08477897197008133
1783010196.898922,0.0,0.0,10.0,-0.639717161655426,51.56428527832031,0.050131507217884064,6.6953206062316895,-163.487548828125,0.08477897197008133
1783010196.915399,0.0,0.0,10.0,-0.639717161655426,51.56428527832031,0.050131507217884064,6.6953206062316895,-163.487548828125,0.08477897197008133
1783010196.92332,0.0,0.0,10.0,-0.6399571895599365,51.56379318237305,0.05074237287044525,6.490577697753906,-163.201904296875,0.08700151741504669
1783010196.929758,0.0,0.0,10.0,-0.6399571895599365,51.56379318237305,0.05074237287044525,6.490577697753906,-163.201904296875,0.08700151741504669
1783010196.935649,0.0,0.0,10.0,-0.6399571895599365,51.56379318237305,0.05074237287044525,6.490577697753906,-163.201904296875,0.08700151741504669
1783010196.941107,0.0,0.0,10.0,-0.6399571895599365,51.56379318237305,0.05074237287044525,6.490577697753906,-163.201904296875,0.08700151741504669
1783010196.946567,0.0,0.0,10.0,-0.6399571895599365,51.56379318237305,0.05074237287044525,6.490577697753906,-163.201904296875,0.08700151741504669
1783010196.952938,0.0,0.0,10.0,-0.6399571895599365,51.56379318237305,0.05074237287044525,6.490577697753906,-163.201904296875,0.08700151741504669
1783010196.961213,0.0,0.0,10.0,-0.6399571895599365,51.56379318237305,0.05074237287044525,6.490577697753906,-163.201904296875,0.08700151741504669
1783010196.967787,0.0,0.0,10.0,-0.6405986547470093,51.56475067138672,0.05138203129172325,6.490577697753906,-163.201904296875,0.08700151741504669
1783010196.973091,0.0,0.0,10.0,-0.6405986547470093,51.56475067138672,0.05138203129172325,6.490577697753906,-163.201904296875,0.08700151741504669
1783010196.978341,0.0,0.0,10.0,-0.6405986547470093,51.56475067138672,0.05138203129172325,6.490577697753906,-163.201904296875,0.08700151741504669
1783010196.984907,0.0,0.0,10.0,-0.6405986547470093,51.56475067138672,0.05138203129172325,6.490577697753906,-163.201904296875,0.08700151741504669
1783010196.990183,0.0,0.0,10.0,-0.6405986547470093,51.56475067138672,0.05138203129172325,6.490577697753906,-163.201904296875,0.08700151741504669
1783010196.995984,0.0,0.0,10.0,-0.6405986547470093,51.56475067138672,0.05138203129172325,6.490577697753906,-163.201904296875,0.08700151741504669
1783010197.002016,0.0,0.0,10.0,-0.6405986547470093,51.56475067138672,0.05138203129172325,6.490577697753906,-163.201904296875,0.08700151741504669
1783010197.013033,0.0,0.0,10.0,-0.6405986547470093,51.56475067138672,0.05138203129172325,6.490577697753906,-163.201904296875,0.08700151741504669
1783010197.019544,0.0,0.0,10.0,-0.6405359506607056,51.565834045410156,0.05048717185854912,6.490577697753906,-163.201904296875,0.08700151741504669
1783010197.02554,0.0,0.0,10.0,-0.6405359506607056,51.565834045410156,0.05048717185854912,6.283600330352783,-162.872314453125,0.087397001683712
1783010197.031008,0.0,0.0,10.0,-0.6405359506607056,51.565834045410156,0.05048717185854912,6.283600330352783,-162.872314453125,0.087397001683712
1783010197.036298,0.0,0.0,10.0,-0.6405359506607056,51.565834045410156,0.05048717185854912,6.283600330352783,-162.872314453125,0.087397001683712
1783010197.041943,0.0,0.0,10.0,-0.6405359506607056,51.565834045410156,0.05048717185854912,6.283600330352783,-162.872314453125,0.087397001683712
1783010197.048544,0.0,0.0,10.0,-0.6405359506607056,51.565834045410156,0.05048717185854912,6.283600330352783,-162.872314453125,0.087397001683712
1783010197.055229,0.0,0.0,10.0,-0.6405359506607056,51.565834045410156,0.05048717185854912,6.283600330352783,-162.872314453125,0.087397001683712
1783010197.079899,0.0,0.0,10.0,-0.6405359506607056,51.565834045410156,0.05048717185854912,6.283600330352783,-162.872314453125,0.087397001683712
1783010197.085886,0.0,0.0,10.0,-0.6395777463912964,51.565494537353516,0.049281541258096695,6.283600330352783,-162.872314453125,0.087397001683712
1783010197.091345,0.0,0.0,10.0,-0.6395777463912964,51.565494537353516,0.049281541258096695,6.283600330352783,-162.872314453125,0.087397001683712
1783010197.097381,0.0,0.0,10.0,-0.6395777463912964,51.565494537353516,0.049281541258096695,6.283600330352783,-162.872314453125,0.087397001683712
1783010197.103579,0.0,0.0,10.0,-0.6395777463912964,51.565494537353516,0.049281541258096695,6.283600330352783,-162.872314453125,0.087397001683712
1783010197.117192,0.0,0.0,10.0,-0.6395777463912964,51.565494537353516,0.049281541258096695,6.283600330352783,-162.872314453125,0.087397001683712
1783010197.12358,0.0,0.0,10.0,-0.6394872069358826,51.5664176940918,0.04977814108133316,6.0779619216918945,-162.586669921875,0.08824248611927032
1783010197.130142,0.0,0.0,10.0,-0.6394872069358826,51.5664176940918,0.04977814108133316,6.0779619216918945,-162.586669921875,0.08824248611927032
1783010197.135945,0.0,0.0,10.0,-0.6394872069358826,51.5664176940918,0.04977814108133316,6.0779619216918945,-162.586669921875,0.08824248611927032
1783010197.141622,0.0,0.0,10.0,-0.6394872069358826,51.5664176940918,0.04977814108133316,6.0779619216918945,-162.586669921875,0.08824248611927032
1783010197.149123,0.0,0.0,10.0,-0.6394872069358826,51.5664176940918,0.04977814108133316,6.0779619216918945,-162.586669921875,0.08824248611927032
1783010197.15615,0.0,0.0,10.0,-0.6394872069358826,51.5664176940918,0.04977814108133316,6.0779619216918945,-162.586669921875,0.08824248611927032
1783010197.170782,0.0,0.0,10.0,-0.6394872069358826,51.5664176940918,0.04977814108133316,6.0779619216918945,-162.586669921875,0.08824248611927032
1783010197.176142,0.0,0.0,10.0,-0.6404238939285278,51.56718063354492,0.05080844461917877,6.0779619216918945,-162.586669921875,0.08824248611927032
1783010197.182603,0.0,0.0,10.0,-0.6404238939285278,51.56718063354492,0.05080844461917877,6.0779619216918945,-162.586669921875,0.08824248611927032
1783010197.188617,0.0,0.0,10.0,-0.6404238939285278,51.56718063354492,0.05080844461917877,6.0779619216918945,-162.586669921875,0.08824248611927032
1783010197.19567,0.0,0.0,10.0,-0.6404238939285278,51.56718063354492,0.05080844461917877,6.0779619216918945,-162.586669921875,0.08824248611927032
1783010197.20094,0.0,0.0,10.0,-0.6404238939285278,51.56718063354492,0.05080844461917877,6.0779619216918945,-162.586669921875,0.08824248611927032
1783010197.206774,0.0,0.0,10.0,-0.6404238939285278,51.56718063354492,0.05080844461917877,6.0779619216918945,-162.586669921875,0.08824248611927032
1783010197.220257,0.0,0.0,10.0,-0.6398614645004272,51.566097259521484,0.05041279271245003,6.0779619216918945,-162.586669921875,0.08824248611927032
1783010197.225747,0.0,0.0,10.0,-0.6398614645004272,51.566097259521484,0.05041279271245003,5.873499393463135,-162.344970703125,0.08760669827461243
1783010197.231309,0.0,0.0,10.0,-0.6398614645004272,51.566097259521484,0.05041279271245003,5.873499393463135,-162.344970703125,0.08760669827461243
1783010197.23681,0.0,0.0,10.0,-0.6398614645004272,51.566097259521484,0.05041279271245003,5.873499393463135,-162.344970703125,0.08760669827461243
1783010197.242392,0.0,0.0,10.0,-0.6398614645004272,51.566097259521484,0.05041279271245003,5.873499393463135,-162.344970703125,0.08760669827461243
1783010197.248312,0.0,0.0,10.0,-0.6398614645004272,51.566097259521484,0.05041279271245003,5.873499393463135,-162.344970703125,0.08760669827461243
1783010197.254352,0.0,0.0,10.0,-0.6398614645004272,51.566097259521484,0.05041279271245003,5.873499393463135,-162.344970703125,0.08760669827461243
1783010197.259648,0.0,0.0,10.0,-0.6400699615478516,51.56560134887695,0.04996049031615257,5.873499393463135,-162.344970703125,0.08760669827461243
1783010197.272373,0.0,0.0,10.0,-0.6400699615478516,51.56560134887695,0.04996049031615257,5.873499393463135,-162.344970703125,0.08760669827461243
1783010197.277526,0.0,0.0,10.0,-0.6400699615478516,51.56560134887695,0.04996049031615257,5.873499393463135,-162.344970703125,0.08760669827461243
1783010197.283024,0.0,0.0,10.0,-0.6400699615478516,51.56560134887695,0.04996049031615257,5.873499393463135,-162.344970703125,0.08760669827461243
1783010197.290167,0.0,0.0,10.0,-0.6400699615478516,51.56560134887695,0.04996049031615257,5.873499393463135,-162.344970703125,0.08760669827461243
1783010197.295583,0.0,0.0,10.0,-0.6400699615478516,51.56560134887695,0.04996049031615257,5.873499393463135,-162.344970703125,0.08760669827461243
1783010197.301246,0.0,0.0,10.0,-0.6400699615478516,51.56560134887695,0.04996049031615257,5.873499393463135,-162.344970703125,0.08760669827461243
1783010197.309289,0.0,0.0,10.0,-0.6400699615478516,51.56560134887695,0.04996049031615257,5.873499393463135,-162.344970703125,0.08760669827461243
1783010197.315853,0.0,0.0,10.0,-0.6398847699165344,51.56477355957031,0.05094431713223457,5.873499393463135,-162.344970703125,0.08760669827461243
1783010197.331911,0.0,0.0,10.0,-0.6398847699165344,51.56477355957031,0.05094431713223457,5.873499393463135,-162.344970703125,0.08760669827461243
1783010197.33844,0.0,0.0,10.0,-0.6398847699165344,51.56477355957031,0.05094431713223457,5.669382572174072,-162.015380859375,0.08944755792617798
1783010197.343911,0.0,0.0,10.0,-0.6398847699165344,51.56477355957031,0.05094431713223457,5.669382572174072,-162.015380859375,0.08944755792617798
1783010197.349586,0.0,0.0,10.0,-0.6398847699165344,51.56477355957031,0.05094431713223457,5.669382572174072,-162.015380859375,0.08944755792617798
1783010197.356608,0.0,0.0,10.0,-0.6398847699165344,51.56477355957031,0.05094431713223457,5.669382572174072,-162.015380859375,0.08944755792617798
1783010197.362871,0.0,0.0,10.0,-0.6401301622390747,51.565547943115234,0.051025550812482834,5.669382572174072,-162.015380859375,0.08944755792617798
1783010197.375682,0.0,0.0,10.0,-0.6401301622390747,51.565547943115234,0.051025550812482834,5.669382572174072,-162.015380859375,0.08944755792617798
1783010197.381372,0.0,0.0,10.0,-0.6401301622390747,51.565547943115234,0.051025550812482834,5.669382572174072,-162.015380859375,0.08944755792617798
1783010197.388372,0.0,0.0,10.0,-0.6401301622390747,51.565547943115234,0.051025550812482834,5.669382572174072,-162.015380859375,0.08944755792617798
1783010197.394356,0.0,0.0,10.0,-0.6401301622390747,51.565547943115234,0.051025550812482834,5.669382572174072,-162.015380859375,0.08944755792617798
1783010197.400634,0.0,0.0,10.0,-0.6401301622390747,51.565547943115234,0.051025550812482834,5.669382572174072,-162.015380859375,0.08944755792617798
1783010197.407218,0.0,0.0,10.0,-0.6401301622390747,51.565547943115234,0.051025550812482834,5.669382572174072,-162.015380859375,0.08944755792617798
1783010197.413506,0.0,0.0,10.0,-0.6398547291755676,51.56538009643555,0.051569901406764984,5.669382572174072,-162.015380859375,0.08944755792617798
1783010197.426767,0.0,0.0,10.0,-0.6398547291755676,51.56538009643555,0.051569901406764984,5.669382572174072,-162.015380859375,0.08944755792617798
1783010197.433561,0.0,0.0,10.0,-0.6398547291755676,51.56538009643555,0.051569901406764984,5.461297988891602,-161.685791015625,0.08946559578180313
1783010197.440133,0.0,0.0,10.0,-0.6398547291755676,51.56538009643555,0.051569901406764984,5.461297988891602,-161.685791015625,0.08946559578180313
1783010197.44592,0.0,0.0,10.0,-0.6398547291755676,51.56538009643555,0.051569901406764984,5.461297988891602,-161.685791015625,0.08946559578180313
1783010197.451271,0.0,0.0,10.0,-0.6398547291755676,51.56538009643555,0.051569901406764984,5.461297988891602,-161.685791015625,0.08946559578180313
1783010197.456801,0.0,0.0,10.0,-0.6398547291755676,51.56538009643555,0.051569901406764984,5.461297988891602,-161.685791015625,0.08946559578180313
1783010197.462374,0.0,0.0,10.0,-0.6401882767677307,51.565345764160156,0.050488632172346115,5.461297988891602,-161.685791015625,0.08946559578180313
1783010197.496807,0.0,0.0,10.0,-0.6401882767677307,51.565345764160156,0.050488632172346115,5.461297988891602,-161.685791015625,0.08946559578180313
1783010197.509789,0.0,0.0,10.0,-0.6401882767677307,51.565345764160156,0.050488632172346115,5.461297988891602,-161.685791015625,0.08946559578180313
1783010197.51551,0.0,0.0,10.0,-0.639866292476654,51.56443405151367,0.05074947699904442,5.461297988891602,-161.685791015625,0.08946559578180313
1783010197.521133,0.0,0.0,10.0,-0.639866292476654,51.56443405151367,0.05074947699904442,5.461297988891602,-161.685791015625,0.08946559578180313
1783010197.555486,0.0,0.0,10.0,-0.639866292476654,51.56443405151367,0.05074947699904442,5.25478982925415,-161.422119140625,0.09017203748226166
1783010197.561248,0.0,0.0,10.0,-0.639866292476654,51.56443405151367,0.05074947699904442,5.25478982925415,-161.422119140625,0.09017203748226166
1783010197.567804,0.0,0.0,10.0,-0.6405324935913086,51.563716888427734,0.050688378512859344,5.25478982925415,-161.422119140625,0.09017203748226166
1783010197.573559,0.0,0.0,10.0,-0.6405324935913086,51.563716888427734,0.050688378512859344,5.25478982925415,-161.422119140625,0.09017203748226166
1783010197.58292,0.0,0.0,10.0,-0.6405324935913086,51.563716888427734,0.050688378512859344,5.25478982925415,-161.422119140625,0.09017203748226166
1783010197.588464,0.0,0.0,10.0,-0.6405324935913086,51.563716888427734,0.050688378512859344,5.25478982925415,-161.422119140625,0.09017203748226166
1783010197.593963,0.0,0.0,10.0,-0.6405324935913086,51.563716888427734,0.050688378512859344,5.25478982925415,-161.422119140625,0.09017203748226166
1783010197.599305,0.0,0.0,10.0,-0.6405324935913086,51.563716888427734,0.050688378512859344,5.25478982925415,-161.422119140625,0.09017203748226166
1783010197.604543,0.0,0.0,10.0,-0.6405324935913086,51.563716888427734,0.050688378512859344,5.25478982925415,-161.422119140625,0.09017203748226166
1783010197.618725,0.0,0.0,10.0,-0.6405324935913086,51.563716888427734,0.050688378512859344,5.25478982925415,-161.422119140625,0.09017203748226166
1783010197.625134,0.0,0.0,10.0,-0.6411548852920532,51.56462478637695,0.05008038505911827,5.04884147644043,-161.114501953125,0.09084595739841461
1783010197.631184,0.0,0.0,10.0,-0.6411548852920532,51.56462478637695,0.05008038505911827,5.04884147644043,-161.114501953125,0.09084595739841461
1783010197.637133,0.0,0.0,10.0,-0.6411548852920532,51.56462478637695,0.05008038505911827,5.04884147644043,-161.114501953125,0.09084595739841461
1783010197.643188,0.0,0.0,10.0,-0.6411548852920532,51.56462478637695,0.05008038505911827,5.04884147644043,-161.114501953125,0.09084595739841461
1783010197.648715,0.0,0.0,10.0,-0.6411548852920532,51.56462478637695,0.05008038505911827,5.04884147644043,-161.114501953125,0.09084595739841461
1783010197.654239,0.0,0.0,10.0,-0.6411548852920532,51.56462478637695,0.05008038505911827,5.04884147644043,-161.114501953125,0.09084595739841461
1783010197.660077,0.0,0.0,10.0,-0.6411548852920532,51.56462478637695,0.05008038505911827,5.04884147644043,-161.114501953125,0.09084595739841461
1783010197.672865,0.0,0.0,10.0,-0.6411548852920532,51.56462478637695,0.05008038505911827,5.04884147644043,-161.114501953125,0.09084595739841461
1783010197.678516,0.0,0.0,10.0,-0.6419186592102051,51.56510925292969,0.049707960337400436,5.04884147644043,-161.114501953125,0.09084595739841461
1783010197.684288,0.0,0.0,10.0,-0.6419186592102051,51.56510925292969,0.049707960337400436,5.04884147644043,-161.114501953125,0.09084595739841461
1783010197.690335,0.0,0.0,10.0,-0.6419186592102051,51.56510925292969,0.049707960337400436,5.04884147644043,-161.114501953125,0.09084595739841461
1783010197.695885,0.0,0.0,10.0,-0.6419186592102051,51.56510925292969,0.049707960337400436,5.04884147644043,-161.114501953125,0.09084595739841461
1783010197.701436,0.0,0.0,10.0,-0.6419186592102051,51.56510925292969,0.049707960337400436,5.04884147644043,-161.114501953125,0.09084595739841461
1783010197.706914,0.0,0.0,10.0,-0.6419186592102051,51.56510925292969,0.049707960337400436,5.04884147644043,-161.114501953125,0.09084595739841461
1783010197.7189,0.0,0.0,10.0,-0.6423825621604919,51.56484603881836,0.05035247653722763,5.04884147644043,-161.114501953125,0.09084595739841461
1783010197.725552,0.0,0.0,10.0,-0.6423825621604919,51.56484603881836,0.05035247653722763,5.04884147644043,-161.114501953125,0.09084595739841461
1783010197.731128,0.0,0.0,10.0,-0.6423825621604919,51.56484603881836,0.05035247653722763,4.8408708572387695,-160.806884765625,0.09122966229915619
1783010197.736527,0.0,0.0,10.0,-0.6423825621604919,51.56484603881836,0.05035247653722763,4.8408708572387695,-160.806884765625,0.09122966229915619
1783010197.742172,0.0,0.0,10.0,-0.6423825621604919,51.56484603881836,0.05035247653722763,4.8408708572387695,-160.806884765625,0.09122966229915619
1783010197.747457,0.0,0.0,10.0,-0.6423825621604919,51.56484603881836,0.05035247653722763,4.8408708572387695,-160.806884765625,0.09122966229915619
1783010197.752703,0.0,0.0,10.0,-0.6423825621604919,51.56484603881836,0.05035247653722763,4.8408708572387695,-160.806884765625,0.09122966229915619
1783010197.758902,0.0,0.0,10.0,-0.6423825621604919,51.56484603881836,0.05035247653722763,4.8408708572387695,-160.806884765625,0.09122966229915619
1783010197.778104,0.0,0.0,10.0,-0.6416467428207397,51.565372467041016,0.049138497561216354,4.8408708572387695,-160.806884765625,0.09122966229915619
1783010197.783526,0.0,0.0,10.0,-0.6416467428207397,51.565372467041016,0.049138497561216354,4.8408708572387695,-160.806884765625,0.09122966229915619
1783010197.789948,0.0,0.0,10.0,-0.6416467428207397,51.565372467041016,0.049138497561216354,4.8408708572387695,-160.806884765625,0.09122966229915619
1783010197.796694,0.0,0.0,10.0,-0.6416467428207397,51.565372467041016,0.049138497561216354,4.8408708572387695,-160.806884765625,0.09122966229915619
1783010197.802143,0.0,0.0,10.0,-0.6416467428207397,51.565372467041016,0.049138497561216354,4.8408708572387695,-160.806884765625,0.09122966229915619
1783010197.807484,0.0,0.0,10.0,-0.6416467428207397,51.565372467041016,0.049138497561216354,4.8408708572387695,-160.806884765625,0.09122966229915619
1783010197.812776,0.0,0.0,10.0,-0.640792191028595,51.5659294128418,0.04800787195563316,4.8408708572387695,-160.806884765625,0.09122966229915619
1783010197.82179,0.0,0.0,10.0,-0.640792191028595,51.5659294128418,0.04800787195563316,4.8408708572387695,-160.806884765625,0.09122966229915619
1783010197.827512,0.0,0.0,10.0,-0.640792191028595,51.5659294128418,0.04800787195563316,4.746278285980225,-160.609130859375,0.0920901745557785
1783010197.833549,0.0,0.0,10.0,-0.640792191028595,51.5659294128418,0.04800787195563316,4.746278285980225,-160.609130859375,0.0920901745557785
1783010197.840071,0.0,0.0,10.0,-0.640792191028595,51.5659294128418,0.04800787195563316,4.746278285980225,-160.609130859375,0.0920901745557785
1783010197.845633,0.0,0.0,10.0,-0.640792191028595,51.5659294128418,0.04800787195563316,4.746278285980225,-160.609130859375,0.0920901745557785
1783010197.852125,0.0,0.0,10.0,-0.640792191028595,51.5659294128418,0.04800787195563316,4.746278285980225,-160.609130859375,0.0920901745557785
1783010197.858092,0.0,0.0,10.0,-0.640792191028595,51.5659294128418,0.04800787195563316,4.746278285980225,-160.609130859375,0.0920901745557785
1783010197.863688,0.0,0.0,10.0,-0.6415197849273682,51.56534194946289,0.04949379339814186,4.746278285980225,-160.609130859375,0.0920901745557785
1783010197.876906,0.0,0.0,10.0,-0.6415197849273682,51.56534194946289,0.04949379339814186,4.746278285980225,-160.609130859375,0.0920901745557785
1783010197.883812,0.0,0.0,10.0,-0.6415197849273682,51.56534194946289,0.04949379339814186,4.746278285980225,-160.609130859375,0.0920901745557785
1783010197.889836,0.0,0.0,10.0,-0.6415197849273682,51.56534194946289,0.04949379339814186,4.746278285980225,-160.609130859375,0.0920901745557785
1783010197.89581,0.0,0.0,10.0,-0.6415197849273682,51.56534194946289,0.04949379339814186,4.746278285980225,-160.609130859375,0.0920901745557785
1783010197.901375,0.0,0.0,10.0,-0.6415197849273682,51.56534194946289,0.04949379339814186,4.746278285980225,-160.609130859375,0.0920901745557785
1783010197.906914,0.0,0.0,10.0,-0.6415197849273682,51.56534194946289,0.04949379339814186,4.746278285980225,-160.609130859375,0.0920901745557785
1783010197.912397,0.0,0.0,10.0,-0.6416489481925964,51.56669616699219,0.048886001110076904,4.746278285980225,-160.609130859375,0.0920901745557785
1783010197.917917,0.0,0.0,10.0,-0.6416489481925964,51.56669616699219,0.048886001110076904,4.746278285980225,-160.609130859375,0.0920901745557785
1783010197.931749,0.0,0.0,10.0,-0.6416489481925964,51.56669616699219,0.048886001110076904,4.746278285980225,-160.609130859375,0.0920901745557785
1783010197.938566,0.0,0.0,10.0,-0.6416489481925964,51.56669616699219,0.048886001110076904,4.761368751525879,-160.653076171875,0.0928129106760025
1783010197.944098,0.0,0.0,10.0,-0.6416489481925964,51.56669616699219,0.048886001110076904,4.761368751525879,-160.653076171875,0.0928129106760025
1783010197.949678,0.0,0.0,10.0,-0.6416489481925964,51.56669616699219,0.048886001110076904,4.761368751525879,-160.653076171875,0.0928129106760025
1783010197.955662,0.0,0.0,10.0,-0.6416489481925964,51.56669616699219,0.048886001110076904,4.761368751525879,-160.653076171875,0.0928129106760025
1783010197.961711,0.0,0.0,10.0,-0.6423932909965515,51.56691360473633,0.04920276254415512,4.761368751525879,-160.653076171875,0.0928129106760025
1783010197.967785,0.0,0.0,10.0,-0.6423932909965515,51.56691360473633,0.04920276254415512,4.761368751525879,-160.653076171875,0.0928129106760025
1783010197.978531,0.0,0.0,10.0,-0.6423932909965515,51.56691360473633,0.04920276254415512,4.761368751525879,-160.653076171875,0.0928129106760025
1783010197.984908,0.0,0.0,10.0,-0.6423932909965515,51.56691360473633,0.04920276254415512,4.761368751525879,-160.653076171875,0.0928129106760025
1783010197.990418,0.0,0.0,10.0,-0.6423932909965515,51.56691360473633,0.04920276254415512,4.761368751525879,-160.653076171875,0.0928129106760025
1783010197.995805,0.0,0.0,10.0,-0.6423932909965515,51.56691360473633,0.04920276254415512,4.761368751525879,-160.653076171875,0.0928129106760025
1783010198.00102,0.0,0.0,10.0,-0.6423932909965515,51.56691360473633,0.04920276254415512,4.761368751525879,-160.653076171875,0.0928129106760025
1783010198.007206,0.0,0.0,10.0,-0.6423932909965515,51.56691360473633,0.04920276254415512,4.761368751525879,-160.653076171875,0.0928129106760025
1783010198.013124,0.0,0.0,10.0,-0.6425333023071289,51.56863784790039,0.048914480954408646,4.761368751525879,-160.653076171875,0.0928129106760025
1783010198.018613,0.0,0.0,10.0,-0.6425333023071289,51.56863784790039,0.048914480954408646,4.761368751525879,-160.653076171875,0.0928129106760025
1783010198.033141,0.0,0.0,10.0,-0.6425333023071289,51.56863784790039,0.048914480954408646,4.761368751525879,-160.653076171875,0.0928129106760025
1783010198.039451,0.0,0.0,10.0,-0.6425333023071289,51.56863784790039,0.048914480954408646,4.761368751525879,-160.653076171875,0.0928129106760025
1783010198.045148,0.0,0.0,10.0,-0.6425333023071289,51.56863784790039,0.048914480954408646,4.761368751525879,-160.653076171875,0.0928129106760025
1783010198.050442,0.0,0.0,10.0,-0.6425333023071289,51.56863784790039,0.048914480954408646,4.782558441162109,-160.653076171875,0.0925002470612526
1783010198.05613,0.0,0.0,10.0,-0.6425333023071289,51.56863784790039,0.048914480954408646,4.782558441162109,-160.653076171875,0.0925002470612526
1783010198.063204,0.0,0.0,10.0,-0.6425333023071289,51.56863784790039,0.048914480954408646,4.782558441162109,-160.653076171875,0.0925002470612526
1783010198.0692,0.0,0.0,10.0,-0.6432570219039917,51.56918716430664,0.04949735850095749,4.782558441162109,-160.653076171875,0.0925002470612526
1783010198.084647,0.0,0.0,10.0,-0.6432570219039917,51.56918716430664,0.04949735850095749,4.782558441162109,-160.653076171875,0.0925002470612526
1783010198.09042,0.0,0.0,10.0,-0.6432570219039917,51.56918716430664,0.04949735850095749,4.782558441162109,-160.653076171875,0.0925002470612526
1783010198.096474,0.0,0.0,10.0,-0.6432570219039917,51.56918716430664,0.04949735850095749,4.782558441162109,-160.653076171875,0.0925002470612526
1783010198.102017,0.0,0.0,10.0,-0.6432570219039917,51.56918716430664,0.04949735850095749,4.782558441162109,-160.653076171875,0.0925002470612526
1783010198.10752,0.0,0.0,10.0,-0.6432570219039917,51.56918716430664,0.04949735850095749,4.782558441162109,-160.653076171875,0.0925002470612526
1783010198.114131,0.0,0.0,10.0,-0.6432531476020813,51.56928634643555,0.048266876488924026,4.782558441162109,-160.653076171875,0.0925002470612526
1783010198.119333,0.0,0.0,10.0,-0.6432531476020813,51.56928634643555,0.048266876488924026,4.782558441162109,-160.653076171875,0.0925002470612526
1783010198.126055,0.0,0.0,10.0,-0.6432531476020813,51.56928634643555,0.048266876488924026,4.782558441162109,-160.653076171875,0.0925002470612526
1783010198.143191,0.0,0.0,10.0,-0.6432531476020813,51.56928634643555,0.048266876488924026,4.782558441162109,-160.653076171875,0.0925002470612526
1783010198.148467,0.0,0.0,10.0,-0.6432531476020813,51.56928634643555,0.048266876488924026,4.807292938232422,-160.653076171875,0.09281022101640701
1783010198.154295,0.0,0.0,10.0,-0.6432531476020813,51.56928634643555,0.048266876488924026,4.807292938232422,-160.653076171875,0.09281022101640701
1783010198.160329,0.0,0.0,10.0,-0.6432531476020813,51.56928634643555,0.048266876488924026,4.807292938232422,-160.653076171875,0.09281022101640701
1783010198.166854,0.0,0.0,10.0,-0.6430851817131042,51.56858825683594,0.04840003699064255,4.807292938232422,-160.653076171875,0.09281022101640701
1783010198.172465,0.0,0.0,10.0,-0.6430851817131042,51.56858825683594,0.04840003699064255,4.807292938232422,-160.653076171875,0.09281022101640701
1783010198.17886,0.0,0.0,10.0,-0.6430851817131042,51.56858825683594,0.04840003699064255,4.807292938232422,-160.653076171875,0.09281022101640701
1783010198.196073,0.0,0.0,10.0,-0.6430851817131042,51.56858825683594,0.04840003699064255,4.807292938232422,-160.653076171875,0.09281022101640701
1783010198.203192,0.0,0.0,10.0,-0.6430851817131042,51.56858825683594,0.04840003699064255,4.807292938232422,-160.653076171875,0.09281022101640701
1783010198.208868,0.0,0.0,10.0,-0.6430851817131042,51.56858825683594,0.04840003699064255,4.807292938232422,-160.653076171875,0.09281022101640701
1783010198.214684,0.0,0.0,10.0,-0.64283287525177,51.56706619262695,0.04813481867313385,4.807292938232422,-160.653076171875,0.09281022101640701
1783010198.220763,0.0,0.0,10.0,-0.64283287525177,51.56706619262695,0.04813481867313385,4.807292938232422,-160.653076171875,0.09281022101640701
1783010198.227348,0.0,0.0,10.0,-0.64283287525177,51.56706619262695,0.04813481867313385,4.807292938232422,-160.653076171875,0.09281022101640701
1783010198.233238,0.0,0.0,10.0,-0.64283287525177,51.56706619262695,0.04813481867313385,4.833521366119385,-160.675048828125,0.09276548773050308
1783010198.238863,0.0,0.0,10.0,-0.64283287525177,51.56706619262695,0.04813481867313385,4.833521366119385,-160.675048828125,0.09276548773050308
1783010198.261266,0.0,0.0,10.0,-0.64283287525177,51.56706619262695,0.04813481867313385,4.833521366119385,-160.675048828125,0.09276548773050308
1783010198.266932,0.0,0.0,10.0,-0.64283287525177,51.56706619262695,0.04813481867313385,4.833521366119385,-160.675048828125,0.09276548773050308
1783010198.2735,0.0,0.0,10.0,-0.6425749659538269,51.5667724609375,0.049339696764945984,4.833521366119385,-160.675048828125,0.09276548773050308
1783010198.283642,0.0,0.0,10.0,-0.6425749659538269,51.5667724609375,0.049339696764945984,4.833521366119385,-160.675048828125,0.09276548773050308
1783010198.290232,0.0,0.0,10.0,-0.6425749659538269,51.5667724609375,0.049339696764945984,4.833521366119385,-160.675048828125,0.09276548773050308
1783010198.30882,0.0,0.0,10.0,-0.6425749659538269,51.5667724609375,0.049339696764945984,4.833521366119385,-160.675048828125,0.09276548773050308
1783010198.314389,0.0,0.0,10.0,-0.6430419683456421,51.5676155090332,0.04806127771735191,4.833521366119385,-160.675048828125,0.09276548773050308
1783010198.319924,0.0,0.0,10.0,-0.6430419683456421,51.5676155090332,0.04806127771735191,4.833521366119385,-160.675048828125,0.09276548773050308
1783010198.325925,0.0,0.0,10.0,-0.6430419683456421,51.5676155090332,0.04806127771735191,4.833521366119385,-160.675048828125,0.09276548773050308
1783010198.331445,0.0,0.0,10.0,-0.6430419683456421,51.5676155090332,0.04806127771735191,4.854106903076172,-160.697021484375,0.09252246469259262
1783010198.337759,0.0,0.0,10.0,-0.6430419683456421,51.5676155090332,0.04806127771735191,4.854106903076172,-160.697021484375,0.09252246469259262
1783010198.354042,0.0,0.0,10.0,-0.6430419683456421,51.5676155090332,0.04806127771735191,4.854106903076172,-160.697021484375,0.09252246469259262
1783010198.359601,0.0,0.0,10.0,-0.6430419683456421,51.5676155090332,0.04806127771735191,4.854106903076172,-160.697021484375,0.09252246469259262
1783010198.366697,0.0,0.0,10.0,-0.642719566822052,51.56719207763672,0.04825090989470482,4.854106903076172,-160.697021484375,0.09252246469259262
1783010198.372714,0.0,0.0,10.0,-0.642719566822052,51.56719207763672,0.04825090989470482,4.854106903076172,-160.697021484375,0.09252246469259262
1783010198.378432,0.0,0.0,10.0,-0.642719566822052,51.56719207763672,0.04825090989470482,4.854106903076172,-160.697021484375,0.09252246469259262
1783010198.383806,0.0,0.0,10.0,-0.642719566822052,51.56719207763672,0.04825090989470482,4.854106903076172,-160.697021484375,0.09252246469259262
1783010198.40324,0.0,0.0,10.0,-0.642719566822052,51.56719207763672,0.04825090989470482,4.854106903076172,-160.697021484375,0.09252246469259262
1783010198.409011,0.0,0.0,10.0,-0.6435173749923706,51.567474365234375,0.048404511064291,4.854106903076172,-160.697021484375,0.09252246469259262
1783010198.414935,0.0,0.0,10.0,-0.6435173749923706,51.567474365234375,0.048404511064291,4.854106903076172,-160.697021484375,0.09252246469259262
1783010198.420507,0.0,0.0,10.0,-0.6435173749923706,51.567474365234375,0.048404511064291,4.854106903076172,-160.697021484375,0.09252246469259262
1783010198.4264,0.0,0.0,10.0,-0.6435173749923706,51.567474365234375,0.048404511064291,4.854106903076172,-160.697021484375,0.09252246469259262
1783010198.432263,0.0,0.0,10.0,-0.6435173749923706,51.567474365234375,0.048404511064291,4.873632431030273,-160.697021484375,0.09489548951387405
1783010198.437554,0.0,0.0,10.0,-0.6435173749923706,51.567474365234375,0.048404511064291,4.873632431030273,-160.697021484375,0.09489548951387405
1783010198.458398,0.0,0.0,10.0,-0.6435173749923706,51.567474365234375,0.048404511064291,4.873632431030273,-160.697021484375,0.09489548951387405
1783010198.463696,0.0,0.0,10.0,-0.6426664590835571,51.56864547729492,0.049371011555194855,4.873632431030273,-160.697021484375,0.09489548951387405
1783010198.469224,0.0,0.0,10.0,-0.6426664590835571,51.56864547729492,0.049371011555194855,4.873632431030273,-160.697021484375,0.09489548951387405
1783010198.474899,0.0,0.0,10.0,-0.6426664590835571,51.56864547729492,0.049371011555194855,4.873632431030273,-160.697021484375,0.09489548951387405
1783010198.480509,0.0,0.0,10.0,-0.6426664590835571,51.56864547729492,0.049371011555194855,4.873632431030273,-160.697021484375,0.09489548951387405
1783010198.485827,0.0,0.0,10.0,-0.6426664590835571,51.56864547729492,0.049371011555194855,4.873632431030273,-160.697021484375,0.09489548951387405
1783010198.492139,0.0,0.0,10.0,-0.6426664590835571,51.56864547729492,0.049371011555194855,4.873632431030273,-160.697021484375,0.09489548951387405
1783010198.508361,0.0,0.0,10.0,-0.6426664590835571,51.56864547729492,0.049371011555194855,4.873632431030273,-160.697021484375,0.09489548951387405
1783010198.514534,0.0,0.0,10.0,-0.6419519186019897,51.568809509277344,0.0490851104259491,4.873632431030273,-160.697021484375,0.09489548951387405
1783010198.520029,0.0,0.0,10.0,-0.6419519186019897,51.568809509277344,0.0490851104259491,4.873632431030273,-160.697021484375,0.09489548951387405
1783010198.525545,0.0,0.0,10.0,-0.6419519186019897,51.568809509277344,0.0490851104259491,4.873632431030273,-160.697021484375,0.09489548951387405
1783010198.531235,0.0,0.0,10.0,-0.6419519186019897,51.568809509277344,0.0490851104259491,4.873632431030273,-160.697021484375,0.09489548951387405
1783010198.537648,0.0,0.0,10.0,-0.6419519186019897,51.568809509277344,0.0490851104259491,4.903876781463623,-160.697021484375,0.0935346782207489
1783010198.543235,0.0,0.0,10.0,-0.6419519186019897,51.568809509277344,0.0490851104259491,4.903876781463623,-160.697021484375,0.0935346782207489
1783010198.55859,0.0,0.0,10.0,-0.6419519186019897,51.568809509277344,0.0490851104259491,4.903876781463623,-160.697021484375,0.0935346782207489
1783010198.564347,0.0,0.0,10.0,-0.6430497169494629,51.56954574584961,0.04963855817914009,4.903876781463623,-160.697021484375,0.0935346782207489
1783010198.569848,0.0,0.0,10.0,-0.6430497169494629,51.56954574584961,0.04963855817914009,4.903876781463623,-160.697021484375,0.0935346782207489
1783010198.575759,0.0,0.0,10.0,-0.6430497169494629,51.56954574584961,0.04963855817914009,4.903876781463623,-160.697021484375,0.0935346782207489
1783010198.581949,0.0,0.0,10.0,-0.6430497169494629,51.56954574584961,0.04963855817914009,4.903876781463623,-160.697021484375,0.0935346782207489
1783010198.58845,0.0,0.0,10.0,-0.6430497169494629,51.56954574584961,0.04963855817914009,4.903876781463623,-160.697021484375,0.0935346782207489
1783010198.595115,0.0,0.0,10.0,-0.6430497169494629,51.56954574584961,0.04963855817914009,4.903876781463623,-160.697021484375,0.0935346782207489
1783010198.610952,0.0,0.0,10.0,-0.6430497169494629,51.56954574584961,0.04963855817914009,4.903876781463623,-160.697021484375,0.0935346782207489
1783010198.617053,0.0,0.0,10.0,-0.6435635685920715,51.57029724121094,0.05108577013015747,4.903876781463623,-160.697021484375,0.0935346782207489
1783010198.622626,0.0,0.0,10.0,-0.6435635685920715,51.57029724121094,0.05108577013015747,4.903876781463623,-160.697021484375,0.0935346782207489
1783010198.628104,0.0,0.0,10.0,-0.6435635685920715,51.57029724121094,0.05108577013015747,4.903876781463623,-160.697021484375,0.0935346782207489
1783010198.635181,0.0,0.0,10.0,-0.6435635685920715,51.57029724121094,0.05108577013015747,4.93377161026001,-160.718994140625,0.09454040229320526
1783010198.640486,0.0,0.0,10.0,-0.6435635685920715,51.57029724121094,0.05108577013015747,4.93377161026001,-160.718994140625,0.09454040229320526
1783010198.647813,0.0,0.0,10.0,-0.6435635685920715,51.57029724121094,0.05108577013015747,4.93377161026001,-160.718994140625,0.09454040229320526
1783010198.663498,0.0,0.0,10.0,-0.6435635685920715,51.57029724121094,0.05108577013015747,4.93377161026001,-160.718994140625,0.09454040229320526
1783010198.669249,0.0,0.0,10.0,-0.6440107822418213,51.570953369140625,0.05041363835334778,4.93377161026001,-160.718994140625,0.09454040229320526
1783010198.675582,0.0,0.0,10.0,-0.6440107822418213,51.570953369140625,0.05041363835334778,4.93377161026001,-160.718994140625,0.09454040229320526
1783010198.681549,0.0,0.0,10.0,-0.6440107822418213,51.570953369140625,0.05041363835334778,4.93377161026001,-160.718994140625,0.09454040229320526
1783010198.688398,0.0,0.0,10.0,-0.6440107822418213,51.570953369140625,0.05041363835334778,4.93377161026001,-160.718994140625,0.09454040229320526
1783010198.694465,0.0,0.0,10.0,-0.6440107822418213,51.570953369140625,0.05041363835334778,4.93377161026001,-160.718994140625,0.09454040229320526
1783010198.702782,0.0,0.0,10.0,-0.6440107822418213,51.570953369140625,0.05041363835334778,4.93377161026001,-160.718994140625,0.09454040229320526
1783010198.725892,0.0,0.0,10.0,-0.6440107822418213,51.570953369140625,0.05041363835334778,4.93377161026001,-160.718994140625,0.09454040229320526
1783010198.731088,0.0,0.0,10.0,-0.6436289548873901,51.57096481323242,0.05011583864688873,4.93377161026001,-160.718994140625,0.09454040229320526
1783010198.736458,0.0,0.0,10.0,-0.6436289548873901,51.57096481323242,0.05011583864688873,4.96458625793457,-160.784912109375,0.09411554038524628
1783010198.742518,0.0,0.0,10.0,-0.6436289548873901,51.57096481323242,0.05011583864688873,4.96458625793457,-160.784912109375,0.09411554038524628
1783010198.749263,0.0,0.0,10.0,-0.6436289548873901,51.57096481323242,0.05011583864688873,4.96458625793457,-160.784912109375,0.09411554038524628
1783010198.771721,0.0,0.0,10.0,-0.6436289548873901,51.57096481323242,0.05011583864688873,4.96458625793457,-160.784912109375,0.09411554038524628
1783010198.778724,0.0,0.0,10.0,-0.6425720453262329,51.57127380371094,0.05152636766433716,4.96458625793457,-160.784912109375,0.09411554038524628
1783010198.784368,0.0,0.0,10.0,-0.6425720453262329,51.57127380371094,0.05152636766433716,4.96458625793457,-160.784912109375,0.09411554038524628
1783010198.789995,0.0,0.0,10.0,-0.6425720453262329,51.57127380371094,0.05152636766433716,4.96458625793457,-160.784912109375,0.09411554038524628
1783010198.795543,0.0,0.0,10.0,-0.6425720453262329,51.57127380371094,0.05152636766433716,4.96458625793457,-160.784912109375,0.09411554038524628
1783010198.801054,0.0,0.0,10.0,-0.6425720453262329,51.57127380371094,0.05152636766433716,4.96458625793457,-160.784912109375,0.09411554038524628
1783010198.806698,0.0,0.0,10.0,-0.6425720453262329,51.57127380371094,0.05152636766433716,4.96458625793457,-160.784912109375,0.09411554038524628
1783010198.8221,0.0,0.0,10.0,-0.6425720453262329,51.57127380371094,0.05152636766433716,4.96458625793457,-160.784912109375,0.09411554038524628
1783010198.828569,0.0,0.0,10.0,-0.6431821584701538,51.57161331176758,0.052665866911411285,4.96458625793457,-160.784912109375,0.09411554038524628
1783010198.834379,0.0,0.0,10.0,-0.6431821584701538,51.57161331176758,0.052665866911411285,4.96458625793457,-160.784912109375,0.09411554038524628
1783010198.840137,0.0,0.0,10.0,-0.6431821584701538,51.57161331176758,0.052665866911411285,4.993035793304443,-160.762939453125,0.09555841237306595
1783010198.846105,0.0,0.0,10.0,-0.6431821584701538,51.57161331176758,0.052665866911411285,4.993035793304443,-160.762939453125,0.09555841237306595
1783010198.852169,0.0,0.0,10.0,-0.6431821584701538,51.57161331176758,0.052665866911411285,4.993035793304443,-160.762939453125,0.09555841237306595
1783010198.858538,0.0,0.0,10.0,-0.6431821584701538,51.57161331176758,0.052665866911411285,4.993035793304443,-160.762939453125,0.09555841237306595
1783010198.869062,0.0,0.0,10.0,-0.6431821584701538,51.57161331176758,0.052665866911411285,4.993035793304443,-160.762939453125,0.09555841237306595
1783010198.875089,0.0,0.0,10.0,-0.6430035829544067,51.571189880371094,0.05262097343802452,4.993035793304443,-160.762939453125,0.09555841237306595
1783010198.882137,0.0,0.0,10.0,-0.6430035829544067,51.571189880371094,0.05262097343802452,4.993035793304443,-160.762939453125,0.09555841237306595
1783010198.888628,0.0,0.0,10.0,-0.6430035829544067,51.571189880371094,0.05262097343802452,4.993035793304443,-160.762939453125,0.09555841237306595
1783010198.894139,0.0,0.0,10.0,-0.6430035829544067,51.571189880371094,0.05262097343802452,4.993035793304443,-160.762939453125,0.09555841237306595
1783010198.900709,0.0,0.0,10.0,-0.6430035829544067,51.571189880371094,0.05262097343802452,4.993035793304443,-160.762939453125,0.09555841237306595
1783010198.906718,0.0,0.0,10.0,-0.6430035829544067,51.571189880371094,0.05262097343802452,4.993035793304443,-160.762939453125,0.09555841237306595
1783010198.920591,0.0,0.0,10.0,-0.6421990990638733,51.57111358642578,0.05185280740261078,4.993035793304443,-160.762939453125,0.09555841237306595
1783010198.926788,0.0,0.0,10.0,-0.6421990990638733,51.57111358642578,0.05185280740261078,4.993035793304443,-160.762939453125,0.09555841237306595
1783010198.931921,0.0,0.0,10.0,-0.6421990990638733,51.57111358642578,0.05185280740261078,4.993035793304443,-160.762939453125,0.09555841237306595
1783010198.938354,0.0,0.0,10.0,-0.6421990990638733,51.57111358642578,0.05185280740261078,5.02346134185791,-160.806884765625,0.09391389042139053
1783010198.945499,0.0,0.0,10.0,-0.6421990990638733,51.57111358642578,0.05185280740261078,5.02346134185791,-160.806884765625,0.09391389042139053
1783010198.951002,0.0,0.0,10.0,-0.6421990990638733,51.57111358642578,0.05185280740261078,5.02346134185791,-160.806884765625,0.09391389042139053
1783010198.957001,0.0,0.0,10.0,-0.6421990990638733,51.57111358642578,0.05185280740261078,5.02346134185791,-160.806884765625,0.09391389042139053
1783010198.963765,0.0,0.0,10.0,-0.6414632201194763,51.5712890625,0.05261785909533501,5.02346134185791,-160.806884765625,0.09391389042139053
1783010198.971758,0.0,0.0,10.0,-0.6414632201194763,51.5712890625,0.05261785909533501,5.02346134185791,-160.806884765625,0.09391389042139053
1783010198.977569,0.0,0.0,10.0,-0.6414632201194763,51.5712890625,0.05261785909533501,5.02346134185791,-160.806884765625,0.09391389042139053
1783010198.983189,0.0,0.0,10.0,-0.6414632201194763,51.5712890625,0.05261785909533501,5.02346134185791,-160.806884765625,0.09391389042139053
1783010198.988716,0.0,0.0,10.0,-0.6414632201194763,51.5712890625,0.05261785909533501,5.02346134185791,-160.806884765625,0.09391389042139053
1783010198.994246,0.0,0.0,10.0,-0.6414632201194763,51.5712890625,0.05261785909533501,5.02346134185791,-160.806884765625,0.09391389042139053
1783010199.000789,0.0,0.0,10.0,-0.6414632201194763,51.5712890625,0.05261785909533501,5.02346134185791,-160.806884765625,0.09391389042139053
1783010199.006282,0.0,0.0,10.0,-0.6414632201194763,51.5712890625,0.05261785909533501,5.02346134185791,-160.806884765625,0.09391389042139053
1783010199.012232,0.0,0.0,10.0,-0.6425228714942932,51.57152557373047,0.05224671959877014,5.02346134185791,-160.806884765625,0.09391389042139053
1783010199.024011,0.0,0.0,10.0,-0.6425228714942932,51.57152557373047,0.05224671959877014,5.02346134185791,-160.806884765625,0.09391389042139053
1783010199.030001,0.0,0.0,10.0,-0.6425228714942932,51.57152557373047,0.05224671959877014,5.02346134185791,-160.806884765625,0.09391389042139053
1783010199.035229,0.0,0.0,10.0,-0.6425228714942932,51.57152557373047,0.05224671959877014,5.02346134185791,-160.806884765625,0.09391389042139053
1783010199.040696,0.0,0.0,10.0,-0.6425228714942932,51.57152557373047,0.05224671959877014,5.052129745483398,-160.806884765625,0.09383270889520645
1783010199.04755,0.0,0.0,10.0,-0.6425228714942932,51.57152557373047,0.05224671959877014,5.052129745483398,-160.806884765625,0.09383270889520645
1783010199.053928,0.0,0.0,10.0,-0.6425228714942932,51.57152557373047,0.05224671959877014,5.052129745483398,-160.806884765625,0.09383270889520645
1783010199.059163,0.0,0.0,10.0,-0.6443060040473938,51.57073211669922,0.05261865258216858,5.052129745483398,-160.806884765625,0.09383270889520645
1783010199.064509,0.0,0.0,10.0,-0.6443060040473938,51.57073211669922,0.05261865258216858,5.052129745483398,-160.806884765625,0.09383270889520645
1783010199.076203,0.0,0.0,10.0,-0.6443060040473938,51.57073211669922,0.05261865258216858,5.052129745483398,-160.806884765625,0.09383270889520645
1783010199.082122,0.0,0.0,10.0,-0.6443060040473938,51.57073211669922,0.05261865258216858,5.052129745483398,-160.806884765625,0.09383270889520645
1783010199.087717,0.0,0.0,10.0,-0.6443060040473938,51.57073211669922,0.05261865258216858,5.052129745483398,-160.806884765625,0.09383270889520645
1783010199.09374,0.0,0.0,10.0,-0.6443060040473938,51.57073211669922,0.05261865258216858,5.052129745483398,-160.806884765625,0.09383270889520645
1783010199.099651,0.0,0.0,10.0,-0.6443060040473938,51.57073211669922,0.05261865258216858,5.052129745483398,-160.806884765625,0.09383270889520645
1783010199.105295,0.0,0.0,10.0,-0.6443060040473938,51.57073211669922,0.05261865258216858,5.052129745483398,-160.806884765625,0.09383270889520645
1783010199.111123,0.0,0.0,10.0,-0.6443060040473938,51.57073211669922,0.05261865258216858,5.052129745483398,-160.806884765625,0.09383270889520645
1783010199.116377,0.0,0.0,10.0,-0.6443387269973755,51.569610595703125,0.053411975502967834,5.052129745483398,-160.806884765625,0.09383270889520645
1783010199.127307,0.0,0.0,10.0,-0.6443387269973755,51.569610595703125,0.053411975502967834,5.052129745483398,-160.806884765625,0.09383270889520645
1783010199.132978,0.0,0.0,10.0,-0.6443387269973755,51.569610595703125,0.053411975502967834,5.052129745483398,-160.806884765625,0.09383270889520645
1783010199.138458,0.0,0.0,10.0,-0.6443387269973755,51.569610595703125,0.053411975502967834,5.082169532775879,-160.828857421875,0.09340362995862961
1783010199.14492,0.0,0.0,10.0,-0.6443387269973755,51.569610595703125,0.053411975502967834,5.082169532775879,-160.828857421875,0.09340362995862961
1783010199.154136,0.0,0.0,10.0,-0.6443387269973755,51.569610595703125,0.053411975502967834,5.082169532775879,-160.828857421875,0.09340362995862961
1783010199.19858,0.0,0.0,10.0,-0.6443387269973755,51.569610595703125,0.053411975502967834,5.082169532775879,-160.828857421875,0.09340362995862961
1783010199.208493,0.0,0.0,10.0,-0.6442477107048035,51.56903839111328,0.05386115983128548,5.082169532775879,-160.828857421875,0.09340362995862961
1783010199.214289,0.0,0.0,10.0,-0.6442477107048035,51.56903839111328,0.05386115983128548,5.082169532775879,-160.828857421875,0.09340362995862961
1783010199.220458,0.0,0.0,10.0,-0.6447873115539551,51.567996978759766,0.05435676500201225,5.082169532775879,-160.828857421875,0.09340362995862961
1783010199.237539,0.0,0.0,10.0,-0.6447873115539551,51.567996978759766,0.05435676500201225,5.082169532775879,-160.828857421875,0.09340362995862961
1783010199.245056,0.0,0.0,10.0,-0.6447873115539551,51.567996978759766,0.05435676500201225,5.082169532775879,-160.828857421875,0.09340362995862961
1783010199.250868,0.0,0.0,10.0,-0.6447873115539551,51.567996978759766,0.05435676500201225,5.110709190368652,-160.806884765625,0.09313862025737762
1783010199.265839,0.0,0.0,10.0,-0.6447873115539551,51.567996978759766,0.05435676500201225,5.110709190368652,-160.806884765625,0.09313862025737762
1783010199.272769,0.0,0.0,10.0,-0.6460782885551453,51.567481994628906,0.0555386021733284,5.110709190368652,-160.806884765625,0.09313862025737762
1783010199.279049,0.0,0.0,10.0,-0.6460782885551453,51.567481994628906,0.0555386021733284,5.110709190368652,-160.806884765625,0.09313862025737762
1783010199.285321,0.0,0.0,10.0,-0.6460782885551453,51.567481994628906,0.0555386021733284,5.110709190368652,-160.806884765625,0.09313862025737762
1783010199.291056,0.0,0.0,10.0,-0.6460782885551453,51.567481994628906,0.0555386021733284,5.110709190368652,-160.806884765625,0.09313862025737762
1783010199.296574,0.0,0.0,10.0,-0.6460782885551453,51.567481994628906,0.0555386021733284,5.110709190368652,-160.806884765625,0.09313862025737762
1783010199.302609,0.0,0.0,10.0,-0.6460782885551453,51.567481994628906,0.0555386021733284,5.110709190368652,-160.806884765625,0.09313862025737762
1783010199.316521,0.0,0.0,10.0,-0.6460782885551453,51.567481994628906,0.0555386021733284,5.110709190368652,-160.806884765625,0.09313862025737762
1783010199.321968,0.0,0.0,10.0,-0.6458677053451538,51.56816101074219,0.05489601939916611,5.110709190368652,-160.806884765625,0.09313862025737762
1783010199.330714,0.0,0.0,10.0,-0.6458677053451538,51.56816101074219,0.05489601939916611,5.110709190368652,-160.806884765625,0.09313862025737762
1783010199.337842,0.0,0.0,10.0,-0.6458677053451538,51.56816101074219,0.05489601939916611,5.110709190368652,-160.806884765625,0.09313862025737762
1783010199.352437,0.0,0.0,10.0,-0.6458677053451538,51.56816101074219,0.05489601939916611,5.138946056365967,-160.828857421875,0.09405344724655151
1783010199.359049,0.0,0.0,10.0,-0.6458677053451538,51.56816101074219,0.05489601939916611,5.138946056365967,-160.828857421875,0.09405344724655151
1783010199.389458,0.0,0.0,10.0,-0.6458677053451538,51.56816101074219,0.05489601939916611,5.138946056365967,-160.828857421875,0.09405344724655151
1783010199.395415,0.0,0.0,10.0,-0.6452555656433105,51.568302154541016,0.05524460971355438,5.138946056365967,-160.828857421875,0.09405344724655151
1783010199.402125,0.0,0.0,10.0,-0.6452555656433105,51.568302154541016,0.05524460971355438,5.138946056365967,-160.828857421875,0.09405344724655151
1783010199.42099,0.0,0.0,10.0,-0.6452555656433105,51.568302154541016,0.05524460971355438,5.138946056365967,-160.828857421875,0.09405344724655151
1783010199.449968,0.0,0.0,10.0,-0.6463919281959534,51.56940460205078,0.05523058772087097,5.138946056365967,-160.828857421875,0.09405344724655151
1783010199.460374,0.0,0.0,10.0,-0.6463919281959534,51.56940460205078,0.05523058772087097,5.138946056365967,-160.828857421875,0.09405344724655151
1783010199.469288,0.0,0.0,10.0,-0.6463919281959534,51.56940460205078,0.05523058772087097,5.1396684646606445,-160.828857421875,0.0919453427195549
1783010199.49255,0.0,0.0,10.0,-0.6463919281959534,51.56940460205078,0.05523058772087097,5.1396684646606445,-160.828857421875,0.0919453427195549
1783010199.501558,0.0,0.0,10.0,-0.6477125287055969,51.57118225097656,0.05579729750752449,5.1396684646606445,-160.828857421875,0.0919453427195549
1783010199.507013,0.0,0.0,10.0,-0.6477125287055969,51.57118225097656,0.05579729750752449,5.1396684646606445,-160.828857421875,0.0919453427195549
1783010199.512728,0.0,0.0,10.0,-0.6471869349479675,51.57255554199219,0.05545029789209366,5.1396684646606445,-160.828857421875,0.0919453427195549
1783010199.518695,0.0,0.0,10.0,-0.6471869349479675,51.57255554199219,0.05545029789209366,5.1396684646606445,-160.828857421875,0.0919453427195549
1783010199.544207,0.0,0.0,10.0,-0.6471869349479675,51.57255554199219,0.05545029789209366,5.1396684646606445,-160.828857421875,0.0919453427195549
1783010199.552436,0.0,0.0,10.0,-0.6471869349479675,51.57255554199219,0.05545029789209366,5.1396684646606445,-160.828857421875,0.0919453427195549
1783010199.558272,0.0,0.0,10.0,-0.6471869349479675,51.57255554199219,0.05545029789209366,5.124696731567383,-160.828857421875,0.09275665134191513
1783010199.564591,0.0,0.0,10.0,-0.6474811434745789,51.57427215576172,0.05411015450954437,5.124696731567383,-160.828857421875,0.09275665134191513
1783010199.57024,0.0,0.0,10.0,-0.6474811434745789,51.57427215576172,0.05411015450954437,5.124696731567383,-160.828857421875,0.09275665134191513
1783010199.581788,0.0,0.0,10.0,-0.6474811434745789,51.57427215576172,0.05411015450954437,5.124696731567383,-160.828857421875,0.09275665134191513
1783010199.587159,0.0,0.0,10.0,-0.6474811434745789,51.57427215576172,0.05411015450954437,5.124696731567383,-160.828857421875,0.09275665134191513
1783010199.592389,0.0,0.0,10.0,-0.6474811434745789,51.57427215576172,0.05411015450954437,5.124696731567383,-160.828857421875,0.09275665134191513
1783010199.600084,0.0,0.0,10.0,-0.6474811434745789,51.57427215576172,0.05411015450954437,5.124696731567383,-160.828857421875,0.09275665134191513
1783010199.614173,0.0,0.0,10.0,-0.6474811434745789,51.57427215576172,0.05411015450954437,5.124696731567383,-160.828857421875,0.09275665134191513
1783010199.62014,0.0,0.0,10.0,-0.648184597492218,51.57495880126953,0.05422654375433922,5.124696731567383,-160.828857421875,0.09275665134191513
1783010199.626349,0.0,0.0,10.0,-0.648184597492218,51.57495880126953,0.05422654375433922,5.124696731567383,-160.828857421875,0.09275665134191513
1783010199.633359,0.0,0.0,10.0,-0.648184597492218,51.57495880126953,0.05422654375433922,5.124696731567383,-160.828857421875,0.09275665134191513
1783010199.638849,0.0,0.0,10.0,-0.648184597492218,51.57495880126953,0.05422654375433922,5.124696731567383,-160.828857421875,0.09275665134191513
1783010199.652337,0.0,0.0,10.0,-0.648184597492218,51.57495880126953,0.05422654375433922,5.124696731567383,-160.828857421875,0.09275665134191513
1783010199.669603,0.0,0.0,10.0,-0.648184597492218,51.57495880126953,0.05422654375433922,5.117126941680908,-160.828857421875,0.09183239936828613
1783010199.675678,0.0,0.0,10.0,-0.6495434045791626,51.57554626464844,0.0545489676296711,5.117126941680908,-160.828857421875,0.09183239936828613
1783010199.682759,0.0,0.0,10.0,-0.6495434045791626,51.57554626464844,0.0545489676296711,5.117126941680908,-160.828857421875,0.09183239936828613
1783010199.689246,0.0,0.0,10.0,-0.6495434045791626,51.57554626464844,0.0545489676296711,5.117126941680908,-160.828857421875,0.09183239936828613
1783010199.695454,0.0,0.0,10.0,-0.6495434045791626,51.57554626464844,0.0545489676296711,5.117126941680908,-160.828857421875,0.09183239936828613
1783010199.701359,0.0,0.0,10.0,-0.6495434045791626,51.57554626464844,0.0545489676296711,5.117126941680908,-160.828857421875,0.09183239936828613
1783010199.716188,0.0,0.0,10.0,-0.6495434045791626,51.57554626464844,0.0545489676296711,5.117126941680908,-160.828857421875,0.09183239936828613
1783010199.723,0.0,0.0,10.0,-0.6491332054138184,51.575862884521484,0.053204428404569626,5.117126941680908,-160.828857421875,0.09183239936828613
1783010199.729057,0.0,0.0,10.0,-0.6491332054138184,51.575862884521484,0.053204428404569626,5.117126941680908,-160.828857421875,0.09183239936828613
1783010199.73503,0.0,0.0,10.0,-0.6491332054138184,51.575862884521484,0.053204428404569626,5.117126941680908,-160.828857421875,0.09183239936828613
1783010199.740511,0.0,0.0,10.0,-0.6491332054138184,51.575862884521484,0.053204428404569626,5.117863178253174,-160.806884765625,0.09296829998493195
1783010199.762175,0.0,0.0,10.0,-0.6491332054138184,51.575862884521484,0.053204428404569626,5.117863178253174,-160.806884765625,0.09296829998493195
1783010199.767856,0.0,0.0,10.0,-0.6496772766113281,51.576568603515625,0.05325424671173096,5.117863178253174,-160.806884765625,0.09296829998493195
1783010199.773827,0.0,0.0,10.0,-0.6496772766113281,51.576568603515625,0.05325424671173096,5.117863178253174,-160.806884765625,0.09296829998493195
1783010199.779374,0.0,0.0,10.0,-0.6496772766113281,51.576568603515625,0.05325424671173096,5.117863178253174,-160.806884765625,0.09296829998493195
1783010199.784995,0.0,0.0,10.0,-0.6496772766113281,51.576568603515625,0.05325424671173096,5.117863178253174,-160.806884765625,0.09296829998493195
1783010199.801363,0.0,0.0,10.0,-0.6496772766113281,51.576568603515625,0.05325424671173096,5.117863178253174,-160.806884765625,0.09296829998493195
1783010199.807158,0.0,0.0,10.0,-0.6496772766113281,51.576568603515625,0.05325424671173096,5.117863178253174,-160.806884765625,0.09296829998493195
1783010199.812886,0.0,0.0,10.0,-0.6498356461524963,51.57596969604492,0.05362769961357117,5.117863178253174,-160.806884765625,0.09296829998493195
1783010199.821966,0.0,0.0,10.0,-0.6498356461524963,51.57596969604492,0.05362769961357117,5.117863178253174,-160.806884765625,0.09296829998493195
1783010199.848926,0.0,0.0,10.0,-0.6498356461524963,51.57596969604492,0.05362769961357117,5.117863178253174,-160.806884765625,0.09296829998493195
1783010199.857446,0.0,0.0,10.0,-0.6498356461524963,51.57596969604492,0.05362769961357117,5.117863178253174,-160.806884765625,0.09296829998493195
1783010199.863593,0.0,0.0,10.0,-0.6498356461524963,51.57596969604492,0.05362769961357117,5.116132736206055,-160.828857421875,0.09184981137514114
1783010199.870993,0.0,0.0,10.0,-0.6493320465087891,51.57733917236328,0.054243896156549454,5.116132736206055,-160.828857421875,0.09184981137514114
1783010199.90889,0.0,0.0,10.0,-0.6493320465087891,51.57733917236328,0.054243896156549454,5.116132736206055,-160.828857421875,0.09184981137514114
1783010199.914838,0.0,0.0,10.0,-0.6487362384796143,51.57651138305664,0.05383182317018509,5.116132736206055,-160.828857421875,0.09184981137514114
1783010199.920314,0.0,0.0,10.0,-0.6487362384796143,51.57651138305664,0.05383182317018509,5.116132736206055,-160.828857421875,0.09184981137514114
1783010199.927146,0.0,0.0,10.0,-0.6487362384796143,51.57651138305664,0.05383182317018509,5.116132736206055,-160.828857421875,0.09184981137514114
1783010199.947295,0.0,0.0,10.0,-0.6487362384796143,51.57651138305664,0.05383182317018509,5.116132736206055,-160.828857421875,0.09184981137514114
1783010199.953191,0.0,0.0,10.0,-0.6487362384796143,51.57651138305664,0.05383182317018509,5.117299556732178,-160.806884765625,0.09284615516662598
1783010199.959499,0.0,0.0,10.0,-0.6487362384796143,51.57651138305664,0.05383182317018509,5.117299556732178,-160.806884765625,0.09284615516662598
1783010199.965253,0.0,0.0,10.0,-0.649077832698822,51.5761604309082,0.05381783843040466,5.117299556732178,-160.806884765625,0.09284615516662598
1783010199.971261,0.0,0.0,10.0,-0.649077832698822,51.5761604309082,0.05381783843040466,5.117299556732178,-160.806884765625,0.09284615516662598
1783010199.976879,0.0,0.0,10.0,-0.649077832698822,51.5761604309082,0.05381783843040466,5.117299556732178,-160.806884765625,0.09284615516662598
1783010199.998294,0.0,0.0,10.0,-0.649077832698822,51.5761604309082,0.05381783843040466,5.117299556732178,-160.806884765625,0.09284615516662598
1783010200.004504,0.0,0.0,10.0,-0.649077832698822,51.5761604309082,0.05381783843040466,5.117299556732178,-160.806884765625,0.09284615516662598
1783010200.010504,0.0,0.0,10.0,-0.649077832698822,51.5761604309082,0.05381783843040466,5.117299556732178,-160.806884765625,0.09284615516662598
1783010200.016298,0.0,0.0,10.0,-0.6491643786430359,51.57750701904297,0.054360441863536835,5.117299556732178,-160.806884765625,0.09284615516662598
1783010200.022357,0.0,0.0,10.0,-0.6491643786430359,51.57750701904297,0.054360441863536835,5.117299556732178,-160.806884765625,0.09284615516662598
1783010200.027804,0.0,0.0,10.0,-0.6491643786430359,51.57750701904297,0.054360441863536835,5.117299556732178,-160.806884765625,0.09284615516662598
1783010200.048126,0.0,0.0,10.0,-0.6491643786430359,51.57750701904297,0.054360441863536835,5.117299556732178,-160.806884765625,0.09284615516662598
1783010200.053497,0.0,0.0,10.0,-0.6491643786430359,51.57750701904297,0.054360441863536835,5.117299556732178,-160.806884765625,0.09284615516662598
1783010200.059477,0.0,0.0,10.0,-0.6491643786430359,51.57750701904297,0.054360441863536835,5.1154656410217285,-160.784912109375,0.0925024151802063
1783010200.065653,0.0,0.0,10.0,-0.6483365893363953,51.57823944091797,0.05508873239159584,5.1154656410217285,-160.784912109375,0.0925024151802063
1783010200.071668,0.0,0.0,10.0,-0.6483365893363953,51.57823944091797,0.05508873239159584,5.1154656410217285,-160.784912109375,0.0925024151802063
1783010200.077191,0.0,0.0,10.0,-0.6483365893363953,51.57823944091797,0.05508873239159584,5.1154656410217285,-160.784912109375,0.0925024151802063
1783010200.083334,0.0,0.0,10.0,-0.6483365893363953,51.57823944091797,0.05508873239159584,5.1154656410217285,-160.784912109375,0.0925024151802063
1783010200.093838,0.0,0.0,10.0,-0.6483365893363953,51.57823944091797,0.05508873239159584,5.1154656410217285,-160.784912109375,0.0925024151802063
1783010200.099838,0.0,0.0,10.0,-0.6483365893363953,51.57823944091797,0.05508873239159584,5.1154656410217285,-160.784912109375,0.0925024151802063
1783010200.106424,0.0,0.0,10.0,-0.6483365893363953,51.57823944091797,0.05508873239159584,5.1154656410217285,-160.784912109375,0.0925024151802063
1783010200.112848,0.0,0.0,10.0,-0.6474807858467102,51.579429626464844,0.05513935536146164,5.1154656410217285,-160.784912109375,0.0925024151802063
1783010200.119383,0.0,0.0,10.0,-0.6474807858467102,51.579429626464844,0.05513935536146164,5.1154656410217285,-160.784912109375,0.0925024151802063
1783010200.125362,0.0,0.0,10.0,-0.6474807858467102,51.579429626464844,0.05513935536146164,5.1154656410217285,-160.784912109375,0.0925024151802063
1783010200.13054,0.0,0.0,10.0,-0.6474807858467102,51.579429626464844,0.05513935536146164,5.1154656410217285,-160.784912109375,0.0925024151802063
1783010200.148576,0.0,0.0,10.0,-0.6474807858467102,51.579429626464844,0.05513935536146164,5.1154656410217285,-160.784912109375,0.0925024151802063
1783010200.154149,0.0,0.0,10.0,-0.6474807858467102,51.579429626464844,0.05513935536146164,5.1165361404418945,-160.828857421875,0.09340648353099823
1783010200.160196,0.0,0.0,10.0,-0.6475200057029724,51.57957458496094,0.05429462343454361,5.1165361404418945,-160.828857421875,0.09340648353099823
1783010200.166233,0.0,0.0,10.0,-0.6475200057029724,51.57957458496094,0.05429462343454361,5.1165361404418945,-160.828857421875,0.09340648353099823
1783010200.172731,0.0,0.0,10.0,-0.6475200057029724,51.57957458496094,0.05429462343454361,5.1165361404418945,-160.828857421875,0.09340648353099823
1783010200.179491,0.0,0.0,10.0,-0.6475200057029724,51.57957458496094,0.05429462343454361,5.1165361404418945,-160.828857421875,0.09340648353099823
1783010200.184883,0.0,0.0,10.0,-0.6475200057029724,51.57957458496094,0.05429462343454361,5.1165361404418945,-160.828857421875,0.09340648353099823
1783010200.191272,0.0,0.0,10.0,-0.6475200057029724,51.57957458496094,0.05429462343454361,5.1165361404418945,-160.828857421875,0.09340648353099823
1783010200.206374,0.0,0.0,10.0,-0.6475200057029724,51.57957458496094,0.05429462343454361,5.1165361404418945,-160.828857421875,0.09340648353099823
1783010200.213047,0.0,0.0,10.0,-0.6477116346359253,51.58066177368164,0.05400792509317398,5.1165361404418945,-160.828857421875,0.09340648353099823
1783010200.218405,0.0,0.0,10.0,-0.6477116346359253,51.58066177368164,0.05400792509317398,5.1165361404418945,-160.828857421875,0.09340648353099823
1783010200.223927,0.0,0.0,10.0,-0.6477116346359253,51.58066177368164,0.05400792509317398,5.1165361404418945,-160.828857421875,0.09340648353099823
1783010200.229324,0.0,0.0,10.0,-0.6477116346359253,51.58066177368164,0.05400792509317398,5.1165361404418945,-160.828857421875,0.09340648353099823
1783010200.235999,0.0,0.0,10.0,-0.6477116346359253,51.58066177368164,0.05400792509317398,5.1165361404418945,-160.828857421875,0.09340648353099823
1783010200.24225,0.0,0.0,10.0,-0.6477116346359253,51.58066177368164,0.05400792509317398,5.1165361404418945,-160.828857421875,0.09340648353099823
1783010200.257651,0.0,0.0,10.0,-0.6477116346359253,51.58066177368164,0.05400792509317398,5.1165361404418945,-160.828857421875,0.09340648353099823
1783010200.263823,0.0,0.0,10.0,-0.6477116346359253,51.58066177368164,0.05400792509317398,5.115610599517822,-160.784912109375,0.0941690132021904
1783010200.26967,0.0,0.0,10.0,-0.6468782424926758,51.58024978637695,0.055700208991765976,5.115610599517822,-160.784912109375,0.0941690132021904
1783010200.275683,0.0,0.0,10.0,-0.6468782424926758,51.58024978637695,0.055700208991765976,5.115610599517822,-160.784912109375,0.0941690132021904
1783010200.281849,0.0,0.0,10.0,-0.6468782424926758,51.58024978637695,0.055700208991765976,5.115610599517822,-160.784912109375,0.0941690132021904
1783010200.288059,0.0,0.0,10.0,-0.6468782424926758,51.58024978637695,0.055700208991765976,5.115610599517822,-160.784912109375,0.0941690132021904
1783010200.294283,0.0,0.0,10.0,-0.6468782424926758,51.58024978637695,0.055700208991765976,5.115610599517822,-160.784912109375,0.0941690132021904
1783010200.309867,0.0,0.0,10.0,-0.6468782424926758,51.58024978637695,0.055700208991765976,5.115610599517822,-160.784912109375,0.0941690132021904
1783010200.315483,0.0,0.0,10.0,-0.6469160318374634,51.57981872558594,0.055407289415597916,5.115610599517822,-160.784912109375,0.0941690132021904
1783010200.321004,0.0,0.0,10.0,-0.6469160318374634,51.57981872558594,0.055407289415597916,5.115610599517822,-160.784912109375,0.0941690132021904
1783010200.326209,0.0,0.0,10.0,-0.6469160318374634,51.57981872558594,0.055407289415597916,5.115610599517822,-160.784912109375,0.0941690132021904
1783010200.331546,0.0,0.0,10.0,-0.6469160318374634,51.57981872558594,0.055407289415597916,5.115610599517822,-160.784912109375,0.0941690132021904
1783010200.337079,0.0,0.0,10.0,-0.6469160318374634,51.57981872558594,0.055407289415597916,5.115610599517822,-160.784912109375,0.0941690132021904
1783010200.344169,0.0,0.0,10.0,-0.6469160318374634,51.57981872558594,0.055407289415597916,5.115610599517822,-160.784912109375,0.0941690132021904
1783010200.362373,0.0,0.0,10.0,-0.6469160318374634,51.57981872558594,0.055407289415597916,5.115610599517822,-160.784912109375,0.0941690132021904
1783010200.367736,0.0,0.0,10.0,-0.6481555700302124,51.580142974853516,0.05613071843981743,5.1149702072143555,-160.784912109375,0.09376471489667892
1783010200.374543,0.0,0.0,10.0,-0.6481555700302124,51.580142974853516,0.05613071843981743,5.1149702072143555,-160.784912109375,0.09376471489667892
1783010200.379787,0.0,0.0,10.0,-0.6481555700302124,51.580142974853516,0.05613071843981743,5.1149702072143555,-160.784912109375,0.09376471489667892
1783010200.386794,0.0,0.0,10.0,-0.6481555700302124,51.580142974853516,0.05613071843981743,5.1149702072143555,-160.784912109375,0.09376471489667892
1783010200.393437,0.0,0.0,10.0,-0.6481555700302124,51.580142974853516,0.05613071843981743,5.1149702072143555,-160.784912109375,0.09376471489667892
1783010200.414653,0.0,0.0,10.0,-0.6481555700302124,51.580142974853516,0.05613071843981743,5.1149702072143555,-160.784912109375,0.09376471489667892
1783010200.420615,0.0,0.0,10.0,-0.646317720413208,51.58080291748047,0.05584228038787842,5.1149702072143555,-160.784912109375,0.09376471489667892
1783010200.42593,0.0,0.0,10.0,-0.646317720413208,51.58080291748047,0.05584228038787842,5.1149702072143555,-160.784912109375,0.09376471489667892
1783010200.431252,0.0,0.0,10.0,-0.646317720413208,51.58080291748047,0.05584228038787842,5.1149702072143555,-160.784912109375,0.09376471489667892
1783010200.438564,0.0,0.0,10.0,-0.646317720413208,51.58080291748047,0.05584228038787842,5.1149702072143555,-160.784912109375,0.09376471489667892
1783010200.444306,0.0,0.0,10.0,-0.646317720413208,51.58080291748047,0.05584228038787842,5.1149702072143555,-160.784912109375,0.09376471489667892
1783010200.462985,0.0,0.0,10.0,-0.646317720413208,51.58080291748047,0.05584228038787842,5.1149702072143555,-160.784912109375,0.09376471489667892
1783010200.469141,0.0,0.0,10.0,-0.646317720413208,51.58080291748047,0.05584228038787842,5.114642143249512,-160.784912109375,0.09442991018295288
1783010200.474339,0.0,0.0,10.0,-0.646317720413208,51.58080291748047,0.05584228038787842,5.114642143249512,-160.784912109375,0.09442991018295288
1783010200.479647,0.0,0.0,10.0,-0.6448219418525696,51.58232498168945,0.05483001098036766,5.114642143249512,-160.784912109375,0.09442991018295288
1783010200.485681,0.0,0.0,10.0,-0.6448219418525696,51.58232498168945,0.05483001098036766,5.114642143249512,-160.784912109375,0.09442991018295288
1783010200.495585,0.0,0.0,10.0,-0.6448219418525696,51.58232498168945,0.05483001098036766,5.114642143249512,-160.784912109375,0.09442991018295288
1783010200.500885,0.0,0.0,10.0,-0.6448219418525696,51.58232498168945,0.05483001098036766,5.114642143249512,-160.784912109375,0.09442991018295288
1783010200.506971,0.0,0.0,10.0,-0.6448219418525696,51.58232498168945,0.05483001098036766,5.114642143249512,-160.784912109375,0.09442991018295288
1783010200.521703,0.0,0.0,10.0,-0.6448219418525696,51.58232498168945,0.05483001098036766,5.114642143249512,-160.784912109375,0.09442991018295288
1783010200.526904,0.0,0.0,10.0,-0.644745409488678,51.583152770996094,0.055053260177373886,5.114642143249512,-160.784912109375,0.09442991018295288
1783010200.532736,0.0,0.0,10.0,-0.644745409488678,51.583152770996094,0.055053260177373886,5.114642143249512,-160.784912109375,0.09442991018295288
1783010200.538776,0.0,0.0,10.0,-0.644745409488678,51.583152770996094,0.055053260177373886,5.114642143249512,-160.784912109375,0.09442991018295288
1783010200.544389,0.0,0.0,10.0,-0.644745409488678,51.583152770996094,0.055053260177373886,5.114642143249512,-160.784912109375,0.09442991018295288
1783010200.551753,0.0,0.0,10.0,-0.644745409488678,51.583152770996094,0.055053260177373886,5.112707614898682,-160.718994140625,0.09383144974708557
1783010200.561946,0.0,0.0,10.0,-0.644745409488678,51.583152770996094,0.055053260177373886,5.112707614898682,-160.718994140625,0.09383144974708557
1783010200.568603,0.0,0.0,10.0,-0.644619882106781,51.583560943603516,0.05551070347428322,5.112707614898682,-160.718994140625,0.09383144974708557
1783010200.574517,0.0,0.0,10.0,-0.644619882106781,51.583560943603516,0.05551070347428322,5.112707614898682,-160.718994140625,0.09383144974708557
1783010200.580111,0.0,0.0,10.0,-0.644619882106781,51.583560943603516,0.05551070347428322,5.112707614898682,-160.718994140625,0.09383144974708557
1783010200.58711,0.0,0.0,10.0,-0.644619882106781,51.583560943603516,0.05551070347428322,5.112707614898682,-160.718994140625,0.09383144974708557
1783010200.592637,0.0,0.0,10.0,-0.644619882106781,51.583560943603516,0.05551070347428322,5.112707614898682,-160.718994140625,0.09383144974708557
1783010200.599702,0.0,0.0,10.0,-0.644619882106781,51.583560943603516,0.05551070347428322,5.112707614898682,-160.718994140625,0.09383144974708557
1783010200.613571,0.0,0.0,10.0,-0.644619882106781,51.583560943603516,0.05551070347428322,5.112707614898682,-160.718994140625,0.09383144974708557
1783010200.619332,0.0,0.0,10.0,-0.644061267375946,51.58418655395508,0.05643535032868385,5.112707614898682,-160.718994140625,0.09383144974708557
1783010200.624535,0.0,0.0,10.0,-0.644061267375946,51.58418655395508,0.05643535032868385,5.112707614898682,-160.718994140625,0.09383144974708557
1783010200.63008,0.0,0.0,10.0,-0.644061267375946,51.58418655395508,0.05643535032868385,5.112707614898682,-160.718994140625,0.09383144974708557
1783010200.635584,0.0,0.0,10.0,-0.644061267375946,51.58418655395508,0.05643535032868385,5.112707614898682,-160.718994140625,0.09383144974708557
1783010200.651316,0.0,0.0,10.0,-0.644061267375946,51.58418655395508,0.05643535032868385,5.112707614898682,-160.718994140625,0.09383144974708557
1783010200.659028,0.0,0.0,10.0,-0.644061267375946,51.58418655395508,0.05643535032868385,5.114352703094482,-160.740966796875,0.09521520137786865
1783010200.685701,0.0,0.0,10.0,-0.644061267375946,51.58418655395508,0.05643535032868385,5.114352703094482,-160.740966796875,0.09521520137786865
1783010200.692811,0.0,0.0,10.0,-0.6439946889877319,51.58460235595703,0.05623945593833923,5.114352703094482,-160.740966796875,0.09521520137786865
1783010200.698292,0.0,0.0,10.0,-0.6439946889877319,51.58460235595703,0.05623945593833923,5.114352703094482,-160.740966796875,0.09521520137786865
1783010200.7039,0.0,0.0,10.0,-0.6439946889877319,51.58460235595703,0.05623945593833923,5.114352703094482,-160.740966796875,0.09521520137786865
1783010200.731828,0.0,0.0,10.0,-0.6439946889877319,51.58460235595703,0.05623945593833923,5.114352703094482,-160.740966796875,0.09521520137786865
1783010200.740116,0.0,0.0,10.0,-0.6451955437660217,51.58518981933594,0.056513462215662,5.114352703094482,-160.740966796875,0.09521520137786865
1783010200.745684,0.0,0.0,10.0,-0.6451955437660217,51.58518981933594,0.056513462215662,5.114352703094482,-160.740966796875,0.09521520137786865
1783010200.751632,0.0,0.0,10.0,-0.6451955437660217,51.58518981933594,0.056513462215662,5.114352703094482,-160.740966796875,0.09521520137786865
1783010200.757008,0.0,0.0,10.0,-0.6451955437660217,51.58518981933594,0.056513462215662,5.112110137939453,-160.697021484375,0.09461182355880737
1783010200.778792,0.0,0.0,10.0,-0.6451955437660217,51.58518981933594,0.056513462215662,5.112110137939453,-160.697021484375,0.09461182355880737
1783010200.784047,0.0,0.0,10.0,-0.6452057957649231,51.58668899536133,0.057491473853588104,5.112110137939453,-160.697021484375,0.09461182355880737
1783010200.789534,0.0,0.0,10.0,-0.6452057957649231,51.58668899536133,0.057491473853588104,5.112110137939453,-160.697021484375,0.09461182355880737
1783010200.795952,0.0,0.0,10.0,-0.6452057957649231,51.58668899536133,0.057491473853588104,5.112110137939453,-160.697021484375,0.09461182355880737
1783010200.801841,0.0,0.0,10.0,-0.6452057957649231,51.58668899536133,0.057491473853588104,5.112110137939453,-160.697021484375,0.09461182355880737
1783010200.81749,0.0,0.0,10.0,-0.6452057957649231,51.58668899536133,0.057491473853588104,5.112110137939453,-160.697021484375,0.09461182355880737
1783010200.823534,0.0,0.0,10.0,-0.6440277099609375,51.58701705932617,0.057499825954437256,5.112110137939453,-160.697021484375,0.09461182355880737
1783010200.835808,0.0,0.0,10.0,-0.6440277099609375,51.58701705932617,0.057499825954437256,5.112110137939453,-160.697021484375,0.09461182355880737
1783010200.843154,0.0,0.0,10.0,-0.6440277099609375,51.58701705932617,0.057499825954437256,5.112110137939453,-160.697021484375,0.09461182355880737
1783010200.848734,0.0,0.0,10.0,-0.6440277099609375,51.58701705932617,0.057499825954437256,5.112110137939453,-160.697021484375,0.09461182355880737
1783010200.854958,0.0,0.0,10.0,-0.6440277099609375,51.58701705932617,0.057499825954437256,5.1132707595825195,-160.740966796875,0.09588448703289032
1783010200.877152,0.0,0.0,10.0,-0.6440277099609375,51.58701705932617,0.057499825954437256,5.1132707595825195,-160.740966796875,0.09588448703289032
1783010200.882862,0.0,0.0,10.0,-0.6438892483711243,51.587398529052734,0.05732552707195282,5.1132707595825195,-160.740966796875,0.09588448703289032
1783010200.888571,0.0,0.0,10.0,-0.6438892483711243,51.587398529052734,0.05732552707195282,5.1132707595825195,-160.740966796875,0.09588448703289032
1783010200.894372,0.0,0.0,10.0,-0.6438892483711243,51.587398529052734,0.05732552707195282,5.1132707595825195,-160.740966796875,0.09588448703289032
1783010200.899607,0.0,0.0,10.0,-0.6438892483711243,51.587398529052734,0.05732552707195282,5.1132707595825195,-160.740966796875,0.09588448703289032
1783010200.905906,0.0,0.0,10.0,-0.6438892483711243,51.587398529052734,0.05732552707195282,5.1132707595825195,-160.740966796875,0.09588448703289032
1783010200.931726,0.0,0.0,10.0,-0.6438892483711243,51.587398529052734,0.05732552707195282,5.1132707595825195,-160.740966796875,0.09588448703289032
1783010200.938455,0.0,0.0,10.0,-0.6450110673904419,51.58775329589844,0.05759699270129204,5.1132707595825195,-160.740966796875,0.09588448703289032
1783010200.944478,0.0,0.0,10.0,-0.6450110673904419,51.58775329589844,0.05759699270129204,5.1132707595825195,-160.740966796875,0.09588448703289032
1783010200.950054,0.0,0.0,10.0,-0.6450110673904419,51.58775329589844,0.05759699270129204,5.1132707595825195,-160.740966796875,0.09588448703289032
1783010200.956626,0.0,0.0,10.0,-0.6450110673904419,51.58775329589844,0.05759699270129204,5.1111345291137695,-160.697021484375,0.09565896540880203
1783010200.979816,0.0,0.0,10.0,-0.6450110673904419,51.58775329589844,0.05759699270129204,5.1111345291137695,-160.697021484375,0.09565896540880203
1783010200.986032,0.0,0.0,10.0,-0.64436936378479,51.587806701660156,0.05754115805029869,5.1111345291137695,-160.697021484375,0.09565896540880203
1783010200.991736,0.0,0.0,10.0,-0.64436936378479,51.587806701660156,0.05754115805029869,5.1111345291137695,-160.697021484375,0.09565896540880203
1783010200.997126,0.0,0.0,10.0,-0.64436936378479,51.587806701660156,0.05754115805029869,5.1111345291137695,-160.697021484375,0.09565896540880203
1783010201.005121,0.0,0.0,10.0,-0.64436936378479,51.587806701660156,0.05754115805029869,5.1111345291137695,-160.697021484375,0.09565896540880203
1783010201.042467,0.0,0.0,10.0,-0.64436936378479,51.587806701660156,0.05754115805029869,5.1111345291137695,-160.697021484375,0.09565896540880203
1783010201.048459,0.0,0.0,10.0,-0.6431249380111694,51.58777618408203,0.05865146592259407,5.1111345291137695,-160.697021484375,0.09565896540880203
1783010201.053822,0.0,0.0,10.0,-0.6431249380111694,51.58777618408203,0.05865146592259407,5.1111345291137695,-160.697021484375,0.09565896540880203
1783010201.059358,0.0,0.0,10.0,-0.6431249380111694,51.58777618408203,0.05865146592259407,5.1111345291137695,-160.697021484375,0.09565896540880203
1783010201.064648,0.0,0.0,10.0,-0.6431249380111694,51.58777618408203,0.05865146592259407,5.113384246826172,-160.675048828125,0.0969519317150116
1783010201.070028,0.0,0.0,10.0,-0.6424839496612549,51.58784866333008,0.058663465082645416,5.113384246826172,-160.675048828125,0.0969519317150116
1783010201.082488,0.0,0.0,10.0,-0.6424839496612549,51.58784866333008,0.058663465082645416,5.113384246826172,-160.675048828125,0.0969519317150116
1783010201.089073,0.0,0.0,10.0,-0.6424839496612549,51.58784866333008,0.058663465082645416,5.113384246826172,-160.675048828125,0.0969519317150116
1783010201.094504,0.0,0.0,10.0,-0.6424839496612549,51.58784866333008,0.058663465082645416,5.113384246826172,-160.675048828125,0.0969519317150116
1783010201.110269,0.0,0.0,10.0,-0.6424839496612549,51.58784866333008,0.058663465082645416,5.113384246826172,-160.675048828125,0.0969519317150116
1783010201.116237,0.0,0.0,10.0,-0.6432879567146301,51.58594512939453,0.057493820786476135,5.113384246826172,-160.675048828125,0.0969519317150116
1783010201.121769,0.0,0.0,10.0,-0.6432879567146301,51.58594512939453,0.057493820786476135,5.113384246826172,-160.675048828125,0.0969519317150116
1783010201.127487,0.0,0.0,10.0,-0.6432879567146301,51.58594512939453,0.057493820786476135,5.113384246826172,-160.675048828125,0.0969519317150116
1783010201.133169,0.0,0.0,10.0,-0.6432879567146301,51.58594512939453,0.057493820786476135,5.113384246826172,-160.675048828125,0.0969519317150116
1783010201.138382,0.0,0.0,10.0,-0.6432879567146301,51.58594512939453,0.057493820786476135,5.113384246826172,-160.675048828125,0.0969519317150116
1783010201.14441,0.0,0.0,10.0,-0.6432879567146301,51.58594512939453,0.057493820786476135,5.113384246826172,-160.675048828125,0.0969519317150116
1783010201.150724,0.0,0.0,10.0,-0.6432879567146301,51.58594512939453,0.057493820786476135,5.113384246826172,-160.675048828125,0.0969519317150116
1783010201.163454,0.0,0.0,10.0,-0.6432879567146301,51.58594512939453,0.057493820786476135,5.113384246826172,-160.675048828125,0.0969519317150116
1783010201.169636,0.0,0.0,10.0,-0.6416279077529907,51.58510208129883,0.057017114013433456,5.097275257110596,-160.653076171875,0.0968354120850563
1783010201.175538,0.0,0.0,10.0,-0.6416279077529907,51.58510208129883,0.057017114013433456,5.097275257110596,-160.653076171875,0.0968354120850563
1783010201.181434,0.0,0.0,10.0,-0.6416279077529907,51.58510208129883,0.057017114013433456,5.097275257110596,-160.653076171875,0.0968354120850563
1783010201.18713,0.0,0.0,10.0,-0.6416279077529907,51.58510208129883,0.057017114013433456,5.097275257110596,-160.653076171875,0.0968354120850563
1783010201.192965,0.0,0.0,10.0,-0.6416279077529907,51.58510208129883,0.057017114013433456,5.097275257110596,-160.653076171875,0.0968354120850563
1783010201.200373,0.0,0.0,10.0,-0.6416279077529907,51.58510208129883,0.057017114013433456,5.097275257110596,-160.653076171875,0.0968354120850563
1783010201.206826,0.0,0.0,10.0,-0.6416279077529907,51.58510208129883,0.057017114013433456,5.097275257110596,-160.653076171875,0.0968354120850563
1783010201.216662,0.0,0.0,10.0,-0.6416279077529907,51.58510208129883,0.057017114013433456,5.097275257110596,-160.653076171875,0.0968354120850563
1783010201.22321,0.0,0.0,10.0,-0.6404937505722046,51.58490753173828,0.05702793970704079,5.097275257110596,-160.653076171875,0.0968354120850563
1783010201.228759,0.0,0.0,10.0,-0.6404937505722046,51.58490753173828,0.05702793970704079,5.097275257110596,-160.653076171875,0.0968354120850563
1783010201.234207,0.0,0.0,10.0,-0.6404937505722046,51.58490753173828,0.05702793970704079,5.097275257110596,-160.653076171875,0.0968354120850563
1783010201.240361,0.0,0.0,10.0,-0.6404937505722046,51.58490753173828,0.05702793970704079,5.097275257110596,-160.653076171875,0.0968354120850563
1783010201.246217,0.0,0.0,10.0,-0.6404937505722046,51.58490753173828,0.05702793970704079,5.097275257110596,-160.653076171875,0.0968354120850563
1783010201.252258,0.0,0.0,10.0,-0.6404937505722046,51.58490753173828,0.05702793970704079,5.097275257110596,-160.653076171875,0.0968354120850563
1783010201.262002,0.0,0.0,10.0,-0.6404937505722046,51.58490753173828,0.05702793970704079,5.097275257110596,-160.653076171875,0.0968354120850563
1783010201.268296,0.0,0.0,10.0,-0.6411649584770203,51.5838623046875,0.05742426589131355,5.031601905822754,-160.477294921875,0.09644243866205215
1783010201.274284,0.0,0.0,10.0,-0.6411649584770203,51.5838623046875,0.05742426589131355,5.031601905822754,-160.477294921875,0.09644243866205215
1783010201.280312,0.0,0.0,10.0,-0.6411649584770203,51.5838623046875,0.05742426589131355,5.031601905822754,-160.477294921875,0.09644243866205215
1783010201.28641,0.0,0.0,10.0,-0.6411649584770203,51.5838623046875,0.05742426589131355,5.031601905822754,-160.477294921875,0.09644243866205215
1783010201.291905,0.0,0.0,10.0,-0.6411649584770203,51.5838623046875,0.05742426589131355,5.031601905822754,-160.477294921875,0.09644243866205215
1783010201.29744,0.0,0.0,10.0,-0.6411649584770203,51.5838623046875,0.05742426589131355,5.031601905822754,-160.477294921875,0.09644243866205215
1783010201.303529,0.0,0.0,10.0,-0.6411649584770203,51.5838623046875,0.05742426589131355,5.031601905822754,-160.477294921875,0.09644243866205215
1783010201.326902,0.0,0.0,10.0,-0.6411649584770203,51.5838623046875,0.05742426589131355,5.031601905822754,-160.477294921875,0.09644243866205215
1783010201.332461,0.0,0.0,10.0,-0.6418447494506836,51.582828521728516,0.0578659251332283,5.031601905822754,-160.477294921875,0.09644243866205215
1783010201.33769,0.0,0.0,10.0,-0.6418447494506836,51.582828521728516,0.0578659251332283,5.031601905822754,-160.477294921875,0.09644243866205215
1783010201.342958,0.0,0.0,10.0,-0.6418447494506836,51.582828521728516,0.0578659251332283,5.031601905822754,-160.477294921875,0.09644243866205215
1783010201.34813,0.0,0.0,10.0,-0.6418447494506836,51.582828521728516,0.0578659251332283,5.031601905822754,-160.477294921875,0.09644243866205215
1783010201.353884,0.0,0.0,10.0,-0.6418447494506836,51.582828521728516,0.0578659251332283,5.031601905822754,-160.477294921875,0.09644243866205215
1783010201.377456,0.0,0.0,10.0,-0.6418447494506836,51.582828521728516,0.0578659251332283,4.943952560424805,-160.477294921875,0.09737817198038101
1783010201.384051,0.0,0.0,10.0,-0.6407464742660522,51.58198547363281,0.05782197043299675,4.943952560424805,-160.477294921875,0.09737817198038101
1783010201.390116,0.0,0.0,10.0,-0.6407464742660522,51.58198547363281,0.05782197043299675,4.943952560424805,-160.477294921875,0.09737817198038101
1783010201.397348,0.0,0.0,10.0,-0.6407464742660522,51.58198547363281,0.05782197043299675,4.943952560424805,-160.477294921875,0.09737817198038101
1783010201.403068,0.0,0.0,10.0,-0.6407464742660522,51.58198547363281,0.05782197043299675,4.943952560424805,-160.477294921875,0.09737817198038101
1783010201.444536,0.0,0.0,10.0,-0.6407464742660522,51.58198547363281,0.05782197043299675,4.943952560424805,-160.477294921875,0.09737817198038101
1783010201.454216,0.0,0.0,10.0,-0.6397206783294678,51.5822868347168,0.05827245116233826,4.943952560424805,-160.477294921875,0.09737817198038101
1783010201.460273,0.0,0.0,10.0,-0.6397206783294678,51.5822868347168,0.05827245116233826,4.943952560424805,-160.477294921875,0.09737817198038101
1783010201.466107,0.0,0.0,10.0,-0.6409878730773926,51.58158493041992,0.05791671201586723,4.854886531829834,-160.345458984375,0.09741080552339554
1783010201.47174,0.0,0.0,10.0,-0.6409878730773926,51.58158493041992,0.05791671201586723,4.854886531829834,-160.345458984375,0.09741080552339554
1783010201.511041,0.0,0.0,10.0,-0.6409878730773926,51.58158493041992,0.05791671201586723,4.854886531829834,-160.345458984375,0.09741080552339554
1783010201.517008,0.0,0.0,10.0,-0.6409878730773926,51.58158493041992,0.05791671201586723,4.854886531829834,-160.345458984375,0.09741080552339554
1783010201.524428,0.0,0.0,10.0,-0.6419452428817749,51.58210754394531,0.05855929106473923,4.854886531829834,-160.345458984375,0.09741080552339554
1783010201.53,0.0,0.0,10.0,-0.6419452428817749,51.58210754394531,0.05855929106473923,4.854886531829834,-160.345458984375,0.09741080552339554
1783010201.535879,0.0,0.0,10.0,-0.6419452428817749,51.58210754394531,0.05855929106473923,4.854886531829834,-160.345458984375,0.09741080552339554
1783010201.576136,0.0,0.0,10.0,-0.6419452428817749,51.58210754394531,0.05855929106473923,4.854886531829834,-160.345458984375,0.09741080552339554
1783010201.581422,0.0,0.0,10.0,-0.6419452428817749,51.58210754394531,0.05855929106473923,4.854886531829834,-160.345458984375,0.09741080552339554
1783010201.587644,0.0,0.0,10.0,-0.6420429348945618,51.58232879638672,0.058448679745197296,4.764136791229248,-160.279541015625,0.0985933318734169
1783010201.636832,0.0,0.0,10.0,-0.6420429348945618,51.58232879638672,0.058448679745197296,4.764136791229248,-160.279541015625,0.0985933318734169
1783010201.642533,0.0,0.0,10.0,-0.6420429348945618,51.58232879638672,0.058448679745197296,4.764136791229248,-160.279541015625,0.0985933318734169
1783010201.648095,0.0,0.0,10.0,-0.6413054466247559,51.582332611083984,0.05820414796471596,4.764136791229248,-160.279541015625,0.0985933318734169
1783010201.654451,0.0,0.0,10.0,-0.6413054466247559,51.582332611083984,0.05820414796471596,4.764136791229248,-160.279541015625,0.0985933318734169
1783010201.677389,0.0,0.0,10.0,-0.6413054466247559,51.582332611083984,0.05820414796471596,4.764136791229248,-160.279541015625,0.0985933318734169
1783010201.684875,0.0,0.0,10.0,-0.6408734917640686,51.582454681396484,0.058058205991983414,4.668600559234619,-160.191650390625,0.09895404428243637
1783010201.692206,0.0,0.0,10.0,-0.6408734917640686,51.582454681396484,0.058058205991983414,4.668600559234619,-160.191650390625,0.09895404428243637
1783010201.69784,0.0,0.0,10.0,-0.6408734917640686,51.582454681396484,0.058058205991983414,4.668600559234619,-160.191650390625,0.09895404428243637
1783010201.703484,0.0,0.0,10.0,-0.6408734917640686,51.582454681396484,0.058058205991983414,4.668600559234619,-160.191650390625,0.09895404428243637
1783010201.733629,0.0,0.0,10.0,-0.6408734917640686,51.582454681396484,0.058058205991983414,4.668600559234619,-160.191650390625,0.09895404428243637
1783010201.739973,0.0,0.0,10.0,-0.6411023139953613,51.58287048339844,0.05807994306087494,4.668600559234619,-160.191650390625,0.09895404428243637
1783010201.745635,0.0,0.0,10.0,-0.6411023139953613,51.58287048339844,0.05807994306087494,4.668600559234619,-160.191650390625,0.09895404428243637
1783010201.751184,0.0,0.0,10.0,-0.6411023139953613,51.58287048339844,0.05807994306087494,4.668600559234619,-160.191650390625,0.09895404428243637
1783010201.756926,0.0,0.0,10.0,-0.6411023139953613,51.58287048339844,0.05807994306087494,4.668600559234619,-160.191650390625,0.09895404428243637
1783010201.779606,0.0,0.0,10.0,-0.6411023139953613,51.58287048339844,0.05807994306087494,4.668600559234619,-160.191650390625,0.09895404428243637
1783010201.785305,0.0,0.0,10.0,-0.6400561332702637,51.58315658569336,0.05712791904807091,4.568790435791016,-160.103759765625,0.09932824224233627
1783010201.79155,0.0,0.0,10.0,-0.6400561332702637,51.58315658569336,0.05712791904807091,4.568790435791016,-160.103759765625,0.09932824224233627
1783010201.797849,0.0,0.0,10.0,-0.6400561332702637,51.58315658569336,0.05712791904807091,4.568790435791016,-160.103759765625,0.09932824224233627
1783010201.804205,0.0,0.0,10.0,-0.6400561332702637,51.58315658569336,0.05712791904807091,4.568790435791016,-160.103759765625,0.09932824224233627
1783010201.824341,0.0,0.0,10.0,-0.6400561332702637,51.58315658569336,0.05712791904807091,4.568790435791016,-160.103759765625,0.09932824224233627
1783010201.83065,0.0,0.0,10.0,-0.6408863067626953,51.5834846496582,0.05691765621304512,4.568790435791016,-160.103759765625,0.09932824224233627
1783010201.836482,0.0,0.0,10.0,-0.6408863067626953,51.5834846496582,0.05691765621304512,4.568790435791016,-160.103759765625,0.09932824224233627
1783010201.843124,0.0,0.0,10.0,-0.6408863067626953,51.5834846496582,0.05691765621304512,4.568790435791016,-160.103759765625,0.09932824224233627
1783010201.855852,0.0,0.0,10.0,-0.6408863067626953,51.5834846496582,0.05691765621304512,4.568790435791016,-160.103759765625,0.09932824224233627
1783010201.86172,0.0,0.0,10.0,-0.6408000588417053,51.5837516784668,0.05653117224574089,4.46652889251709,-159.971923828125,0.09877211600542068
1783010201.867876,0.0,0.0,10.0,-0.6408000588417053,51.5837516784668,0.05653117224574089,4.46652889251709,-159.971923828125,0.09877211600542068
1783010201.873121,0.0,0.0,10.0,-0.6408000588417053,51.5837516784668,0.05653117224574089,4.46652889251709,-159.971923828125,0.09877211600542068
1783010201.880201,0.0,0.0,10.0,-0.6408000588417053,51.5837516784668,0.05653117224574089,4.46652889251709,-159.971923828125,0.09877211600542068
1783010201.885733,0.0,0.0,10.0,-0.6408000588417053,51.5837516784668,0.05653117224574089,4.46652889251709,-159.971923828125,0.09877211600542068
1783010201.891269,0.0,0.0,10.0,-0.6408000588417053,51.5837516784668,0.05653117224574089,4.46652889251709,-159.971923828125,0.09877211600542068
1783010201.911141,0.0,0.0,10.0,-0.6408000588417053,51.5837516784668,0.05653117224574089,4.46652889251709,-159.971923828125,0.09877211600542068
1783010201.916667,0.0,0.0,10.0,-0.6405675411224365,51.584346771240234,0.056655701249837875,4.46652889251709,-159.971923828125,0.09877211600542068
1783010201.923285,0.0,0.0,10.0,-0.6405675411224365,51.584346771240234,0.056655701249837875,4.46652889251709,-159.971923828125,0.09877211600542068
1783010201.930066,0.0,0.0,10.0,-0.6405675411224365,51.584346771240234,0.056655701249837875,4.46652889251709,-159.971923828125,0.09877211600542068
1783010201.935883,0.0,0.0,10.0,-0.6405675411224365,51.584346771240234,0.056655701249837875,4.46652889251709,-159.971923828125,0.09877211600542068
1783010201.941461,0.0,0.0,10.0,-0.6405675411224365,51.584346771240234,0.056655701249837875,4.46652889251709,-159.971923828125,0.09877211600542068
1783010201.951733,0.0,0.0,10.0,-0.6405675411224365,51.584346771240234,0.056655701249837875,4.46652889251709,-159.971923828125,0.09877211600542068
1783010201.971452,0.0,0.0,10.0,-0.6405675411224365,51.584346771240234,0.056655701249837875,4.46652889251709,-159.971923828125,0.09877211600542068
1783010201.977246,0.0,0.0,10.0,-0.640485405921936,51.585121154785156,0.05671259015798569,4.364552021026611,-159.862060546875,0.10001299530267715
1783010201.986672,0.0,0.0,10.0,-0.640485405921936,51.585121154785156,0.05671259015798569,4.364552021026611,-159.862060546875,0.10001299530267715
1783010201.991953,0.0,0.0,10.0,-0.640485405921936,51.585121154785156,0.05671259015798569,4.364552021026611,-159.862060546875,0.10001299530267715
1783010201.997116,0.0,0.0,10.0,-0.640485405921936,51.585121154785156,0.05671259015798569,4.364552021026611,-159.862060546875,0.10001299530267715
1783010202.003814,0.0,0.0,10.0,-0.640485405921936,51.585121154785156,0.05671259015798569,4.364552021026611,-159.862060546875,0.10001299530267715
1783010202.014452,0.0,0.0,10.0,-0.640485405921936,51.585121154785156,0.05671259015798569,4.364552021026611,-159.862060546875,0.10001299530267715
1783010202.020117,0.0,0.0,10.0,-0.6405467987060547,51.58576583862305,0.056584104895591736,4.364552021026611,-159.862060546875,0.10001299530267715
1783010202.02637,0.0,0.0,10.0,-0.6405467987060547,51.58576583862305,0.056584104895591736,4.364552021026611,-159.862060546875,0.10001299530267715
1783010202.032377,0.0,0.0,10.0,-0.6405467987060547,51.58576583862305,0.056584104895591736,4.364552021026611,-159.862060546875,0.10001299530267715
1783010202.039045,0.0,0.0,10.0,-0.6405467987060547,51.58576583862305,0.056584104895591736,4.364552021026611,-159.862060546875,0.10001299530267715
1783010202.045712,0.0,0.0,10.0,-0.6405467987060547,51.58576583862305,0.056584104895591736,4.364552021026611,-159.862060546875,0.10001299530267715
1783010202.052255,0.0,0.0,10.0,-0.6405467987060547,51.58576583862305,0.056584104895591736,4.364552021026611,-159.862060546875,0.10001299530267715
1783010202.065889,0.0,0.0,10.0,-0.6405467987060547,51.58576583862305,0.056584104895591736,4.364552021026611,-159.862060546875,0.10001299530267715
1783010202.071269,0.0,0.0,10.0,-0.6411335468292236,51.58634948730469,0.055835820734500885,4.261370658874512,-159.774169921875,0.09990353882312775
1783010202.077813,0.0,0.0,10.0,-0.6411335468292236,51.58634948730469,0.055835820734500885,4.261370658874512,-159.774169921875,0.09990353882312775
1783010202.083227,0.0,0.0,10.0,-0.6411335468292236,51.58634948730469,0.055835820734500885,4.261370658874512,-159.774169921875,0.09990353882312775
1783010202.089885,0.0,0.0,10.0,-0.6411335468292236,51.58634948730469,0.055835820734500885,4.261370658874512,-159.774169921875,0.09990353882312775
1783010202.095423,0.0,0.0,10.0,-0.6411335468292236,51.58634948730469,0.055835820734500885,4.261370658874512,-159.774169921875,0.09990353882312775
1783010202.100961,0.0,0.0,10.0,-0.6411335468292236,51.58634948730469,0.055835820734500885,4.261370658874512,-159.774169921875,0.09990353882312775
1783010202.112532,0.0,0.0,10.0,-0.6411335468292236,51.58634948730469,0.055835820734500885,4.261370658874512,-159.774169921875,0.09990353882312775
1783010202.118519,0.0,0.0,10.0,-0.6392959356307983,51.58687973022461,0.05565466731786728,4.261370658874512,-159.774169921875,0.09990353882312775
1783010202.123702,0.0,0.0,10.0,-0.6392959356307983,51.58687973022461,0.05565466731786728,4.261370658874512,-159.774169921875,0.09990353882312775
1783010202.130044,0.0,0.0,10.0,-0.6392959356307983,51.58687973022461,0.05565466731786728,4.261370658874512,-159.774169921875,0.09990353882312775
1783010202.135553,0.0,0.0,10.0,-0.6392959356307983,51.58687973022461,0.05565466731786728,4.261370658874512,-159.774169921875,0.09990353882312775
1783010202.141054,0.0,0.0,10.0,-0.6392959356307983,51.58687973022461,0.05565466731786728,4.261370658874512,-159.774169921875,0.09990353882312775
1783010202.147114,0.0,0.0,10.0,-0.6392959356307983,51.58687973022461,0.05565466731786728,4.261370658874512,-159.774169921875,0.09990353882312775
1783010202.153142,0.0,0.0,10.0,-0.6392959356307983,51.58687973022461,0.05565466731786728,4.261370658874512,-159.774169921875,0.09990353882312775
1783010202.165764,0.0,0.0,10.0,-0.6392959356307983,51.58687973022461,0.05565466731786728,4.261370658874512,-159.774169921875,0.09990353882312775
1783010202.171237,0.0,0.0,10.0,-0.6389157176017761,51.588233947753906,0.05642879381775856,4.159791469573975,-159.664306640625,0.10034453868865967
1783010202.1771,0.0,0.0,10.0,-0.6389157176017761,51.588233947753906,0.05642879381775856,4.159791469573975,-159.664306640625,0.10034453868865967
1783010202.182586,0.0,0.0,10.0,-0.6389157176017761,51.588233947753906,0.05642879381775856,4.159791469573975,-159.664306640625,0.10034453868865967
1783010202.188572,0.0,0.0,10.0,-0.6389157176017761,51.588233947753906,0.05642879381775856,4.159791469573975,-159.664306640625,0.10034453868865967
1783010202.194514,0.0,0.0,10.0,-0.6389157176017761,51.588233947753906,0.05642879381775856,4.159791469573975,-159.664306640625,0.10034453868865967
1783010202.199786,0.0,0.0,10.0,-0.6389157176017761,51.588233947753906,0.05642879381775856,4.159791469573975,-159.664306640625,0.10034453868865967
1783010202.207287,0.0,0.0,10.0,-0.6389157176017761,51.588233947753906,0.05642879381775856,4.159791469573975,-159.664306640625,0.10034453868865967
1783010202.21673,0.0,0.0,10.0,-0.6389157176017761,51.588233947753906,0.05642879381775856,4.159791469573975,-159.664306640625,0.10034453868865967
1783010202.222293,0.0,0.0,10.0,-0.6399012804031372,51.58798599243164,0.05587685853242874,4.159791469573975,-159.664306640625,0.10034453868865967
1783010202.228036,0.0,0.0,10.0,-0.6399012804031372,51.58798599243164,0.05587685853242874,4.159791469573975,-159.664306640625,0.10034453868865967
1783010202.234676,0.0,0.0,10.0,-0.6399012804031372,51.58798599243164,0.05587685853242874,4.159791469573975,-159.664306640625,0.10034453868865967
1783010202.240003,0.0,0.0,10.0,-0.6399012804031372,51.58798599243164,0.05587685853242874,4.159791469573975,-159.664306640625,0.10034453868865967
1783010202.246981,0.0,0.0,10.0,-0.6399012804031372,51.58798599243164,0.05587685853242874,4.159791469573975,-159.664306640625,0.10034453868865967
1783010202.252686,0.0,0.0,10.0,-0.6399012804031372,51.58798599243164,0.05587685853242874,4.159791469573975,-159.664306640625,0.10034453868865967
1783010202.258386,0.0,0.0,10.0,-0.6399012804031372,51.58798599243164,0.05587685853242874,4.159791469573975,-159.664306640625,0.10034453868865967
1783010202.27282,0.0,0.0,10.0,-0.6400514245033264,51.587379455566406,0.055437978357076645,4.058497905731201,-159.598388671875,0.1006387397646904
1783010202.278193,0.0,0.0,10.0,-0.6400514245033264,51.587379455566406,0.055437978357076645,4.058497905731201,-159.598388671875,0.1006387397646904
1783010202.284313,0.0,0.0,10.0,-0.6400514245033264,51.587379455566406,0.055437978357076645,4.058497905731201,-159.598388671875,0.1006387397646904
1783010202.289891,0.0,0.0,10.0,-0.6400514245033264,51.587379455566406,0.055437978357076645,4.058497905731201,-159.598388671875,0.1006387397646904
1783010202.295858,0.0,0.0,10.0,-0.6400514245033264,51.587379455566406,0.055437978357076645,4.058497905731201,-159.598388671875,0.1006387397646904
1783010202.301926,0.0,0.0,10.0,-0.6400514245033264,51.587379455566406,0.055437978357076645,4.058497905731201,-159.598388671875,0.1006387397646904
1783010202.308452,0.0,0.0,10.0,-0.6400514245033264,51.587379455566406,0.055437978357076645,4.058497905731201,-159.598388671875,0.1006387397646904
1783010202.329363,0.0,0.0,10.0,-0.6389932036399841,51.58695983886719,0.055466488003730774,4.058497905731201,-159.598388671875,0.1006387397646904
1783010202.335076,0.0,0.0,10.0,-0.6389932036399841,51.58695983886719,0.055466488003730774,4.058497905731201,-159.598388671875,0.1006387397646904
1783010202.340629,0.0,0.0,10.0,-0.6389932036399841,51.58695983886719,0.055466488003730774,4.058497905731201,-159.598388671875,0.1006387397646904
1783010202.34857,0.0,0.0,10.0,-0.6389932036399841,51.58695983886719,0.055466488003730774,4.058497905731201,-159.598388671875,0.1006387397646904
1783010202.354161,0.0,0.0,10.0,-0.6389932036399841,51.58695983886719,0.055466488003730774,4.058497905731201,-159.598388671875,0.1006387397646904
1783010202.360686,0.0,0.0,10.0,-0.6389932036399841,51.58695983886719,0.055466488003730774,4.058497905731201,-159.598388671875,0.1006387397646904
1783010202.372351,0.0,0.0,10.0,-0.6385068297386169,51.58695602416992,0.05408284813165665,3.957547903060913,-159.488525390625,0.10183533281087875
1783010202.378945,0.0,0.0,10.0,-0.6385068297386169,51.58695602416992,0.05408284813165665,3.957547903060913,-159.488525390625,0.10183533281087875
1783010202.385227,0.0,0.0,10.0,-0.6385068297386169,51.58695602416992,0.05408284813165665,3.957547903060913,-159.488525390625,0.10183533281087875
1783010202.390517,0.0,0.0,10.0,-0.6385068297386169,51.58695602416992,0.05408284813165665,3.957547903060913,-159.488525390625,0.10183533281087875
1783010202.398677,0.0,0.0,10.0,-0.6385068297386169,51.58695602416992,0.05408284813165665,3.957547903060913,-159.488525390625,0.10183533281087875
1783010202.404548,0.0,0.0,10.0,-0.6385068297386169,51.58695602416992,0.05408284813165665,3.957547903060913,-159.488525390625,0.10183533281087875
1783010202.410364,0.0,0.0,10.0,-0.6395048499107361,51.58686065673828,0.05427474156022072,3.957547903060913,-159.488525390625,0.10183533281087875
1783010202.416705,0.0,0.0,10.0,-0.6395048499107361,51.58686065673828,0.05427474156022072,3.957547903060913,-159.488525390625,0.10183533281087875
1783010202.429596,0.0,0.0,10.0,-0.6395048499107361,51.58686065673828,0.05427474156022072,3.957547903060913,-159.488525390625,0.10183533281087875
1783010202.435787,0.0,0.0,10.0,-0.6395048499107361,51.58686065673828,0.05427474156022072,3.957547903060913,-159.488525390625,0.10183533281087875
1783010202.441197,0.0,0.0,10.0,-0.6395048499107361,51.58686065673828,0.05427474156022072,3.957547903060913,-159.488525390625,0.10183533281087875
1783010202.446467,0.0,0.0,10.0,-0.6395048499107361,51.58686065673828,0.05427474156022072,3.957547903060913,-159.488525390625,0.10183533281087875
1783010202.452074,0.0,0.0,10.0,-0.6395048499107361,51.58686065673828,0.05427474156022072,3.957547903060913,-159.488525390625,0.10183533281087875
1783010202.457716,0.0,0.0,10.0,-0.6395048499107361,51.58686065673828,0.05427474156022072,3.957547903060913,-159.488525390625,0.10183533281087875
1783010202.463742,0.0,0.0,10.0,-0.6391682028770447,51.587059020996094,0.05452515184879303,3.8568360805511475,-159.400634765625,0.10171119123697281
1783010202.469127,0.0,0.0,10.0,-0.6391682028770447,51.587059020996094,0.05452515184879303,3.8568360805511475,-159.400634765625,0.10171119123697281
1783010202.482877,0.0,0.0,10.0,-0.6391682028770447,51.587059020996094,0.05452515184879303,3.8568360805511475,-159.400634765625,0.10171119123697281
1783010202.490572,0.0,0.0,10.0,-0.6391682028770447,51.587059020996094,0.05452515184879303,3.8568360805511475,-159.400634765625,0.10171119123697281
1783010202.49841,0.0,0.0,10.0,-0.6391682028770447,51.587059020996094,0.05452515184879303,3.8568360805511475,-159.400634765625,0.10171119123697281
1783010202.505763,0.0,0.0,10.0,-0.6391682028770447,51.587059020996094,0.05452515184879303,3.8568360805511475,-159.400634765625,0.10171119123697281
1783010202.534893,0.0,0.0,10.0,-0.6391682028770447,51.587059020996094,0.05452515184879303,3.8568360805511475,-159.400634765625,0.10171119123697281
1783010202.540203,0.0,0.0,10.0,-0.6389685273170471,51.587501525878906,0.053579915314912796,3.8568360805511475,-159.400634765625,0.10171119123697281
1783010202.546076,0.0,0.0,10.0,-0.6389685273170471,51.587501525878906,0.053579915314912796,3.8568360805511475,-159.400634765625,0.10171119123697281
1783010202.552153,0.0,0.0,10.0,-0.6389685273170471,51.587501525878906,0.053579915314912796,3.8568360805511475,-159.400634765625,0.10171119123697281
1783010202.573286,0.0,0.0,10.0,-0.6389685273170471,51.587501525878906,0.053579915314912796,3.8568360805511475,-159.400634765625,0.10171119123697281
1783010202.580274,0.0,0.0,10.0,-0.6388177275657654,51.58835983276367,0.053911060094833374,3.7566256523132324,-159.334716796875,0.10216888785362244
1783010202.586167,0.0,0.0,10.0,-0.6388177275657654,51.58835983276367,0.053911060094833374,3.7566256523132324,-159.334716796875,0.10216888785362244
1783010202.606005,0.0,0.0,10.0,-0.6388177275657654,51.58835983276367,0.053911060094833374,3.7566256523132324,-159.334716796875,0.10216888785362244
1783010202.611957,0.0,0.0,10.0,-0.6395643949508667,51.58892059326172,0.053457196801900864,3.7566256523132324,-159.334716796875,0.10216888785362244
1783010202.617751,0.0,0.0,10.0,-0.6395643949508667,51.58892059326172,0.053457196801900864,3.7566256523132324,-159.334716796875,0.10216888785362244
1783010202.623303,0.0,0.0,10.0,-0.6395643949508667,51.58892059326172,0.053457196801900864,3.7566256523132324,-159.334716796875,0.10216888785362244
1783010202.628694,0.0,0.0,10.0,-0.6395643949508667,51.58892059326172,0.053457196801900864,3.7566256523132324,-159.334716796875,0.10216888785362244
1783010202.634342,0.0,0.0,10.0,-0.6395643949508667,51.58892059326172,0.053457196801900864,3.7566256523132324,-159.334716796875,0.10216888785362244
1783010202.639932,0.0,0.0,10.0,-0.6395643949508667,51.58892059326172,0.053457196801900864,3.7566256523132324,-159.334716796875,0.10216888785362244
1783010202.654137,0.0,0.0,10.0,-0.6395643949508667,51.58892059326172,0.053457196801900864,3.7566256523132324,-159.334716796875,0.10216888785362244
1783010202.66039,0.0,0.0,10.0,-0.6395643949508667,51.58892059326172,0.053457196801900864,3.7566256523132324,-159.334716796875,0.10216888785362244
1783010202.665866,0.0,0.0,10.0,-0.6388185024261475,51.590118408203125,0.053071558475494385,3.655404806137085,-159.180908203125,0.10295014828443527
1783010202.671474,0.0,0.0,10.0,-0.6388185024261475,51.590118408203125,0.053071558475494385,3.655404806137085,-159.180908203125,0.10295014828443527
1783010202.677083,0.0,0.0,10.0,-0.6388185024261475,51.590118408203125,0.053071558475494385,3.655404806137085,-159.180908203125,0.10295014828443527
1783010202.683849,0.0,0.0,10.0,-0.6388185024261475,51.590118408203125,0.053071558475494385,3.655404806137085,-159.180908203125,0.10295014828443527
1783010202.690155,0.0,0.0,10.0,-0.6388185024261475,51.590118408203125,0.053071558475494385,3.655404806137085,-159.180908203125,0.10295014828443527
1783010202.708395,0.0,0.0,10.0,-0.6388185024261475,51.590118408203125,0.053071558475494385,3.655404806137085,-159.180908203125,0.10295014828443527
1783010202.714726,0.0,0.0,10.0,-0.6383382081985474,51.59132385253906,0.05424750968813896,3.655404806137085,-159.180908203125,0.10295014828443527
1783010202.720287,0.0,0.0,10.0,-0.6383382081985474,51.59132385253906,0.05424750968813896,3.655404806137085,-159.180908203125,0.10295014828443527
1783010202.726691,0.0,0.0,10.0,-0.6383382081985474,51.59132385253906,0.05424750968813896,3.655404806137085,-159.180908203125,0.10295014828443527
1783010202.732831,0.0,0.0,10.0,-0.6383382081985474,51.59132385253906,0.05424750968813896,3.655404806137085,-159.180908203125,0.10295014828443527
1783010202.738371,0.0,0.0,10.0,-0.6383382081985474,51.59132385253906,0.05424750968813896,3.655404806137085,-159.180908203125,0.10295014828443527
1783010202.744709,0.0,0.0,10.0,-0.6383382081985474,51.59132385253906,0.05424750968813896,3.655404806137085,-159.180908203125,0.10295014828443527
1783010202.753571,0.0,0.0,10.0,-0.6383382081985474,51.59132385253906,0.05424750968813896,3.655404806137085,-159.180908203125,0.10295014828443527
1783010202.759101,0.0,0.0,10.0,-0.6383382081985474,51.59132385253906,0.05424750968813896,3.655404806137085,-159.180908203125,0.10295014828443527
1783010202.765296,0.0,0.0,10.0,-0.6378975510597229,51.59184646606445,0.05343654006719589,3.655404806137085,-159.180908203125,0.10295014828443527
1783010202.7707,0.0,0.0,10.0,-0.6378975510597229,51.59184646606445,0.05343654006719589,3.577904224395752,-159.049072265625,0.10315078496932983
1783010202.776252,0.0,0.0,10.0,-0.6378975510597229,51.59184646606445,0.05343654006719589,3.577904224395752,-159.049072265625,0.10315078496932983
1783010202.782331,0.0,0.0,10.0,-0.6378975510597229,51.59184646606445,0.05343654006719589,3.577904224395752,-159.049072265625,0.10315078496932983
1783010202.787798,0.0,0.0,10.0,-0.6378975510597229,51.59184646606445,0.05343654006719589,3.577904224395752,-159.049072265625,0.10315078496932983
1783010202.793552,0.0,0.0,10.0,-0.6378975510597229,51.59184646606445,0.05343654006719589,3.577904224395752,-159.049072265625,0.10315078496932983
1783010202.806378,0.0,0.0,10.0,-0.6378975510597229,51.59184646606445,0.05343654006719589,3.577904224395752,-159.049072265625,0.10315078496932983
1783010202.812136,0.0,0.0,10.0,-0.638641357421875,51.59200668334961,0.05360642075538635,3.577904224395752,-159.049072265625,0.10315078496932983
1783010202.8177,0.0,0.0,10.0,-0.638641357421875,51.59200668334961,0.05360642075538635,3.577904224395752,-159.049072265625,0.10315078496932983
1783010202.823736,0.0,0.0,10.0,-0.638641357421875,51.59200668334961,0.05360642075538635,3.577904224395752,-159.049072265625,0.10315078496932983
1783010202.830178,0.0,0.0,10.0,-0.638641357421875,51.59200668334961,0.05360642075538635,3.577904224395752,-159.049072265625,0.10315078496932983
1783010202.837172,0.0,0.0,10.0,-0.638641357421875,51.59200668334961,0.05360642075538635,3.577904224395752,-159.049072265625,0.10315078496932983
1783010202.842714,0.0,0.0,10.0,-0.638641357421875,51.59200668334961,0.05360642075538635,3.577904224395752,-159.049072265625,0.10315078496932983
1783010202.848171,0.0,0.0,10.0,-0.638641357421875,51.59200668334961,0.05360642075538635,3.577904224395752,-159.049072265625,0.10315078496932983
1783010202.856042,0.0,0.0,10.0,-0.638641357421875,51.59200668334961,0.05360642075538635,3.577904224395752,-159.049072265625,0.10315078496932983
1783010202.861691,0.0,0.0,10.0,-0.638641357421875,51.59200668334961,0.05360642075538635,3.577904224395752,-159.049072265625,0.10315078496932983
1783010202.868333,0.0,0.0,10.0,-0.6374824643135071,51.59313201904297,0.0542883574962616,3.540255308151245,-159.049072265625,0.10387767106294632
1783010202.873615,0.0,0.0,10.0,-0.6374824643135071,51.59313201904297,0.0542883574962616,3.540255308151245,-159.049072265625,0.10387767106294632
1783010202.879947,0.0,0.0,10.0,-0.6374824643135071,51.59313201904297,0.0542883574962616,3.540255308151245,-159.049072265625,0.10387767106294632
1783010202.885916,0.0,0.0,10.0,-0.6374824643135071,51.59313201904297,0.0542883574962616,3.540255308151245,-159.049072265625,0.10387767106294632
1783010202.891437,0.0,0.0,10.0,-0.6374824643135071,51.59313201904297,0.0542883574962616,3.540255308151245,-159.049072265625,0.10387767106294632
1783010202.897271,0.0,0.0,10.0,-0.6374824643135071,51.59313201904297,0.0542883574962616,3.540255308151245,-159.049072265625,0.10387767106294632
1783010202.909613,0.0,0.0,10.0,-0.6374824643135071,51.59313201904297,0.0542883574962616,3.540255308151245,-159.049072265625,0.10387767106294632
1783010202.915586,0.0,0.0,10.0,-0.6370553374290466,51.59465026855469,0.054766230285167694,3.540255308151245,-159.049072265625,0.10387767106294632
1783010202.921144,0.0,0.0,10.0,-0.6370553374290466,51.59465026855469,0.054766230285167694,3.540255308151245,-159.049072265625,0.10387767106294632
1783010202.927167,0.0,0.0,10.0,-0.6370553374290466,51.59465026855469,0.054766230285167694,3.540255308151245,-159.049072265625,0.10387767106294632
1783010202.932705,0.0,0.0,10.0,-0.6370553374290466,51.59465026855469,0.054766230285167694,3.540255308151245,-159.049072265625,0.10387767106294632
1783010202.938663,0.0,0.0,10.0,-0.6370553374290466,51.59465026855469,0.054766230285167694,3.540255308151245,-159.049072265625,0.10387767106294632
1783010202.945315,0.0,0.0,10.0,-0.6370553374290466,51.59465026855469,0.054766230285167694,3.540255308151245,-159.049072265625,0.10387767106294632
1783010202.951407,0.0,0.0,10.0,-0.6370553374290466,51.59465026855469,0.054766230285167694,3.540255308151245,-159.049072265625,0.10387767106294632
1783010202.970673,0.0,0.0,10.0,-0.6370553374290466,51.59465026855469,0.054766230285167694,3.540255308151245,-159.049072265625,0.10387767106294632
1783010202.976351,0.0,0.0,10.0,-0.6372596025466919,51.59668731689453,0.0540197379887104,3.5017759799957275,-159.027099609375,0.10295162349939346
1783010202.982055,0.0,0.0,10.0,-0.6372596025466919,51.59668731689453,0.0540197379887104,3.5017759799957275,-159.027099609375,0.10295162349939346
1783010202.988157,0.0,0.0,10.0,-0.6372596025466919,51.59668731689453,0.0540197379887104,3.5017759799957275,-159.027099609375,0.10295162349939346
1783010202.995178,0.0,0.0,10.0,-0.6372596025466919,51.59668731689453,0.0540197379887104,3.5017759799957275,-159.027099609375,0.10295162349939346
1783010203.001241,0.0,0.0,10.0,-0.6372596025466919,51.59668731689453,0.0540197379887104,3.5017759799957275,-159.027099609375,0.10295162349939346
1783010203.018896,0.0,0.0,10.0,-0.6372596025466919,51.59668731689453,0.0540197379887104,3.5017759799957275,-159.027099609375,0.10295162349939346
1783010203.024422,0.0,0.0,10.0,-0.6375576853752136,51.59722900390625,0.05370613932609558,3.5017759799957275,-159.027099609375,0.10295162349939346
1783010203.030456,0.0,0.0,10.0,-0.6375576853752136,51.59722900390625,0.05370613932609558,3.5017759799957275,-159.027099609375,0.10295162349939346
1783010203.035913,0.0,0.0,10.0,-0.6375576853752136,51.59722900390625,0.05370613932609558,3.5017759799957275,-159.027099609375,0.10295162349939346
1783010203.041513,0.0,0.0,10.0,-0.6375576853752136,51.59722900390625,0.05370613932609558,3.5017759799957275,-159.027099609375,0.10295162349939346
1783010203.047238,0.0,0.0,10.0,-0.6375576853752136,51.59722900390625,0.05370613932609558,3.5017759799957275,-159.027099609375,0.10295162349939346
1783010203.054034,0.0,0.0,10.0,-0.6375576853752136,51.59722900390625,0.05370613932609558,3.5017759799957275,-159.027099609375,0.10295162349939346
1783010203.06781,0.0,0.0,10.0,-0.6375576853752136,51.59722900390625,0.05370613932609558,3.5017759799957275,-159.027099609375,0.10295162349939346
1783010203.073164,0.0,0.0,10.0,-0.6367245316505432,51.5987434387207,0.05295144394040108,3.463939905166626,-158.961181640625,0.10457437485456467
1783010203.078797,0.0,0.0,10.0,-0.6367245316505432,51.5987434387207,0.05295144394040108,3.463939905166626,-158.961181640625,0.10457437485456467
1783010203.084181,0.0,0.0,10.0,-0.6367245316505432,51.5987434387207,0.05295144394040108,3.463939905166626,-158.961181640625,0.10457437485456467
1783010203.090541,0.0,0.0,10.0,-0.6367245316505432,51.5987434387207,0.05295144394040108,3.463939905166626,-158.961181640625,0.10457437485456467
1783010203.096691,0.0,0.0,10.0,-0.6367245316505432,51.5987434387207,0.05295144394040108,3.463939905166626,-158.961181640625,0.10457437485456467
1783010203.101975,0.0,0.0,10.0,-0.6367245316505432,51.5987434387207,0.05295144394040108,3.463939905166626,-158.961181640625,0.10457437485456467
1783010203.121045,0.0,0.0,10.0,-0.6367245316505432,51.5987434387207,0.05295144394040108,3.463939905166626,-158.961181640625,0.10457437485456467
1783010203.12822,0.0,0.0,10.0,-0.6377657651901245,51.5987434387207,0.05185626074671745,3.463939905166626,-158.961181640625,0.10457437485456467
1783010203.134382,0.0,0.0,10.0,-0.6377657651901245,51.5987434387207,0.05185626074671745,3.463939905166626,-158.961181640625,0.10457437485456467
1783010203.140453,0.0,0.0,10.0,-0.6377657651901245,51.5987434387207,0.05185626074671745,3.463939905166626,-158.961181640625,0.10457437485456467
1783010203.146427,0.0,0.0,10.0,-0.6377657651901245,51.5987434387207,0.05185626074671745,3.463939905166626,-158.961181640625,0.10457437485456467
1783010203.152503,0.0,0.0,10.0,-0.6377657651901245,51.5987434387207,0.05185626074671745,3.463939905166626,-158.961181640625,0.10457437485456467
1783010203.158588,0.0,0.0,10.0,-0.6377657651901245,51.5987434387207,0.05185626074671745,3.463939905166626,-158.961181640625,0.10457437485456467
1783010203.174658,0.0,0.0,10.0,-0.6377657651901245,51.5987434387207,0.05185626074671745,3.463939905166626,-158.961181640625,0.10457437485456467
1783010203.180714,0.0,0.0,10.0,-0.639771044254303,51.59908676147461,0.05173805356025696,3.4249765872955322,-158.895263671875,0.10467822849750519
1783010203.186811,0.0,0.0,10.0,-0.639771044254303,51.59908676147461,0.05173805356025696,3.4249765872955322,-158.895263671875,0.10467822849750519
1783010203.197254,0.0,0.0,10.0,-0.639771044254303,51.59908676147461,0.05173805356025696,3.4249765872955322,-158.895263671875,0.10467822849750519
1783010203.204384,0.0,0.0,10.0,-0.639771044254303,51.59908676147461,0.05173805356025696,3.4249765872955322,-158.895263671875,0.10467822849750519
1783010203.223009,0.0,0.0,10.0,-0.639771044254303,51.59908676147461,0.05173805356025696,3.4249765872955322,-158.895263671875,0.10467822849750519
1783010203.229061,0.0,0.0,10.0,-0.6389913558959961,51.599246978759766,0.051738034933805466,3.4249765872955322,-158.895263671875,0.10467822849750519
1783010203.235514,0.0,0.0,10.0,-0.6389913558959961,51.599246978759766,0.051738034933805466,3.4249765872955322,-158.895263671875,0.10467822849750519
1783010203.241547,0.0,0.0,10.0,-0.6389913558959961,51.599246978759766,0.051738034933805466,3.4249765872955322,-158.895263671875,0.10467822849750519
1783010203.247724,0.0,0.0,10.0,-0.6389913558959961,51.599246978759766,0.051738034933805466,3.4249765872955322,-158.895263671875,0.10467822849750519
1783010203.253096,0.0,0.0,10.0,-0.6389913558959961,51.599246978759766,0.051738034933805466,3.4249765872955322,-158.895263671875,0.10467822849750519
1783010203.258412,0.0,0.0,10.0,-0.6389913558959961,51.599246978759766,0.051738034933805466,3.4249765872955322,-158.895263671875,0.10467822849750519
1783010203.285475,0.0,0.0,10.0,-0.6385964751243591,51.60044860839844,0.05058266222476959,3.4249765872955322,-158.895263671875,0.10467822849750519
1783010203.291202,0.0,0.0,10.0,-0.6385964751243591,51.60044860839844,0.05058266222476959,3.3877689838409424,-158.895263671875,0.10577112436294556
1783010203.296707,0.0,0.0,10.0,-0.6385964751243591,51.60044860839844,0.05058266222476959,3.3877689838409424,-158.895263671875,0.10577112436294556
1783010203.302819,0.0,0.0,10.0,-0.6385964751243591,51.60044860839844,0.05058266222476959,3.3877689838409424,-158.895263671875,0.10577112436294556
1783010203.308366,0.0,0.0,10.0,-0.6385964751243591,51.60044860839844,0.05058266222476959,3.3877689838409424,-158.895263671875,0.10577112436294556
1783010203.327186,0.0,0.0,10.0,-0.6394022703170776,51.60133743286133,0.05077790096402168,3.3877689838409424,-158.895263671875,0.10577112436294556
1783010203.332977,0.0,0.0,10.0,-0.6394022703170776,51.60133743286133,0.05077790096402168,3.3877689838409424,-158.895263671875,0.10577112436294556
1783010203.338524,0.0,0.0,10.0,-0.6394022703170776,51.60133743286133,0.05077790096402168,3.3877689838409424,-158.895263671875,0.10577112436294556
1783010203.344553,0.0,0.0,10.0,-0.6394022703170776,51.60133743286133,0.05077790096402168,3.3877689838409424,-158.895263671875,0.10577112436294556
1783010203.350048,0.0,0.0,10.0,-0.6394022703170776,51.60133743286133,0.05077790096402168,3.3877689838409424,-158.895263671875,0.10577112436294556
1783010203.355594,0.0,0.0,10.0,-0.6394022703170776,51.60133743286133,0.05077790096402168,3.3877689838409424,-158.895263671875,0.10577112436294556
1783010203.36164,0.0,0.0,10.0,-0.6403643488883972,51.60243606567383,0.05104317143559456,3.3877689838409424,-158.895263671875,0.10577112436294556
1783010203.380128,0.0,0.0,10.0,-0.6403643488883972,51.60243606567383,0.05104317143559456,3.3877689838409424,-158.895263671875,0.10577112436294556
1783010203.387041,0.0,0.0,10.0,-0.6403643488883972,51.60243606567383,0.05104317143559456,3.348832607269287,-158.807373046875,0.10478414595127106
1783010203.392376,0.0,0.0,10.0,-0.6403643488883972,51.60243606567383,0.05104317143559456,3.348832607269287,-158.807373046875,0.10478414595127106
1783010203.398515,0.0,0.0,10.0,-0.6403643488883972,51.60243606567383,0.05104317143559456,3.348832607269287,-158.807373046875,0.10478414595127106
1783010203.404494,0.0,0.0,10.0,-0.6403643488883972,51.60243606567383,0.05104317143559456,3.348832607269287,-158.807373046875,0.10478414595127106
1783010203.410113,0.0,0.0,10.0,-0.6394744515419006,51.602848052978516,0.0505174845457077,3.348832607269287,-158.807373046875,0.10478414595127106
1783010203.416031,0.0,0.0,10.0,-0.6394744515419006,51.602848052978516,0.0505174845457077,3.348832607269287,-158.807373046875,0.10478414595127106
1783010203.436705,0.0,0.0,10.0,-0.6394744515419006,51.602848052978516,0.0505174845457077,3.348832607269287,-158.807373046875,0.10478414595127106
1783010203.44328,0.0,0.0,10.0,-0.6394744515419006,51.602848052978516,0.0505174845457077,3.348832607269287,-158.807373046875,0.10478414595127106
1783010203.449653,0.0,0.0,10.0,-0.6394744515419006,51.602848052978516,0.0505174845457077,3.348832607269287,-158.807373046875,0.10478414595127106
1783010203.455447,0.0,0.0,10.0,-0.6394744515419006,51.602848052978516,0.0505174845457077,3.348832607269287,-158.807373046875,0.10478414595127106
1783010203.461015,0.0,0.0,10.0,-0.6394744515419006,51.602848052978516,0.0505174845457077,3.348832607269287,-158.807373046875,0.10478414595127106
1783010203.467858,0.0,0.0,10.0,-0.6384270787239075,51.60398864746094,0.04991164803504944,3.348832607269287,-158.807373046875,0.10478414595127106
1783010203.485398,0.0,0.0,10.0,-0.6384270787239075,51.60398864746094,0.04991164803504944,3.348832607269287,-158.807373046875,0.10478414595127106
1783010203.491759,0.0,0.0,10.0,-0.6384270787239075,51.60398864746094,0.04991164803504944,3.311828136444092,-158.719482421875,0.10578732937574387
1783010203.497736,0.0,0.0,10.0,-0.6384270787239075,51.60398864746094,0.04991164803504944,3.311828136444092,-158.719482421875,0.10578732937574387
1783010203.503525,0.0,0.0,10.0,-0.6384270787239075,51.60398864746094,0.04991164803504944,3.311828136444092,-158.719482421875,0.10578732937574387
1783010203.509876,0.0,0.0,10.0,-0.6384270787239075,51.60398864746094,0.04991164803504944,3.311828136444092,-158.719482421875,0.10578732937574387
1783010203.516023,0.0,0.0,10.0,-0.6390920877456665,51.60599136352539,0.05010485276579857,3.311828136444092,-158.719482421875,0.10578732937574387
1783010203.535984,0.0,0.0,10.0,-0.6390920877456665,51.60599136352539,0.05010485276579857,3.311828136444092,-158.719482421875,0.10578732937574387
1783010203.541684,0.0,0.0,10.0,-0.6390920877456665,51.60599136352539,0.05010485276579857,3.311828136444092,-158.719482421875,0.10578732937574387
1783010203.548677,0.0,0.0,10.0,-0.6390920877456665,51.60599136352539,0.05010485276579857,3.311828136444092,-158.719482421875,0.10578732937574387
1783010203.555525,0.0,0.0,10.0,-0.6390920877456665,51.60599136352539,0.05010485276579857,3.311828136444092,-158.719482421875,0.10578732937574387
1783010203.561353,0.0,0.0,10.0,-0.6381538510322571,51.6056022644043,0.05050153657793999,3.311828136444092,-158.719482421875,0.10578732937574387
1783010203.566896,0.0,0.0,10.0,-0.6381538510322571,51.6056022644043,0.05050153657793999,3.311828136444092,-158.719482421875,0.10578732937574387
1783010203.573923,0.0,0.0,10.0,-0.6381538510322571,51.6056022644043,0.05050153657793999,3.2738590240478516,-158.697509765625,0.10624560713768005
1783010203.59199,0.0,0.0,10.0,-0.6381538510322571,51.6056022644043,0.05050153657793999,3.2738590240478516,-158.697509765625,0.10624560713768005
1783010203.599483,0.0,0.0,10.0,-0.6381538510322571,51.6056022644043,0.05050153657793999,3.2738590240478516,-158.697509765625,0.10624560713768005
1783010203.605238,0.0,0.0,10.0,-0.6381538510322571,51.6056022644043,0.05050153657793999,3.2738590240478516,-158.697509765625,0.10624560713768005
1783010203.61129,0.0,0.0,10.0,-0.6377865076065063,51.60621643066406,0.05060354247689247,3.2738590240478516,-158.697509765625,0.10624560713768005
1783010203.617582,0.0,0.0,10.0,-0.6377865076065063,51.60621643066406,0.05060354247689247,3.2738590240478516,-158.697509765625,0.10624560713768005
1783010203.623817,0.0,0.0,10.0,-0.6377865076065063,51.60621643066406,0.05060354247689247,3.2738590240478516,-158.697509765625,0.10624560713768005
1783010203.643556,0.0,0.0,10.0,-0.6377865076065063,51.60621643066406,0.05060354247689247,3.2738590240478516,-158.697509765625,0.10624560713768005
1783010203.652169,0.0,0.0,10.0,-0.6377865076065063,51.60621643066406,0.05060354247689247,3.2738590240478516,-158.697509765625,0.10624560713768005
1783010203.681112,0.0,0.0,10.0,-0.6377865076065063,51.60621643066406,0.05060354247689247,3.2738590240478516,-158.697509765625,0.10624560713768005
1783010203.687164,0.0,0.0,10.0,-0.6377800107002258,51.60786056518555,0.050042133778333664,3.2738590240478516,-158.697509765625,0.10624560713768005
1783010203.692863,0.0,0.0,10.0,-0.6377800107002258,51.60786056518555,0.050042133778333664,3.2360968589782715,-158.631591796875,0.10652003437280655
1783010203.698393,0.0,0.0,10.0,-0.6377800107002258,51.60786056518555,0.050042133778333664,3.2360968589782715,-158.631591796875,0.10652003437280655
1783010203.705423,0.0,0.0,10.0,-0.6377800107002258,51.60786056518555,0.050042133778333664,3.2360968589782715,-158.631591796875,0.10652003437280655
1783010203.725828,0.0,0.0,10.0,-0.6377800107002258,51.60786056518555,0.050042133778333664,3.2360968589782715,-158.631591796875,0.10652003437280655
1783010203.73264,0.0,0.0,10.0,-0.6377750039100647,51.608428955078125,0.04949641227722168,3.2360968589782715,-158.631591796875,0.10652003437280655
1783010203.738304,0.0,0.0,10.0,-0.6377750039100647,51.608428955078125,0.04949641227722168,3.2360968589782715,-158.631591796875,0.10652003437280655
1783010203.744649,0.0,0.0,10.0,-0.6377750039100647,51.608428955078125,0.04949641227722168,3.2360968589782715,-158.631591796875,0.10652003437280655
1783010203.750176,0.0,0.0,10.0,-0.6377750039100647,51.608428955078125,0.04949641227722168,3.2360968589782715,-158.631591796875,0.10652003437280655
1783010203.756732,0.0,0.0,10.0,-0.6377750039100647,51.608428955078125,0.04949641227722168,3.2360968589782715,-158.631591796875,0.10652003437280655
1783010203.771336,0.0,0.0,10.0,-0.6377750039100647,51.608428955078125,0.04949641227722168,3.2360968589782715,-158.631591796875,0.10652003437280655
1783010203.777486,0.0,0.0,10.0,-0.6378956437110901,51.60835647583008,0.04922379180788994,3.198265552520752,-158.565673828125,0.10652144998311996
1783010203.782744,0.0,0.0,10.0,-0.6378956437110901,51.60835647583008,0.04922379180788994,3.198265552520752,-158.565673828125,0.10652144998311996
1783010203.80336,0.0,0.0,10.0,-0.6378956437110901,51.60835647583008,0.04922379180788994,3.198265552520752,-158.565673828125,0.10652144998311996
1783010203.808638,0.0,0.0,10.0,-0.6378956437110901,51.60835647583008,0.04922379180788994,3.198265552520752,-158.565673828125,0.10652144998311996
1783010203.814618,0.0,0.0,10.0,-0.6371867656707764,51.609439849853516,0.048751432448625565,3.198265552520752,-158.565673828125,0.10652144998311996
1783010203.820497,0.0,0.0,10.0,-0.6371867656707764,51.609439849853516,0.048751432448625565,3.198265552520752,-158.565673828125,0.10652144998311996
1783010203.826987,0.0,0.0,10.0,-0.6371867656707764,51.609439849853516,0.048751432448625565,3.198265552520752,-158.565673828125,0.10652144998311996
1783010203.834129,0.0,0.0,10.0,-0.6371867656707764,51.609439849853516,0.048751432448625565,3.198265552520752,-158.565673828125,0.10652144998311996
1783010203.840209,0.0,0.0,10.0,-0.6371867656707764,51.609439849853516,0.048751432448625565,3.198265552520752,-158.565673828125,0.10652144998311996
1783010203.855201,0.0,0.0,10.0,-0.6371867656707764,51.609439849853516,0.048751432448625565,3.198265552520752,-158.565673828125,0.10652144998311996
1783010203.8624,0.0,0.0,10.0,-0.6371867656707764,51.609439849853516,0.048751432448625565,3.198265552520752,-158.565673828125,0.10652144998311996
1783010203.86871,0.0,0.0,10.0,-0.6371206641197205,51.609718322753906,0.04814505949616432,3.198265552520752,-158.565673828125,0.10652144998311996
1783010203.893974,0.0,0.0,10.0,-0.6371206641197205,51.609718322753906,0.04814505949616432,3.198265552520752,-158.565673828125,0.10652144998311996
1783010203.904076,0.0,0.0,10.0,-0.6371206641197205,51.609718322753906,0.04814505949616432,3.1606550216674805,-158.477783203125,0.10715717077255249
1783010203.909397,0.0,0.0,10.0,-0.6371206641197205,51.609718322753906,0.04814505949616432,3.1606550216674805,-158.477783203125,0.10715717077255249
1783010203.914739,0.0,0.0,10.0,-0.6372420191764832,51.61079406738281,0.04726828634738922,3.1606550216674805,-158.477783203125,0.10715717077255249
1783010203.922388,0.0,0.0,10.0,-0.6372420191764832,51.61079406738281,0.04726828634738922,3.1606550216674805,-158.477783203125,0.10715717077255249
1783010203.960766,0.0,0.0,10.0,-0.6372420191764832,51.61079406738281,0.04726828634738922,3.1606550216674805,-158.477783203125,0.10715717077255249
1783010203.966657,0.0,0.0,10.0,-0.6372420191764832,51.61079406738281,0.04726828634738922,3.1606550216674805,-158.477783203125,0.10715717077255249
1783010203.972173,0.0,0.0,10.0,-0.6371995210647583,51.61137008666992,0.046410903334617615,3.1606550216674805,-158.477783203125,0.10715717077255249
1783010204.006729,0.0,0.0,10.0,-0.6371995210647583,51.61137008666992,0.046410903334617615,3.1606550216674805,-158.477783203125,0.10715717077255249
1783010204.012589,0.0,0.0,10.0,-0.6371995210647583,51.61137008666992,0.046410903334617615,3.1230292320251465,-158.411865234375,0.10825851559638977
1783010204.017973,0.0,0.0,10.0,-0.6371470093727112,51.612548828125,0.04696895554661751,3.1230292320251465,-158.411865234375,0.10825851559638977
1783010204.024702,0.0,0.0,10.0,-0.6371470093727112,51.612548828125,0.04696895554661751,3.1230292320251465,-158.411865234375,0.10825851559638977
1783010204.041212,0.0,0.0,10.0,-0.6371470093727112,51.612548828125,0.04696895554661751,3.1230292320251465,-158.411865234375,0.10825851559638977
1783010204.053209,0.0,0.0,10.0,-0.6371470093727112,51.612548828125,0.04696895554661751,3.1230292320251465,-158.411865234375,0.10825851559638977
1783010204.058631,0.0,0.0,10.0,-0.6371470093727112,51.612548828125,0.04696895554661751,3.1230292320251465,-158.411865234375,0.10825851559638977
1783010204.063943,0.0,0.0,10.0,-0.6371470093727112,51.612548828125,0.04696895554661751,3.1230292320251465,-158.411865234375,0.10825851559638977
1783010204.07331,0.0,0.0,10.0,-0.6371470093727112,51.612548828125,0.04696895554661751,3.1230292320251465,-158.411865234375,0.10825851559638977
1783010204.093072,0.0,0.0,10.0,-0.6385961174964905,51.612510681152344,0.04711361229419708,3.1230292320251465,-158.411865234375,0.10825851559638977
1783010204.098461,0.0,0.0,10.0,-0.6385961174964905,51.612510681152344,0.04711361229419708,3.0846383571624756,-158.367919921875,0.1080862507224083
1783010204.106648,0.0,0.0,10.0,-0.6385961174964905,51.612510681152344,0.04711361229419708,3.0846383571624756,-158.367919921875,0.1080862507224083
1783010204.112097,0.0,0.0,10.0,-0.6380305886268616,51.612483978271484,0.04686836525797844,3.0846383571624756,-158.367919921875,0.1080862507224083
1783010204.117583,0.0,0.0,10.0,-0.6380305886268616,51.612483978271484,0.04686836525797844,3.0846383571624756,-158.367919921875,0.1080862507224083
1783010204.124685,0.0,0.0,10.0,-0.6380305886268616,51.612483978271484,0.04686836525797844,3.0846383571624756,-158.367919921875,0.1080862507224083
1783010204.14038,0.0,0.0,10.0,-0.6380305886268616,51.612483978271484,0.04686836525797844,3.0846383571624756,-158.367919921875,0.1080862507224083
1783010204.147016,0.0,0.0,10.0,-0.6380305886268616,51.612483978271484,0.04686836525797844,3.0846383571624756,-158.367919921875,0.1080862507224083
1783010204.152362,0.0,0.0,10.0,-0.6380305886268616,51.612483978271484,0.04686836525797844,3.0846383571624756,-158.367919921875,0.1080862507224083
1783010204.158416,0.0,0.0,10.0,-0.6380305886268616,51.612483978271484,0.04686836525797844,3.0846383571624756,-158.367919921875,0.1080862507224083
1783010204.165434,0.0,0.0,10.0,-0.6370331645011902,51.612483978271484,0.04750942438840866,3.0846383571624756,-158.367919921875,0.1080862507224083
1783010204.171491,0.0,0.0,10.0,-0.6370331645011902,51.612483978271484,0.04750942438840866,3.0846383571624756,-158.367919921875,0.1080862507224083
1783010204.179128,0.0,0.0,10.0,-0.6370331645011902,51.612483978271484,0.04750942438840866,3.0846383571624756,-158.367919921875,0.1080862507224083
1783010204.195858,0.0,0.0,10.0,-0.6370331645011902,51.612483978271484,0.04750942438840866,3.0473663806915283,-158.280029296875,0.10844288766384125
1783010204.202469,0.0,0.0,10.0,-0.6370331645011902,51.612483978271484,0.04750942438840866,3.0473663806915283,-158.280029296875,0.10844288766384125
1783010204.209395,0.0,0.0,10.0,-0.6370331645011902,51.612483978271484,0.04750942438840866,3.0473663806915283,-158.280029296875,0.10844288766384125
1783010204.215232,0.0,0.0,10.0,-0.6365476846694946,51.61219024658203,0.047776177525520325,3.0473663806915283,-158.280029296875,0.10844288766384125
1783010204.220616,0.0,0.0,10.0,-0.6365476846694946,51.61219024658203,0.047776177525520325,3.0473663806915283,-158.280029296875,0.10844288766384125
1783010204.226808,0.0,0.0,10.0,-0.6365476846694946,51.61219024658203,0.047776177525520325,3.0473663806915283,-158.280029296875,0.10844288766384125
1783010204.232703,0.0,0.0,10.0,-0.6365476846694946,51.61219024658203,0.047776177525520325,3.0473663806915283,-158.280029296875,0.10844288766384125
1783010204.238861,0.0,0.0,10.0,-0.6365476846694946,51.61219024658203,0.047776177525520325,3.0473663806915283,-158.280029296875,0.10844288766384125
1783010204.253366,0.0,0.0,10.0,-0.6365476846694946,51.61219024658203,0.047776177525520325,3.0473663806915283,-158.280029296875,0.10844288766384125
1783010204.258754,0.0,0.0,10.0,-0.6365476846694946,51.61219024658203,0.047776177525520325,3.0473663806915283,-158.280029296875,0.10844288766384125
1783010204.264846,0.0,0.0,10.0,-0.6368533968925476,51.61110305786133,0.048672135919332504,3.0473663806915283,-158.280029296875,0.10844288766384125
1783010204.27037,0.0,0.0,10.0,-0.6368533968925476,51.61110305786133,0.048672135919332504,3.0473663806915283,-158.280029296875,0.10844288766384125
1783010204.277084,0.0,0.0,10.0,-0.6368533968925476,51.61110305786133,0.048672135919332504,3.0473663806915283,-158.280029296875,0.10844288766384125
1783010204.294991,0.0,0.0,10.0,-0.6368533968925476,51.61110305786133,0.048672135919332504,3.0083670616149902,-158.236083984375,0.10733424127101898
1783010204.300445,0.0,0.0,10.0,-0.6368533968925476,51.61110305786133,0.048672135919332504,3.0083670616149902,-158.236083984375,0.10733424127101898
1783010204.306488,0.0,0.0,10.0,-0.6368533968925476,51.61110305786133,0.048672135919332504,3.0083670616149902,-158.236083984375,0.10733424127101898
1783010204.312642,0.0,0.0,10.0,-0.6375752091407776,51.61069107055664,0.048338279128074646,3.0083670616149902,-158.236083984375,0.10733424127101898
1783010204.318464,0.0,0.0,10.0,-0.6375752091407776,51.61069107055664,0.048338279128074646,3.0083670616149902,-158.236083984375,0.10733424127101898
1783010204.323747,0.0,0.0,10.0,-0.6375752091407776,51.61069107055664,0.048338279128074646,3.0083670616149902,-158.236083984375,0.10733424127101898
1783010204.329424,0.0,0.0,10.0,-0.6375752091407776,51.61069107055664,0.048338279128074646,3.0083670616149902,-158.236083984375,0.10733424127101898
1783010204.348597,0.0,0.0,10.0,-0.6375752091407776,51.61069107055664,0.048338279128074646,3.0083670616149902,-158.236083984375,0.10733424127101898
1783010204.355485,0.0,0.0,10.0,-0.6375752091407776,51.61069107055664,0.048338279128074646,3.0083670616149902,-158.236083984375,0.10733424127101898
1783010204.361641,0.0,0.0,10.0,-0.63817298412323,51.61042404174805,0.04766611382365227,3.0083670616149902,-158.236083984375,0.10733424127101898
1783010204.368651,0.0,0.0,10.0,-0.63817298412323,51.61042404174805,0.04766611382365227,3.0083670616149902,-158.236083984375,0.10733424127101898
1783010204.374478,0.0,0.0,10.0,-0.63817298412323,51.61042404174805,0.04766611382365227,3.0083670616149902,-158.236083984375,0.10733424127101898
1783010204.380957,0.0,0.0,10.0,-0.63817298412323,51.61042404174805,0.04766611382365227,2.982414960861206,-158.192138671875,0.10747410356998444
1783010204.399557,0.0,0.0,10.0,-0.63817298412323,51.61042404174805,0.04766611382365227,2.982414960861206,-158.192138671875,0.10747410356998444
1783010204.405667,0.0,0.0,10.0,-0.63817298412323,51.61042404174805,0.04766611382365227,2.982414960861206,-158.192138671875,0.10747410356998444
1783010204.411587,0.0,0.0,10.0,-0.63817298412323,51.61042404174805,0.04766611382365227,2.982414960861206,-158.192138671875,0.10747410356998444
1783010204.416883,0.0,0.0,10.0,-0.638990581035614,51.611297607421875,0.04762464016675949,2.982414960861206,-158.192138671875,0.10747410356998444
1783010204.422103,0.0,0.0,10.0,-0.638990581035614,51.611297607421875,0.04762464016675949,2.982414960861206,-158.192138671875,0.10747410356998444
1783010204.42836,0.0,0.0,10.0,-0.638990581035614,51.611297607421875,0.04762464016675949,2.982414960861206,-158.192138671875,0.10747410356998444
1783010204.433684,0.0,0.0,10.0,-0.638990581035614,51.611297607421875,0.04762464016675949,2.982414960861206,-158.192138671875,0.10747410356998444
1783010204.452995,0.0,0.0,10.0,-0.638990581035614,51.611297607421875,0.04762464016675949,2.982414960861206,-158.192138671875,0.10747410356998444
1783010204.458302,0.0,0.0,10.0,-0.638990581035614,51.611297607421875,0.04762464016675949,2.982414960861206,-158.192138671875,0.10747410356998444
1783010204.464014,0.0,0.0,10.0,-0.6403802633285522,51.61162567138672,0.04733194410800934,2.982414960861206,-158.192138671875,0.10747410356998444
1783010204.469492,0.0,0.0,10.0,-0.6403802633285522,51.61162567138672,0.04733194410800934,2.982414960861206,-158.192138671875,0.10747410356998444
1783010204.475591,0.0,0.0,10.0,-0.6403802633285522,51.61162567138672,0.04733194410800934,2.982414960861206,-158.192138671875,0.10747410356998444
1783010204.4816,0.0,0.0,10.0,-0.6403802633285522,51.61162567138672,0.04733194410800934,2.9447085857391357,-158.148193359375,0.10782547295093536
1783010204.488704,0.0,0.0,10.0,-0.6403802633285522,51.61162567138672,0.04733194410800934,2.9447085857391357,-158.148193359375,0.10782547295093536
1783010204.50493,0.0,0.0,10.0,-0.6403802633285522,51.61162567138672,0.04733194410800934,2.9447085857391357,-158.148193359375,0.10782547295093536
1783010204.510389,0.0,0.0,10.0,-0.6401548981666565,51.610782623291016,0.04763597249984741,2.9447085857391357,-158.148193359375,0.10782547295093536
1783010204.51569,0.0,0.0,10.0,-0.6401548981666565,51.610782623291016,0.04763597249984741,2.9447085857391357,-158.148193359375,0.10782547295093536
1783010204.52127,0.0,0.0,10.0,-0.6401548981666565,51.610782623291016,0.04763597249984741,2.9447085857391357,-158.148193359375,0.10782547295093536
1783010204.52681,0.0,0.0,10.0,-0.6401548981666565,51.610782623291016,0.04763597249984741,2.9447085857391357,-158.148193359375,0.10782547295093536
1783010204.533252,0.0,0.0,10.0,-0.6401548981666565,51.610782623291016,0.04763597249984741,2.9447085857391357,-158.148193359375,0.10782547295093536
1783010204.538743,0.0,0.0,10.0,-0.6401548981666565,51.610782623291016,0.04763597249984741,2.9447085857391357,-158.148193359375,0.10782547295093536
1783010204.551077,0.0,0.0,10.0,-0.6401548981666565,51.610782623291016,0.04763597249984741,2.9447085857391357,-158.148193359375,0.10782547295093536
1783010204.557306,0.0,0.0,10.0,-0.6401548981666565,51.610782623291016,0.04763597249984741,2.9447085857391357,-158.148193359375,0.10782547295093536
1783010204.56384,0.0,0.0,10.0,-0.6396459937095642,51.6104621887207,0.047077253460884094,2.9447085857391357,-158.148193359375,0.10782547295093536
1783010204.569865,0.0,0.0,10.0,-0.6396459937095642,51.6104621887207,0.047077253460884094,2.9447085857391357,-158.148193359375,0.10782547295093536
1783010204.576373,0.0,0.0,10.0,-0.6396459937095642,51.6104621887207,0.047077253460884094,2.9447085857391357,-158.148193359375,0.10782547295093536
1783010204.582404,0.0,0.0,10.0,-0.6396459937095642,51.6104621887207,0.047077253460884094,2.905994176864624,-158.126220703125,0.10634300857782364
1783010204.588465,0.0,0.0,10.0,-0.6396459937095642,51.6104621887207,0.047077253460884094,2.905994176864624,-158.126220703125,0.10634300857782364
1783010204.605228,0.0,0.0,10.0,-0.6396459937095642,51.6104621887207,0.047077253460884094,2.905994176864624,-158.126220703125,0.10634300857782364
1783010204.610536,0.0,0.0,10.0,-0.6413900256156921,51.61082077026367,0.04820401594042778,2.905994176864624,-158.126220703125,0.10634300857782364
1783010204.616389,0.0,0.0,10.0,-0.6413900256156921,51.61082077026367,0.04820401594042778,2.905994176864624,-158.126220703125,0.10634300857782364
1783010204.622111,0.0,0.0,10.0,-0.6413900256156921,51.61082077026367,0.04820401594042778,2.905994176864624,-158.126220703125,0.10634300857782364
1783010204.628042,0.0,0.0,10.0,-0.6413900256156921,51.61082077026367,0.04820401594042778,2.905994176864624,-158.126220703125,0.10634300857782364
1783010204.635145,0.0,0.0,10.0,-0.6413900256156921,51.61082077026367,0.04820401594042778,2.905994176864624,-158.126220703125,0.10634300857782364
1783010204.64096,0.0,0.0,10.0,-0.6413900256156921,51.61082077026367,0.04820401594042778,2.905994176864624,-158.126220703125,0.10634300857782364
1783010204.649948,0.0,0.0,10.0,-0.6413900256156921,51.61082077026367,0.04820401594042778,2.905994176864624,-158.126220703125,0.10634300857782364
1783010204.656576,0.0,0.0,10.0,-0.6413900256156921,51.61082077026367,0.04820401594042778,2.905994176864624,-158.126220703125,0.10634300857782364
1783010204.661967,0.0,0.0,10.0,-0.6413900256156921,51.61082077026367,0.04820401594042778,2.905994176864624,-158.126220703125,0.10634300857782364
1783010204.670599,0.0,0.0,10.0,-0.6412514448165894,51.61076354980469,0.048870302736759186,2.905994176864624,-158.126220703125,0.10634300857782364
1783010204.70223,0.0,0.0,10.0,-0.6412514448165894,51.61076354980469,0.048870302736759186,2.905994176864624,-158.126220703125,0.10634300857782364
1783010204.708254,0.0,0.0,10.0,-0.6412514448165894,51.61076354980469,0.048870302736759186,2.8669426441192627,-158.060302734375,0.1056823879480362
1783010204.713505,0.0,0.0,10.0,-0.6413054466247559,51.61183166503906,0.048939093947410583,2.8669426441192627,-158.060302734375,0.1056823879480362
1783010204.719719,0.0,0.0,10.0,-0.6413054466247559,51.61183166503906,0.048939093947410583,2.8669426441192627,-158.060302734375,0.1056823879480362
1783010204.735947,0.0,0.0,10.0,-0.6413054466247559,51.61183166503906,0.048939093947410583,2.8669426441192627,-158.060302734375,0.1056823879480362
1783010204.741945,0.0,0.0,10.0,-0.6413054466247559,51.61183166503906,0.048939093947410583,2.8669426441192627,-158.060302734375,0.1056823879480362
1783010204.747851,0.0,0.0,10.0,-0.6413054466247559,51.61183166503906,0.048939093947410583,2.8669426441192627,-158.060302734375,0.1056823879480362
1783010204.754467,0.0,0.0,10.0,-0.6413054466247559,51.61183166503906,0.048939093947410583,2.8669426441192627,-158.060302734375,0.1056823879480362
1783010204.76785,0.0,0.0,10.0,-0.6413054466247559,51.61183166503906,0.048939093947410583,2.8669426441192627,-158.060302734375,0.1056823879480362
1783010204.775782,0.0,0.0,10.0,-0.640637993812561,51.61232376098633,0.049018558114767075,2.8669426441192627,-158.060302734375,0.1056823879480362
1783010204.781396,0.0,0.0,10.0,-0.640637993812561,51.61232376098633,0.049018558114767075,2.848174810409546,-157.972412109375,0.10493119060993195
1783010204.78739,0.0,0.0,10.0,-0.640637993812561,51.61232376098633,0.049018558114767075,2.848174810409546,-157.972412109375,0.10493119060993195
1783010204.794399,0.0,0.0,10.0,-0.640637993812561,51.61232376098633,0.049018558114767075,2.848174810409546,-157.972412109375,0.10493119060993195
1783010204.799925,0.0,0.0,10.0,-0.640637993812561,51.61232376098633,0.049018558114767075,2.848174810409546,-157.972412109375,0.10493119060993195
1783010204.805779,0.0,0.0,10.0,-0.640637993812561,51.61232376098633,0.049018558114767075,2.848174810409546,-157.972412109375,0.10493119060993195
1783010204.815508,0.0,0.0,10.0,-0.640637993812561,51.61232376098633,0.049018558114767075,2.848174810409546,-157.972412109375,0.10493119060993195
1783010204.821443,0.0,0.0,10.0,-0.6407009363174438,51.61371994018555,0.04892674461007118,2.848174810409546,-157.972412109375,0.10493119060993195
1783010204.829235,0.0,0.0,10.0,-0.6407009363174438,51.61371994018555,0.04892674461007118,2.848174810409546,-157.972412109375,0.10493119060993195
1783010204.835423,0.0,0.0,10.0,-0.6407009363174438,51.61371994018555,0.04892674461007118,2.848174810409546,-157.972412109375,0.10493119060993195
1783010204.860881,0.0,0.0,10.0,-0.6407009363174438,51.61371994018555,0.04892674461007118,2.848174810409546,-157.972412109375,0.10493119060993195
1783010204.86725,0.0,0.0,10.0,-0.6407009363174438,51.61371994018555,0.04892674461007118,2.848174810409546,-157.972412109375,0.10493119060993195
1783010204.873942,0.0,0.0,10.0,-0.6418423056602478,51.614559173583984,0.04917551949620247,2.848174810409546,-157.972412109375,0.10493119060993195
1783010204.87958,0.0,0.0,10.0,-0.6418423056602478,51.614559173583984,0.04917551949620247,2.848174810409546,-157.972412109375,0.10493119060993195
1783010204.885301,0.0,0.0,10.0,-0.6418423056602478,51.614559173583984,0.04917551949620247,2.8451342582702637,-157.972412109375,0.10526073724031448
1783010204.920749,0.0,0.0,10.0,-0.6418423056602478,51.614559173583984,0.04917551949620247,2.8451342582702637,-157.972412109375,0.10526073724031448
1783010204.927656,0.0,0.0,10.0,-0.6418423056602478,51.614559173583984,0.04917551949620247,2.8451342582702637,-157.972412109375,0.10526073724031448
1783010204.933644,0.0,0.0,10.0,-0.6429103016853333,51.61550521850586,0.049838416278362274,2.8451342582702637,-157.972412109375,0.10526073724031448
1783010204.939931,0.0,0.0,10.0,-0.6429103016853333,51.61550521850586,0.049838416278362274,2.8451342582702637,-157.972412109375,0.10526073724031448
1783010204.970327,0.0,0.0,10.0,-0.6429103016853333,51.61550521850586,0.049838416278362274,2.8451342582702637,-157.972412109375,0.10526073724031448
1783010204.976422,0.0,0.0,10.0,-0.6436159610748291,51.61609649658203,0.05022687464952469,2.8451342582702637,-157.972412109375,0.10526073724031448
1783010204.982376,0.0,0.0,10.0,-0.6436159610748291,51.61609649658203,0.05022687464952469,2.8451342582702637,-157.972412109375,0.10526073724031448
1783010204.988012,0.0,0.0,10.0,-0.6436159610748291,51.61609649658203,0.05022687464952469,2.845623016357422,-157.994384765625,0.10468938201665878
1783010205.014424,0.0,0.0,10.0,-0.6436159610748291,51.61609649658203,0.05022687464952469,2.845623016357422,-157.994384765625,0.10468938201665878
1783010205.019962,0.0,0.0,10.0,-0.6446648836135864,51.61699676513672,0.05086793750524521,2.845623016357422,-157.994384765625,0.10468938201665878
1783010205.026675,0.0,0.0,10.0,-0.6446648836135864,51.61699676513672,0.05086793750524521,2.845623016357422,-157.994384765625,0.10468938201665878
1783010205.032109,0.0,0.0,10.0,-0.6446648836135864,51.61699676513672,0.05086793750524521,2.845623016357422,-157.994384765625,0.10468938201665878
1783010205.037863,0.0,0.0,10.0,-0.6446648836135864,51.61699676513672,0.05086793750524521,2.845623016357422,-157.994384765625,0.10468938201665878
1783010205.064804,0.0,0.0,10.0,-0.6446648836135864,51.61699676513672,0.05086793750524521,2.845623016357422,-157.994384765625,0.10468938201665878
1783010205.070569,0.0,0.0,10.0,-0.6438081860542297,51.617706298828125,0.05128403380513191,2.845623016357422,-157.994384765625,0.10468938201665878
1783010205.077599,0.0,0.0,10.0,-0.6438081860542297,51.617706298828125,0.05128403380513191,2.845623016357422,-157.994384765625,0.10468938201665878
1783010205.084573,0.0,0.0,10.0,-0.6438081860542297,51.617706298828125,0.05128403380513191,2.84481143951416,-158.016357421875,0.10420430451631546
1783010205.090158,0.0,0.0,10.0,-0.6438081860542297,51.617706298828125,0.05128403380513191,2.84481143951416,-158.016357421875,0.10420430451631546
1783010205.106722,0.0,0.0,10.0,-0.6438081860542297,51.617706298828125,0.05128403380513191,2.84481143951416,-158.016357421875,0.10420430451631546
1783010205.112372,0.0,0.0,10.0,-0.6438081860542297,51.617706298828125,0.05128403380513191,2.84481143951416,-158.016357421875,0.10420430451631546
1783010205.118454,0.0,0.0,10.0,-0.6442946791648865,51.618770599365234,0.051073625683784485,2.84481143951416,-158.016357421875,0.10420430451631546
1783010205.123864,0.0,0.0,10.0,-0.6442946791648865,51.618770599365234,0.051073625683784485,2.84481143951416,-158.016357421875,0.10420430451631546
1783010205.130429,0.0,0.0,10.0,-0.6442946791648865,51.618770599365234,0.051073625683784485,2.84481143951416,-158.016357421875,0.10420430451631546
1783010205.145484,0.0,0.0,10.0,-0.6442946791648865,51.618770599365234,0.051073625683784485,2.84481143951416,-158.016357421875,0.10420430451631546
1783010205.151773,0.0,0.0,10.0,-0.6442946791648865,51.618770599365234,0.051073625683784485,2.84481143951416,-158.016357421875,0.10420430451631546
1783010205.157846,0.0,0.0,10.0,-0.6442946791648865,51.618770599365234,0.051073625683784485,2.84481143951416,-158.016357421875,0.10420430451631546
1783010205.164277,0.0,0.0,10.0,-0.6444646716117859,51.620826721191406,0.0506485253572464,2.84481143951416,-158.016357421875,0.10420430451631546
1783010205.170314,0.0,0.0,10.0,-0.6444646716117859,51.620826721191406,0.0506485253572464,2.84481143951416,-158.016357421875,0.10420430451631546
1783010205.176019,0.0,0.0,10.0,-0.6444646716117859,51.620826721191406,0.0506485253572464,2.84481143951416,-158.016357421875,0.10420430451631546
1783010205.18436,0.0,0.0,10.0,-0.6444646716117859,51.620826721191406,0.0506485253572464,2.84481143951416,-158.016357421875,0.10420430451631546
1783010205.190002,0.0,0.0,10.0,-0.6444646716117859,51.620826721191406,0.0506485253572464,2.8454296588897705,-157.972412109375,0.10398723185062408
1783010205.205867,0.0,0.0,10.0,-0.6444646716117859,51.620826721191406,0.0506485253572464,2.8454296588897705,-157.972412109375,0.10398723185062408
1783010205.211281,0.0,0.0,10.0,-0.6439442038536072,51.6212043762207,0.05141473188996315,2.8454296588897705,-157.972412109375,0.10398723185062408
1783010205.216832,0.0,0.0,10.0,-0.6439442038536072,51.6212043762207,0.05141473188996315,2.8454296588897705,-157.972412109375,0.10398723185062408
1783010205.222858,0.0,0.0,10.0,-0.6439442038536072,51.6212043762207,0.05141473188996315,2.8454296588897705,-157.972412109375,0.10398723185062408
1783010205.22917,0.0,0.0,10.0,-0.6439442038536072,51.6212043762207,0.05141473188996315,2.8454296588897705,-157.972412109375,0.10398723185062408
1783010205.237236,0.0,0.0,10.0,-0.6439442038536072,51.6212043762207,0.05141473188996315,2.8454296588897705,-157.972412109375,0.10398723185062408
1783010205.253554,0.0,0.0,10.0,-0.6439442038536072,51.6212043762207,0.05141473188996315,2.8454296588897705,-157.972412109375,0.10398723185062408
1783010205.25898,0.0,0.0,10.0,-0.6444833874702454,51.62166213989258,0.0511796735227108,2.8454296588897705,-157.972412109375,0.10398723185062408
1783010205.265687,0.0,0.0,10.0,-0.6444833874702454,51.62166213989258,0.0511796735227108,2.8454296588897705,-157.972412109375,0.10398723185062408
1783010205.271699,0.0,0.0,10.0,-0.6444833874702454,51.62166213989258,0.0511796735227108,2.8454296588897705,-157.972412109375,0.10398723185062408
1783010205.278733,0.0,0.0,10.0,-0.6444833874702454,51.62166213989258,0.0511796735227108,2.8454296588897705,-157.972412109375,0.10398723185062408
1783010205.28391,0.0,0.0,10.0,-0.6444833874702454,51.62166213989258,0.0511796735227108,2.845998764038086,-157.972412109375,0.10415958613157272
1783010205.290477,0.0,0.0,10.0,-0.6444833874702454,51.62166213989258,0.0511796735227108,2.845998764038086,-157.972412109375,0.10415958613157272
1783010205.304423,0.0,0.0,10.0,-0.6444833874702454,51.62166213989258,0.0511796735227108,2.845998764038086,-157.972412109375,0.10415958613157272
1783010205.310918,0.0,0.0,10.0,-0.6441028118133545,51.62151336669922,0.05162802338600159,2.845998764038086,-157.972412109375,0.10415958613157272
1783010205.318432,0.0,0.0,10.0,-0.6441028118133545,51.62151336669922,0.05162802338600159,2.845998764038086,-157.972412109375,0.10415958613157272
1783010205.32388,0.0,0.0,10.0,-0.6441028118133545,51.62151336669922,0.05162802338600159,2.845998764038086,-157.972412109375,0.10415958613157272
1783010205.329155,0.0,0.0,10.0,-0.6441028118133545,51.62151336669922,0.05162802338600159,2.845998764038086,-157.972412109375,0.10415958613157272
1783010205.335719,0.0,0.0,10.0,-0.6441028118133545,51.62151336669922,0.05162802338600159,2.845998764038086,-157.972412109375,0.10415958613157272
1783010205.344226,0.0,0.0,10.0,-0.6441028118133545,51.62151336669922,0.05162802338600159,2.845998764038086,-157.972412109375,0.10415958613157272
1783010205.364945,0.0,0.0,10.0,-0.6441028118133545,51.62151336669922,0.05162802338600159,2.845998764038086,-157.972412109375,0.10415958613157272
1783010205.371876,0.0,0.0,10.0,-0.6445303559303284,51.622501373291016,0.05006954446434975,2.845998764038086,-157.972412109375,0.10415958613157272
1783010205.378389,0.0,0.0,10.0,-0.6445303559303284,51.622501373291016,0.05006954446434975,2.845998764038086,-157.972412109375,0.10415958613157272
1783010205.383763,0.0,0.0,10.0,-0.6445303559303284,51.622501373291016,0.05006954446434975,2.8460817337036133,-157.972412109375,0.1043153628706932
1783010205.389967,0.0,0.0,10.0,-0.6445303559303284,51.622501373291016,0.05006954446434975,2.8460817337036133,-157.972412109375,0.1043153628706932
1783010205.412561,0.0,0.0,10.0,-0.6445303559303284,51.622501373291016,0.05006954446434975,2.8460817337036133,-157.972412109375,0.1043153628706932
1783010205.419623,0.0,0.0,10.0,-0.6446118354797363,51.622596740722656,0.050675421953201294,2.8460817337036133,-157.972412109375,0.1043153628706932
1783010205.425672,0.0,0.0,10.0,-0.6446118354797363,51.622596740722656,0.050675421953201294,2.8460817337036133,-157.972412109375,0.1043153628706932
1783010205.431383,0.0,0.0,10.0,-0.6446118354797363,51.622596740722656,0.050675421953201294,2.8460817337036133,-157.972412109375,0.1043153628706932
1783010205.437254,0.0,0.0,10.0,-0.6446118354797363,51.622596740722656,0.050675421953201294,2.8460817337036133,-157.972412109375,0.1043153628706932
1783010205.444508,0.0,0.0,10.0,-0.6446118354797363,51.622596740722656,0.050675421953201294,2.8460817337036133,-157.972412109375,0.1043153628706932
1783010205.466408,0.0,0.0,10.0,-0.6446118354797363,51.622596740722656,0.050675421953201294,2.8460817337036133,-157.972412109375,0.1043153628706932
1783010205.473688,0.0,0.0,10.0,-0.6450023055076599,51.62133026123047,0.050323497503995895,2.8460817337036133,-157.972412109375,0.1043153628706932
1783010205.479624,0.0,0.0,10.0,-0.6450023055076599,51.62133026123047,0.050323497503995895,2.8460817337036133,-157.972412109375,0.1043153628706932
1783010205.486122,0.0,0.0,10.0,-0.6450023055076599,51.62133026123047,0.050323497503995895,2.847367763519287,-157.994384765625,0.10458970814943314
1783010205.491708,0.0,0.0,10.0,-0.6450023055076599,51.62133026123047,0.050323497503995895,2.847367763519287,-157.994384765625,0.10458970814943314
1783010205.498875,0.0,0.0,10.0,-0.6450023055076599,51.62133026123047,0.050323497503995895,2.847367763519287,-157.994384765625,0.10458970814943314
1783010205.514493,0.0,0.0,10.0,-0.6450023055076599,51.62133026123047,0.050323497503995895,2.847367763519287,-157.994384765625,0.10458970814943314
1783010205.519935,0.0,0.0,10.0,-0.6448505520820618,51.62147521972656,0.049935437738895416,2.847367763519287,-157.994384765625,0.10458970814943314
1783010205.525223,0.0,0.0,10.0,-0.6448505520820618,51.62147521972656,0.049935437738895416,2.847367763519287,-157.994384765625,0.10458970814943314
1783010205.531075,0.0,0.0,10.0,-0.6448505520820618,51.62147521972656,0.049935437738895416,2.847367763519287,-157.994384765625,0.10458970814943314
1783010205.53653,0.0,0.0,10.0,-0.6448505520820618,51.62147521972656,0.049935437738895416,2.847367763519287,-157.994384765625,0.10458970814943314
1783010205.541983,0.0,0.0,10.0,-0.6448505520820618,51.62147521972656,0.049935437738895416,2.847367763519287,-157.994384765625,0.10458970814943314
1783010205.547321,0.0,0.0,10.0,-0.6448505520820618,51.62147521972656,0.049935437738895416,2.847367763519287,-157.994384765625,0.10458970814943314
1783010205.561892,0.0,0.0,10.0,-0.6448505520820618,51.62147521972656,0.049935437738895416,2.847367763519287,-157.994384765625,0.10458970814943314
1783010205.568566,0.0,0.0,10.0,-0.6457866430282593,51.62212371826172,0.050643570721149445,2.847367763519287,-157.994384765625,0.10458970814943314
1783010205.574509,0.0,0.0,10.0,-0.6457866430282593,51.62212371826172,0.050643570721149445,2.847367763519287,-157.994384765625,0.10458970814943314
1783010205.58007,0.0,0.0,10.0,-0.6457866430282593,51.62212371826172,0.050643570721149445,2.847367763519287,-157.994384765625,0.10458970814943314
1783010205.586589,0.0,0.0,10.0,-0.6457866430282593,51.62212371826172,0.050643570721149445,2.847367763519287,-157.994384765625,0.10458970814943314
1783010205.592237,0.0,0.0,10.0,-0.6457866430282593,51.62212371826172,0.050643570721149445,2.847031354904175,-157.950439453125,0.10377833992242813
1783010205.598336,0.0,0.0,10.0,-0.6457866430282593,51.62212371826172,0.050643570721149445,2.847031354904175,-157.950439453125,0.10377833992242813
1783010205.609775,0.0,0.0,10.0,-0.6457866430282593,51.62212371826172,0.050643570721149445,2.847031354904175,-157.950439453125,0.10377833992242813
1783010205.615867,0.0,0.0,10.0,-0.6468583345413208,51.62289810180664,0.05116792023181915,2.847031354904175,-157.950439453125,0.10377833992242813
1783010205.623502,0.0,0.0,10.0,-0.6468583345413208,51.62289810180664,0.05116792023181915,2.847031354904175,-157.950439453125,0.10377833992242813
1783010205.629674,0.0,0.0,10.0,-0.6468583345413208,51.62289810180664,0.05116792023181915,2.847031354904175,-157.950439453125,0.10377833992242813
1783010205.636001,0.0,0.0,10.0,-0.6468583345413208,51.62289810180664,0.05116792023181915,2.847031354904175,-157.950439453125,0.10377833992242813
1783010205.642121,0.0,0.0,10.0,-0.6468583345413208,51.62289810180664,0.05116792023181915,2.847031354904175,-157.950439453125,0.10377833992242813
1783010205.647391,0.0,0.0,10.0,-0.6468583345413208,51.62289810180664,0.05116792023181915,2.847031354904175,-157.950439453125,0.10377833992242813
1783010205.653744,0.0,0.0,10.0,-0.6468583345413208,51.62289810180664,0.05116792023181915,2.847031354904175,-157.950439453125,0.10377833992242813
1783010205.669135,0.0,0.0,10.0,-0.6468583345413208,51.62289810180664,0.05116792023181915,2.847031354904175,-157.950439453125,0.10377833992242813
1783010205.674748,0.0,0.0,10.0,-0.6463145613670349,51.623470306396484,0.05019787326455116,2.847031354904175,-157.950439453125,0.10377833992242813
1783010205.680488,0.0,0.0,10.0,-0.6463145613670349,51.623470306396484,0.05019787326455116,2.847031354904175,-157.950439453125,0.10377833992242813
1783010205.687843,0.0,0.0,10.0,-0.6463145613670349,51.623470306396484,0.05019787326455116,2.847031354904175,-157.950439453125,0.10377833992242813
1783010205.693252,0.0,0.0,10.0,-0.6463145613670349,51.623470306396484,0.05019787326455116,2.8482065200805664,-157.928466796875,0.10530226677656174
1783010205.698775,0.0,0.0,10.0,-0.6463145613670349,51.623470306396484,0.05019787326455116,2.8482065200805664,-157.928466796875,0.10530226677656174
1783010205.705096,0.0,0.0,10.0,-0.6463145613670349,51.623470306396484,0.05019787326455116,2.8482065200805664,-157.928466796875,0.10530226677656174
1783010205.722171,0.0,0.0,10.0,-0.6463145613670349,51.623470306396484,0.05019787326455116,2.8482065200805664,-157.928466796875,0.10530226677656174
1783010205.728252,0.0,0.0,10.0,-0.6466854214668274,51.62452697753906,0.04905468225479126,2.8482065200805664,-157.928466796875,0.10530226677656174
1783010205.733654,0.0,0.0,10.0,-0.6466854214668274,51.62452697753906,0.04905468225479126,2.8482065200805664,-157.928466796875,0.10530226677656174
1783010205.756429,0.0,0.0,10.0,-0.6466854214668274,51.62452697753906,0.04905468225479126,2.8482065200805664,-157.928466796875,0.10530226677656174
1783010205.764335,0.0,0.0,10.0,-0.6466854214668274,51.62452697753906,0.04905468225479126,2.8482065200805664,-157.928466796875,0.10530226677656174
1783010205.769823,0.0,0.0,10.0,-0.6481170654296875,51.62593460083008,0.04918146878480911,2.8482065200805664,-157.928466796875,0.10530226677656174
1783010205.80835,0.0,0.0,10.0,-0.6481170654296875,51.62593460083008,0.04918146878480911,2.8482065200805664,-157.928466796875,0.10530226677656174
1783010205.813987,0.0,0.0,10.0,-0.6481170654296875,51.62593460083008,0.04918146878480911,2.8482065200805664,-157.928466796875,0.10530226677656174
1783010205.819287,0.0,0.0,10.0,-0.6479677557945251,51.626548767089844,0.04874704033136368,2.846705913543701,-157.928466796875,0.10487799346446991
1783010205.855966,0.0,0.0,10.0,-0.6479677557945251,51.626548767089844,0.04874704033136368,2.846705913543701,-157.928466796875,0.10487799346446991
1783010205.861277,0.0,0.0,10.0,-0.6479677557945251,51.626548767089844,0.04874704033136368,2.846705913543701,-157.928466796875,0.10487799346446991
1783010205.867655,0.0,0.0,10.0,-0.6479677557945251,51.626548767089844,0.04874704033136368,2.846705913543701,-157.928466796875,0.10487799346446991
1783010205.874386,0.0,0.0,10.0,-0.6472737789154053,51.62734603881836,0.04899570718407631,2.846705913543701,-157.928466796875,0.10487799346446991
1783010205.910382,0.0,0.0,10.0,-0.6472737789154053,51.62734603881836,0.04899570718407631,2.846705913543701,-157.928466796875,0.10487799346446991
1783010205.918216,0.0,0.0,10.0,-0.6472737789154053,51.62734603881836,0.04899570718407631,2.84828519821167,-157.884521484375,0.1055898368358612
1783010205.923683,0.0,0.0,10.0,-0.648580014705658,51.62725067138672,0.048984184861183167,2.84828519821167,-157.884521484375,0.1055898368358612
1783010205.939663,0.0,0.0,10.0,-0.648580014705658,51.62725067138672,0.048984184861183167,2.84828519821167,-157.884521484375,0.1055898368358612
1783010205.945117,0.0,0.0,10.0,-0.648580014705658,51.62725067138672,0.048984184861183167,2.84828519821167,-157.884521484375,0.1055898368358612
1783010205.951105,0.0,0.0,10.0,-0.648580014705658,51.62725067138672,0.048984184861183167,2.84828519821167,-157.884521484375,0.1055898368358612
1783010205.95712,0.0,0.0,10.0,-0.648580014705658,51.62725067138672,0.048984184861183167,2.84828519821167,-157.884521484375,0.1055898368358612
1783010205.963666,0.0,0.0,10.0,-0.6481969952583313,51.6281623840332,0.0494939386844635,2.84828519821167,-157.884521484375,0.1055898368358612
1783010205.970515,0.0,0.0,10.0,-0.6481969952583313,51.6281623840332,0.0494939386844635,2.84828519821167,-157.884521484375,0.1055898368358612
1783010205.985454,0.0,0.0,10.0,-0.6481969952583313,51.6281623840332,0.0494939386844635,2.84828519821167,-157.884521484375,0.1055898368358612
1783010205.99097,0.0,0.0,10.0,-0.6481969952583313,51.6281623840332,0.0494939386844635,2.847717761993408,-157.862548828125,0.10493513196706772
1783010205.998678,0.0,0.0,10.0,-0.6481969952583313,51.6281623840332,0.0494939386844635,2.847717761993408,-157.862548828125,0.10493513196706772
1783010206.004527,0.0,0.0,10.0,-0.6481969952583313,51.6281623840332,0.0494939386844635,2.847717761993408,-157.862548828125,0.10493513196706772
1783010206.010522,0.0,0.0,10.0,-0.6481969952583313,51.6281623840332,0.0494939386844635,2.847717761993408,-157.862548828125,0.10493513196706772
1783010206.017001,0.0,0.0,10.0,-0.6474938988685608,51.62966537475586,0.04993155598640442,2.847717761993408,-157.862548828125,0.10493513196706772
1783010206.042307,0.0,0.0,10.0,-0.6474938988685608,51.62966537475586,0.04993155598640442,2.847717761993408,-157.862548828125,0.10493513196706772
1783010206.048155,0.0,0.0,10.0,-0.6474938988685608,51.62966537475586,0.04993155598640442,2.847717761993408,-157.862548828125,0.10493513196706772
1783010206.055355,0.0,0.0,10.0,-0.6474938988685608,51.62966537475586,0.04993155598640442,2.847717761993408,-157.862548828125,0.10493513196706772
1783010206.096314,0.0,0.0,10.0,-0.6474938988685608,51.62966537475586,0.04993155598640442,2.847717761993408,-157.862548828125,0.10493513196706772
1783010206.102759,0.0,0.0,10.0,-0.6474938988685608,51.62966537475586,0.04993155598640442,2.847717761993408,-157.862548828125,0.10493513196706772
1783010206.144521,0.0,0.0,10.0,-0.6474938988685608,51.62966537475586,0.04993155598640442,2.847717761993408,-157.862548828125,0.10493513196706772
1783010206.153951,0.0,0.0,10.0,-0.6474938988685608,51.62966537475586,0.04993155598640442,2.847717761993408,-157.862548828125,0.10493513196706772
1783010206.162178,0.0,0.0,10.0,-0.6474938988685608,51.62966537475586,0.04993155598640442,2.847717761993408,-157.862548828125,0.10493513196706772
1783010206.168143,0.0,0.0,10.0,-0.6480614542961121,51.63222885131836,0.049402039498090744,2.8487985134124756,-157.862548828125,0.10416112095117569
1783010206.173882,0.0,0.0,10.0,-0.6480614542961121,51.63222885131836,0.049402039498090744,2.8487985134124756,-157.862548828125,0.10416112095117569
1783010206.217185,0.0,0.0,10.0,-0.6480614542961121,51.63222885131836,0.049402039498090744,2.8487985134124756,-157.862548828125,0.10416112095117569
1783010206.223737,0.0,0.0,10.0,-0.6478635668754578,51.63249969482422,0.04896925017237663,2.8487985134124756,-157.862548828125,0.10416112095117569
1783010206.230171,0.0,0.0,10.0,-0.6478635668754578,51.63249969482422,0.04896925017237663,2.849640130996704,-157.840576171875,0.10495413839817047
1783010206.235571,0.0,0.0,10.0,-0.6467595100402832,51.63502883911133,0.04890716075897217,2.849640130996704,-157.840576171875,0.10495413839817047
1783010206.272388,0.0,0.0,10.0,-0.6467595100402832,51.63502883911133,0.04890716075897217,2.849640130996704,-157.840576171875,0.10495413839817047
1783010206.278849,0.0,0.0,10.0,-0.6467595100402832,51.63502883911133,0.04890716075897217,2.849640130996704,-157.840576171875,0.10495413839817047
1783010206.284288,0.0,0.0,10.0,-0.6480753421783447,51.63682174682617,0.04858626425266266,2.849640130996704,-157.840576171875,0.10495413839817047
1783010206.289497,0.0,0.0,10.0,-0.6480753421783447,51.63682174682617,0.04858626425266266,2.849640130996704,-157.840576171875,0.10495413839817047
1783010206.306848,0.0,0.0,10.0,-0.6480753421783447,51.63682174682617,0.04858626425266266,2.849640130996704,-157.840576171875,0.10495413839817047
1783010206.313167,0.0,0.0,10.0,-0.6475741267204285,51.6370735168457,0.048763640224933624,2.850001811981201,-157.818603515625,0.10500399768352509
1783010206.318715,0.0,0.0,10.0,-0.6475741267204285,51.6370735168457,0.048763640224933624,2.850001811981201,-157.818603515625,0.10500399768352509
1783010206.324845,0.0,0.0,10.0,-0.6475741267204285,51.6370735168457,0.048763640224933624,2.850001811981201,-157.818603515625,0.10500399768352509
1783010206.337193,0.0,0.0,10.0,-0.6475741267204285,51.6370735168457,0.048763640224933624,2.850001811981201,-157.818603515625,0.10500399768352509
1783010206.342814,0.0,0.0,10.0,-0.6475741267204285,51.6370735168457,0.048763640224933624,2.850001811981201,-157.818603515625,0.10500399768352509
1783010206.348639,0.0,0.0,10.0,-0.6475741267204285,51.6370735168457,0.048763640224933624,2.850001811981201,-157.818603515625,0.10500399768352509
1783010206.355346,0.0,0.0,10.0,-0.6475741267204285,51.6370735168457,0.048763640224933624,2.850001811981201,-157.818603515625,0.10500399768352509
1783010206.361429,0.0,0.0,10.0,-0.6475741267204285,51.6370735168457,0.048763640224933624,2.850001811981201,-157.818603515625,0.10500399768352509
1783010206.367593,0.0,0.0,10.0,-0.647835910320282,51.63911819458008,0.048178959637880325,2.850001811981201,-157.818603515625,0.10500399768352509
1783010206.37309,0.0,0.0,10.0,-0.647835910320282,51.63911819458008,0.048178959637880325,2.850001811981201,-157.818603515625,0.10500399768352509
1783010206.379214,0.0,0.0,10.0,-0.647835910320282,51.63911819458008,0.048178959637880325,2.850001811981201,-157.818603515625,0.10500399768352509
1783010206.386843,0.0,0.0,10.0,-0.647835910320282,51.63911819458008,0.048178959637880325,2.850001811981201,-157.818603515625,0.10500399768352509
1783010206.394146,0.0,0.0,10.0,-0.647835910320282,51.63911819458008,0.048178959637880325,2.849557399749756,-157.796630859375,0.10522416979074478
1783010206.400188,0.0,0.0,10.0,-0.647835910320282,51.63911819458008,0.048178959637880325,2.849557399749756,-157.796630859375,0.10522416979074478
1783010206.406716,0.0,0.0,10.0,-0.647835910320282,51.63911819458008,0.048178959637880325,2.849557399749756,-157.796630859375,0.10522416979074478
1783010206.413283,0.0,0.0,10.0,-0.6482612490653992,51.64064025878906,0.04678821563720703,2.849557399749756,-157.796630859375,0.10522416979074478
1783010206.4188,0.0,0.0,10.0,-0.6482612490653992,51.64064025878906,0.04678821563720703,2.849557399749756,-157.796630859375,0.10522416979074478
1783010206.425356,0.0,0.0,10.0,-0.6482612490653992,51.64064025878906,0.04678821563720703,2.849557399749756,-157.796630859375,0.10522416979074478
1783010206.430749,0.0,0.0,10.0,-0.6482612490653992,51.64064025878906,0.04678821563720703,2.849557399749756,-157.796630859375,0.10522416979074478
1783010206.443624,0.0,0.0,10.0,-0.6482612490653992,51.64064025878906,0.04678821563720703,2.849557399749756,-157.796630859375,0.10522416979074478
1783010206.448883,0.0,0.0,10.0,-0.6482612490653992,51.64064025878906,0.04678821563720703,2.849557399749756,-157.796630859375,0.10522416979074478
1783010206.454409,0.0,0.0,10.0,-0.6482612490653992,51.64064025878906,0.04678821563720703,2.849557399749756,-157.796630859375,0.10522416979074478
1783010206.460032,0.0,0.0,10.0,-0.6482612490653992,51.64064025878906,0.04678821563720703,2.849557399749756,-157.796630859375,0.10522416979074478
1783010206.465938,0.0,0.0,10.0,-0.6479409337043762,51.64142608642578,0.04645225778222084,2.849557399749756,-157.796630859375,0.10522416979074478
1783010206.471993,0.0,0.0,10.0,-0.6479409337043762,51.64142608642578,0.04645225778222084,2.849557399749756,-157.796630859375,0.10522416979074478
1783010206.478533,0.0,0.0,10.0,-0.6479409337043762,51.64142608642578,0.04645225778222084,2.849557399749756,-157.796630859375,0.10522416979074478
1783010206.489948,0.0,0.0,10.0,-0.6479409337043762,51.64142608642578,0.04645225778222084,2.849557399749756,-157.796630859375,0.10522416979074478
1783010206.496098,0.0,0.0,10.0,-0.6479409337043762,51.64142608642578,0.04645225778222084,2.850935220718384,-157.774658203125,0.10544031858444214
1783010206.502411,0.0,0.0,10.0,-0.6479409337043762,51.64142608642578,0.04645225778222084,2.850935220718384,-157.774658203125,0.10544031858444214
1783010206.509541,0.0,0.0,10.0,-0.6479409337043762,51.64142608642578,0.04645225778222084,2.850935220718384,-157.774658203125,0.10544031858444214
1783010206.515564,0.0,0.0,10.0,-0.6477859020233154,51.64332962036133,0.047183867543935776,2.850935220718384,-157.774658203125,0.10544031858444214
1783010206.521051,0.0,0.0,10.0,-0.6477859020233154,51.64332962036133,0.047183867543935776,2.850935220718384,-157.774658203125,0.10544031858444214
1783010206.527056,0.0,0.0,10.0,-0.6477859020233154,51.64332962036133,0.047183867543935776,2.850935220718384,-157.774658203125,0.10544031858444214
1783010206.533303,0.0,0.0,10.0,-0.6477859020233154,51.64332962036133,0.047183867543935776,2.850935220718384,-157.774658203125,0.10544031858444214
1783010206.541639,0.0,0.0,10.0,-0.6477859020233154,51.64332962036133,0.047183867543935776,2.850935220718384,-157.774658203125,0.10544031858444214
1783010206.548874,0.0,0.0,10.0,-0.6477859020233154,51.64332962036133,0.047183867543935776,2.850935220718384,-157.774658203125,0.10544031858444214
1783010206.554362,0.0,0.0,10.0,-0.6477859020233154,51.64332962036133,0.047183867543935776,2.850935220718384,-157.774658203125,0.10544031858444214
1783010206.560691,0.0,0.0,10.0,-0.6477859020233154,51.64332962036133,0.047183867543935776,2.850935220718384,-157.774658203125,0.10544031858444214
1783010206.56686,0.0,0.0,10.0,-0.6479129791259766,51.6437873840332,0.04637774080038071,2.850935220718384,-157.774658203125,0.10544031858444214
1783010206.572373,0.0,0.0,10.0,-0.6479129791259766,51.6437873840332,0.04637774080038071,2.850935220718384,-157.774658203125,0.10544031858444214
1783010206.578855,0.0,0.0,10.0,-0.6479129791259766,51.6437873840332,0.04637774080038071,2.850935220718384,-157.774658203125,0.10544031858444214
1783010206.585148,0.0,0.0,10.0,-0.6479129791259766,51.6437873840332,0.04637774080038071,2.850935220718384,-157.774658203125,0.10544031858444214
1783010206.596906,0.0,0.0,10.0,-0.6479129791259766,51.6437873840332,0.04637774080038071,2.850935220718384,-157.774658203125,0.10544031858444214
1783010206.602534,0.0,0.0,10.0,-0.6479129791259766,51.6437873840332,0.04637774080038071,2.8507580757141113,-157.796630859375,0.10565207153558731
1783010206.608215,0.0,0.0,10.0,-0.6479129791259766,51.6437873840332,0.04637774080038071,2.8507580757141113,-157.796630859375,0.10565207153558731
1783010206.614042,0.0,0.0,10.0,-0.6474215388298035,51.6445198059082,0.046612247824668884,2.8507580757141113,-157.796630859375,0.10565207153558731
1783010206.619622,0.0,0.0,10.0,-0.6474215388298035,51.6445198059082,0.046612247824668884,2.8507580757141113,-157.796630859375,0.10565207153558731
1783010206.6251,0.0,0.0,10.0,-0.6474215388298035,51.6445198059082,0.046612247824668884,2.8507580757141113,-157.796630859375,0.10565207153558731
1783010206.630789,0.0,0.0,10.0,-0.6474215388298035,51.6445198059082,0.046612247824668884,2.8507580757141113,-157.796630859375,0.10565207153558731
1783010206.636294,0.0,0.0,10.0,-0.6474215388298035,51.6445198059082,0.046612247824668884,2.8507580757141113,-157.796630859375,0.10565207153558731
1783010206.645329,0.0,0.0,10.0,-0.6474215388298035,51.6445198059082,0.046612247824668884,2.8507580757141113,-157.796630859375,0.10565207153558731
1783010206.651697,0.0,0.0,10.0,-0.6474215388298035,51.6445198059082,0.046612247824668884,2.8507580757141113,-157.796630859375,0.10565207153558731
1783010206.658722,0.0,0.0,10.0,-0.6474215388298035,51.6445198059082,0.046612247824668884,2.8507580757141113,-157.796630859375,0.10565207153558731
