Time,PosX,PosY,PosZ,Pitch,Yaw,Roll,PitchCam,YawCam,RollCam
1782999914.015547,0.0,0.0,10.0,-0.7014550566673279,52.81281280517578,0.05810559540987015,9.842787742614746,-177.088623046875,0.06287889182567596
1782999914.036451,0.0,0.0,10.0,-0.7014550566673279,52.81281280517578,0.05810559540987015,9.842787742614746,-177.088623046875,0.06287889182567596
1782999914.042044,0.0,0.0,10.0,-0.7014550566673279,52.81281280517578,0.05810559540987015,9.842787742614746,-177.088623046875,0.06287889182567596
1782999914.047442,0.0,0.0,10.0,-0.7014550566673279,52.81281280517578,0.05810559540987015,9.842787742614746,-177.088623046875,0.06287889182567596
1782999914.055154,0.0,0.0,10.0,-0.7014550566673279,52.81281280517578,0.05810559540987015,9.842787742614746,-177.088623046875,0.06287889182567596
1782999914.061159,0.0,0.0,10.0,-0.7006432414054871,52.81193542480469,0.05800394341349602,9.842787742614746,-177.088623046875,0.06287889182567596
1782999914.075627,0.0,0.0,10.0,-0.7006432414054871,52.81193542480469,0.05800394341349602,9.842787742614746,-177.088623046875,0.06287889182567596
1782999914.082786,0.0,0.0,10.0,-0.7006432414054871,52.81193542480469,0.05800394341349602,9.842787742614746,-177.088623046875,0.06287889182567596
1782999914.088782,0.0,0.0,10.0,-0.7006432414054871,52.81193542480469,0.05800394341349602,9.842787742614746,-177.088623046875,0.06287889182567596
1782999914.102512,0.0,0.0,10.0,-0.7006432414054871,52.81193542480469,0.05800394341349602,9.842787742614746,-177.088623046875,0.06287889182567596
1782999914.108427,0.0,0.0,10.0,-0.7028213143348694,52.8117561340332,0.05711265280842781,9.843835830688477,-177.110595703125,0.06663111597299576
1782999914.114517,0.0,0.0,10.0,-0.7028213143348694,52.8117561340332,0.05711265280842781,9.843835830688477,-177.110595703125,0.06663111597299576
1782999914.120244,0.0,0.0,10.0,-0.7028213143348694,52.8117561340332,0.05711265280842781,9.843835830688477,-177.110595703125,0.06663111597299576
1782999914.127003,0.0,0.0,10.0,-0.7028213143348694,52.8117561340332,0.05711265280842781,9.843835830688477,-177.110595703125,0.06663111597299576
1782999914.132329,0.0,0.0,10.0,-0.7028213143348694,52.8117561340332,0.05711265280842781,9.843835830688477,-177.110595703125,0.06663111597299576
1782999914.138407,0.0,0.0,10.0,-0.7028213143348694,52.8117561340332,0.05711265280842781,9.843835830688477,-177.110595703125,0.06663111597299576
1782999914.149708,0.0,0.0,10.0,-0.7028213143348694,52.8117561340332,0.05711265280842781,9.843835830688477,-177.110595703125,0.06663111597299576
1782999914.155481,0.0,0.0,10.0,-0.7028213143348694,52.8117561340332,0.05711265280842781,9.843835830688477,-177.110595703125,0.06663111597299576
1782999914.161113,0.0,0.0,10.0,-0.7028917670249939,52.81263732910156,0.05428018420934677,9.843835830688477,-177.110595703125,0.06663111597299576
1782999914.166663,0.0,0.0,10.0,-0.7028917670249939,52.81263732910156,0.05428018420934677,9.843835830688477,-177.110595703125,0.06663111597299576
1782999914.172072,0.0,0.0,10.0,-0.7028917670249939,52.81263732910156,0.05428018420934677,9.843835830688477,-177.110595703125,0.06663111597299576
1782999914.179208,0.0,0.0,10.0,-0.7028917670249939,52.81263732910156,0.05428018420934677,9.843835830688477,-177.110595703125,0.06663111597299576
1782999914.185635,0.0,0.0,10.0,-0.7028917670249939,52.81263732910156,0.05428018420934677,9.843835830688477,-177.110595703125,0.06663111597299576
1782999914.191472,0.0,0.0,10.0,-0.7028917670249939,52.81263732910156,0.05428018420934677,9.843835830688477,-177.110595703125,0.06663111597299576
1782999914.201471,0.0,0.0,10.0,-0.7028917670249939,52.81263732910156,0.05428018420934677,9.843835830688477,-177.110595703125,0.06663111597299576
1782999914.208356,0.0,0.0,10.0,-0.7028917670249939,52.81263732910156,0.05428018420934677,9.841338157653809,-177.088623046875,0.0622742660343647
1782999914.214231,0.0,0.0,10.0,-0.7018345594406128,52.8124885559082,0.05448729917407036,9.841338157653809,-177.088623046875,0.0622742660343647
1782999914.220239,0.0,0.0,10.0,-0.7018345594406128,52.8124885559082,0.05448729917407036,9.841338157653809,-177.088623046875,0.0622742660343647
1782999914.226562,0.0,0.0,10.0,-0.7018345594406128,52.8124885559082,0.05448729917407036,9.841338157653809,-177.088623046875,0.0622742660343647
1782999914.232745,0.0,0.0,10.0,-0.7018345594406128,52.8124885559082,0.05448729917407036,9.841338157653809,-177.088623046875,0.0622742660343647
1782999914.238999,0.0,0.0,10.0,-0.7018345594406128,52.8124885559082,0.05448729917407036,9.841338157653809,-177.088623046875,0.0622742660343647
1782999914.25212,0.0,0.0,10.0,-0.7018345594406128,52.8124885559082,0.05448729917407036,9.841338157653809,-177.088623046875,0.0622742660343647
1782999914.258946,0.0,0.0,10.0,-0.7044479846954346,52.8117561340332,0.055490642786026,9.841338157653809,-177.088623046875,0.0622742660343647
1782999914.264469,0.0,0.0,10.0,-0.7044479846954346,52.8117561340332,0.055490642786026,9.841338157653809,-177.088623046875,0.0622742660343647
1782999914.270528,0.0,0.0,10.0,-0.7044479846954346,52.8117561340332,0.055490642786026,9.841338157653809,-177.088623046875,0.0622742660343647
1782999914.276025,0.0,0.0,10.0,-0.7044479846954346,52.8117561340332,0.055490642786026,9.841338157653809,-177.088623046875,0.0622742660343647
1782999914.28139,0.0,0.0,10.0,-0.7044479846954346,52.8117561340332,0.055490642786026,9.841338157653809,-177.088623046875,0.0622742660343647
1782999914.287392,0.0,0.0,10.0,-0.7044479846954346,52.8117561340332,0.055490642786026,9.841338157653809,-177.088623046875,0.0622742660343647
1782999914.293483,0.0,0.0,10.0,-0.7044479846954346,52.8117561340332,0.055490642786026,9.841338157653809,-177.088623046875,0.0622742660343647
1782999914.304208,0.0,0.0,10.0,-0.7044479846954346,52.8117561340332,0.055490642786026,9.841338157653809,-177.088623046875,0.0622742660343647
1782999914.310969,0.0,0.0,10.0,-0.7058876156806946,52.81181335449219,0.05578615516424179,9.839509010314941,-177.110595703125,0.06375323235988617
1782999914.317794,0.0,0.0,10.0,-0.7058876156806946,52.81181335449219,0.05578615516424179,9.839509010314941,-177.110595703125,0.06375323235988617
1782999914.323212,0.0,0.0,10.0,-0.7058876156806946,52.81181335449219,0.05578615516424179,9.839509010314941,-177.110595703125,0.06375323235988617
1782999914.329598,0.0,0.0,10.0,-0.7058876156806946,52.81181335449219,0.05578615516424179,9.839509010314941,-177.110595703125,0.06375323235988617
1782999914.335392,0.0,0.0,10.0,-0.7058876156806946,52.81181335449219,0.05578615516424179,9.839509010314941,-177.110595703125,0.06375323235988617
1782999914.341586,0.0,0.0,10.0,-0.7058876156806946,52.81181335449219,0.05578615516424179,9.839509010314941,-177.110595703125,0.06375323235988617
1782999914.353247,0.0,0.0,10.0,-0.7058876156806946,52.81181335449219,0.05578615516424179,9.839509010314941,-177.110595703125,0.06375323235988617
1782999914.358761,0.0,0.0,10.0,-0.7042409181594849,52.8116569519043,0.05472696200013161,9.839509010314941,-177.110595703125,0.06375323235988617
1782999914.364209,0.0,0.0,10.0,-0.7042409181594849,52.8116569519043,0.05472696200013161,9.839509010314941,-177.110595703125,0.06375323235988617
1782999914.369961,0.0,0.0,10.0,-0.7042409181594849,52.8116569519043,0.05472696200013161,9.839509010314941,-177.110595703125,0.06375323235988617
1782999914.375818,0.0,0.0,10.0,-0.7042409181594849,52.8116569519043,0.05472696200013161,9.839509010314941,-177.110595703125,0.06375323235988617
1782999914.38233,0.0,0.0,10.0,-0.7042409181594849,52.8116569519043,0.05472696200013161,9.839509010314941,-177.110595703125,0.06375323235988617
1782999914.388222,0.0,0.0,10.0,-0.7042409181594849,52.8116569519043,0.05472696200013161,9.839509010314941,-177.110595703125,0.06375323235988617
1782999914.394079,0.0,0.0,10.0,-0.7042409181594849,52.8116569519043,0.05472696200013161,9.839509010314941,-177.110595703125,0.06375323235988617
1782999914.407506,0.0,0.0,10.0,-0.7042409181594849,52.8116569519043,0.05472696200013161,9.839509010314941,-177.110595703125,0.06375323235988617
1782999914.414422,0.0,0.0,10.0,-0.7030619978904724,52.81229782104492,0.05470499396324158,9.846518516540527,-177.110595703125,0.06070452556014061
1782999914.421199,0.0,0.0,10.0,-0.7030619978904724,52.81229782104492,0.05470499396324158,9.846518516540527,-177.110595703125,0.06070452556014061
1782999914.427426,0.0,0.0,10.0,-0.7030619978904724,52.81229782104492,0.05470499396324158,9.846518516540527,-177.110595703125,0.06070452556014061
1782999914.432748,0.0,0.0,10.0,-0.7030619978904724,52.81229782104492,0.05470499396324158,9.846518516540527,-177.110595703125,0.06070452556014061
1782999914.438744,0.0,0.0,10.0,-0.7030619978904724,52.81229782104492,0.05470499396324158,9.846518516540527,-177.110595703125,0.06070452556014061
1782999914.444845,0.0,0.0,10.0,-0.7030619978904724,52.81229782104492,0.05470499396324158,9.846518516540527,-177.110595703125,0.06070452556014061
1782999914.464115,0.0,0.0,10.0,-0.7030619978904724,52.81229782104492,0.05470499396324158,9.846518516540527,-177.110595703125,0.06070452556014061
1782999914.469545,0.0,0.0,10.0,-0.7030619978904724,52.81229782104492,0.05470499396324158,9.846518516540527,-177.110595703125,0.06070452556014061
1782999914.475002,0.0,0.0,10.0,-0.7062598466873169,52.812801361083984,0.05551446974277496,9.846518516540527,-177.110595703125,0.06070452556014061
1782999914.481241,0.0,0.0,10.0,-0.7062598466873169,52.812801361083984,0.05551446974277496,9.846518516540527,-177.110595703125,0.06070452556014061
1782999914.486959,0.0,0.0,10.0,-0.7062598466873169,52.812801361083984,0.05551446974277496,9.846518516540527,-177.110595703125,0.06070452556014061
1782999914.493091,0.0,0.0,10.0,-0.7062598466873169,52.812801361083984,0.05551446974277496,9.846518516540527,-177.110595703125,0.06070452556014061
1782999914.499695,0.0,0.0,10.0,-0.7062598466873169,52.812801361083984,0.05551446974277496,9.835448265075684,-177.066650390625,0.06454882770776749
1782999914.509705,0.0,0.0,10.0,-0.7062598466873169,52.812801361083984,0.05551446974277496,9.835448265075684,-177.066650390625,0.06454882770776749
1782999914.515588,0.0,0.0,10.0,-0.7074919939041138,52.81388473510742,0.054978203028440475,9.835448265075684,-177.066650390625,0.06454882770776749
1782999914.521898,0.0,0.0,10.0,-0.7074919939041138,52.81388473510742,0.054978203028440475,9.835448265075684,-177.066650390625,0.06454882770776749
1782999914.528015,0.0,0.0,10.0,-0.7074919939041138,52.81388473510742,0.054978203028440475,9.835448265075684,-177.066650390625,0.06454882770776749
1782999914.534034,0.0,0.0,10.0,-0.7074919939041138,52.81388473510742,0.054978203028440475,9.835448265075684,-177.066650390625,0.06454882770776749
1782999914.540697,0.0,0.0,10.0,-0.7074919939041138,52.81388473510742,0.054978203028440475,9.835448265075684,-177.066650390625,0.06454882770776749
1782999914.546733,0.0,0.0,10.0,-0.7074919939041138,52.81388473510742,0.054978203028440475,9.835448265075684,-177.066650390625,0.06454882770776749
1782999914.561836,0.0,0.0,10.0,-0.7074919939041138,52.81388473510742,0.054978203028440475,9.835448265075684,-177.066650390625,0.06454882770776749
1782999914.56838,0.0,0.0,10.0,-0.7052427530288696,52.81318664550781,0.053100623190402985,9.835448265075684,-177.066650390625,0.06454882770776749
1782999914.574053,0.0,0.0,10.0,-0.7052427530288696,52.81318664550781,0.053100623190402985,9.835448265075684,-177.066650390625,0.06454882770776749
1782999914.580575,0.0,0.0,10.0,-0.7052427530288696,52.81318664550781,0.053100623190402985,9.835448265075684,-177.066650390625,0.06454882770776749
1782999914.586553,0.0,0.0,10.0,-0.7052427530288696,52.81318664550781,0.053100623190402985,9.835448265075684,-177.066650390625,0.06454882770776749
1782999914.593123,0.0,0.0,10.0,-0.7052427530288696,52.81318664550781,0.053100623190402985,9.835448265075684,-177.066650390625,0.06454882770776749
1782999914.600782,0.0,0.0,10.0,-0.7052427530288696,52.81318664550781,0.053100623190402985,9.84557056427002,-177.110595703125,0.062048763036727905
1782999914.613965,0.0,0.0,10.0,-0.7052427530288696,52.81318664550781,0.053100623190402985,9.84557056427002,-177.110595703125,0.062048763036727905
1782999914.621254,0.0,0.0,10.0,-0.7049731612205505,52.81221008300781,0.05305662378668785,9.84557056427002,-177.110595703125,0.062048763036727905
1782999914.626699,0.0,0.0,10.0,-0.7049731612205505,52.81221008300781,0.05305662378668785,9.84557056427002,-177.110595703125,0.062048763036727905
1782999914.63226,0.0,0.0,10.0,-0.7049731612205505,52.81221008300781,0.05305662378668785,9.84557056427002,-177.110595703125,0.062048763036727905
1782999914.637752,0.0,0.0,10.0,-0.7049731612205505,52.81221008300781,0.05305662378668785,9.84557056427002,-177.110595703125,0.062048763036727905
1782999914.643648,0.0,0.0,10.0,-0.7049731612205505,52.81221008300781,0.05305662378668785,9.84557056427002,-177.110595703125,0.062048763036727905
1782999914.649486,0.0,0.0,10.0,-0.7049731612205505,52.81221008300781,0.05305662378668785,9.84557056427002,-177.110595703125,0.062048763036727905
1782999914.670195,0.0,0.0,10.0,-0.7049731612205505,52.81221008300781,0.05305662378668785,9.84557056427002,-177.110595703125,0.062048763036727905
1782999914.676359,0.0,0.0,10.0,-0.7061284184455872,52.81150817871094,0.05339746177196503,9.84557056427002,-177.110595703125,0.062048763036727905
1782999914.682626,0.0,0.0,10.0,-0.7061284184455872,52.81150817871094,0.05339746177196503,9.84557056427002,-177.110595703125,0.062048763036727905
1782999914.688713,0.0,0.0,10.0,-0.7061284184455872,52.81150817871094,0.05339746177196503,9.84557056427002,-177.110595703125,0.062048763036727905
1782999914.695267,0.0,0.0,10.0,-0.7061284184455872,52.81150817871094,0.05339746177196503,9.84557056427002,-177.110595703125,0.062048763036727905
1782999914.701843,0.0,0.0,10.0,-0.7061284184455872,52.81150817871094,0.05339746177196503,9.837883949279785,-177.110595703125,0.06301125138998032
1782999914.715714,0.0,0.0,10.0,-0.7074052691459656,52.81086349487305,0.05308566987514496,9.837883949279785,-177.110595703125,0.06301125138998032
1782999914.721575,0.0,0.0,10.0,-0.7074052691459656,52.81086349487305,0.05308566987514496,9.837883949279785,-177.110595703125,0.06301125138998032
1782999914.727465,0.0,0.0,10.0,-0.7074052691459656,52.81086349487305,0.05308566987514496,9.837883949279785,-177.110595703125,0.06301125138998032
1782999914.732974,0.0,0.0,10.0,-0.7074052691459656,52.81086349487305,0.05308566987514496,9.837883949279785,-177.110595703125,0.06301125138998032
1782999914.740102,0.0,0.0,10.0,-0.7074052691459656,52.81086349487305,0.05308566987514496,9.837883949279785,-177.110595703125,0.06301125138998032
1782999914.74564,0.0,0.0,10.0,-0.7074052691459656,52.81086349487305,0.05308566987514496,9.837883949279785,-177.110595703125,0.06301125138998032
1782999914.751567,0.0,0.0,10.0,-0.7074052691459656,52.81086349487305,0.05308566987514496,9.837883949279785,-177.110595703125,0.06301125138998032
1782999914.768486,0.0,0.0,10.0,-0.7058426141738892,52.810218811035156,0.05335816740989685,9.837883949279785,-177.110595703125,0.06301125138998032
1782999914.774095,0.0,0.0,10.0,-0.7058426141738892,52.810218811035156,0.05335816740989685,9.837883949279785,-177.110595703125,0.06301125138998032
1782999914.779701,0.0,0.0,10.0,-0.7058426141738892,52.810218811035156,0.05335816740989685,9.837883949279785,-177.110595703125,0.06301125138998032
1782999914.785593,0.0,0.0,10.0,-0.7058426141738892,52.810218811035156,0.05335816740989685,9.837883949279785,-177.110595703125,0.06301125138998032
1782999914.791641,0.0,0.0,10.0,-0.7058426141738892,52.810218811035156,0.05335816740989685,9.837883949279785,-177.110595703125,0.06301125138998032
1782999914.797758,0.0,0.0,10.0,-0.7058426141738892,52.810218811035156,0.05335816740989685,9.837883949279785,-177.110595703125,0.06301125138998032
1782999914.803155,0.0,0.0,10.0,-0.7058426141738892,52.810218811035156,0.05335816740989685,9.84381103515625,-177.088623046875,0.061638299375772476
1782999914.815079,0.0,0.0,10.0,-0.7070829272270203,52.80966567993164,0.05490493401885033,9.84381103515625,-177.088623046875,0.061638299375772476
1782999914.821498,0.0,0.0,10.0,-0.7070829272270203,52.80966567993164,0.05490493401885033,9.84381103515625,-177.088623046875,0.061638299375772476
1782999914.828341,0.0,0.0,10.0,-0.7070829272270203,52.80966567993164,0.05490493401885033,9.84381103515625,-177.088623046875,0.061638299375772476
1782999914.833837,0.0,0.0,10.0,-0.7070829272270203,52.80966567993164,0.05490493401885033,9.84381103515625,-177.088623046875,0.061638299375772476
1782999914.839995,0.0,0.0,10.0,-0.7070829272270203,52.80966567993164,0.05490493401885033,9.84381103515625,-177.088623046875,0.061638299375772476
1782999914.845239,0.0,0.0,10.0,-0.7070829272270203,52.80966567993164,0.05490493401885033,9.84381103515625,-177.088623046875,0.061638299375772476
1782999914.85125,0.0,0.0,10.0,-0.7070829272270203,52.80966567993164,0.05490493401885033,9.84381103515625,-177.088623046875,0.061638299375772476
1782999914.85696,0.0,0.0,10.0,-0.708293080329895,52.809635162353516,0.05549817532300949,9.84381103515625,-177.088623046875,0.061638299375772476
1782999914.869916,0.0,0.0,10.0,-0.708293080329895,52.809635162353516,0.05549817532300949,9.84381103515625,-177.088623046875,0.061638299375772476
1782999914.875906,0.0,0.0,10.0,-0.708293080329895,52.809635162353516,0.05549817532300949,9.84381103515625,-177.088623046875,0.061638299375772476
1782999914.882851,0.0,0.0,10.0,-0.708293080329895,52.809635162353516,0.05549817532300949,9.84381103515625,-177.088623046875,0.061638299375772476
1782999914.88871,0.0,0.0,10.0,-0.708293080329895,52.809635162353516,0.05549817532300949,9.84381103515625,-177.088623046875,0.061638299375772476
1782999914.894929,0.0,0.0,10.0,-0.708293080329895,52.809635162353516,0.05549817532300949,9.84381103515625,-177.088623046875,0.061638299375772476
1782999914.90351,0.0,0.0,10.0,-0.708293080329895,52.809635162353516,0.05549817532300949,9.84381103515625,-177.088623046875,0.061638299375772476
1782999914.909593,0.0,0.0,10.0,-0.7078160047531128,52.809383392333984,0.05491415783762932,9.836669921875,-177.110595703125,0.06170359626412392
1782999914.915001,0.0,0.0,10.0,-0.7078160047531128,52.809383392333984,0.05491415783762932,9.836669921875,-177.110595703125,0.06170359626412392
1782999914.924194,0.0,0.0,10.0,-0.7078160047531128,52.809383392333984,0.05491415783762932,9.836669921875,-177.110595703125,0.06170359626412392
1782999914.930064,0.0,0.0,10.0,-0.7078160047531128,52.809383392333984,0.05491415783762932,9.836669921875,-177.110595703125,0.06170359626412392
1782999914.935385,0.0,0.0,10.0,-0.7078160047531128,52.809383392333984,0.05491415783762932,9.836669921875,-177.110595703125,0.06170359626412392
1782999914.941,0.0,0.0,10.0,-0.7078160047531128,52.809383392333984,0.05491415783762932,9.836669921875,-177.110595703125,0.06170359626412392
1782999914.946569,0.0,0.0,10.0,-0.7078160047531128,52.809383392333984,0.05491415783762932,9.836669921875,-177.110595703125,0.06170359626412392
1782999914.953934,0.0,0.0,10.0,-0.7078160047531128,52.809383392333984,0.05491415783762932,9.836669921875,-177.110595703125,0.06170359626412392
1782999914.961505,0.0,0.0,10.0,-0.7082785367965698,52.81141662597656,0.05546281486749649,9.836669921875,-177.110595703125,0.06170359626412392
1782999914.970764,0.0,0.0,10.0,-0.7082785367965698,52.81141662597656,0.05546281486749649,9.836669921875,-177.110595703125,0.06170359626412392
1782999914.97701,0.0,0.0,10.0,-0.7082785367965698,52.81141662597656,0.05546281486749649,9.836669921875,-177.110595703125,0.06170359626412392
1782999914.982308,0.0,0.0,10.0,-0.7082785367965698,52.81141662597656,0.05546281486749649,9.836669921875,-177.110595703125,0.06170359626412392
1782999914.988001,0.0,0.0,10.0,-0.7082785367965698,52.81141662597656,0.05546281486749649,9.836669921875,-177.110595703125,0.06170359626412392
1782999914.99359,0.0,0.0,10.0,-0.7082785367965698,52.81141662597656,0.05546281486749649,9.836669921875,-177.110595703125,0.06170359626412392
1782999914.99918,0.0,0.0,10.0,-0.7082785367965698,52.81141662597656,0.05546281486749649,9.836669921875,-177.110595703125,0.06170359626412392
1782999915.004781,0.0,0.0,10.0,-0.7082785367965698,52.81141662597656,0.05546281486749649,9.844182014465332,-177.110595703125,0.061579521745443344
1782999915.010794,0.0,0.0,10.0,-0.7084870338439941,52.81196975708008,0.05681181699037552,9.844182014465332,-177.110595703125,0.061579521745443344
1782999915.022132,0.0,0.0,10.0,-0.7084870338439941,52.81196975708008,0.05681181699037552,9.844182014465332,-177.110595703125,0.061579521745443344
1782999915.028397,0.0,0.0,10.0,-0.7084870338439941,52.81196975708008,0.05681181699037552,9.844182014465332,-177.110595703125,0.061579521745443344
1782999915.035674,0.0,0.0,10.0,-0.7084870338439941,52.81196975708008,0.05681181699037552,9.844182014465332,-177.110595703125,0.061579521745443344
1782999915.042089,0.0,0.0,10.0,-0.7084870338439941,52.81196975708008,0.05681181699037552,9.844182014465332,-177.110595703125,0.061579521745443344
1782999915.049551,0.0,0.0,10.0,-0.7084870338439941,52.81196975708008,0.05681181699037552,9.844182014465332,-177.110595703125,0.061579521745443344
1782999915.055389,0.0,0.0,10.0,-0.7100365161895752,52.812931060791016,0.05694225803017616,9.844182014465332,-177.110595703125,0.061579521745443344
1782999915.061331,0.0,0.0,10.0,-0.7100365161895752,52.812931060791016,0.05694225803017616,9.844182014465332,-177.110595703125,0.061579521745443344
1782999915.072428,0.0,0.0,10.0,-0.7100365161895752,52.812931060791016,0.05694225803017616,9.844182014465332,-177.110595703125,0.061579521745443344
1782999915.077915,0.0,0.0,10.0,-0.7100365161895752,52.812931060791016,0.05694225803017616,9.844182014465332,-177.110595703125,0.061579521745443344
1782999915.083866,0.0,0.0,10.0,-0.7100365161895752,52.812931060791016,0.05694225803017616,9.844182014465332,-177.110595703125,0.061579521745443344
1782999915.091999,0.0,0.0,10.0,-0.7100365161895752,52.812931060791016,0.05694225803017616,9.844182014465332,-177.110595703125,0.061579521745443344
1782999915.099285,0.0,0.0,10.0,-0.7100365161895752,52.812931060791016,0.05694225803017616,9.844182014465332,-177.110595703125,0.061579521745443344
1782999915.106368,0.0,0.0,10.0,-0.7092678546905518,52.81406784057617,0.05553162842988968,9.844182014465332,-177.110595703125,0.061579521745443344
1782999915.113065,0.0,0.0,10.0,-0.7092678546905518,52.81406784057617,0.05553162842988968,9.838438034057617,-177.088623046875,0.06150764226913452
1782999915.124564,0.0,0.0,10.0,-0.7092678546905518,52.81406784057617,0.05553162842988968,9.838438034057617,-177.088623046875,0.06150764226913452
1782999915.130578,0.0,0.0,10.0,-0.7092678546905518,52.81406784057617,0.05553162842988968,9.838438034057617,-177.088623046875,0.06150764226913452
1782999915.136288,0.0,0.0,10.0,-0.7092678546905518,52.81406784057617,0.05553162842988968,9.838438034057617,-177.088623046875,0.06150764226913452
1782999915.142714,0.0,0.0,10.0,-0.7092678546905518,52.81406784057617,0.05553162842988968,9.838438034057617,-177.088623046875,0.06150764226913452
1782999915.148589,0.0,0.0,10.0,-0.7092678546905518,52.81406784057617,0.05553162842988968,9.838438034057617,-177.088623046875,0.06150764226913452
1782999915.154456,0.0,0.0,10.0,-0.7092678546905518,52.81406784057617,0.05553162842988968,9.838438034057617,-177.088623046875,0.06150764226913452
1782999915.161083,0.0,0.0,10.0,-0.7082104682922363,52.81569290161133,0.055279746651649475,9.838438034057617,-177.088623046875,0.06150764226913452
1782999915.173433,0.0,0.0,10.0,-0.7082104682922363,52.81569290161133,0.055279746651649475,9.838438034057617,-177.088623046875,0.06150764226913452
1782999915.180235,0.0,0.0,10.0,-0.7082104682922363,52.81569290161133,0.055279746651649475,9.838438034057617,-177.088623046875,0.06150764226913452
1782999915.185588,0.0,0.0,10.0,-0.7082104682922363,52.81569290161133,0.055279746651649475,9.838438034057617,-177.088623046875,0.06150764226913452
1782999915.192819,0.0,0.0,10.0,-0.7082104682922363,52.81569290161133,0.055279746651649475,9.838438034057617,-177.088623046875,0.06150764226913452
1782999915.199256,0.0,0.0,10.0,-0.7082104682922363,52.81569290161133,0.055279746651649475,9.838438034057617,-177.088623046875,0.06150764226913452
1782999915.204681,0.0,0.0,10.0,-0.7082104682922363,52.81569290161133,0.055279746651649475,9.838438034057617,-177.088623046875,0.06150764226913452
1782999915.21062,0.0,0.0,10.0,-0.7086551189422607,52.81599807739258,0.05644617974758148,9.841045379638672,-177.088623046875,0.06196396052837372
1782999915.216979,0.0,0.0,10.0,-0.7086551189422607,52.81599807739258,0.05644617974758148,9.841045379638672,-177.088623046875,0.06196396052837372
1782999915.227997,0.0,0.0,10.0,-0.7086551189422607,52.81599807739258,0.05644617974758148,9.841045379638672,-177.088623046875,0.06196396052837372
1782999915.23392,0.0,0.0,10.0,-0.7086551189422607,52.81599807739258,0.05644617974758148,9.841045379638672,-177.088623046875,0.06196396052837372
1782999915.241246,0.0,0.0,10.0,-0.7086551189422607,52.81599807739258,0.05644617974758148,9.841045379638672,-177.088623046875,0.06196396052837372
1782999915.247364,0.0,0.0,10.0,-0.7086551189422607,52.81599807739258,0.05644617974758148,9.841045379638672,-177.088623046875,0.06196396052837372
1782999915.252843,0.0,0.0,10.0,-0.7086551189422607,52.81599807739258,0.05644617974758148,9.841045379638672,-177.088623046875,0.06196396052837372
1782999915.258771,0.0,0.0,10.0,-0.7096425294876099,52.81468200683594,0.05609491467475891,9.841045379638672,-177.088623046875,0.06196396052837372
1782999915.264186,0.0,0.0,10.0,-0.7096425294876099,52.81468200683594,0.05609491467475891,9.841045379638672,-177.088623046875,0.06196396052837372
1782999915.277325,0.0,0.0,10.0,-0.7096425294876099,52.81468200683594,0.05609491467475891,9.841045379638672,-177.088623046875,0.06196396052837372
1782999915.283847,0.0,0.0,10.0,-0.7096425294876099,52.81468200683594,0.05609491467475891,9.841045379638672,-177.088623046875,0.06196396052837372
1782999915.289973,0.0,0.0,10.0,-0.7096425294876099,52.81468200683594,0.05609491467475891,9.841045379638672,-177.088623046875,0.06196396052837372
1782999915.29617,0.0,0.0,10.0,-0.7096425294876099,52.81468200683594,0.05609491467475891,9.841045379638672,-177.088623046875,0.06196396052837372
1782999915.301596,0.0,0.0,10.0,-0.7096425294876099,52.81468200683594,0.05609491467475891,9.841045379638672,-177.088623046875,0.06196396052837372
1782999915.307048,0.0,0.0,10.0,-0.7094308733940125,52.81398391723633,0.05667626112699509,9.839746475219727,-177.132568359375,0.06004270538687706
1782999915.313106,0.0,0.0,10.0,-0.7094308733940125,52.81398391723633,0.05667626112699509,9.839746475219727,-177.132568359375,0.06004270538687706
1782999915.319313,0.0,0.0,10.0,-0.7094308733940125,52.81398391723633,0.05667626112699509,9.839746475219727,-177.132568359375,0.06004270538687706
1782999915.33319,0.0,0.0,10.0,-0.7094308733940125,52.81398391723633,0.05667626112699509,9.839746475219727,-177.132568359375,0.06004270538687706
1782999915.339153,0.0,0.0,10.0,-0.7094308733940125,52.81398391723633,0.05667626112699509,9.839746475219727,-177.132568359375,0.06004270538687706
1782999915.344798,0.0,0.0,10.0,-0.7094308733940125,52.81398391723633,0.05667626112699509,9.839746475219727,-177.132568359375,0.06004270538687706
1782999915.350354,0.0,0.0,10.0,-0.7094308733940125,52.81398391723633,0.05667626112699509,9.839746475219727,-177.132568359375,0.06004270538687706
1782999915.355971,0.0,0.0,10.0,-0.7093772292137146,52.81341552734375,0.057111650705337524,9.839746475219727,-177.132568359375,0.06004270538687706
1782999915.362013,0.0,0.0,10.0,-0.7093772292137146,52.81341552734375,0.057111650705337524,9.839746475219727,-177.132568359375,0.06004270538687706
1782999915.368651,0.0,0.0,10.0,-0.7093772292137146,52.81341552734375,0.057111650705337524,9.839746475219727,-177.132568359375,0.06004270538687706
1782999915.380665,0.0,0.0,10.0,-0.7093772292137146,52.81341552734375,0.057111650705337524,9.839746475219727,-177.132568359375,0.06004270538687706
1782999915.386107,0.0,0.0,10.0,-0.7093772292137146,52.81341552734375,0.057111650705337524,9.839746475219727,-177.132568359375,0.06004270538687706
1782999915.392998,0.0,0.0,10.0,-0.7093772292137146,52.81341552734375,0.057111650705337524,9.839746475219727,-177.132568359375,0.06004270538687706
1782999915.399686,0.0,0.0,10.0,-0.7093772292137146,52.81341552734375,0.057111650705337524,9.839746475219727,-177.132568359375,0.06004270538687706
1782999915.40541,0.0,0.0,10.0,-0.7093772292137146,52.81341552734375,0.057111650705337524,9.839746475219727,-177.132568359375,0.06004270538687706
1782999915.411688,0.0,0.0,10.0,-0.7103710174560547,52.81450271606445,0.057816654443740845,9.839271545410156,-177.110595703125,0.06257874518632889
1782999915.41762,0.0,0.0,10.0,-0.7103710174560547,52.81450271606445,0.057816654443740845,9.839271545410156,-177.110595703125,0.06257874518632889
1782999915.425723,0.0,0.0,10.0,-0.7103710174560547,52.81450271606445,0.057816654443740845,9.839271545410156,-177.110595703125,0.06257874518632889
1782999915.437807,0.0,0.0,10.0,-0.7103710174560547,52.81450271606445,0.057816654443740845,9.839271545410156,-177.110595703125,0.06257874518632889
1782999915.443487,0.0,0.0,10.0,-0.7103710174560547,52.81450271606445,0.057816654443740845,9.839271545410156,-177.110595703125,0.06257874518632889
1782999915.44948,0.0,0.0,10.0,-0.7103710174560547,52.81450271606445,0.057816654443740845,9.839271545410156,-177.110595703125,0.06257874518632889
1782999915.455084,0.0,0.0,10.0,-0.7103710174560547,52.81450271606445,0.057816654443740845,9.839271545410156,-177.110595703125,0.06257874518632889
1782999915.462768,0.0,0.0,10.0,-0.7103943228721619,52.81399917602539,0.058346908539533615,9.839271545410156,-177.110595703125,0.06257874518632889
1782999915.46821,0.0,0.0,10.0,-0.7103943228721619,52.81399917602539,0.058346908539533615,9.839271545410156,-177.110595703125,0.06257874518632889
1782999915.475035,0.0,0.0,10.0,-0.7103943228721619,52.81399917602539,0.058346908539533615,9.839271545410156,-177.110595703125,0.06257874518632889
1782999915.483678,0.0,0.0,10.0,-0.7103943228721619,52.81399917602539,0.058346908539533615,9.839271545410156,-177.110595703125,0.06257874518632889
1782999915.489185,0.0,0.0,10.0,-0.7103943228721619,52.81399917602539,0.058346908539533615,9.839271545410156,-177.110595703125,0.06257874518632889
1782999915.495418,0.0,0.0,10.0,-0.7103943228721619,52.81399917602539,0.058346908539533615,9.839271545410156,-177.110595703125,0.06257874518632889
1782999915.502332,0.0,0.0,10.0,-0.7103943228721619,52.81399917602539,0.058346908539533615,9.839271545410156,-177.110595703125,0.06257874518632889
1782999915.508266,0.0,0.0,10.0,-0.7101197242736816,52.815162658691406,0.05850336328148842,9.839271545410156,-177.110595703125,0.06257874518632889
1782999915.514211,0.0,0.0,10.0,-0.7101197242736816,52.815162658691406,0.05850336328148842,9.837746620178223,-177.066650390625,0.06155465543270111
1782999915.519558,0.0,0.0,10.0,-0.7101197242736816,52.815162658691406,0.05850336328148842,9.837746620178223,-177.066650390625,0.06155465543270111
1782999915.525028,0.0,0.0,10.0,-0.7101197242736816,52.815162658691406,0.05850336328148842,9.837746620178223,-177.066650390625,0.06155465543270111
1782999915.538727,0.0,0.0,10.0,-0.7101197242736816,52.815162658691406,0.05850336328148842,9.837746620178223,-177.066650390625,0.06155465543270111
1782999915.54416,0.0,0.0,10.0,-0.7101197242736816,52.815162658691406,0.05850336328148842,9.837746620178223,-177.066650390625,0.06155465543270111
1782999915.550491,0.0,0.0,10.0,-0.7101197242736816,52.815162658691406,0.05850336328148842,9.837746620178223,-177.066650390625,0.06155465543270111
1782999915.556179,0.0,0.0,10.0,-0.7093234062194824,52.816036224365234,0.05858805030584335,9.837746620178223,-177.066650390625,0.06155465543270111
1782999915.563268,0.0,0.0,10.0,-0.7093234062194824,52.816036224365234,0.05858805030584335,9.837746620178223,-177.066650390625,0.06155465543270111
1782999915.569263,0.0,0.0,10.0,-0.7093234062194824,52.816036224365234,0.05858805030584335,9.837746620178223,-177.066650390625,0.06155465543270111
1782999915.57685,0.0,0.0,10.0,-0.7093234062194824,52.816036224365234,0.05858805030584335,9.837746620178223,-177.066650390625,0.06155465543270111
1782999915.582657,0.0,0.0,10.0,-0.7093234062194824,52.816036224365234,0.05858805030584335,9.837746620178223,-177.066650390625,0.06155465543270111
1782999915.590682,0.0,0.0,10.0,-0.7093234062194824,52.816036224365234,0.05858805030584335,9.837746620178223,-177.066650390625,0.06155465543270111
1782999915.598392,0.0,0.0,10.0,-0.7093234062194824,52.816036224365234,0.05858805030584335,9.837746620178223,-177.066650390625,0.06155465543270111
1782999915.605831,0.0,0.0,10.0,-0.7093234062194824,52.816036224365234,0.05858805030584335,9.837746620178223,-177.066650390625,0.06155465543270111
1782999915.611373,0.0,0.0,10.0,-0.7102857232093811,52.8163948059082,0.05903248116374016,9.837278366088867,-177.132568359375,0.06368676573038101
1782999915.617683,0.0,0.0,10.0,-0.7102857232093811,52.8163948059082,0.05903248116374016,9.837278366088867,-177.132568359375,0.06368676573038101
1782999915.623539,0.0,0.0,10.0,-0.7102857232093811,52.8163948059082,0.05903248116374016,9.837278366088867,-177.132568359375,0.06368676573038101
1782999915.630615,0.0,0.0,10.0,-0.7102857232093811,52.8163948059082,0.05903248116374016,9.837278366088867,-177.132568359375,0.06368676573038101
1782999915.641942,0.0,0.0,10.0,-0.7102857232093811,52.8163948059082,0.05903248116374016,9.837278366088867,-177.132568359375,0.06368676573038101
1782999915.648063,0.0,0.0,10.0,-0.7102857232093811,52.8163948059082,0.05903248116374016,9.837278366088867,-177.132568359375,0.06368676573038101
1782999915.654057,0.0,0.0,10.0,-0.7102857232093811,52.8163948059082,0.05903248116374016,9.837278366088867,-177.132568359375,0.06368676573038101
1782999915.660013,0.0,0.0,10.0,-0.7109870910644531,52.81702423095703,0.058722008019685745,9.837278366088867,-177.132568359375,0.06368676573038101
1782999915.666011,0.0,0.0,10.0,-0.7109870910644531,52.81702423095703,0.058722008019685745,9.837278366088867,-177.132568359375,0.06368676573038101
1782999915.671898,0.0,0.0,10.0,-0.7109870910644531,52.81702423095703,0.058722008019685745,9.837278366088867,-177.132568359375,0.06368676573038101
1782999915.67765,0.0,0.0,10.0,-0.7109870910644531,52.81702423095703,0.058722008019685745,9.837278366088867,-177.132568359375,0.06368676573038101
1782999915.688765,0.0,0.0,10.0,-0.7109870910644531,52.81702423095703,0.058722008019685745,9.837278366088867,-177.132568359375,0.06368676573038101
1782999915.696227,0.0,0.0,10.0,-0.7109870910644531,52.81702423095703,0.058722008019685745,9.837278366088867,-177.132568359375,0.06368676573038101
1782999915.701662,0.0,0.0,10.0,-0.7109870910644531,52.81702423095703,0.058722008019685745,9.837278366088867,-177.132568359375,0.06368676573038101
1782999915.707649,0.0,0.0,10.0,-0.710351824760437,52.817752838134766,0.05961401388049126,9.837278366088867,-177.132568359375,0.06368676573038101
1782999915.714671,0.0,0.0,10.0,-0.710351824760437,52.817752838134766,0.05961401388049126,9.837278366088867,-177.088623046875,0.06144684553146362
1782999915.720782,0.0,0.0,10.0,-0.710351824760437,52.817752838134766,0.05961401388049126,9.837278366088867,-177.088623046875,0.06144684553146362
1782999915.72727,0.0,0.0,10.0,-0.710351824760437,52.817752838134766,0.05961401388049126,9.837278366088867,-177.088623046875,0.06144684553146362
1782999915.741075,0.0,0.0,10.0,-0.710351824760437,52.817752838134766,0.05961401388049126,9.837278366088867,-177.088623046875,0.06144684553146362
1782999915.746584,0.0,0.0,10.0,-0.710351824760437,52.817752838134766,0.05961401388049126,9.837278366088867,-177.088623046875,0.06144684553146362
1782999915.753231,0.0,0.0,10.0,-0.710351824760437,52.817752838134766,0.05961401388049126,9.837278366088867,-177.088623046875,0.06144684553146362
1782999915.7591,0.0,0.0,10.0,-0.7106381058692932,52.81830596923828,0.05994989350438118,9.837278366088867,-177.088623046875,0.06144684553146362
1782999915.764909,0.0,0.0,10.0,-0.7106381058692932,52.81830596923828,0.05994989350438118,9.837278366088867,-177.088623046875,0.06144684553146362
1782999915.77121,0.0,0.0,10.0,-0.7106381058692932,52.81830596923828,0.05994989350438118,9.837278366088867,-177.088623046875,0.06144684553146362
1782999915.777079,0.0,0.0,10.0,-0.7106381058692932,52.81830596923828,0.05994989350438118,9.837278366088867,-177.088623046875,0.06144684553146362
1782999915.78651,0.0,0.0,10.0,-0.7106381058692932,52.81830596923828,0.05994989350438118,9.837278366088867,-177.088623046875,0.06144684553146362
1782999915.798292,0.0,0.0,10.0,-0.7106381058692932,52.81830596923828,0.05994989350438118,9.837278366088867,-177.088623046875,0.06144684553146362
1782999915.804544,0.0,0.0,10.0,-0.7106381058692932,52.81830596923828,0.05994989350438118,9.837278366088867,-177.088623046875,0.06144684553146362
1782999915.810878,0.0,0.0,10.0,-0.7111948728561401,52.81907272338867,0.05922896787524223,9.837278366088867,-177.088623046875,0.06144684553146362
1782999915.816506,0.0,0.0,10.0,-0.7111948728561401,52.81907272338867,0.05922896787524223,9.836294174194336,-177.110595703125,0.06362848728895187
1782999915.823378,0.0,0.0,10.0,-0.7111948728561401,52.81907272338867,0.05922896787524223,9.836294174194336,-177.110595703125,0.06362848728895187
1782999915.829768,0.0,0.0,10.0,-0.7111948728561401,52.81907272338867,0.05922896787524223,9.836294174194336,-177.110595703125,0.06362848728895187
1782999915.836117,0.0,0.0,10.0,-0.7111948728561401,52.81907272338867,0.05922896787524223,9.836294174194336,-177.110595703125,0.06362848728895187
1782999915.848135,0.0,0.0,10.0,-0.7111948728561401,52.81907272338867,0.05922896787524223,9.836294174194336,-177.110595703125,0.06362848728895187
1782999915.854129,0.0,0.0,10.0,-0.7113577723503113,52.820587158203125,0.058795154094696045,9.836294174194336,-177.110595703125,0.06362848728895187
1782999915.859777,0.0,0.0,10.0,-0.7113577723503113,52.820587158203125,0.058795154094696045,9.836294174194336,-177.110595703125,0.06362848728895187
1782999915.866141,0.0,0.0,10.0,-0.7113577723503113,52.820587158203125,0.058795154094696045,9.836294174194336,-177.110595703125,0.06362848728895187
1782999915.872678,0.0,0.0,10.0,-0.7113577723503113,52.820587158203125,0.058795154094696045,9.836294174194336,-177.110595703125,0.06362848728895187
1782999915.878421,0.0,0.0,10.0,-0.7113577723503113,52.820587158203125,0.058795154094696045,9.836294174194336,-177.110595703125,0.06362848728895187
1782999915.884165,0.0,0.0,10.0,-0.7113577723503113,52.820587158203125,0.058795154094696045,9.836294174194336,-177.110595703125,0.06362848728895187
1782999915.898608,0.0,0.0,10.0,-0.7113577723503113,52.820587158203125,0.058795154094696045,9.836294174194336,-177.110595703125,0.06362848728895187
1782999915.905133,0.0,0.0,10.0,-0.7113577723503113,52.820587158203125,0.058795154094696045,9.836294174194336,-177.110595703125,0.06362848728895187
1782999915.912071,0.0,0.0,10.0,-0.7106075882911682,52.822147369384766,0.05959319695830345,9.838539123535156,-177.088623046875,0.06178044527769089
1782999915.918055,0.0,0.0,10.0,-0.7106075882911682,52.822147369384766,0.05959319695830345,9.838539123535156,-177.088623046875,0.06178044527769089
1782999915.923899,0.0,0.0,10.0,-0.7106075882911682,52.822147369384766,0.05959319695830345,9.838539123535156,-177.088623046875,0.06178044527769089
1782999915.92947,0.0,0.0,10.0,-0.7106075882911682,52.822147369384766,0.05959319695830345,9.838539123535156,-177.088623046875,0.06178044527769089
1782999915.936552,0.0,0.0,10.0,-0.7106075882911682,52.822147369384766,0.05959319695830345,9.838539123535156,-177.088623046875,0.06178044527769089
1782999915.949202,0.0,0.0,10.0,-0.7106075882911682,52.822147369384766,0.05959319695830345,9.838539123535156,-177.088623046875,0.06178044527769089
1782999915.954762,0.0,0.0,10.0,-0.7110857367515564,52.82194137573242,0.059644609689712524,9.838539123535156,-177.088623046875,0.06178044527769089
1782999915.961976,0.0,0.0,10.0,-0.7110857367515564,52.82194137573242,0.059644609689712524,9.838539123535156,-177.088623046875,0.06178044527769089
1782999915.967667,0.0,0.0,10.0,-0.7110857367515564,52.82194137573242,0.059644609689712524,9.838539123535156,-177.088623046875,0.06178044527769089
1782999915.973216,0.0,0.0,10.0,-0.7110857367515564,52.82194137573242,0.059644609689712524,9.838539123535156,-177.088623046875,0.06178044527769089
1782999915.978742,0.0,0.0,10.0,-0.7110857367515564,52.82194137573242,0.059644609689712524,9.838539123535156,-177.088623046875,0.06178044527769089
1782999915.985308,0.0,0.0,10.0,-0.7110857367515564,52.82194137573242,0.059644609689712524,9.838539123535156,-177.088623046875,0.06178044527769089
1782999915.994064,0.0,0.0,10.0,-0.7110857367515564,52.82194137573242,0.059644609689712524,9.838539123535156,-177.088623046875,0.06178044527769089
1782999916.005483,0.0,0.0,10.0,-0.7110857367515564,52.82194137573242,0.059644609689712524,9.838539123535156,-177.088623046875,0.06178044527769089
1782999916.012656,0.0,0.0,10.0,-0.7120552062988281,52.822120666503906,0.058284830302000046,9.838539123535156,-177.088623046875,0.06178044527769089
1782999916.01882,0.0,0.0,10.0,-0.7120552062988281,52.822120666503906,0.058284830302000046,9.834692001342773,-177.088623046875,0.06440618634223938
1782999916.024959,0.0,0.0,10.0,-0.7120552062988281,52.822120666503906,0.058284830302000046,9.834692001342773,-177.088623046875,0.06440618634223938
1782999916.030998,0.0,0.0,10.0,-0.7120552062988281,52.822120666503906,0.058284830302000046,9.834692001342773,-177.088623046875,0.06440618634223938
1782999916.037291,0.0,0.0,10.0,-0.7120552062988281,52.822120666503906,0.058284830302000046,9.834692001342773,-177.088623046875,0.06440618634223938
1782999916.042617,0.0,0.0,10.0,-0.7120552062988281,52.822120666503906,0.058284830302000046,9.834692001342773,-177.088623046875,0.06440618634223938
1782999916.056182,0.0,0.0,10.0,-0.7120552062988281,52.822120666503906,0.058284830302000046,9.834692001342773,-177.088623046875,0.06440618634223938
1782999916.062713,0.0,0.0,10.0,-0.7116923332214355,52.82189178466797,0.05721963942050934,9.834692001342773,-177.088623046875,0.06440618634223938
1782999916.06892,0.0,0.0,10.0,-0.7116923332214355,52.82189178466797,0.05721963942050934,9.834692001342773,-177.088623046875,0.06440618634223938
1782999916.074706,0.0,0.0,10.0,-0.7116923332214355,52.82189178466797,0.05721963942050934,9.834692001342773,-177.088623046875,0.06440618634223938
1782999916.080499,0.0,0.0,10.0,-0.7116923332214355,52.82189178466797,0.05721963942050934,9.834692001342773,-177.088623046875,0.06440618634223938
1782999916.086505,0.0,0.0,10.0,-0.7116923332214355,52.82189178466797,0.05721963942050934,9.834692001342773,-177.088623046875,0.06440618634223938
1782999916.092131,0.0,0.0,10.0,-0.7116923332214355,52.82189178466797,0.05721963942050934,9.834692001342773,-177.088623046875,0.06440618634223938
1782999916.105121,0.0,0.0,10.0,-0.7116923332214355,52.82189178466797,0.05721963942050934,9.834692001342773,-177.088623046875,0.06440618634223938
1782999916.111103,0.0,0.0,10.0,-0.7113019227981567,52.82188034057617,0.05811750888824463,9.834692001342773,-177.088623046875,0.06440618634223938
1782999916.116992,0.0,0.0,10.0,-0.7113019227981567,52.82188034057617,0.05811750888824463,9.838944435119629,-177.088623046875,0.0621102973818779
1782999916.122883,0.0,0.0,10.0,-0.7113019227981567,52.82188034057617,0.05811750888824463,9.838944435119629,-177.088623046875,0.0621102973818779
1782999916.128313,0.0,0.0,10.0,-0.7113019227981567,52.82188034057617,0.05811750888824463,9.838944435119629,-177.088623046875,0.0621102973818779
1782999916.134698,0.0,0.0,10.0,-0.7113019227981567,52.82188034057617,0.05811750888824463,9.838944435119629,-177.088623046875,0.0621102973818779
1782999916.14061,0.0,0.0,10.0,-0.7113019227981567,52.82188034057617,0.05811750888824463,9.838944435119629,-177.088623046875,0.0621102973818779
1782999916.146405,0.0,0.0,10.0,-0.7113019227981567,52.82188034057617,0.05811750888824463,9.838944435119629,-177.088623046875,0.0621102973818779
1782999916.156239,0.0,0.0,10.0,-0.7113019227981567,52.82188034057617,0.05811750888824463,9.838944435119629,-177.088623046875,0.0621102973818779
1782999916.161874,0.0,0.0,10.0,-0.7125701308250427,52.82212448120117,0.05826180428266525,9.838944435119629,-177.088623046875,0.0621102973818779
1782999916.167227,0.0,0.0,10.0,-0.7125701308250427,52.82212448120117,0.05826180428266525,9.838944435119629,-177.088623046875,0.0621102973818779
1782999916.17276,0.0,0.0,10.0,-0.7125701308250427,52.82212448120117,0.05826180428266525,9.838944435119629,-177.088623046875,0.0621102973818779
1782999916.179079,0.0,0.0,10.0,-0.7125701308250427,52.82212448120117,0.05826180428266525,9.838944435119629,-177.088623046875,0.0621102973818779
1782999916.18547,0.0,0.0,10.0,-0.7125701308250427,52.82212448120117,0.05826180428266525,9.838944435119629,-177.088623046875,0.0621102973818779
1782999916.191741,0.0,0.0,10.0,-0.7125701308250427,52.82212448120117,0.05826180428266525,9.838944435119629,-177.088623046875,0.0621102973818779
1782999916.197615,0.0,0.0,10.0,-0.7125701308250427,52.82212448120117,0.05826180428266525,9.838944435119629,-177.088623046875,0.0621102973818779
1782999916.207609,0.0,0.0,10.0,-0.7125701308250427,52.82212448120117,0.05826180428266525,9.838944435119629,-177.088623046875,0.0621102973818779
1782999916.213892,0.0,0.0,10.0,-0.7135004997253418,52.82210922241211,0.05805845186114311,9.832633018493652,-177.088623046875,0.06314586848020554
1782999916.220051,0.0,0.0,10.0,-0.7135004997253418,52.82210922241211,0.05805845186114311,9.832633018493652,-177.088623046875,0.06314586848020554
1782999916.226279,0.0,0.0,10.0,-0.7135004997253418,52.82210922241211,0.05805845186114311,9.832633018493652,-177.088623046875,0.06314586848020554
1782999916.23271,0.0,0.0,10.0,-0.7135004997253418,52.82210922241211,0.05805845186114311,9.832633018493652,-177.088623046875,0.06314586848020554
1782999916.238083,0.0,0.0,10.0,-0.7135004997253418,52.82210922241211,0.05805845186114311,9.832633018493652,-177.088623046875,0.06314586848020554
1782999916.243689,0.0,0.0,10.0,-0.7135004997253418,52.82210922241211,0.05805845186114311,9.832633018493652,-177.088623046875,0.06314586848020554
1782999916.249999,0.0,0.0,10.0,-0.7135004997253418,52.82210922241211,0.05805845186114311,9.832633018493652,-177.088623046875,0.06314586848020554
1782999916.26347,0.0,0.0,10.0,-0.7135004997253418,52.82210922241211,0.05805845186114311,9.832633018493652,-177.088623046875,0.06314586848020554
1782999916.269826,0.0,0.0,10.0,-0.7126554250717163,52.823089599609375,0.05883986875414848,9.832633018493652,-177.088623046875,0.06314586848020554
1782999916.275626,0.0,0.0,10.0,-0.7126554250717163,52.823089599609375,0.05883986875414848,9.832633018493652,-177.088623046875,0.06314586848020554
1782999916.281088,0.0,0.0,10.0,-0.7126554250717163,52.823089599609375,0.05883986875414848,9.832633018493652,-177.088623046875,0.06314586848020554
1782999916.287974,0.0,0.0,10.0,-0.7126554250717163,52.823089599609375,0.05883986875414848,9.832633018493652,-177.088623046875,0.06314586848020554
1782999916.294244,0.0,0.0,10.0,-0.7126554250717163,52.823089599609375,0.05883986875414848,9.832633018493652,-177.088623046875,0.06314586848020554
1782999916.300686,0.0,0.0,10.0,-0.7126554250717163,52.823089599609375,0.05883986875414848,9.832633018493652,-177.088623046875,0.06314586848020554
1782999916.311058,0.0,0.0,10.0,-0.7126554250717163,52.823089599609375,0.05883986875414848,9.832633018493652,-177.088623046875,0.06314586848020554
1782999916.317007,0.0,0.0,10.0,-0.7121533751487732,52.82285690307617,0.05985211208462715,9.838590621948242,-177.088623046875,0.06406558305025101
1782999916.32484,0.0,0.0,10.0,-0.7121533751487732,52.82285690307617,0.05985211208462715,9.838590621948242,-177.088623046875,0.06406558305025101
1782999916.330618,0.0,0.0,10.0,-0.7121533751487732,52.82285690307617,0.05985211208462715,9.838590621948242,-177.088623046875,0.06406558305025101
1782999916.336029,0.0,0.0,10.0,-0.7121533751487732,52.82285690307617,0.05985211208462715,9.838590621948242,-177.088623046875,0.06406558305025101
1782999916.342524,0.0,0.0,10.0,-0.7121533751487732,52.82285690307617,0.05985211208462715,9.838590621948242,-177.088623046875,0.06406558305025101
1782999916.348559,0.0,0.0,10.0,-0.7121533751487732,52.82285690307617,0.05985211208462715,9.838590621948242,-177.088623046875,0.06406558305025101
1782999916.367474,0.0,0.0,10.0,-0.7121533751487732,52.82285690307617,0.05985211208462715,9.838590621948242,-177.088623046875,0.06406558305025101
1782999916.373204,0.0,0.0,10.0,-0.7131718397140503,52.82304000854492,0.059705834835767746,9.838590621948242,-177.088623046875,0.06406558305025101
1782999916.378907,0.0,0.0,10.0,-0.7131718397140503,52.82304000854492,0.059705834835767746,9.838590621948242,-177.088623046875,0.06406558305025101
1782999916.384946,0.0,0.0,10.0,-0.7131718397140503,52.82304000854492,0.059705834835767746,9.838590621948242,-177.088623046875,0.06406558305025101
1782999916.390723,0.0,0.0,10.0,-0.7131718397140503,52.82304000854492,0.059705834835767746,9.838590621948242,-177.088623046875,0.06406558305025101
1782999916.397013,0.0,0.0,10.0,-0.7131718397140503,52.82304000854492,0.059705834835767746,9.838590621948242,-177.088623046875,0.06406558305025101
1782999916.402555,0.0,0.0,10.0,-0.7131718397140503,52.82304000854492,0.059705834835767746,9.838590621948242,-177.088623046875,0.06406558305025101
1782999916.418021,0.0,0.0,10.0,-0.7131718397140503,52.82304000854492,0.059705834835767746,9.838590621948242,-177.088623046875,0.06406558305025101
1782999916.423817,0.0,0.0,10.0,-0.7139334678649902,52.82382583618164,0.05812961608171463,9.831927299499512,-177.088623046875,0.06235011667013168
1782999916.429352,0.0,0.0,10.0,-0.7139334678649902,52.82382583618164,0.05812961608171463,9.831927299499512,-177.088623046875,0.06235011667013168
1782999916.435516,0.0,0.0,10.0,-0.7139334678649902,52.82382583618164,0.05812961608171463,9.831927299499512,-177.088623046875,0.06235011667013168
1782999916.447878,0.0,0.0,10.0,-0.7139334678649902,52.82382583618164,0.05812961608171463,9.831927299499512,-177.088623046875,0.06235011667013168
1782999916.454757,0.0,0.0,10.0,-0.7139334678649902,52.82382583618164,0.05812961608171463,9.831927299499512,-177.088623046875,0.06235011667013168
1782999916.465194,0.0,0.0,10.0,-0.7125635147094727,52.82425308227539,0.057978689670562744,9.831927299499512,-177.088623046875,0.06235011667013168
1782999916.471159,0.0,0.0,10.0,-0.7125635147094727,52.82425308227539,0.057978689670562744,9.831927299499512,-177.088623046875,0.06235011667013168
1782999916.477712,0.0,0.0,10.0,-0.7125635147094727,52.82425308227539,0.057978689670562744,9.831927299499512,-177.088623046875,0.06235011667013168
1782999916.483903,0.0,0.0,10.0,-0.7125635147094727,52.82425308227539,0.057978689670562744,9.831927299499512,-177.088623046875,0.06235011667013168
1782999916.490695,0.0,0.0,10.0,-0.7125635147094727,52.82425308227539,0.057978689670562744,9.831927299499512,-177.088623046875,0.06235011667013168
1782999916.496822,0.0,0.0,10.0,-0.7125635147094727,52.82425308227539,0.057978689670562744,9.831927299499512,-177.088623046875,0.06235011667013168
1782999916.503325,0.0,0.0,10.0,-0.7125635147094727,52.82425308227539,0.057978689670562744,9.831927299499512,-177.088623046875,0.06235011667013168
1782999916.517474,0.0,0.0,10.0,-0.7130157947540283,52.82419967651367,0.059056948870420456,9.831927299499512,-177.088623046875,0.06235011667013168
1782999916.522915,0.0,0.0,10.0,-0.7130157947540283,52.82419967651367,0.059056948870420456,9.837307929992676,-177.132568359375,0.06403813511133194
1782999916.529208,0.0,0.0,10.0,-0.7130157947540283,52.82419967651367,0.059056948870420456,9.837307929992676,-177.132568359375,0.06403813511133194
1782999916.53504,0.0,0.0,10.0,-0.7130157947540283,52.82419967651367,0.059056948870420456,9.837307929992676,-177.132568359375,0.06403813511133194
1782999916.540574,0.0,0.0,10.0,-0.7130157947540283,52.82419967651367,0.059056948870420456,9.837307929992676,-177.132568359375,0.06403813511133194
1782999916.546259,0.0,0.0,10.0,-0.7130157947540283,52.82419967651367,0.059056948870420456,9.837307929992676,-177.132568359375,0.06403813511133194
1782999916.552656,0.0,0.0,10.0,-0.7130157947540283,52.82419967651367,0.059056948870420456,9.837307929992676,-177.132568359375,0.06403813511133194
1782999916.559728,0.0,0.0,10.0,-0.7142018675804138,52.82310485839844,0.057869620621204376,9.837307929992676,-177.132568359375,0.06403813511133194
1782999916.568762,0.0,0.0,10.0,-0.7142018675804138,52.82310485839844,0.057869620621204376,9.837307929992676,-177.132568359375,0.06403813511133194
1782999916.574927,0.0,0.0,10.0,-0.7142018675804138,52.82310485839844,0.057869620621204376,9.837307929992676,-177.132568359375,0.06403813511133194
1782999916.580576,0.0,0.0,10.0,-0.7142018675804138,52.82310485839844,0.057869620621204376,9.837307929992676,-177.132568359375,0.06403813511133194
1782999916.586316,0.0,0.0,10.0,-0.7142018675804138,52.82310485839844,0.057869620621204376,9.837307929992676,-177.132568359375,0.06403813511133194
1782999916.592549,0.0,0.0,10.0,-0.7142018675804138,52.82310485839844,0.057869620621204376,9.837307929992676,-177.132568359375,0.06403813511133194
1782999916.600349,0.0,0.0,10.0,-0.7142018675804138,52.82310485839844,0.057869620621204376,9.837307929992676,-177.132568359375,0.06403813511133194
1782999916.606288,0.0,0.0,10.0,-0.7142018675804138,52.82310485839844,0.057869620621204376,9.837307929992676,-177.132568359375,0.06403813511133194
1782999916.619778,0.0,0.0,10.0,-0.7127750515937805,52.822410583496094,0.057094696909189224,9.837307929992676,-177.132568359375,0.06403813511133194
1782999916.62717,0.0,0.0,10.0,-0.7127750515937805,52.822410583496094,0.057094696909189224,9.831157684326172,-177.132568359375,0.062183622270822525
1782999916.633335,0.0,0.0,10.0,-0.7127750515937805,52.822410583496094,0.057094696909189224,9.831157684326172,-177.132568359375,0.062183622270822525
1782999916.639217,0.0,0.0,10.0,-0.7127750515937805,52.822410583496094,0.057094696909189224,9.831157684326172,-177.132568359375,0.062183622270822525
1782999916.644784,0.0,0.0,10.0,-0.7127750515937805,52.822410583496094,0.057094696909189224,9.831157684326172,-177.132568359375,0.062183622270822525
1782999916.651349,0.0,0.0,10.0,-0.7127750515937805,52.822410583496094,0.057094696909189224,9.831157684326172,-177.132568359375,0.062183622270822525
1782999916.657191,0.0,0.0,10.0,-0.710992693901062,52.82306671142578,0.05648520961403847,9.831157684326172,-177.132568359375,0.062183622270822525
1782999916.66995,0.0,0.0,10.0,-0.710992693901062,52.82306671142578,0.05648520961403847,9.831157684326172,-177.132568359375,0.062183622270822525
1782999916.676138,0.0,0.0,10.0,-0.710992693901062,52.82306671142578,0.05648520961403847,9.831157684326172,-177.132568359375,0.062183622270822525
1782999916.683315,0.0,0.0,10.0,-0.710992693901062,52.82306671142578,0.05648520961403847,9.831157684326172,-177.132568359375,0.062183622270822525
1782999916.68865,0.0,0.0,10.0,-0.710992693901062,52.82306671142578,0.05648520961403847,9.831157684326172,-177.132568359375,0.062183622270822525
1782999916.694149,0.0,0.0,10.0,-0.710992693901062,52.82306671142578,0.05648520961403847,9.831157684326172,-177.132568359375,0.062183622270822525
1782999916.699544,0.0,0.0,10.0,-0.710992693901062,52.82306671142578,0.05648520961403847,9.831157684326172,-177.132568359375,0.062183622270822525
1782999916.706296,0.0,0.0,10.0,-0.710992693901062,52.82306671142578,0.05648520961403847,9.831157684326172,-177.132568359375,0.062183622270822525
1782999916.71243,0.0,0.0,10.0,-0.7108266949653625,52.82288360595703,0.05653579533100128,9.831157684326172,-177.132568359375,0.062183622270822525
1782999916.722256,0.0,0.0,10.0,-0.7108266949653625,52.82288360595703,0.05653579533100128,9.831157684326172,-177.132568359375,0.062183622270822525
1782999916.72871,0.0,0.0,10.0,-0.7108266949653625,52.82288360595703,0.05653579533100128,9.834308624267578,-177.110595703125,0.06536605209112167
1782999916.734636,0.0,0.0,10.0,-0.7108266949653625,52.82288360595703,0.05653579533100128,9.834308624267578,-177.110595703125,0.06536605209112167
1782999916.740729,0.0,0.0,10.0,-0.7108266949653625,52.82288360595703,0.05653579533100128,9.834308624267578,-177.110595703125,0.06536605209112167
1782999916.746724,0.0,0.0,10.0,-0.7108266949653625,52.82288360595703,0.05653579533100128,9.834308624267578,-177.110595703125,0.06536605209112167
1782999916.753229,0.0,0.0,10.0,-0.7108266949653625,52.82288360595703,0.05653579533100128,9.834308624267578,-177.110595703125,0.06536605209112167
1782999916.759219,0.0,0.0,10.0,-0.7114756107330322,52.82378387451172,0.05533617362380028,9.834308624267578,-177.110595703125,0.06536605209112167
1782999916.77168,0.0,0.0,10.0,-0.7114756107330322,52.82378387451172,0.05533617362380028,9.834308624267578,-177.110595703125,0.06536605209112167
1782999916.777287,0.0,0.0,10.0,-0.7114756107330322,52.82378387451172,0.05533617362380028,9.834308624267578,-177.110595703125,0.06536605209112167
1782999916.782671,0.0,0.0,10.0,-0.7114756107330322,52.82378387451172,0.05533617362380028,9.834308624267578,-177.110595703125,0.06536605209112167
1782999916.788404,0.0,0.0,10.0,-0.7114756107330322,52.82378387451172,0.05533617362380028,9.834308624267578,-177.110595703125,0.06536605209112167
1782999916.793878,0.0,0.0,10.0,-0.7114756107330322,52.82378387451172,0.05533617362380028,9.834308624267578,-177.110595703125,0.06536605209112167
1782999916.799318,0.0,0.0,10.0,-0.7114756107330322,52.82378387451172,0.05533617362380028,9.834308624267578,-177.110595703125,0.06536605209112167
1782999916.804959,0.0,0.0,10.0,-0.7114756107330322,52.82378387451172,0.05533617362380028,9.834308624267578,-177.110595703125,0.06536605209112167
1782999916.810463,0.0,0.0,10.0,-0.71006178855896,52.82440185546875,0.055682308971881866,9.834308624267578,-177.110595703125,0.06536605209112167
1782999916.823548,0.0,0.0,10.0,-0.71006178855896,52.82440185546875,0.055682308971881866,9.834308624267578,-177.110595703125,0.06536605209112167
1782999916.829627,0.0,0.0,10.0,-0.71006178855896,52.82440185546875,0.055682308971881866,9.833797454833984,-177.110595703125,0.06417935341596603
1782999916.835888,0.0,0.0,10.0,-0.71006178855896,52.82440185546875,0.055682308971881866,9.833797454833984,-177.110595703125,0.06417935341596603
1782999916.841284,0.0,0.0,10.0,-0.71006178855896,52.82440185546875,0.055682308971881866,9.833797454833984,-177.110595703125,0.06417935341596603
1782999916.84666,0.0,0.0,10.0,-0.71006178855896,52.82440185546875,0.055682308971881866,9.833797454833984,-177.110595703125,0.06417935341596603
1782999916.852703,0.0,0.0,10.0,-0.71006178855896,52.82440185546875,0.055682308971881866,9.833797454833984,-177.110595703125,0.06417935341596603
1782999916.85821,0.0,0.0,10.0,-0.709585428237915,52.82537078857422,0.05678386241197586,9.833797454833984,-177.110595703125,0.06417935341596603
1782999916.864119,0.0,0.0,10.0,-0.709585428237915,52.82537078857422,0.05678386241197586,9.833797454833984,-177.110595703125,0.06417935341596603
1782999916.876824,0.0,0.0,10.0,-0.709585428237915,52.82537078857422,0.05678386241197586,9.833797454833984,-177.110595703125,0.06417935341596603
1782999916.884191,0.0,0.0,10.0,-0.709585428237915,52.82537078857422,0.05678386241197586,9.833797454833984,-177.110595703125,0.06417935341596603
1782999916.889497,0.0,0.0,10.0,-0.709585428237915,52.82537078857422,0.05678386241197586,9.833797454833984,-177.110595703125,0.06417935341596603
1782999916.89624,0.0,0.0,10.0,-0.709585428237915,52.82537078857422,0.05678386241197586,9.833797454833984,-177.110595703125,0.06417935341596603
1782999916.90159,0.0,0.0,10.0,-0.709585428237915,52.82537078857422,0.05678386241197586,9.833797454833984,-177.110595703125,0.06417935341596603
1782999916.906952,0.0,0.0,10.0,-0.7102063894271851,52.82575607299805,0.056343499571084976,9.833797454833984,-177.110595703125,0.06417935341596603
1782999916.913087,0.0,0.0,10.0,-0.7102063894271851,52.82575607299805,0.056343499571084976,9.833797454833984,-177.110595703125,0.06417935341596603
1782999916.92923,0.0,0.0,10.0,-0.7102063894271851,52.82575607299805,0.056343499571084976,9.833797454833984,-177.110595703125,0.06417935341596603
1782999916.935614,0.0,0.0,10.0,-0.7102063894271851,52.82575607299805,0.056343499571084976,9.833050727844238,-177.132568359375,0.06518303602933884
1782999916.941826,0.0,0.0,10.0,-0.7102063894271851,52.82575607299805,0.056343499571084976,9.833050727844238,-177.132568359375,0.06518303602933884
1782999916.947646,0.0,0.0,10.0,-0.7102063894271851,52.82575607299805,0.056343499571084976,9.833050727844238,-177.132568359375,0.06518303602933884
1782999916.953246,0.0,0.0,10.0,-0.7102063894271851,52.82575607299805,0.056343499571084976,9.833050727844238,-177.132568359375,0.06518303602933884
1782999916.95917,0.0,0.0,10.0,-0.7101936340332031,52.825923919677734,0.0549607090651989,9.833050727844238,-177.132568359375,0.06518303602933884
1782999916.965035,0.0,0.0,10.0,-0.7101936340332031,52.825923919677734,0.0549607090651989,9.833050727844238,-177.132568359375,0.06518303602933884
1782999916.978583,0.0,0.0,10.0,-0.7101936340332031,52.825923919677734,0.0549607090651989,9.833050727844238,-177.132568359375,0.06518303602933884
1782999916.985229,0.0,0.0,10.0,-0.7101936340332031,52.825923919677734,0.0549607090651989,9.833050727844238,-177.132568359375,0.06518303602933884
1782999916.990943,0.0,0.0,10.0,-0.7101936340332031,52.825923919677734,0.0549607090651989,9.833050727844238,-177.132568359375,0.06518303602933884
1782999916.996848,0.0,0.0,10.0,-0.7101936340332031,52.825923919677734,0.0549607090651989,9.833050727844238,-177.132568359375,0.06518303602933884
1782999917.002645,0.0,0.0,10.0,-0.7101936340332031,52.825923919677734,0.0549607090651989,9.833050727844238,-177.132568359375,0.06518303602933884
1782999917.009771,0.0,0.0,10.0,-0.708899974822998,52.82731246948242,0.05576395243406296,9.833050727844238,-177.132568359375,0.06518303602933884
1782999917.015518,0.0,0.0,10.0,-0.708899974822998,52.82731246948242,0.05576395243406296,9.833050727844238,-177.132568359375,0.06518303602933884
1782999917.029585,0.0,0.0,10.0,-0.708899974822998,52.82731246948242,0.05576395243406296,9.833050727844238,-177.132568359375,0.06518303602933884
1782999917.03527,0.0,0.0,10.0,-0.708899974822998,52.82731246948242,0.05576395243406296,9.834404945373535,-177.110595703125,0.06350433081388474
1782999917.040862,0.0,0.0,10.0,-0.708899974822998,52.82731246948242,0.05576395243406296,9.834404945373535,-177.110595703125,0.06350433081388474
1782999917.047194,0.0,0.0,10.0,-0.708899974822998,52.82731246948242,0.05576395243406296,9.834404945373535,-177.110595703125,0.06350433081388474
1782999917.054488,0.0,0.0,10.0,-0.708899974822998,52.82731246948242,0.05576395243406296,9.834404945373535,-177.110595703125,0.06350433081388474
1782999917.0605,0.0,0.0,10.0,-0.7084563970565796,52.826866149902344,0.054367199540138245,9.834404945373535,-177.110595703125,0.06350433081388474
1782999917.065763,0.0,0.0,10.0,-0.7084563970565796,52.826866149902344,0.054367199540138245,9.834404945373535,-177.110595703125,0.06350433081388474
1782999917.079781,0.0,0.0,10.0,-0.7084563970565796,52.826866149902344,0.054367199540138245,9.834404945373535,-177.110595703125,0.06350433081388474
1782999917.086023,0.0,0.0,10.0,-0.7084563970565796,52.826866149902344,0.054367199540138245,9.834404945373535,-177.110595703125,0.06350433081388474
1782999917.091877,0.0,0.0,10.0,-0.7084563970565796,52.826866149902344,0.054367199540138245,9.834404945373535,-177.110595703125,0.06350433081388474
1782999917.099227,0.0,0.0,10.0,-0.7084563970565796,52.826866149902344,0.054367199540138245,9.834404945373535,-177.110595703125,0.06350433081388474
1782999917.105317,0.0,0.0,10.0,-0.7084563970565796,52.826866149902344,0.054367199540138245,9.834404945373535,-177.110595703125,0.06350433081388474
1782999917.111815,0.0,0.0,10.0,-0.7097008228302002,52.82715606689453,0.053515151143074036,9.834404945373535,-177.110595703125,0.06350433081388474
1782999917.117158,0.0,0.0,10.0,-0.7097008228302002,52.82715606689453,0.053515151143074036,9.834404945373535,-177.110595703125,0.06350433081388474
1782999917.131019,0.0,0.0,10.0,-0.7097008228302002,52.82715606689453,0.053515151143074036,9.830133438110352,-177.110595703125,0.06479284912347794
1782999917.137389,0.0,0.0,10.0,-0.7097008228302002,52.82715606689453,0.053515151143074036,9.830133438110352,-177.110595703125,0.06479284912347794
1782999917.143751,0.0,0.0,10.0,-0.7097008228302002,52.82715606689453,0.053515151143074036,9.830133438110352,-177.110595703125,0.06479284912347794
1782999917.149272,0.0,0.0,10.0,-0.7097008228302002,52.82715606689453,0.053515151143074036,9.830133438110352,-177.110595703125,0.06479284912347794
1782999917.155443,0.0,0.0,10.0,-0.7097008228302002,52.82715606689453,0.053515151143074036,9.830133438110352,-177.110595703125,0.06479284912347794
1782999917.161764,0.0,0.0,10.0,-0.7087210416793823,52.82733154296875,0.052877187728881836,9.830133438110352,-177.110595703125,0.06479284912347794
1782999917.167717,0.0,0.0,10.0,-0.7087210416793823,52.82733154296875,0.052877187728881836,9.830133438110352,-177.110595703125,0.06479284912347794
1782999917.181114,0.0,0.0,10.0,-0.7087210416793823,52.82733154296875,0.052877187728881836,9.830133438110352,-177.110595703125,0.06479284912347794
1782999917.187946,0.0,0.0,10.0,-0.7087210416793823,52.82733154296875,0.052877187728881836,9.830133438110352,-177.110595703125,0.06479284912347794
1782999917.193588,0.0,0.0,10.0,-0.7087210416793823,52.82733154296875,0.052877187728881836,9.830133438110352,-177.110595703125,0.06479284912347794
1782999917.199216,0.0,0.0,10.0,-0.7087210416793823,52.82733154296875,0.052877187728881836,9.830133438110352,-177.110595703125,0.06479284912347794
1782999917.205767,0.0,0.0,10.0,-0.7087210416793823,52.82733154296875,0.052877187728881836,9.830133438110352,-177.110595703125,0.06479284912347794
1782999917.213019,0.0,0.0,10.0,-0.7064282298088074,52.8278923034668,0.053184766322374344,9.830133438110352,-177.110595703125,0.06479284912347794
1782999917.218928,0.0,0.0,10.0,-0.7064282298088074,52.8278923034668,0.053184766322374344,9.830133438110352,-177.110595703125,0.06479284912347794
1782999917.224577,0.0,0.0,10.0,-0.7064282298088074,52.8278923034668,0.053184766322374344,9.836166381835938,-177.132568359375,0.06520437449216843
1782999917.23308,0.0,0.0,10.0,-0.7064282298088074,52.8278923034668,0.053184766322374344,9.836166381835938,-177.132568359375,0.06520437449216843
1782999917.240731,0.0,0.0,10.0,-0.7064282298088074,52.8278923034668,0.053184766322374344,9.836166381835938,-177.132568359375,0.06520437449216843
1782999917.247066,0.0,0.0,10.0,-0.7064282298088074,52.8278923034668,0.053184766322374344,9.836166381835938,-177.132568359375,0.06520437449216843
1782999917.254504,0.0,0.0,10.0,-0.7064282298088074,52.8278923034668,0.053184766322374344,9.836166381835938,-177.132568359375,0.06520437449216843
1782999917.261475,0.0,0.0,10.0,-0.7075092792510986,52.82854080200195,0.0536830797791481,9.836166381835938,-177.132568359375,0.06520437449216843
1782999917.267705,0.0,0.0,10.0,-0.7075092792510986,52.82854080200195,0.0536830797791481,9.836166381835938,-177.132568359375,0.06520437449216843
1782999917.273077,0.0,0.0,10.0,-0.7075092792510986,52.82854080200195,0.0536830797791481,9.836166381835938,-177.132568359375,0.06520437449216843
1782999917.284857,0.0,0.0,10.0,-0.7075092792510986,52.82854080200195,0.0536830797791481,9.836166381835938,-177.132568359375,0.06520437449216843
1782999917.290808,0.0,0.0,10.0,-0.7075092792510986,52.82854080200195,0.0536830797791481,9.836166381835938,-177.132568359375,0.06520437449216843
1782999917.297174,0.0,0.0,10.0,-0.7075092792510986,52.82854080200195,0.0536830797791481,9.836166381835938,-177.132568359375,0.06520437449216843
1782999917.303073,0.0,0.0,10.0,-0.7075092792510986,52.82854080200195,0.0536830797791481,9.836166381835938,-177.132568359375,0.06520437449216843
1782999917.30857,0.0,0.0,10.0,-0.7085840702056885,52.829166412353516,0.05273624509572983,9.836166381835938,-177.132568359375,0.06520437449216843
1782999917.31403,0.0,0.0,10.0,-0.7085840702056885,52.829166412353516,0.05273624509572983,9.836166381835938,-177.132568359375,0.06520437449216843
1782999917.320289,0.0,0.0,10.0,-0.7085840702056885,52.829166412353516,0.05273624509572983,9.836166381835938,-177.132568359375,0.06520437449216843
1782999917.325621,0.0,0.0,10.0,-0.7085840702056885,52.829166412353516,0.05273624509572983,9.828431129455566,-177.132568359375,0.06487855315208435
1782999917.33681,0.0,0.0,10.0,-0.7085840702056885,52.829166412353516,0.05273624509572983,9.828431129455566,-177.132568359375,0.06487855315208435
1782999917.342885,0.0,0.0,10.0,-0.7085840702056885,52.829166412353516,0.05273624509572983,9.828431129455566,-177.132568359375,0.06487855315208435
1782999917.349263,0.0,0.0,10.0,-0.7085840702056885,52.829166412353516,0.05273624509572983,9.828431129455566,-177.132568359375,0.06487855315208435
1782999917.354874,0.0,0.0,10.0,-0.7082499861717224,52.830204010009766,0.05317258834838867,9.828431129455566,-177.132568359375,0.06487855315208435
1782999917.360956,0.0,0.0,10.0,-0.7082499861717224,52.830204010009766,0.05317258834838867,9.828431129455566,-177.132568359375,0.06487855315208435
1782999917.36692,0.0,0.0,10.0,-0.7082499861717224,52.830204010009766,0.05317258834838867,9.828431129455566,-177.132568359375,0.06487855315208435
1782999917.372427,0.0,0.0,10.0,-0.7082499861717224,52.830204010009766,0.05317258834838867,9.828431129455566,-177.132568359375,0.06487855315208435
1782999917.379476,0.0,0.0,10.0,-0.7082499861717224,52.830204010009766,0.05317258834838867,9.828431129455566,-177.132568359375,0.06487855315208435
1782999917.38787,0.0,0.0,10.0,-0.7082499861717224,52.830204010009766,0.05317258834838867,9.828431129455566,-177.132568359375,0.06487855315208435
1782999917.393948,0.0,0.0,10.0,-0.7082499861717224,52.830204010009766,0.05317258834838867,9.828431129455566,-177.132568359375,0.06487855315208435
1782999917.400356,0.0,0.0,10.0,-0.7082499861717224,52.830204010009766,0.05317258834838867,9.828431129455566,-177.132568359375,0.06487855315208435
1782999917.405778,0.0,0.0,10.0,-0.7082499861717224,52.830204010009766,0.05317258834838867,9.828431129455566,-177.132568359375,0.06487855315208435
1782999917.412396,0.0,0.0,10.0,-0.7076065540313721,52.83078384399414,0.05423564463853836,9.828431129455566,-177.132568359375,0.06487855315208435
1782999917.417908,0.0,0.0,10.0,-0.7076065540313721,52.83078384399414,0.05423564463853836,9.828431129455566,-177.132568359375,0.06487855315208435
1782999917.423821,0.0,0.0,10.0,-0.7076065540313721,52.83078384399414,0.05423564463853836,9.834736824035645,-177.132568359375,0.06659939140081406
1782999917.42964,0.0,0.0,10.0,-0.7076065540313721,52.83078384399414,0.05423564463853836,9.834736824035645,-177.132568359375,0.06659939140081406
1782999917.439137,0.0,0.0,10.0,-0.7076065540313721,52.83078384399414,0.05423564463853836,9.834736824035645,-177.132568359375,0.06659939140081406
1782999917.444514,0.0,0.0,10.0,-0.7076065540313721,52.83078384399414,0.05423564463853836,9.834736824035645,-177.132568359375,0.06659939140081406
1782999917.449977,0.0,0.0,10.0,-0.7076065540313721,52.83078384399414,0.05423564463853836,9.834736824035645,-177.132568359375,0.06659939140081406
1782999917.455896,0.0,0.0,10.0,-0.7079324722290039,52.829593658447266,0.05416380241513252,9.834736824035645,-177.132568359375,0.06659939140081406
1782999917.461468,0.0,0.0,10.0,-0.7079324722290039,52.829593658447266,0.05416380241513252,9.834736824035645,-177.132568359375,0.06659939140081406
1782999917.467465,0.0,0.0,10.0,-0.7079324722290039,52.829593658447266,0.05416380241513252,9.834736824035645,-177.132568359375,0.06659939140081406
1782999917.472882,0.0,0.0,10.0,-0.7079324722290039,52.829593658447266,0.05416380241513252,9.834736824035645,-177.132568359375,0.06659939140081406
1782999917.478241,0.0,0.0,10.0,-0.7079324722290039,52.829593658447266,0.05416380241513252,9.834736824035645,-177.132568359375,0.06659939140081406
1782999917.49169,0.0,0.0,10.0,-0.7079324722290039,52.829593658447266,0.05416380241513252,9.834736824035645,-177.132568359375,0.06659939140081406
1782999917.498364,0.0,0.0,10.0,-0.7079324722290039,52.829593658447266,0.05416380241513252,9.834736824035645,-177.132568359375,0.06659939140081406
1782999917.50388,0.0,0.0,10.0,-0.7079324722290039,52.829593658447266,0.05416380241513252,9.834736824035645,-177.132568359375,0.06659939140081406
1782999917.509738,0.0,0.0,10.0,-0.7079805731773376,52.82904052734375,0.052749454975128174,9.834736824035645,-177.132568359375,0.06659939140081406
1782999917.516149,0.0,0.0,10.0,-0.7079805731773376,52.82904052734375,0.052749454975128174,9.834736824035645,-177.132568359375,0.06659939140081406
1782999917.527147,0.0,0.0,10.0,-0.7079805731773376,52.82904052734375,0.052749454975128174,9.834736824035645,-177.132568359375,0.06659939140081406
1782999917.535986,0.0,0.0,10.0,-0.7079805731773376,52.82904052734375,0.052749454975128174,9.841938972473145,-177.088623046875,0.066523976624012
1782999917.541675,0.0,0.0,10.0,-0.7079805731773376,52.82904052734375,0.052749454975128174,9.841938972473145,-177.088623046875,0.066523976624012
1782999917.54972,0.0,0.0,10.0,-0.7079805731773376,52.82904052734375,0.052749454975128174,9.841938972473145,-177.088623046875,0.066523976624012
1782999917.561094,0.0,0.0,10.0,-0.7079805731773376,52.82904052734375,0.052749454975128174,9.841938972473145,-177.088623046875,0.066523976624012
1782999917.566714,0.0,0.0,10.0,-0.7078776359558105,52.82798385620117,0.05297157168388367,9.841938972473145,-177.088623046875,0.066523976624012
1782999917.573822,0.0,0.0,10.0,-0.7078776359558105,52.82798385620117,0.05297157168388367,9.841938972473145,-177.088623046875,0.066523976624012
1782999917.579333,0.0,0.0,10.0,-0.7078776359558105,52.82798385620117,0.05297157168388367,9.841938972473145,-177.088623046875,0.066523976624012
1782999917.585604,0.0,0.0,10.0,-0.7078776359558105,52.82798385620117,0.05297157168388367,9.841938972473145,-177.088623046875,0.066523976624012
1782999917.602853,0.0,0.0,10.0,-0.7078776359558105,52.82798385620117,0.05297157168388367,9.841938972473145,-177.088623046875,0.066523976624012
1782999917.608273,0.0,0.0,10.0,-0.7073002457618713,52.82627868652344,0.0520886592566967,9.841938972473145,-177.088623046875,0.066523976624012
1782999917.614403,0.0,0.0,10.0,-0.7073002457618713,52.82627868652344,0.0520886592566967,9.841938972473145,-177.088623046875,0.066523976624012
1782999917.62079,0.0,0.0,10.0,-0.7073002457618713,52.82627868652344,0.0520886592566967,9.841938972473145,-177.088623046875,0.066523976624012
1782999917.626509,0.0,0.0,10.0,-0.7073002457618713,52.82627868652344,0.0520886592566967,9.843207359313965,-177.154541015625,0.06853023916482925
1782999917.632145,0.0,0.0,10.0,-0.7073002457618713,52.82627868652344,0.0520886592566967,9.843207359313965,-177.154541015625,0.06853023916482925
1782999917.638129,0.0,0.0,10.0,-0.7073002457618713,52.82627868652344,0.0520886592566967,9.843207359313965,-177.154541015625,0.06853023916482925
1782999917.651911,0.0,0.0,10.0,-0.7073002457618713,52.82627868652344,0.0520886592566967,9.843207359313965,-177.154541015625,0.06853023916482925
1782999917.657989,0.0,0.0,10.0,-0.7076274752616882,52.82557678222656,0.05188331380486488,9.843207359313965,-177.154541015625,0.06853023916482925
1782999917.664093,0.0,0.0,10.0,-0.7076274752616882,52.82557678222656,0.05188331380486488,9.843207359313965,-177.154541015625,0.06853023916482925
1782999917.669614,0.0,0.0,10.0,-0.7076274752616882,52.82557678222656,0.05188331380486488,9.843207359313965,-177.154541015625,0.06853023916482925
1782999917.67544,0.0,0.0,10.0,-0.7076274752616882,52.82557678222656,0.05188331380486488,9.843207359313965,-177.154541015625,0.06853023916482925
1782999917.68078,0.0,0.0,10.0,-0.7076274752616882,52.82557678222656,0.05188331380486488,9.843207359313965,-177.154541015625,0.06853023916482925
1782999917.687225,0.0,0.0,10.0,-0.7076274752616882,52.82557678222656,0.05188331380486488,9.843207359313965,-177.154541015625,0.06853023916482925
1782999917.693238,0.0,0.0,10.0,-0.7076274752616882,52.82557678222656,0.05188331380486488,9.843207359313965,-177.154541015625,0.06853023916482925
1782999917.701424,0.0,0.0,10.0,-0.7076274752616882,52.82557678222656,0.05188331380486488,9.843207359313965,-177.154541015625,0.06853023916482925
1782999917.708805,0.0,0.0,10.0,-0.7074435353279114,52.82456588745117,0.05209420248866081,9.843207359313965,-177.154541015625,0.06853023916482925
1782999917.714205,0.0,0.0,10.0,-0.7074435353279114,52.82456588745117,0.05209420248866081,9.843207359313965,-177.154541015625,0.06853023916482925
1782999917.720082,0.0,0.0,10.0,-0.7074435353279114,52.82456588745117,0.05209420248866081,9.843207359313965,-177.154541015625,0.06853023916482925
1782999917.725707,0.0,0.0,10.0,-0.7074435353279114,52.82456588745117,0.05209420248866081,9.843207359313965,-177.154541015625,0.06853023916482925
1782999917.731427,0.0,0.0,10.0,-0.7074435353279114,52.82456588745117,0.05209420248866081,9.844085693359375,-177.154541015625,0.06838437914848328
1782999917.737227,0.0,0.0,10.0,-0.7074435353279114,52.82456588745117,0.05209420248866081,9.844085693359375,-177.154541015625,0.06838437914848328
1782999917.743161,0.0,0.0,10.0,-0.7074435353279114,52.82456588745117,0.05209420248866081,9.844085693359375,-177.154541015625,0.06838437914848328
1782999917.7541,0.0,0.0,10.0,-0.7074435353279114,52.82456588745117,0.05209420248866081,9.844085693359375,-177.154541015625,0.06838437914848328
1782999917.760954,0.0,0.0,10.0,-0.7069848775863647,52.823402404785156,0.05219796672463417,9.844085693359375,-177.154541015625,0.06838437914848328
1782999917.767669,0.0,0.0,10.0,-0.7069848775863647,52.823402404785156,0.05219796672463417,9.844085693359375,-177.154541015625,0.06838437914848328
1782999917.773238,0.0,0.0,10.0,-0.7069848775863647,52.823402404785156,0.05219796672463417,9.844085693359375,-177.154541015625,0.06838437914848328
1782999917.779271,0.0,0.0,10.0,-0.7069848775863647,52.823402404785156,0.05219796672463417,9.844085693359375,-177.154541015625,0.06838437914848328
1782999917.785377,0.0,0.0,10.0,-0.7069848775863647,52.823402404785156,0.05219796672463417,9.844085693359375,-177.154541015625,0.06838437914848328
1782999917.79326,0.0,0.0,10.0,-0.7069848775863647,52.823402404785156,0.05219796672463417,9.844085693359375,-177.154541015625,0.06838437914848328
1782999917.805068,0.0,0.0,10.0,-0.7069848775863647,52.823402404785156,0.05219796672463417,9.844085693359375,-177.154541015625,0.06838437914848328
1782999917.810526,0.0,0.0,10.0,-0.7066267728805542,52.82286834716797,0.05257317051291466,9.844085693359375,-177.154541015625,0.06838437914848328
1782999917.816014,0.0,0.0,10.0,-0.7066267728805542,52.82286834716797,0.05257317051291466,9.844085693359375,-177.154541015625,0.06838437914848328
1782999917.82303,0.0,0.0,10.0,-0.7066267728805542,52.82286834716797,0.05257317051291466,9.844085693359375,-177.154541015625,0.06838437914848328
1782999917.829429,0.0,0.0,10.0,-0.7066267728805542,52.82286834716797,0.05257317051291466,9.844085693359375,-177.154541015625,0.06838437914848328
1782999917.835665,0.0,0.0,10.0,-0.7066267728805542,52.82286834716797,0.05257317051291466,9.841983795166016,-177.176513671875,0.06831372529268265
1782999917.841131,0.0,0.0,10.0,-0.7066267728805542,52.82286834716797,0.05257317051291466,9.841983795166016,-177.176513671875,0.06831372529268265
1782999917.848419,0.0,0.0,10.0,-0.7066267728805542,52.82286834716797,0.05257317051291466,9.841983795166016,-177.176513671875,0.06831372529268265
1782999917.859466,0.0,0.0,10.0,-0.7066267728805542,52.82286834716797,0.05257317051291466,9.841983795166016,-177.176513671875,0.06831372529268265
1782999917.865576,0.0,0.0,10.0,-0.7060806155204773,52.822784423828125,0.05251467227935791,9.841983795166016,-177.176513671875,0.06831372529268265
1782999917.873426,0.0,0.0,10.0,-0.7060806155204773,52.822784423828125,0.05251467227935791,9.841983795166016,-177.176513671875,0.06831372529268265
1782999917.879201,0.0,0.0,10.0,-0.7060806155204773,52.822784423828125,0.05251467227935791,9.841983795166016,-177.176513671875,0.06831372529268265
1782999917.88498,0.0,0.0,10.0,-0.7060806155204773,52.822784423828125,0.05251467227935791,9.841983795166016,-177.176513671875,0.06831372529268265
1782999917.890682,0.0,0.0,10.0,-0.7060806155204773,52.822784423828125,0.05251467227935791,9.841983795166016,-177.176513671875,0.06831372529268265
1782999917.897006,0.0,0.0,10.0,-0.7060806155204773,52.822784423828125,0.05251467227935791,9.841983795166016,-177.176513671875,0.06831372529268265
1782999917.911165,0.0,0.0,10.0,-0.7060806155204773,52.822784423828125,0.05251467227935791,9.841983795166016,-177.176513671875,0.06831372529268265
1782999917.917586,0.0,0.0,10.0,-0.7058467864990234,52.82256317138672,0.052267637103796005,9.841983795166016,-177.176513671875,0.06831372529268265
1782999917.923103,0.0,0.0,10.0,-0.7058467864990234,52.82256317138672,0.052267637103796005,9.841983795166016,-177.176513671875,0.06831372529268265
1782999917.929315,0.0,0.0,10.0,-0.7058467864990234,52.82256317138672,0.052267637103796005,9.841983795166016,-177.176513671875,0.06831372529268265
1782999917.938035,0.0,0.0,10.0,-0.7058467864990234,52.82256317138672,0.052267637103796005,9.845808029174805,-177.110595703125,0.06954345107078552
1782999917.944079,0.0,0.0,10.0,-0.7058467864990234,52.82256317138672,0.052267637103796005,9.845808029174805,-177.110595703125,0.06954345107078552
1782999917.949897,0.0,0.0,10.0,-0.7058467864990234,52.82256317138672,0.052267637103796005,9.845808029174805,-177.110595703125,0.06954345107078552
1782999917.962234,0.0,0.0,10.0,-0.7058467864990234,52.82256317138672,0.052267637103796005,9.845808029174805,-177.110595703125,0.06954345107078552
1782999917.968133,0.0,0.0,10.0,-0.7076229453086853,52.82206726074219,0.05322002246975899,9.845808029174805,-177.110595703125,0.06954345107078552
1782999917.973994,0.0,0.0,10.0,-0.7076229453086853,52.82206726074219,0.05322002246975899,9.845808029174805,-177.110595703125,0.06954345107078552
1782999917.979425,0.0,0.0,10.0,-0.7076229453086853,52.82206726074219,0.05322002246975899,9.845808029174805,-177.110595703125,0.06954345107078552
1782999917.984764,0.0,0.0,10.0,-0.7076229453086853,52.82206726074219,0.05322002246975899,9.845808029174805,-177.110595703125,0.06954345107078552
1782999917.992827,0.0,0.0,10.0,-0.7076229453086853,52.82206726074219,0.05322002246975899,9.845808029174805,-177.110595703125,0.06954345107078552
1782999917.998955,0.0,0.0,10.0,-0.7076229453086853,52.82206726074219,0.05322002246975899,9.845808029174805,-177.110595703125,0.06954345107078552
1782999918.011072,0.0,0.0,10.0,-0.7076229453086853,52.82206726074219,0.05322002246975899,9.845808029174805,-177.110595703125,0.06954345107078552
1782999918.017548,0.0,0.0,10.0,-0.7066254019737244,52.820980072021484,0.05294913798570633,9.845808029174805,-177.110595703125,0.06954345107078552
1782999918.023063,0.0,0.0,10.0,-0.7066254019737244,52.820980072021484,0.05294913798570633,9.845808029174805,-177.110595703125,0.06954345107078552
1782999918.028948,0.0,0.0,10.0,-0.7066254019737244,52.820980072021484,0.05294913798570633,9.845808029174805,-177.110595703125,0.06954345107078552
1782999918.035472,0.0,0.0,10.0,-0.7066254019737244,52.820980072021484,0.05294913798570633,9.843099594116211,-177.154541015625,0.06798236817121506
1782999918.041346,0.0,0.0,10.0,-0.7066254019737244,52.820980072021484,0.05294913798570633,9.843099594116211,-177.154541015625,0.06798236817121506
1782999918.046745,0.0,0.0,10.0,-0.7066254019737244,52.820980072021484,0.05294913798570633,9.843099594116211,-177.154541015625,0.06798236817121506
1782999918.053193,0.0,0.0,10.0,-0.7066254019737244,52.820980072021484,0.05294913798570633,9.843099594116211,-177.154541015625,0.06798236817121506
1782999918.062837,0.0,0.0,10.0,-0.7066254019737244,52.820980072021484,0.05294913798570633,9.843099594116211,-177.154541015625,0.06798236817121506
1782999918.069845,0.0,0.0,10.0,-0.7064111232757568,52.821414947509766,0.053211573511362076,9.843099594116211,-177.154541015625,0.06798236817121506
1782999918.075939,0.0,0.0,10.0,-0.7064111232757568,52.821414947509766,0.053211573511362076,9.843099594116211,-177.154541015625,0.06798236817121506
1782999918.081358,0.0,0.0,10.0,-0.7064111232757568,52.821414947509766,0.053211573511362076,9.843099594116211,-177.154541015625,0.06798236817121506
1782999918.087347,0.0,0.0,10.0,-0.7064111232757568,52.821414947509766,0.053211573511362076,9.843099594116211,-177.154541015625,0.06798236817121506
1782999918.093216,0.0,0.0,10.0,-0.7064111232757568,52.821414947509766,0.053211573511362076,9.843099594116211,-177.154541015625,0.06798236817121506
1782999918.099216,0.0,0.0,10.0,-0.7064111232757568,52.821414947509766,0.053211573511362076,9.843099594116211,-177.154541015625,0.06798236817121506
1782999918.10609,0.0,0.0,10.0,-0.7062379121780396,52.82125473022461,0.05394013598561287,9.843099594116211,-177.154541015625,0.06798236817121506
1782999918.116251,0.0,0.0,10.0,-0.7062379121780396,52.82125473022461,0.05394013598561287,9.843099594116211,-177.154541015625,0.06798236817121506
1782999918.123011,0.0,0.0,10.0,-0.7062379121780396,52.82125473022461,0.05394013598561287,9.843099594116211,-177.154541015625,0.06798236817121506
1782999918.128731,0.0,0.0,10.0,-0.7062379121780396,52.82125473022461,0.05394013598561287,9.842327117919922,-177.154541015625,0.06649821996688843
1782999918.134126,0.0,0.0,10.0,-0.7062379121780396,52.82125473022461,0.05394013598561287,9.842327117919922,-177.154541015625,0.06649821996688843
1782999918.140347,0.0,0.0,10.0,-0.7062379121780396,52.82125473022461,0.05394013598561287,9.842327117919922,-177.154541015625,0.06649821996688843
1782999918.147084,0.0,0.0,10.0,-0.7062379121780396,52.82125473022461,0.05394013598561287,9.842327117919922,-177.154541015625,0.06649821996688843
1782999918.152924,0.0,0.0,10.0,-0.7062379121780396,52.82125473022461,0.05394013598561287,9.842327117919922,-177.154541015625,0.06649821996688843
1782999918.164874,0.0,0.0,10.0,-0.7062379121780396,52.82125473022461,0.05394013598561287,9.842327117919922,-177.154541015625,0.06649821996688843
1782999918.171924,0.0,0.0,10.0,-0.7069817185401917,52.82167053222656,0.054322585463523865,9.842327117919922,-177.154541015625,0.06649821996688843
1782999918.178149,0.0,0.0,10.0,-0.7069817185401917,52.82167053222656,0.054322585463523865,9.842327117919922,-177.154541015625,0.06649821996688843
1782999918.184063,0.0,0.0,10.0,-0.7069817185401917,52.82167053222656,0.054322585463523865,9.842327117919922,-177.154541015625,0.06649821996688843
1782999918.189553,0.0,0.0,10.0,-0.7069817185401917,52.82167053222656,0.054322585463523865,9.842327117919922,-177.154541015625,0.06649821996688843
1782999918.195861,0.0,0.0,10.0,-0.7069817185401917,52.82167053222656,0.054322585463523865,9.842327117919922,-177.154541015625,0.06649821996688843
1782999918.202552,0.0,0.0,10.0,-0.7069817185401917,52.82167053222656,0.054322585463523865,9.842327117919922,-177.154541015625,0.06649821996688843
1782999918.208332,0.0,0.0,10.0,-0.7062954902648926,52.822174072265625,0.05558552220463753,9.842327117919922,-177.154541015625,0.06649821996688843
1782999918.214073,0.0,0.0,10.0,-0.7062954902648926,52.822174072265625,0.05558552220463753,9.842327117919922,-177.154541015625,0.06649821996688843
1782999918.219667,0.0,0.0,10.0,-0.7062954902648926,52.822174072265625,0.05558552220463753,9.842327117919922,-177.154541015625,0.06649821996688843
1782999918.22532,0.0,0.0,10.0,-0.7062954902648926,52.822174072265625,0.05558552220463753,9.842327117919922,-177.154541015625,0.06649821996688843
1782999918.231475,0.0,0.0,10.0,-0.7062954902648926,52.822174072265625,0.05558552220463753,9.844762802124023,-177.154541015625,0.06669899076223373
1782999918.240421,0.0,0.0,10.0,-0.7062954902648926,52.822174072265625,0.05558552220463753,9.844762802124023,-177.154541015625,0.06669899076223373
1782999918.247414,0.0,0.0,10.0,-0.7062954902648926,52.822174072265625,0.05558552220463753,9.844762802124023,-177.154541015625,0.06669899076223373
1782999918.255065,0.0,0.0,10.0,-0.7062954902648926,52.822174072265625,0.05558552220463753,9.844762802124023,-177.154541015625,0.06669899076223373
1782999918.268384,0.0,0.0,10.0,-0.7070340514183044,52.82249069213867,0.056239813566207886,9.844762802124023,-177.154541015625,0.06669899076223373
1782999918.273889,0.0,0.0,10.0,-0.7070340514183044,52.82249069213867,0.056239813566207886,9.844762802124023,-177.154541015625,0.06669899076223373
1782999918.280511,0.0,0.0,10.0,-0.7070340514183044,52.82249069213867,0.056239813566207886,9.844762802124023,-177.154541015625,0.06669899076223373
1782999918.288064,0.0,0.0,10.0,-0.7070340514183044,52.82249069213867,0.056239813566207886,9.844762802124023,-177.154541015625,0.06669899076223373
1782999918.294208,0.0,0.0,10.0,-0.7070340514183044,52.82249069213867,0.056239813566207886,9.844762802124023,-177.154541015625,0.06669899076223373
1782999918.300428,0.0,0.0,10.0,-0.7070340514183044,52.82249069213867,0.056239813566207886,9.844762802124023,-177.154541015625,0.06669899076223373
1782999918.307261,0.0,0.0,10.0,-0.7086836099624634,52.8231086730957,0.055629663169384,9.844762802124023,-177.154541015625,0.06669899076223373
1782999918.320264,0.0,0.0,10.0,-0.7086836099624634,52.8231086730957,0.055629663169384,9.844762802124023,-177.154541015625,0.06669899076223373
1782999918.326289,0.0,0.0,10.0,-0.7086836099624634,52.8231086730957,0.055629663169384,9.844762802124023,-177.154541015625,0.06669899076223373
1782999918.332347,0.0,0.0,10.0,-0.7086836099624634,52.8231086730957,0.055629663169384,9.841540336608887,-177.110595703125,0.06719916313886642
1782999918.338403,0.0,0.0,10.0,-0.7086836099624634,52.8231086730957,0.055629663169384,9.841540336608887,-177.110595703125,0.06719916313886642
1782999918.344473,0.0,0.0,10.0,-0.7086836099624634,52.8231086730957,0.055629663169384,9.841540336608887,-177.110595703125,0.06719916313886642
1782999918.350514,0.0,0.0,10.0,-0.7086836099624634,52.8231086730957,0.055629663169384,9.841540336608887,-177.110595703125,0.06719916313886642
1782999918.356626,0.0,0.0,10.0,-0.7080447673797607,52.823246002197266,0.05634088069200516,9.841540336608887,-177.110595703125,0.06719916313886642
1782999918.362614,0.0,0.0,10.0,-0.7080447673797607,52.823246002197266,0.05634088069200516,9.841540336608887,-177.110595703125,0.06719916313886642
1782999918.372089,0.0,0.0,10.0,-0.7080447673797607,52.823246002197266,0.05634088069200516,9.841540336608887,-177.110595703125,0.06719916313886642
1782999918.378212,0.0,0.0,10.0,-0.7080447673797607,52.823246002197266,0.05634088069200516,9.841540336608887,-177.110595703125,0.06719916313886642
1782999918.384085,0.0,0.0,10.0,-0.7080447673797607,52.823246002197266,0.05634088069200516,9.841540336608887,-177.110595703125,0.06719916313886642
1782999918.390147,0.0,0.0,10.0,-0.7080447673797607,52.823246002197266,0.05634088069200516,9.841540336608887,-177.110595703125,0.06719916313886642
1782999918.395644,0.0,0.0,10.0,-0.7080447673797607,52.823246002197266,0.05634088069200516,9.841540336608887,-177.110595703125,0.06719916313886642
1782999918.402003,0.0,0.0,10.0,-0.7080447673797607,52.823246002197266,0.05634088069200516,9.841540336608887,-177.110595703125,0.06719916313886642
1782999918.408598,0.0,0.0,10.0,-0.7080965042114258,52.82378005981445,0.05780862271785736,9.841540336608887,-177.110595703125,0.06719916313886642
1782999918.414498,0.0,0.0,10.0,-0.7080965042114258,52.82378005981445,0.05780862271785736,9.841540336608887,-177.110595703125,0.06719916313886642
1782999918.424229,0.0,0.0,10.0,-0.7080965042114258,52.82378005981445,0.05780862271785736,9.841540336608887,-177.110595703125,0.06719916313886642
1782999918.430649,0.0,0.0,10.0,-0.7080965042114258,52.82378005981445,0.05780862271785736,9.841540336608887,-177.110595703125,0.06719916313886642
1782999918.437399,0.0,0.0,10.0,-0.7080965042114258,52.82378005981445,0.05780862271785736,9.845664024353027,-177.132568359375,0.06669319421052933
1782999918.443449,0.0,0.0,10.0,-0.7080965042114258,52.82378005981445,0.05780862271785736,9.845664024353027,-177.132568359375,0.06669319421052933
1782999918.449212,0.0,0.0,10.0,-0.7080965042114258,52.82378005981445,0.05780862271785736,9.845664024353027,-177.132568359375,0.06669319421052933
1782999918.456168,0.0,0.0,10.0,-0.7087849378585815,52.8232536315918,0.05801874026656151,9.845664024353027,-177.132568359375,0.06669319421052933
1782999918.462187,0.0,0.0,10.0,-0.7087849378585815,52.8232536315918,0.05801874026656151,9.845664024353027,-177.132568359375,0.06669319421052933
1782999918.475969,0.0,0.0,10.0,-0.7087849378585815,52.8232536315918,0.05801874026656151,9.845664024353027,-177.132568359375,0.06669319421052933
1782999918.481916,0.0,0.0,10.0,-0.7087849378585815,52.8232536315918,0.05801874026656151,9.845664024353027,-177.132568359375,0.06669319421052933
1782999918.487995,0.0,0.0,10.0,-0.7087849378585815,52.8232536315918,0.05801874026656151,9.845664024353027,-177.132568359375,0.06669319421052933
1782999918.494401,0.0,0.0,10.0,-0.7087849378585815,52.8232536315918,0.05801874026656151,9.845664024353027,-177.132568359375,0.06669319421052933
1782999918.500408,0.0,0.0,10.0,-0.7087849378585815,52.8232536315918,0.05801874026656151,9.845664024353027,-177.132568359375,0.06669319421052933
1782999918.506783,0.0,0.0,10.0,-0.7106587290763855,52.82283401489258,0.059178803116083145,9.845664024353027,-177.132568359375,0.06669319421052933
1782999918.512983,0.0,0.0,10.0,-0.7106587290763855,52.82283401489258,0.059178803116083145,9.845664024353027,-177.132568359375,0.06669319421052933
1782999918.527485,0.0,0.0,10.0,-0.7106587290763855,52.82283401489258,0.059178803116083145,9.845664024353027,-177.132568359375,0.06669319421052933
1782999918.533125,0.0,0.0,10.0,-0.7106587290763855,52.82283401489258,0.059178803116083145,9.845664024353027,-177.132568359375,0.06669319421052933
1782999918.538754,0.0,0.0,10.0,-0.7106587290763855,52.82283401489258,0.059178803116083145,9.840982437133789,-177.154541015625,0.06450454145669937
1782999918.545865,0.0,0.0,10.0,-0.7106587290763855,52.82283401489258,0.059178803116083145,9.840982437133789,-177.154541015625,0.06450454145669937
1782999918.55258,0.0,0.0,10.0,-0.7106587290763855,52.82283401489258,0.059178803116083145,9.840982437133789,-177.154541015625,0.06450454145669937
1782999918.558832,0.0,0.0,10.0,-0.7100853323936462,52.8226318359375,0.06071920320391655,9.840982437133789,-177.154541015625,0.06450454145669937
1782999918.565563,0.0,0.0,10.0,-0.7100853323936462,52.8226318359375,0.06071920320391655,9.840982437133789,-177.154541015625,0.06450454145669937
1782999918.581985,0.0,0.0,10.0,-0.7100853323936462,52.8226318359375,0.06071920320391655,9.840982437133789,-177.154541015625,0.06450454145669937
1782999918.588124,0.0,0.0,10.0,-0.7100853323936462,52.8226318359375,0.06071920320391655,9.840982437133789,-177.154541015625,0.06450454145669937
1782999918.596051,0.0,0.0,10.0,-0.7100853323936462,52.8226318359375,0.06071920320391655,9.840982437133789,-177.154541015625,0.06450454145669937
1782999918.606468,0.0,0.0,10.0,-0.7100853323936462,52.8226318359375,0.06071920320391655,9.840982437133789,-177.154541015625,0.06450454145669937
1782999918.612175,0.0,0.0,10.0,-0.7106344699859619,52.82241439819336,0.06041840836405754,9.840982437133789,-177.154541015625,0.06450454145669937
1782999918.617858,0.0,0.0,10.0,-0.7106344699859619,52.82241439819336,0.06041840836405754,9.840982437133789,-177.154541015625,0.06450454145669937
1782999918.63047,0.0,0.0,10.0,-0.7106344699859619,52.82241439819336,0.06041840836405754,9.840982437133789,-177.154541015625,0.06450454145669937
1782999918.637033,0.0,0.0,10.0,-0.7106344699859619,52.82241439819336,0.06041840836405754,9.843856811523438,-177.198486328125,0.06398244202136993
1782999918.643061,0.0,0.0,10.0,-0.7106344699859619,52.82241439819336,0.06041840836405754,9.843856811523438,-177.198486328125,0.06398244202136993
1782999918.649595,0.0,0.0,10.0,-0.7106344699859619,52.82241439819336,0.06041840836405754,9.843856811523438,-177.198486328125,0.06398244202136993
1782999918.655513,0.0,0.0,10.0,-0.7110877633094788,52.82257843017578,0.05994855985045433,9.843856811523438,-177.198486328125,0.06398244202136993
1782999918.661058,0.0,0.0,10.0,-0.7110877633094788,52.82257843017578,0.05994855985045433,9.843856811523438,-177.198486328125,0.06398244202136993
1782999918.666515,0.0,0.0,10.0,-0.7110877633094788,52.82257843017578,0.05994855985045433,9.843856811523438,-177.198486328125,0.06398244202136993
1782999918.672324,0.0,0.0,10.0,-0.7110877633094788,52.82257843017578,0.05994855985045433,9.843856811523438,-177.198486328125,0.06398244202136993
1782999918.682255,0.0,0.0,10.0,-0.7110877633094788,52.82257843017578,0.05994855985045433,9.843856811523438,-177.198486328125,0.06398244202136993
1782999918.688706,0.0,0.0,10.0,-0.7110877633094788,52.82257843017578,0.05994855985045433,9.843856811523438,-177.198486328125,0.06398244202136993
1782999918.694602,0.0,0.0,10.0,-0.7110877633094788,52.82257843017578,0.05994855985045433,9.843856811523438,-177.198486328125,0.06398244202136993
1782999918.700776,0.0,0.0,10.0,-0.7110877633094788,52.82257843017578,0.05994855985045433,9.843856811523438,-177.198486328125,0.06398244202136993
1782999918.706371,0.0,0.0,10.0,-0.7106127142906189,52.822174072265625,0.06036577373743057,9.843856811523438,-177.198486328125,0.06398244202136993
1782999918.713247,0.0,0.0,10.0,-0.7106127142906189,52.822174072265625,0.06036577373743057,9.843856811523438,-177.198486328125,0.06398244202136993
1782999918.719003,0.0,0.0,10.0,-0.7106127142906189,52.822174072265625,0.06036577373743057,9.843856811523438,-177.198486328125,0.06398244202136993
1782999918.733578,0.0,0.0,10.0,-0.7106127142906189,52.822174072265625,0.06036577373743057,9.843856811523438,-177.198486328125,0.06398244202136993
1782999918.740462,0.0,0.0,10.0,-0.7106127142906189,52.822174072265625,0.06036577373743057,9.841609954833984,-177.154541015625,0.06393980979919434
1782999918.746365,0.0,0.0,10.0,-0.7106127142906189,52.822174072265625,0.06036577373743057,9.841609954833984,-177.154541015625,0.06393980979919434
1782999918.75303,0.0,0.0,10.0,-0.7106127142906189,52.822174072265625,0.06036577373743057,9.841609954833984,-177.154541015625,0.06393980979919434
1782999918.759055,0.0,0.0,10.0,-0.7097101807594299,52.823631286621094,0.06125805526971817,9.841609954833984,-177.154541015625,0.06393980979919434
1782999918.765587,0.0,0.0,10.0,-0.7097101807594299,52.823631286621094,0.06125805526971817,9.841609954833984,-177.154541015625,0.06393980979919434
1782999918.771356,0.0,0.0,10.0,-0.7097101807594299,52.823631286621094,0.06125805526971817,9.841609954833984,-177.154541015625,0.06393980979919434
1782999918.783392,0.0,0.0,10.0,-0.7097101807594299,52.823631286621094,0.06125805526971817,9.841609954833984,-177.154541015625,0.06393980979919434
1782999918.789988,0.0,0.0,10.0,-0.7097101807594299,52.823631286621094,0.06125805526971817,9.841609954833984,-177.154541015625,0.06393980979919434
1782999918.796483,0.0,0.0,10.0,-0.7097101807594299,52.823631286621094,0.06125805526971817,9.841609954833984,-177.154541015625,0.06393980979919434
1782999918.802849,0.0,0.0,10.0,-0.7097101807594299,52.823631286621094,0.06125805526971817,9.841609954833984,-177.154541015625,0.06393980979919434
1782999918.810105,0.0,0.0,10.0,-0.7103627920150757,52.824493408203125,0.06083289533853531,9.841609954833984,-177.154541015625,0.06393980979919434
1782999918.817147,0.0,0.0,10.0,-0.7103627920150757,52.824493408203125,0.06083289533853531,9.841609954833984,-177.154541015625,0.06393980979919434
1782999918.824126,0.0,0.0,10.0,-0.7103627920150757,52.824493408203125,0.06083289533853531,9.841609954833984,-177.154541015625,0.06393980979919434
1782999918.833967,0.0,0.0,10.0,-0.7103627920150757,52.824493408203125,0.06083289533853531,9.841609954833984,-177.154541015625,0.06393980979919434
1782999918.840641,0.0,0.0,10.0,-0.7103627920150757,52.824493408203125,0.06083289533853531,9.840473175048828,-177.154541015625,0.06380320340394974
1782999918.846319,0.0,0.0,10.0,-0.7103627920150757,52.824493408203125,0.06083289533853531,9.840473175048828,-177.154541015625,0.06380320340394974
1782999918.851679,0.0,0.0,10.0,-0.7103627920150757,52.824493408203125,0.06083289533853531,9.840473175048828,-177.154541015625,0.06380320340394974
1782999918.857319,0.0,0.0,10.0,-0.7122613787651062,52.82503890991211,0.06010407209396362,9.840473175048828,-177.154541015625,0.06380320340394974
1782999918.863239,0.0,0.0,10.0,-0.7122613787651062,52.82503890991211,0.06010407209396362,9.840473175048828,-177.154541015625,0.06380320340394974
1782999918.868823,0.0,0.0,10.0,-0.7122613787651062,52.82503890991211,0.06010407209396362,9.840473175048828,-177.154541015625,0.06380320340394974
1782999918.875324,0.0,0.0,10.0,-0.7122613787651062,52.82503890991211,0.06010407209396362,9.840473175048828,-177.154541015625,0.06380320340394974
1782999918.88427,0.0,0.0,10.0,-0.7122613787651062,52.82503890991211,0.06010407209396362,9.840473175048828,-177.154541015625,0.06380320340394974
1782999918.889828,0.0,0.0,10.0,-0.7122613787651062,52.82503890991211,0.06010407209396362,9.840473175048828,-177.154541015625,0.06380320340394974
1782999918.896601,0.0,0.0,10.0,-0.7122613787651062,52.82503890991211,0.06010407209396362,9.840473175048828,-177.154541015625,0.06380320340394974
1782999918.903123,0.0,0.0,10.0,-0.7122613787651062,52.82503890991211,0.06010407209396362,9.840473175048828,-177.154541015625,0.06380320340394974
1782999918.909198,0.0,0.0,10.0,-0.710107684135437,52.82532501220703,0.06054345518350601,9.840473175048828,-177.154541015625,0.06380320340394974
1782999918.916425,0.0,0.0,10.0,-0.710107684135437,52.82532501220703,0.06054345518350601,9.840473175048828,-177.154541015625,0.06380320340394974
1782999918.922506,0.0,0.0,10.0,-0.710107684135437,52.82532501220703,0.06054345518350601,9.840473175048828,-177.154541015625,0.06380320340394974
1782999918.937015,0.0,0.0,10.0,-0.710107684135437,52.82532501220703,0.06054345518350601,9.840473175048828,-177.154541015625,0.06380320340394974
1782999918.94262,0.0,0.0,10.0,-0.710107684135437,52.82532501220703,0.06054345518350601,9.84294319152832,-177.132568359375,0.06255131959915161
1782999918.948844,0.0,0.0,10.0,-0.710107684135437,52.82532501220703,0.06054345518350601,9.84294319152832,-177.132568359375,0.06255131959915161
1782999918.954994,0.0,0.0,10.0,-0.710107684135437,52.82532501220703,0.06054345518350601,9.84294319152832,-177.132568359375,0.06255131959915161
1782999918.961834,0.0,0.0,10.0,-0.709757924079895,52.82502365112305,0.06076275184750557,9.84294319152832,-177.132568359375,0.06255131959915161
1782999918.967466,0.0,0.0,10.0,-0.709757924079895,52.82502365112305,0.06076275184750557,9.84294319152832,-177.132568359375,0.06255131959915161
1782999918.973292,0.0,0.0,10.0,-0.709757924079895,52.82502365112305,0.06076275184750557,9.84294319152832,-177.132568359375,0.06255131959915161
1782999918.988285,0.0,0.0,10.0,-0.709757924079895,52.82502365112305,0.06076275184750557,9.84294319152832,-177.132568359375,0.06255131959915161
1782999918.994143,0.0,0.0,10.0,-0.709757924079895,52.82502365112305,0.06076275184750557,9.84294319152832,-177.132568359375,0.06255131959915161
1782999918.999925,0.0,0.0,10.0,-0.709757924079895,52.82502365112305,0.06076275184750557,9.84294319152832,-177.132568359375,0.06255131959915161
1782999919.0058,0.0,0.0,10.0,-0.709757924079895,52.82502365112305,0.06076275184750557,9.84294319152832,-177.132568359375,0.06255131959915161
1782999919.013102,0.0,0.0,10.0,-0.710562527179718,52.824161529541016,0.06055144965648651,9.84294319152832,-177.132568359375,0.06255131959915161
1782999919.019297,0.0,0.0,10.0,-0.710562527179718,52.824161529541016,0.06055144965648651,9.84294319152832,-177.132568359375,0.06255131959915161
1782999919.025911,0.0,0.0,10.0,-0.710562527179718,52.824161529541016,0.06055144965648651,9.84294319152832,-177.132568359375,0.06255131959915161
1782999919.041236,0.0,0.0,10.0,-0.710562527179718,52.824161529541016,0.06055144965648651,9.84294319152832,-177.132568359375,0.06255131959915161
1782999919.046902,0.0,0.0,10.0,-0.710562527179718,52.824161529541016,0.06055144965648651,9.83978271484375,-177.154541015625,0.061253294348716736
1782999919.05241,0.0,0.0,10.0,-0.710562527179718,52.824161529541016,0.06055144965648651,9.83978271484375,-177.154541015625,0.061253294348716736
1782999919.05791,0.0,0.0,10.0,-0.7115259766578674,52.82313537597656,0.06017308309674263,9.83978271484375,-177.154541015625,0.061253294348716736
1782999919.064608,0.0,0.0,10.0,-0.7115259766578674,52.82313537597656,0.06017308309674263,9.83978271484375,-177.154541015625,0.061253294348716736
1782999919.069975,0.0,0.0,10.0,-0.7115259766578674,52.82313537597656,0.06017308309674263,9.83978271484375,-177.154541015625,0.061253294348716736
1782999919.075776,0.0,0.0,10.0,-0.7115259766578674,52.82313537597656,0.06017308309674263,9.83978271484375,-177.154541015625,0.061253294348716736
1782999919.089417,0.0,0.0,10.0,-0.7115259766578674,52.82313537597656,0.06017308309674263,9.83978271484375,-177.154541015625,0.061253294348716736
1782999919.096164,0.0,0.0,10.0,-0.7115259766578674,52.82313537597656,0.06017308309674263,9.83978271484375,-177.154541015625,0.061253294348716736
1782999919.102857,0.0,0.0,10.0,-0.7115259766578674,52.82313537597656,0.06017308309674263,9.83978271484375,-177.154541015625,0.061253294348716736
1782999919.108543,0.0,0.0,10.0,-0.7107028961181641,52.821807861328125,0.06075897067785263,9.83978271484375,-177.154541015625,0.061253294348716736
1782999919.114697,0.0,0.0,10.0,-0.7107028961181641,52.821807861328125,0.06075897067785263,9.83978271484375,-177.154541015625,0.061253294348716736
1782999919.12103,0.0,0.0,10.0,-0.7107028961181641,52.821807861328125,0.06075897067785263,9.83978271484375,-177.154541015625,0.061253294348716736
1782999919.127457,0.0,0.0,10.0,-0.7107028961181641,52.821807861328125,0.06075897067785263,9.83978271484375,-177.154541015625,0.061253294348716736
1782999919.140284,0.0,0.0,10.0,-0.7107028961181641,52.821807861328125,0.06075897067785263,9.83978271484375,-177.154541015625,0.061253294348716736
1782999919.146717,0.0,0.0,10.0,-0.7107028961181641,52.821807861328125,0.06075897067785263,9.843661308288574,-177.154541015625,0.06044391542673111
1782999919.152205,0.0,0.0,10.0,-0.7107028961181641,52.821807861328125,0.06075897067785263,9.843661308288574,-177.154541015625,0.06044391542673111
1782999919.157899,0.0,0.0,10.0,-0.7110215425491333,52.82048416137695,0.06058994308114052,9.843661308288574,-177.154541015625,0.06044391542673111
1782999919.164242,0.0,0.0,10.0,-0.7110215425491333,52.82048416137695,0.06058994308114052,9.843661308288574,-177.154541015625,0.06044391542673111
1782999919.170588,0.0,0.0,10.0,-0.7110215425491333,52.82048416137695,0.06058994308114052,9.843661308288574,-177.154541015625,0.06044391542673111
1782999919.176721,0.0,0.0,10.0,-0.7110215425491333,52.82048416137695,0.06058994308114052,9.843661308288574,-177.154541015625,0.06044391542673111
1782999919.18307,0.0,0.0,10.0,-0.7110215425491333,52.82048416137695,0.06058994308114052,9.843661308288574,-177.154541015625,0.06044391542673111
1782999919.192055,0.0,0.0,10.0,-0.7110215425491333,52.82048416137695,0.06058994308114052,9.843661308288574,-177.154541015625,0.06044391542673111
1782999919.19762,0.0,0.0,10.0,-0.7110215425491333,52.82048416137695,0.06058994308114052,9.843661308288574,-177.154541015625,0.06044391542673111
1782999919.203075,0.0,0.0,10.0,-0.7110215425491333,52.82048416137695,0.06058994308114052,9.843661308288574,-177.154541015625,0.06044391542673111
1782999919.209183,0.0,0.0,10.0,-0.7109670639038086,52.81858825683594,0.06030147522687912,9.843661308288574,-177.154541015625,0.06044391542673111
1782999919.216327,0.0,0.0,10.0,-0.7109670639038086,52.81858825683594,0.06030147522687912,9.843661308288574,-177.154541015625,0.06044391542673111
1782999919.223045,0.0,0.0,10.0,-0.7109670639038086,52.81858825683594,0.06030147522687912,9.843661308288574,-177.154541015625,0.06044391542673111
1782999919.230051,0.0,0.0,10.0,-0.7109670639038086,52.81858825683594,0.06030147522687912,9.843661308288574,-177.154541015625,0.06044391542673111
1782999919.243888,0.0,0.0,10.0,-0.7109670639038086,52.81858825683594,0.06030147522687912,9.843661308288574,-177.154541015625,0.06044391542673111
1782999919.250158,0.0,0.0,10.0,-0.7109670639038086,52.81858825683594,0.06030147522687912,9.83946418762207,-177.132568359375,0.06006281077861786
1782999919.25544,0.0,0.0,10.0,-0.7117189764976501,52.817440032958984,0.0612928532063961,9.83946418762207,-177.132568359375,0.06006281077861786
1782999919.261534,0.0,0.0,10.0,-0.7117189764976501,52.817440032958984,0.0612928532063961,9.83946418762207,-177.132568359375,0.06006281077861786
1782999919.267128,0.0,0.0,10.0,-0.7117189764976501,52.817440032958984,0.0612928532063961,9.83946418762207,-177.132568359375,0.06006281077861786
1782999919.272748,0.0,0.0,10.0,-0.7117189764976501,52.817440032958984,0.0612928532063961,9.83946418762207,-177.132568359375,0.06006281077861786
1782999919.278218,0.0,0.0,10.0,-0.7117189764976501,52.817440032958984,0.0612928532063961,9.83946418762207,-177.132568359375,0.06006281077861786
1782999919.283909,0.0,0.0,10.0,-0.7117189764976501,52.817440032958984,0.0612928532063961,9.83946418762207,-177.132568359375,0.06006281077861786
1782999919.294249,0.0,0.0,10.0,-0.7117189764976501,52.817440032958984,0.0612928532063961,9.83946418762207,-177.132568359375,0.06006281077861786
1782999919.300224,0.0,0.0,10.0,-0.7117189764976501,52.817440032958984,0.0612928532063961,9.83946418762207,-177.132568359375,0.06006281077861786
1782999919.306091,0.0,0.0,10.0,-0.7119960188865662,52.816749572753906,0.06102021783590317,9.83946418762207,-177.132568359375,0.06006281077861786
1782999919.311513,0.0,0.0,10.0,-0.7119960188865662,52.816749572753906,0.06102021783590317,9.83946418762207,-177.132568359375,0.06006281077861786
1782999919.316947,0.0,0.0,10.0,-0.7119960188865662,52.816749572753906,0.06102021783590317,9.83946418762207,-177.132568359375,0.06006281077861786
1782999919.323791,0.0,0.0,10.0,-0.7119960188865662,52.816749572753906,0.06102021783590317,9.83946418762207,-177.132568359375,0.06006281077861786
1782999919.330111,0.0,0.0,10.0,-0.7119960188865662,52.816749572753906,0.06102021783590317,9.83946418762207,-177.132568359375,0.06006281077861786
1782999919.336268,0.0,0.0,10.0,-0.7119960188865662,52.816749572753906,0.06102021783590317,9.83946418762207,-177.132568359375,0.06006281077861786
1782999919.346169,0.0,0.0,10.0,-0.7119960188865662,52.816749572753906,0.06102021783590317,9.83946418762207,-177.132568359375,0.06006281077861786
1782999919.351852,0.0,0.0,10.0,-0.7119960188865662,52.816749572753906,0.06102021783590317,9.841957092285156,-177.154541015625,0.05949178710579872
1782999919.357643,0.0,0.0,10.0,-0.7121291756629944,52.81592559814453,0.06123417615890503,9.841957092285156,-177.154541015625,0.05949178710579872
1782999919.363698,0.0,0.0,10.0,-0.7121291756629944,52.81592559814453,0.06123417615890503,9.841957092285156,-177.154541015625,0.05949178710579872
1782999919.369864,0.0,0.0,10.0,-0.7121291756629944,52.81592559814453,0.06123417615890503,9.841957092285156,-177.154541015625,0.05949178710579872
1782999919.376089,0.0,0.0,10.0,-0.7121291756629944,52.81592559814453,0.06123417615890503,9.841957092285156,-177.154541015625,0.05949178710579872
1782999919.3818,0.0,0.0,10.0,-0.7121291756629944,52.81592559814453,0.06123417615890503,9.841957092285156,-177.154541015625,0.05949178710579872
1782999919.388199,0.0,0.0,10.0,-0.7121291756629944,52.81592559814453,0.06123417615890503,9.841957092285156,-177.154541015625,0.05949178710579872
1782999919.393818,0.0,0.0,10.0,-0.7121291756629944,52.81592559814453,0.06123417615890503,9.841957092285156,-177.154541015625,0.05949178710579872
1782999919.400332,0.0,0.0,10.0,-0.7121291756629944,52.81592559814453,0.06123417615890503,9.841957092285156,-177.154541015625,0.05949178710579872
1782999919.405994,0.0,0.0,10.0,-0.7121291756629944,52.81592559814453,0.06123417615890503,9.841957092285156,-177.154541015625,0.05949178710579872
1782999919.413196,0.0,0.0,10.0,-0.7128934860229492,52.81505584716797,0.060564931482076645,9.841957092285156,-177.154541015625,0.05949178710579872
1782999919.426755,0.0,0.0,10.0,-0.7128934860229492,52.81505584716797,0.060564931482076645,9.841957092285156,-177.154541015625,0.05949178710579872
1782999919.43234,0.0,0.0,10.0,-0.7128934860229492,52.81505584716797,0.060564931482076645,9.841957092285156,-177.154541015625,0.05949178710579872
1782999919.439524,0.0,0.0,10.0,-0.7128934860229492,52.81505584716797,0.060564931482076645,9.841957092285156,-177.154541015625,0.05949178710579872
1782999919.449648,0.0,0.0,10.0,-0.7128934860229492,52.81505584716797,0.060564931482076645,9.841957092285156,-177.154541015625,0.05949178710579872
1782999919.45526,0.0,0.0,10.0,-0.712588369846344,52.81438446044922,0.06083645299077034,9.837857246398926,-177.132568359375,0.0594082772731781
1782999919.460682,0.0,0.0,10.0,-0.712588369846344,52.81438446044922,0.06083645299077034,9.837857246398926,-177.132568359375,0.0594082772731781
1782999919.466213,0.0,0.0,10.0,-0.712588369846344,52.81438446044922,0.06083645299077034,9.837857246398926,-177.132568359375,0.0594082772731781
1782999919.472795,0.0,0.0,10.0,-0.712588369846344,52.81438446044922,0.06083645299077034,9.837857246398926,-177.132568359375,0.0594082772731781
1782999919.479833,0.0,0.0,10.0,-0.712588369846344,52.81438446044922,0.06083645299077034,9.837857246398926,-177.132568359375,0.0594082772731781
1782999919.485244,0.0,0.0,10.0,-0.712588369846344,52.81438446044922,0.06083645299077034,9.837857246398926,-177.132568359375,0.0594082772731781
1782999919.491267,0.0,0.0,10.0,-0.712588369846344,52.81438446044922,0.06083645299077034,9.837857246398926,-177.132568359375,0.0594082772731781
1782999919.503215,0.0,0.0,10.0,-0.712588369846344,52.81438446044922,0.06083645299077034,9.837857246398926,-177.132568359375,0.0594082772731781
1782999919.510079,0.0,0.0,10.0,-0.7111431956291199,52.81432342529297,0.060476984828710556,9.837857246398926,-177.132568359375,0.0594082772731781
1782999919.516368,0.0,0.0,10.0,-0.7111431956291199,52.81432342529297,0.060476984828710556,9.837857246398926,-177.132568359375,0.0594082772731781
1782999919.521817,0.0,0.0,10.0,-0.7111431956291199,52.81432342529297,0.060476984828710556,9.837857246398926,-177.132568359375,0.0594082772731781
1782999919.527906,0.0,0.0,10.0,-0.7111431956291199,52.81432342529297,0.060476984828710556,9.837857246398926,-177.132568359375,0.0594082772731781
1782999919.533942,0.0,0.0,10.0,-0.7111431956291199,52.81432342529297,0.060476984828710556,9.837857246398926,-177.132568359375,0.0594082772731781
1782999919.53967,0.0,0.0,10.0,-0.7111431956291199,52.81432342529297,0.060476984828710556,9.837857246398926,-177.132568359375,0.0594082772731781
1782999919.553699,0.0,0.0,10.0,-0.7111431956291199,52.81432342529297,0.060476984828710556,9.837857246398926,-177.132568359375,0.0594082772731781
1782999919.560495,0.0,0.0,10.0,-0.7108917236328125,52.81349563598633,0.06162146478891373,9.840235710144043,-177.154541015625,0.060005515813827515
1782999919.566865,0.0,0.0,10.0,-0.7108917236328125,52.81349563598633,0.06162146478891373,9.840235710144043,-177.154541015625,0.060005515813827515
1782999919.572303,0.0,0.0,10.0,-0.7108917236328125,52.81349563598633,0.06162146478891373,9.840235710144043,-177.154541015625,0.060005515813827515
1782999919.578773,0.0,0.0,10.0,-0.7108917236328125,52.81349563598633,0.06162146478891373,9.840235710144043,-177.154541015625,0.060005515813827515
1782999919.584978,0.0,0.0,10.0,-0.7108917236328125,52.81349563598633,0.06162146478891373,9.840235710144043,-177.154541015625,0.060005515813827515
1782999919.590371,0.0,0.0,10.0,-0.7108917236328125,52.81349563598633,0.06162146478891373,9.840235710144043,-177.154541015625,0.060005515813827515
1782999919.596754,0.0,0.0,10.0,-0.7108917236328125,52.81349563598633,0.06162146478891373,9.840235710144043,-177.154541015625,0.060005515813827515
1782999919.608663,0.0,0.0,10.0,-0.7108917236328125,52.81349563598633,0.06162146478891373,9.840235710144043,-177.154541015625,0.060005515813827515
1782999919.615046,0.0,0.0,10.0,-0.7111541628837585,52.812828063964844,0.06203420087695122,9.840235710144043,-177.154541015625,0.060005515813827515
1782999919.621366,0.0,0.0,10.0,-0.7111541628837585,52.812828063964844,0.06203420087695122,9.840235710144043,-177.154541015625,0.060005515813827515
1782999919.626969,0.0,0.0,10.0,-0.7111541628837585,52.812828063964844,0.06203420087695122,9.840235710144043,-177.154541015625,0.060005515813827515
1782999919.632311,0.0,0.0,10.0,-0.7111541628837585,52.812828063964844,0.06203420087695122,9.840235710144043,-177.154541015625,0.060005515813827515
1782999919.638807,0.0,0.0,10.0,-0.7111541628837585,52.812828063964844,0.06203420087695122,9.840235710144043,-177.154541015625,0.060005515813827515
1782999919.645268,0.0,0.0,10.0,-0.7111541628837585,52.812828063964844,0.06203420087695122,9.840235710144043,-177.154541015625,0.060005515813827515
1782999919.659298,0.0,0.0,10.0,-0.7111541628837585,52.812828063964844,0.06203420087695122,9.837265968322754,-177.154541015625,0.06107988581061363
1782999919.66567,0.0,0.0,10.0,-0.7110429406166077,52.81285858154297,0.062237419188022614,9.837265968322754,-177.154541015625,0.06107988581061363
1782999919.671768,0.0,0.0,10.0,-0.7110429406166077,52.81285858154297,0.062237419188022614,9.837265968322754,-177.154541015625,0.06107988581061363
1782999919.67891,0.0,0.0,10.0,-0.7110429406166077,52.81285858154297,0.062237419188022614,9.837265968322754,-177.154541015625,0.06107988581061363
1782999919.684883,0.0,0.0,10.0,-0.7110429406166077,52.81285858154297,0.062237419188022614,9.837265968322754,-177.154541015625,0.06107988581061363
1782999919.690637,0.0,0.0,10.0,-0.7110429406166077,52.81285858154297,0.062237419188022614,9.837265968322754,-177.154541015625,0.06107988581061363
1782999919.696844,0.0,0.0,10.0,-0.7110429406166077,52.81285858154297,0.062237419188022614,9.837265968322754,-177.154541015625,0.06107988581061363
1782999919.706114,0.0,0.0,10.0,-0.7110429406166077,52.81285858154297,0.062237419188022614,9.837265968322754,-177.154541015625,0.06107988581061363
1782999919.712919,0.0,0.0,10.0,-0.7106622457504272,52.8128776550293,0.061370935291051865,9.837265968322754,-177.154541015625,0.06107988581061363
1782999919.719469,0.0,0.0,10.0,-0.7106622457504272,52.8128776550293,0.061370935291051865,9.837265968322754,-177.154541015625,0.06107988581061363
1782999919.725232,0.0,0.0,10.0,-0.7106622457504272,52.8128776550293,0.061370935291051865,9.837265968322754,-177.154541015625,0.06107988581061363
1782999919.73128,0.0,0.0,10.0,-0.7106622457504272,52.8128776550293,0.061370935291051865,9.837265968322754,-177.154541015625,0.06107988581061363
1782999919.736767,0.0,0.0,10.0,-0.7106622457504272,52.8128776550293,0.061370935291051865,9.837265968322754,-177.154541015625,0.06107988581061363
1782999919.742417,0.0,0.0,10.0,-0.7106622457504272,52.8128776550293,0.061370935291051865,9.837265968322754,-177.154541015625,0.06107988581061363
1782999919.748741,0.0,0.0,10.0,-0.7106622457504272,52.8128776550293,0.061370935291051865,9.839021682739258,-177.154541015625,0.061073653399944305
1782999919.760804,0.0,0.0,10.0,-0.7106622457504272,52.8128776550293,0.061370935291051865,9.839021682739258,-177.154541015625,0.061073653399944305
1782999919.767035,0.0,0.0,10.0,-0.7109384536743164,52.81209182739258,0.061188988387584686,9.839021682739258,-177.154541015625,0.061073653399944305
1782999919.772863,0.0,0.0,10.0,-0.7109384536743164,52.81209182739258,0.061188988387584686,9.839021682739258,-177.154541015625,0.061073653399944305
1782999919.778518,0.0,0.0,10.0,-0.7109384536743164,52.81209182739258,0.061188988387584686,9.839021682739258,-177.154541015625,0.061073653399944305
1782999919.785688,0.0,0.0,10.0,-0.7109384536743164,52.81209182739258,0.061188988387584686,9.839021682739258,-177.154541015625,0.061073653399944305
1782999919.793853,0.0,0.0,10.0,-0.7109384536743164,52.81209182739258,0.061188988387584686,9.839021682739258,-177.154541015625,0.061073653399944305
1782999919.799861,0.0,0.0,10.0,-0.7109384536743164,52.81209182739258,0.061188988387584686,9.839021682739258,-177.154541015625,0.061073653399944305
1782999919.807228,0.0,0.0,10.0,-0.7109384536743164,52.81209182739258,0.061188988387584686,9.839021682739258,-177.154541015625,0.061073653399944305
1782999919.813782,0.0,0.0,10.0,-0.7106274366378784,52.81239318847656,0.06082364544272423,9.839021682739258,-177.154541015625,0.061073653399944305
1782999919.820019,0.0,0.0,10.0,-0.7106274366378784,52.81239318847656,0.06082364544272423,9.839021682739258,-177.154541015625,0.061073653399944305
1782999919.82625,0.0,0.0,10.0,-0.7106274366378784,52.81239318847656,0.06082364544272423,9.839021682739258,-177.154541015625,0.061073653399944305
1782999919.832661,0.0,0.0,10.0,-0.7106274366378784,52.81239318847656,0.06082364544272423,9.839021682739258,-177.154541015625,0.061073653399944305
1782999919.837998,0.0,0.0,10.0,-0.7106274366378784,52.81239318847656,0.06082364544272423,9.839021682739258,-177.154541015625,0.061073653399944305
1782999919.843951,0.0,0.0,10.0,-0.7106274366378784,52.81239318847656,0.06082364544272423,9.839021682739258,-177.154541015625,0.061073653399944305
1782999919.850414,0.0,0.0,10.0,-0.7106274366378784,52.81239318847656,0.06082364544272423,9.836782455444336,-177.154541015625,0.05905266851186752
1782999919.862022,0.0,0.0,10.0,-0.7106274366378784,52.81239318847656,0.06082364544272423,9.836782455444336,-177.154541015625,0.05905266851186752
1782999919.867946,0.0,0.0,10.0,-0.7109848856925964,52.81275939941406,0.061239346861839294,9.836782455444336,-177.154541015625,0.05905266851186752
1782999919.874108,0.0,0.0,10.0,-0.7109848856925964,52.81275939941406,0.061239346861839294,9.836782455444336,-177.154541015625,0.05905266851186752
1782999919.8795,0.0,0.0,10.0,-0.7109848856925964,52.81275939941406,0.061239346861839294,9.836782455444336,-177.154541015625,0.05905266851186752
1782999919.886033,0.0,0.0,10.0,-0.7109848856925964,52.81275939941406,0.061239346861839294,9.836782455444336,-177.154541015625,0.05905266851186752
1782999919.892438,0.0,0.0,10.0,-0.7109848856925964,52.81275939941406,0.061239346861839294,9.836782455444336,-177.154541015625,0.05905266851186752
1782999919.898733,0.0,0.0,10.0,-0.7109848856925964,52.81275939941406,0.061239346861839294,9.836782455444336,-177.154541015625,0.05905266851186752
1782999919.911229,0.0,0.0,10.0,-0.7109848856925964,52.81275939941406,0.061239346861839294,9.836782455444336,-177.154541015625,0.05905266851186752
1782999919.917312,0.0,0.0,10.0,-0.7092371582984924,52.81330108642578,0.06102234125137329,9.836782455444336,-177.154541015625,0.05905266851186752
1782999919.923083,0.0,0.0,10.0,-0.7092371582984924,52.81330108642578,0.06102234125137329,9.836782455444336,-177.154541015625,0.05905266851186752
1782999919.929012,0.0,0.0,10.0,-0.7092371582984924,52.81330108642578,0.06102234125137329,9.836782455444336,-177.154541015625,0.05905266851186752
1782999919.936257,0.0,0.0,10.0,-0.7092371582984924,52.81330108642578,0.06102234125137329,9.836782455444336,-177.154541015625,0.05905266851186752
1782999919.942009,0.0,0.0,10.0,-0.7092371582984924,52.81330108642578,0.06102234125137329,9.836782455444336,-177.154541015625,0.05905266851186752
1782999919.948069,0.0,0.0,10.0,-0.7092371582984924,52.81330108642578,0.06102234125137329,9.83764934539795,-177.154541015625,0.059969235211610794
1782999919.961766,0.0,0.0,10.0,-0.7092371582984924,52.81330108642578,0.06102234125137329,9.83764934539795,-177.154541015625,0.059969235211610794
1782999919.967446,0.0,0.0,10.0,-0.7099383473396301,52.81336212158203,0.06139767915010452,9.83764934539795,-177.154541015625,0.059969235211610794
1782999919.973557,0.0,0.0,10.0,-0.7099383473396301,52.81336212158203,0.06139767915010452,9.83764934539795,-177.154541015625,0.059969235211610794
1782999919.979725,0.0,0.0,10.0,-0.7099383473396301,52.81336212158203,0.06139767915010452,9.83764934539795,-177.154541015625,0.059969235211610794
1782999919.98693,0.0,0.0,10.0,-0.7099383473396301,52.81336212158203,0.06139767915010452,9.83764934539795,-177.154541015625,0.059969235211610794
1782999919.993358,0.0,0.0,10.0,-0.7099383473396301,52.81336212158203,0.06139767915010452,9.83764934539795,-177.154541015625,0.059969235211610794
1782999919.999355,0.0,0.0,10.0,-0.7099383473396301,52.81336212158203,0.06139767915010452,9.83764934539795,-177.154541015625,0.059969235211610794
1782999920.005352,0.0,0.0,10.0,-0.7099383473396301,52.81336212158203,0.06139767915010452,9.83764934539795,-177.154541015625,0.059969235211610794
1782999920.014715,0.0,0.0,10.0,-0.7099383473396301,52.81336212158203,0.06139767915010452,9.83764934539795,-177.154541015625,0.059969235211610794
1782999920.021069,0.0,0.0,10.0,-0.7103978395462036,52.813636779785156,0.061106905341148376,9.83764934539795,-177.154541015625,0.059969235211610794
1782999920.026861,0.0,0.0,10.0,-0.7103978395462036,52.813636779785156,0.061106905341148376,9.83764934539795,-177.154541015625,0.059969235211610794
1782999920.033282,0.0,0.0,10.0,-0.7103978395462036,52.813636779785156,0.061106905341148376,9.83764934539795,-177.154541015625,0.059969235211610794
1782999920.03946,0.0,0.0,10.0,-0.7103978395462036,52.813636779785156,0.061106905341148376,9.83764934539795,-177.154541015625,0.059969235211610794
1782999920.04506,0.0,0.0,10.0,-0.7103978395462036,52.813636779785156,0.061106905341148376,9.835976600646973,-177.176513671875,0.06080830842256546
1782999920.051267,0.0,0.0,10.0,-0.7103978395462036,52.813636779785156,0.061106905341148376,9.835976600646973,-177.176513671875,0.06080830842256546
1782999920.057752,0.0,0.0,10.0,-0.7101407647132874,52.81296157836914,0.06152154505252838,9.835976600646973,-177.176513671875,0.06080830842256546
1782999920.070427,0.0,0.0,10.0,-0.7101407647132874,52.81296157836914,0.06152154505252838,9.835976600646973,-177.176513671875,0.06080830842256546
1782999920.076388,0.0,0.0,10.0,-0.7101407647132874,52.81296157836914,0.06152154505252838,9.835976600646973,-177.176513671875,0.06080830842256546
1782999920.081989,0.0,0.0,10.0,-0.7101407647132874,52.81296157836914,0.06152154505252838,9.835976600646973,-177.176513671875,0.06080830842256546
1782999920.087747,0.0,0.0,10.0,-0.7101407647132874,52.81296157836914,0.06152154505252838,9.835976600646973,-177.176513671875,0.06080830842256546
1782999920.095191,0.0,0.0,10.0,-0.7101407647132874,52.81296157836914,0.06152154505252838,9.835976600646973,-177.176513671875,0.06080830842256546
1782999920.101093,0.0,0.0,10.0,-0.7101407647132874,52.81296157836914,0.06152154505252838,9.835976600646973,-177.176513671875,0.06080830842256546
1782999920.10672,0.0,0.0,10.0,-0.7101407647132874,52.81296157836914,0.06152154505252838,9.835976600646973,-177.176513671875,0.06080830842256546
1782999920.117737,0.0,0.0,10.0,-0.7111928462982178,52.81291580200195,0.061533957719802856,9.835976600646973,-177.176513671875,0.06080830842256546
1782999920.124042,0.0,0.0,10.0,-0.7111928462982178,52.81291580200195,0.061533957719802856,9.835976600646973,-177.176513671875,0.06080830842256546
1782999920.129996,0.0,0.0,10.0,-0.7111928462982178,52.81291580200195,0.061533957719802856,9.835976600646973,-177.176513671875,0.06080830842256546
1782999920.135601,0.0,0.0,10.0,-0.7111928462982178,52.81291580200195,0.061533957719802856,9.835976600646973,-177.176513671875,0.06080830842256546
1782999920.141779,0.0,0.0,10.0,-0.7111928462982178,52.81291580200195,0.061533957719802856,9.835976600646973,-177.176513671875,0.06080830842256546
1782999920.147446,0.0,0.0,10.0,-0.7111928462982178,52.81291580200195,0.061533957719802856,9.836793899536133,-177.198486328125,0.06073998659849167
1782999920.153806,0.0,0.0,10.0,-0.7111928462982178,52.81291580200195,0.061533957719802856,9.836793899536133,-177.198486328125,0.06073998659849167
1782999920.160165,0.0,0.0,10.0,-0.7116187214851379,52.81190872192383,0.06120169907808304,9.836793899536133,-177.198486328125,0.06073998659849167
1782999920.169276,0.0,0.0,10.0,-0.7116187214851379,52.81190872192383,0.06120169907808304,9.836793899536133,-177.198486328125,0.06073998659849167
1782999920.174959,0.0,0.0,10.0,-0.7116187214851379,52.81190872192383,0.06120169907808304,9.836793899536133,-177.198486328125,0.06073998659849167
1782999920.182087,0.0,0.0,10.0,-0.7116187214851379,52.81190872192383,0.06120169907808304,9.836793899536133,-177.198486328125,0.06073998659849167
1782999920.1881,0.0,0.0,10.0,-0.7116187214851379,52.81190872192383,0.06120169907808304,9.836793899536133,-177.198486328125,0.06073998659849167
1782999920.19374,0.0,0.0,10.0,-0.7116187214851379,52.81190872192383,0.06120169907808304,9.836793899536133,-177.198486328125,0.06073998659849167
1782999920.199144,0.0,0.0,10.0,-0.7116187214851379,52.81190872192383,0.06120169907808304,9.836793899536133,-177.198486328125,0.06073998659849167
1782999920.20468,0.0,0.0,10.0,-0.7114300727844238,52.81060791015625,0.060102786868810654,9.836793899536133,-177.198486328125,0.06073998659849167
1782999920.211915,0.0,0.0,10.0,-0.7114300727844238,52.81060791015625,0.060102786868810654,9.836793899536133,-177.198486328125,0.06073998659849167
1782999920.219885,0.0,0.0,10.0,-0.7114300727844238,52.81060791015625,0.060102786868810654,9.836793899536133,-177.198486328125,0.06073998659849167
1782999920.22613,0.0,0.0,10.0,-0.7114300727844238,52.81060791015625,0.060102786868810654,9.836793899536133,-177.198486328125,0.06073998659849167
1782999920.231612,0.0,0.0,10.0,-0.7114300727844238,52.81060791015625,0.060102786868810654,9.836793899536133,-177.198486328125,0.06073998659849167
1782999920.238056,0.0,0.0,10.0,-0.7114300727844238,52.81060791015625,0.060102786868810654,9.836793899536133,-177.198486328125,0.06073998659849167
1782999920.244212,0.0,0.0,10.0,-0.7114300727844238,52.81060791015625,0.060102786868810654,9.836793899536133,-177.198486328125,0.06073998659849167
1782999920.250145,0.0,0.0,10.0,-0.7114300727844238,52.81060791015625,0.060102786868810654,9.838350296020508,-177.176513671875,0.06242423877120018
1782999920.256644,0.0,0.0,10.0,-0.7109920978546143,52.80915832519531,0.060971274971961975,9.838350296020508,-177.176513671875,0.06242423877120018
1782999920.263292,0.0,0.0,10.0,-0.7109920978546143,52.80915832519531,0.060971274971961975,9.838350296020508,-177.176513671875,0.06242423877120018
1782999920.272962,0.0,0.0,10.0,-0.7109920978546143,52.80915832519531,0.060971274971961975,9.838350296020508,-177.176513671875,0.06242423877120018
1782999920.278902,0.0,0.0,10.0,-0.7109920978546143,52.80915832519531,0.060971274971961975,9.838350296020508,-177.176513671875,0.06242423877120018
1782999920.285497,0.0,0.0,10.0,-0.7109920978546143,52.80915832519531,0.060971274971961975,9.838350296020508,-177.176513671875,0.06242423877120018
1782999920.291302,0.0,0.0,10.0,-0.7109920978546143,52.80915832519531,0.060971274971961975,9.838350296020508,-177.176513671875,0.06242423877120018
1782999920.297655,0.0,0.0,10.0,-0.7109920978546143,52.80915832519531,0.060971274971961975,9.838350296020508,-177.176513671875,0.06242423877120018
1782999920.303862,0.0,0.0,10.0,-0.7109920978546143,52.80915832519531,0.060971274971961975,9.838350296020508,-177.176513671875,0.06242423877120018
1782999920.311212,0.0,0.0,10.0,-0.7096375226974487,52.80803680419922,0.060455843806266785,9.838350296020508,-177.176513671875,0.06242423877120018
1782999920.324919,0.0,0.0,10.0,-0.7096375226974487,52.80803680419922,0.060455843806266785,9.838350296020508,-177.176513671875,0.06242423877120018
1782999920.331907,0.0,0.0,10.0,-0.7096375226974487,52.80803680419922,0.060455843806266785,9.838350296020508,-177.176513671875,0.06242423877120018
1782999920.338468,0.0,0.0,10.0,-0.7096375226974487,52.80803680419922,0.060455843806266785,9.838350296020508,-177.176513671875,0.06242423877120018
1782999920.344424,0.0,0.0,10.0,-0.7096375226974487,52.80803680419922,0.060455843806266785,9.838350296020508,-177.176513671875,0.06242423877120018
1782999920.350527,0.0,0.0,10.0,-0.7096375226974487,52.80803680419922,0.060455843806266785,9.838350296020508,-177.176513671875,0.06242423877120018
1782999920.356983,0.0,0.0,10.0,-0.7101668119430542,52.80747985839844,0.06014282628893852,9.83458137512207,-177.132568359375,0.060924168676137924
1782999920.362478,0.0,0.0,10.0,-0.7101668119430542,52.80747985839844,0.06014282628893852,9.83458137512207,-177.132568359375,0.060924168676137924
1782999920.375419,0.0,0.0,10.0,-0.7101668119430542,52.80747985839844,0.06014282628893852,9.83458137512207,-177.132568359375,0.060924168676137924
1782999920.381627,0.0,0.0,10.0,-0.7101668119430542,52.80747985839844,0.06014282628893852,9.83458137512207,-177.132568359375,0.060924168676137924
1782999920.388145,0.0,0.0,10.0,-0.7101668119430542,52.80747985839844,0.06014282628893852,9.83458137512207,-177.132568359375,0.060924168676137924
1782999920.394061,0.0,0.0,10.0,-0.7101668119430542,52.80747985839844,0.06014282628893852,9.83458137512207,-177.132568359375,0.060924168676137924
1782999920.399607,0.0,0.0,10.0,-0.7101668119430542,52.80747985839844,0.06014282628893852,9.83458137512207,-177.132568359375,0.060924168676137924
1782999920.405122,0.0,0.0,10.0,-0.7101719975471497,52.80836486816406,0.06121962144970894,9.83458137512207,-177.132568359375,0.060924168676137924
1782999920.410951,0.0,0.0,10.0,-0.7101719975471497,52.80836486816406,0.06121962144970894,9.83458137512207,-177.132568359375,0.060924168676137924
1782999920.417182,0.0,0.0,10.0,-0.7101719975471497,52.80836486816406,0.06121962144970894,9.83458137512207,-177.132568359375,0.060924168676137924
1782999920.428414,0.0,0.0,10.0,-0.7101719975471497,52.80836486816406,0.06121962144970894,9.83458137512207,-177.132568359375,0.060924168676137924
1782999920.435315,0.0,0.0,10.0,-0.7101719975471497,52.80836486816406,0.06121962144970894,9.83458137512207,-177.132568359375,0.060924168676137924
1782999920.441054,0.0,0.0,10.0,-0.7101719975471497,52.80836486816406,0.06121962144970894,9.83458137512207,-177.132568359375,0.060924168676137924
1782999920.447035,0.0,0.0,10.0,-0.7101719975471497,52.80836486816406,0.06121962144970894,9.83458137512207,-177.132568359375,0.060924168676137924
1782999920.452882,0.0,0.0,10.0,-0.7101719975471497,52.80836486816406,0.06121962144970894,9.837922096252441,-177.198486328125,0.06216104328632355
1782999920.458235,0.0,0.0,10.0,-0.7103992104530334,52.8096809387207,0.061331018805503845,9.837922096252441,-177.198486328125,0.06216104328632355
1782999920.464445,0.0,0.0,10.0,-0.7103992104530334,52.8096809387207,0.061331018805503845,9.837922096252441,-177.198486328125,0.06216104328632355
1782999920.479007,0.0,0.0,10.0,-0.7103992104530334,52.8096809387207,0.061331018805503845,9.837922096252441,-177.198486328125,0.06216104328632355
1782999920.485224,0.0,0.0,10.0,-0.7103992104530334,52.8096809387207,0.061331018805503845,9.837922096252441,-177.198486328125,0.06216104328632355
1782999920.49094,0.0,0.0,10.0,-0.7103992104530334,52.8096809387207,0.061331018805503845,9.837922096252441,-177.198486328125,0.06216104328632355
1782999920.496959,0.0,0.0,10.0,-0.7103992104530334,52.8096809387207,0.061331018805503845,9.837922096252441,-177.198486328125,0.06216104328632355
1782999920.502587,0.0,0.0,10.0,-0.7103992104530334,52.8096809387207,0.061331018805503845,9.837922096252441,-177.198486328125,0.06216104328632355
1782999920.50887,0.0,0.0,10.0,-0.7108814120292664,52.810829162597656,0.06070384383201599,9.837922096252441,-177.198486328125,0.06216104328632355
1782999920.514885,0.0,0.0,10.0,-0.7108814120292664,52.810829162597656,0.06070384383201599,9.837922096252441,-177.198486328125,0.06216104328632355
1782999920.529813,0.0,0.0,10.0,-0.7108814120292664,52.810829162597656,0.06070384383201599,9.837922096252441,-177.198486328125,0.06216104328632355
1782999920.535745,0.0,0.0,10.0,-0.7108814120292664,52.810829162597656,0.06070384383201599,9.837922096252441,-177.198486328125,0.06216104328632355
1782999920.542697,0.0,0.0,10.0,-0.7108814120292664,52.810829162597656,0.06070384383201599,9.837922096252441,-177.198486328125,0.06216104328632355
1782999920.548963,0.0,0.0,10.0,-0.7108814120292664,52.810829162597656,0.06070384383201599,9.837922096252441,-177.198486328125,0.06216104328632355
1782999920.554943,0.0,0.0,10.0,-0.7108814120292664,52.810829162597656,0.06070384383201599,9.837550163269043,-177.154541015625,0.060420334339141846
1782999920.561528,0.0,0.0,10.0,-0.7111484408378601,52.81209945678711,0.06062830239534378,9.837550163269043,-177.154541015625,0.060420334339141846
1782999920.56689,0.0,0.0,10.0,-0.7111484408378601,52.81209945678711,0.06062830239534378,9.837550163269043,-177.154541015625,0.060420334339141846
1782999920.581542,0.0,0.0,10.0,-0.7111484408378601,52.81209945678711,0.06062830239534378,9.837550163269043,-177.154541015625,0.060420334339141846
1782999920.58742,0.0,0.0,10.0,-0.7111484408378601,52.81209945678711,0.06062830239534378,9.837550163269043,-177.154541015625,0.060420334339141846
1782999920.593336,0.0,0.0,10.0,-0.7111484408378601,52.81209945678711,0.06062830239534378,9.837550163269043,-177.154541015625,0.060420334339141846
1782999920.598732,0.0,0.0,10.0,-0.7111484408378601,52.81209945678711,0.06062830239534378,9.837550163269043,-177.154541015625,0.060420334339141846
1782999920.604079,0.0,0.0,10.0,-0.7111484408378601,52.81209945678711,0.06062830239534378,9.837550163269043,-177.154541015625,0.060420334339141846
1782999920.61084,0.0,0.0,10.0,-0.7111008167266846,52.81511688232422,0.06139508634805679,9.837550163269043,-177.154541015625,0.060420334339141846
1782999920.617111,0.0,0.0,10.0,-0.7111008167266846,52.81511688232422,0.06139508634805679,9.837550163269043,-177.154541015625,0.060420334339141846
1782999920.623651,0.0,0.0,10.0,-0.7111008167266846,52.81511688232422,0.06139508634805679,9.837550163269043,-177.154541015625,0.060420334339141846
1782999920.630452,0.0,0.0,10.0,-0.7111008167266846,52.81511688232422,0.06139508634805679,9.837550163269043,-177.154541015625,0.060420334339141846
1782999920.637197,0.0,0.0,10.0,-0.7111008167266846,52.81511688232422,0.06139508634805679,9.837550163269043,-177.154541015625,0.060420334339141846
1782999920.642614,0.0,0.0,10.0,-0.7111008167266846,52.81511688232422,0.06139508634805679,9.837550163269043,-177.154541015625,0.060420334339141846
1782999920.649268,0.0,0.0,10.0,-0.7111008167266846,52.81511688232422,0.06139508634805679,9.837550163269043,-177.154541015625,0.060420334339141846
1782999920.655462,0.0,0.0,10.0,-0.7111008167266846,52.81511688232422,0.06139508634805679,9.83733081817627,-177.176513671875,0.0633230209350586
1782999920.661461,0.0,0.0,10.0,-0.7114880681037903,52.817481994628906,0.06089087203145027,9.83733081817627,-177.176513671875,0.0633230209350586
1782999920.666949,0.0,0.0,10.0,-0.7114880681037903,52.817481994628906,0.06089087203145027,9.83733081817627,-177.176513671875,0.0633230209350586
1782999920.672957,0.0,0.0,10.0,-0.7114880681037903,52.817481994628906,0.06089087203145027,9.83733081817627,-177.176513671875,0.0633230209350586
1782999920.683004,0.0,0.0,10.0,-0.7114880681037903,52.817481994628906,0.06089087203145027,9.83733081817627,-177.176513671875,0.0633230209350586
1782999920.689057,0.0,0.0,10.0,-0.7114880681037903,52.817481994628906,0.06089087203145027,9.83733081817627,-177.176513671875,0.0633230209350586
1782999920.694766,0.0,0.0,10.0,-0.7114880681037903,52.817481994628906,0.06089087203145027,9.83733081817627,-177.176513671875,0.0633230209350586
1782999920.700336,0.0,0.0,10.0,-0.7114880681037903,52.817481994628906,0.06089087203145027,9.83733081817627,-177.176513671875,0.0633230209350586
1782999920.706217,0.0,0.0,10.0,-0.7126805782318115,52.81906509399414,0.06033739447593689,9.83733081817627,-177.176513671875,0.0633230209350586
1782999920.712694,0.0,0.0,10.0,-0.7126805782318115,52.81906509399414,0.06033739447593689,9.83733081817627,-177.176513671875,0.0633230209350586
1782999920.718814,0.0,0.0,10.0,-0.7126805782318115,52.81906509399414,0.06033739447593689,9.83733081817627,-177.176513671875,0.0633230209350586
1782999920.725079,0.0,0.0,10.0,-0.7126805782318115,52.81906509399414,0.06033739447593689,9.83733081817627,-177.176513671875,0.0633230209350586
1782999920.735082,0.0,0.0,10.0,-0.7126805782318115,52.81906509399414,0.06033739447593689,9.83733081817627,-177.176513671875,0.0633230209350586
1782999920.741407,0.0,0.0,10.0,-0.7126805782318115,52.81906509399414,0.06033739447593689,9.83733081817627,-177.176513671875,0.0633230209350586
1782999920.748708,0.0,0.0,10.0,-0.7126805782318115,52.81906509399414,0.06033739447593689,9.83733081817627,-177.176513671875,0.0633230209350586
1782999920.754745,0.0,0.0,10.0,-0.7126805782318115,52.81906509399414,0.06033739447593689,9.83758544921875,-177.154541015625,0.06098494306206703
1782999920.760631,0.0,0.0,10.0,-0.7125039100646973,52.820457458496094,0.0620674192905426,9.83758544921875,-177.154541015625,0.06098494306206703
1782999920.766155,0.0,0.0,10.0,-0.7125039100646973,52.820457458496094,0.0620674192905426,9.83758544921875,-177.154541015625,0.06098494306206703
1782999920.772045,0.0,0.0,10.0,-0.7125039100646973,52.820457458496094,0.0620674192905426,9.83758544921875,-177.154541015625,0.06098494306206703
1782999920.785198,0.0,0.0,10.0,-0.7125039100646973,52.820457458496094,0.0620674192905426,9.83758544921875,-177.154541015625,0.06098494306206703
1782999920.79301,0.0,0.0,10.0,-0.7125039100646973,52.820457458496094,0.0620674192905426,9.83758544921875,-177.154541015625,0.06098494306206703
1782999920.798908,0.0,0.0,10.0,-0.7125039100646973,52.820457458496094,0.0620674192905426,9.83758544921875,-177.154541015625,0.06098494306206703
1782999920.805694,0.0,0.0,10.0,-0.7125039100646973,52.820457458496094,0.0620674192905426,9.83758544921875,-177.154541015625,0.06098494306206703
1782999920.811338,0.0,0.0,10.0,-0.7135273814201355,52.82262420654297,0.060528118163347244,9.83758544921875,-177.154541015625,0.06098494306206703
1782999920.821765,0.0,0.0,10.0,-0.7135273814201355,52.82262420654297,0.060528118163347244,9.83758544921875,-177.154541015625,0.06098494306206703
1782999920.829245,0.0,0.0,10.0,-0.7135273814201355,52.82262420654297,0.060528118163347244,9.83758544921875,-177.154541015625,0.06098494306206703
1782999920.83978,0.0,0.0,10.0,-0.7135273814201355,52.82262420654297,0.060528118163347244,9.83758544921875,-177.154541015625,0.06098494306206703
1782999920.845103,0.0,0.0,10.0,-0.7135273814201355,52.82262420654297,0.060528118163347244,9.83758544921875,-177.154541015625,0.06098494306206703
1782999920.850438,0.0,0.0,10.0,-0.7135273814201355,52.82262420654297,0.060528118163347244,9.83758544921875,-177.154541015625,0.06098494306206703
1782999920.856174,0.0,0.0,10.0,-0.7137913107872009,52.82390594482422,0.05940072610974312,9.835715293884277,-177.176513671875,0.06286776065826416
1782999920.861701,0.0,0.0,10.0,-0.7137913107872009,52.82390594482422,0.05940072610974312,9.835715293884277,-177.176513671875,0.06286776065826416
1782999920.868212,0.0,0.0,10.0,-0.7137913107872009,52.82390594482422,0.05940072610974312,9.835715293884277,-177.176513671875,0.06286776065826416
1782999920.874467,0.0,0.0,10.0,-0.7137913107872009,52.82390594482422,0.05940072610974312,9.835715293884277,-177.176513671875,0.06286776065826416
1782999920.880543,0.0,0.0,10.0,-0.7137913107872009,52.82390594482422,0.05940072610974312,9.835715293884277,-177.176513671875,0.06286776065826416
1782999920.890203,0.0,0.0,10.0,-0.7137913107872009,52.82390594482422,0.05940072610974312,9.835715293884277,-177.176513671875,0.06286776065826416
1782999920.896577,0.0,0.0,10.0,-0.7137913107872009,52.82390594482422,0.05940072610974312,9.835715293884277,-177.176513671875,0.06286776065826416
1782999920.901879,0.0,0.0,10.0,-0.7137913107872009,52.82390594482422,0.05940072610974312,9.835715293884277,-177.176513671875,0.06286776065826416
1782999920.907528,0.0,0.0,10.0,-0.712539553642273,52.825439453125,0.058783140033483505,9.835715293884277,-177.176513671875,0.06286776065826416
1782999920.913063,0.0,0.0,10.0,-0.712539553642273,52.825439453125,0.058783140033483505,9.835715293884277,-177.176513671875,0.06286776065826416
1782999920.91923,0.0,0.0,10.0,-0.712539553642273,52.825439453125,0.058783140033483505,9.835715293884277,-177.176513671875,0.06286776065826416
1782999920.924664,0.0,0.0,10.0,-0.712539553642273,52.825439453125,0.058783140033483505,9.835715293884277,-177.176513671875,0.06286776065826416
1782999920.930031,0.0,0.0,10.0,-0.712539553642273,52.825439453125,0.058783140033483505,9.835715293884277,-177.176513671875,0.06286776065826416
1782999920.938668,0.0,0.0,10.0,-0.712539553642273,52.825439453125,0.058783140033483505,9.835715293884277,-177.176513671875,0.06286776065826416
1782999920.944131,0.0,0.0,10.0,-0.712539553642273,52.825439453125,0.058783140033483505,9.835715293884277,-177.176513671875,0.06286776065826416
1782999920.949414,0.0,0.0,10.0,-0.712539553642273,52.825439453125,0.058783140033483505,9.835715293884277,-177.176513671875,0.06286776065826416
1782999920.955308,0.0,0.0,10.0,-0.712539553642273,52.825439453125,0.058783140033483505,9.835715293884277,-177.176513671875,0.06286776065826416
1782999920.961228,0.0,0.0,10.0,-0.713261067867279,52.826416015625,0.05858232080936432,9.838513374328613,-177.176513671875,0.06280171871185303
1782999920.967349,0.0,0.0,10.0,-0.713261067867279,52.826416015625,0.05858232080936432,9.838513374328613,-177.176513671875,0.06280171871185303
1782999920.973291,0.0,0.0,10.0,-0.713261067867279,52.826416015625,0.05858232080936432,9.838513374328613,-177.176513671875,0.06280171871185303
1782999920.97964,0.0,0.0,10.0,-0.713261067867279,52.826416015625,0.05858232080936432,9.838513374328613,-177.176513671875,0.06280171871185303
1782999920.994321,0.0,0.0,10.0,-0.713261067867279,52.826416015625,0.05858232080936432,9.838513374328613,-177.176513671875,0.06280171871185303
1782999921.001249,0.0,0.0,10.0,-0.713261067867279,52.826416015625,0.05858232080936432,9.838513374328613,-177.176513671875,0.06280171871185303
1782999921.008161,0.0,0.0,10.0,-0.7143332958221436,52.8266487121582,0.05917511507868767,9.838513374328613,-177.176513671875,0.06280171871185303
1782999921.014198,0.0,0.0,10.0,-0.7143332958221436,52.8266487121582,0.05917511507868767,9.838513374328613,-177.176513671875,0.06280171871185303
1782999921.020204,0.0,0.0,10.0,-0.7143332958221436,52.8266487121582,0.05917511507868767,9.838513374328613,-177.176513671875,0.06280171871185303
1782999921.026243,0.0,0.0,10.0,-0.7143332958221436,52.8266487121582,0.05917511507868767,9.838513374328613,-177.176513671875,0.06280171871185303
1782999921.032048,0.0,0.0,10.0,-0.7143332958221436,52.8266487121582,0.05917511507868767,9.838513374328613,-177.176513671875,0.06280171871185303
1782999921.04412,0.0,0.0,10.0,-0.7143332958221436,52.8266487121582,0.05917511507868767,9.838513374328613,-177.176513671875,0.06280171871185303
1782999921.050654,0.0,0.0,10.0,-0.7143332958221436,52.8266487121582,0.05917511507868767,9.838513374328613,-177.176513671875,0.06280171871185303
1782999921.056674,0.0,0.0,10.0,-0.7143332958221436,52.8266487121582,0.05917511507868767,9.834797859191895,-177.198486328125,0.06417226046323776
1782999921.06337,0.0,0.0,10.0,-0.7149597406387329,52.827335357666016,0.05943022668361664,9.834797859191895,-177.198486328125,0.06417226046323776
1782999921.0691,0.0,0.0,10.0,-0.7149597406387329,52.827335357666016,0.05943022668361664,9.834797859191895,-177.198486328125,0.06417226046323776
1782999921.074598,0.0,0.0,10.0,-0.7149597406387329,52.827335357666016,0.05943022668361664,9.834797859191895,-177.198486328125,0.06417226046323776
1782999921.08093,0.0,0.0,10.0,-0.7149597406387329,52.827335357666016,0.05943022668361664,9.834797859191895,-177.198486328125,0.06417226046323776
1782999921.097064,0.0,0.0,10.0,-0.7149597406387329,52.827335357666016,0.05943022668361664,9.834797859191895,-177.198486328125,0.06417226046323776
1782999921.102694,0.0,0.0,10.0,-0.7149597406387329,52.827335357666016,0.05943022668361664,9.834797859191895,-177.198486328125,0.06417226046323776
1782999921.109561,0.0,0.0,10.0,-0.7133598327636719,52.82770919799805,0.05984320119023323,9.834797859191895,-177.198486328125,0.06417226046323776
1782999921.11636,0.0,0.0,10.0,-0.7133598327636719,52.82770919799805,0.05984320119023323,9.834797859191895,-177.198486328125,0.06417226046323776
1782999921.123189,0.0,0.0,10.0,-0.7133598327636719,52.82770919799805,0.05984320119023323,9.834797859191895,-177.198486328125,0.06417226046323776
1782999921.128913,0.0,0.0,10.0,-0.7133598327636719,52.82770919799805,0.05984320119023323,9.834797859191895,-177.198486328125,0.06417226046323776
1782999921.13453,0.0,0.0,10.0,-0.7133598327636719,52.82770919799805,0.05984320119023323,9.834797859191895,-177.198486328125,0.06417226046323776
1782999921.148202,0.0,0.0,10.0,-0.7133598327636719,52.82770919799805,0.05984320119023323,9.834797859191895,-177.198486328125,0.06417226046323776
1782999921.154363,0.0,0.0,10.0,-0.7133598327636719,52.82770919799805,0.05984320119023323,9.834797859191895,-177.198486328125,0.06417226046323776
1782999921.161633,0.0,0.0,10.0,-0.7146671414375305,52.82931137084961,0.05973146855831146,9.837567329406738,-177.198486328125,0.06400056183338165
1782999921.167002,0.0,0.0,10.0,-0.7146671414375305,52.82931137084961,0.05973146855831146,9.837567329406738,-177.198486328125,0.06400056183338165
1782999921.172955,0.0,0.0,10.0,-0.7146671414375305,52.82931137084961,0.05973146855831146,9.837567329406738,-177.198486328125,0.06400056183338165
1782999921.178945,0.0,0.0,10.0,-0.7146671414375305,52.82931137084961,0.05973146855831146,9.837567329406738,-177.198486328125,0.06400056183338165
1782999921.185232,0.0,0.0,10.0,-0.7146671414375305,52.82931137084961,0.05973146855831146,9.837567329406738,-177.198486328125,0.06400056183338165
1782999921.201099,0.0,0.0,10.0,-0.7146671414375305,52.82931137084961,0.05973146855831146,9.837567329406738,-177.198486328125,0.06400056183338165
1782999921.206828,0.0,0.0,10.0,-0.7148007154464722,52.829307556152344,0.05861517786979675,9.837567329406738,-177.198486328125,0.06400056183338165
1782999921.213206,0.0,0.0,10.0,-0.7148007154464722,52.829307556152344,0.05861517786979675,9.837567329406738,-177.198486328125,0.06400056183338165
1782999921.218975,0.0,0.0,10.0,-0.7148007154464722,52.829307556152344,0.05861517786979675,9.837567329406738,-177.198486328125,0.06400056183338165
1782999921.224727,0.0,0.0,10.0,-0.7148007154464722,52.829307556152344,0.05861517786979675,9.837567329406738,-177.198486328125,0.06400056183338165
1782999921.230184,0.0,0.0,10.0,-0.7148007154464722,52.829307556152344,0.05861517786979675,9.837567329406738,-177.198486328125,0.06400056183338165
1782999921.23668,0.0,0.0,10.0,-0.7148007154464722,52.829307556152344,0.05861517786979675,9.837567329406738,-177.198486328125,0.06400056183338165
1782999921.249979,0.0,0.0,10.0,-0.7148007154464722,52.829307556152344,0.05861517786979675,9.837567329406738,-177.198486328125,0.06400056183338165
1782999921.255672,0.0,0.0,10.0,-0.7148007154464722,52.829307556152344,0.05861517786979675,9.837567329406738,-177.198486328125,0.06400056183338165
1782999921.261826,0.0,0.0,10.0,-0.7135021090507507,52.829864501953125,0.05804930627346039,9.834855079650879,-177.176513671875,0.06305842846632004
1782999921.26753,0.0,0.0,10.0,-0.7135021090507507,52.829864501953125,0.05804930627346039,9.834855079650879,-177.176513671875,0.06305842846632004
1782999921.273335,0.0,0.0,10.0,-0.7135021090507507,52.829864501953125,0.05804930627346039,9.834855079650879,-177.176513671875,0.06305842846632004
1782999921.280485,0.0,0.0,10.0,-0.7135021090507507,52.829864501953125,0.05804930627346039,9.834855079650879,-177.176513671875,0.06305842846632004
1782999921.285886,0.0,0.0,10.0,-0.7135021090507507,52.829864501953125,0.05804930627346039,9.834855079650879,-177.176513671875,0.06305842846632004
1782999921.292862,0.0,0.0,10.0,-0.7135021090507507,52.829864501953125,0.05804930627346039,9.834855079650879,-177.176513671875,0.06305842846632004
1782999921.303282,0.0,0.0,10.0,-0.7135021090507507,52.829864501953125,0.05804930627346039,9.834855079650879,-177.176513671875,0.06305842846632004
1782999921.309979,0.0,0.0,10.0,-0.7139653563499451,52.83060836791992,0.05792287737131119,9.834855079650879,-177.176513671875,0.06305842846632004
1782999921.316645,0.0,0.0,10.0,-0.7139653563499451,52.83060836791992,0.05792287737131119,9.834855079650879,-177.176513671875,0.06305842846632004
1782999921.323213,0.0,0.0,10.0,-0.7139653563499451,52.83060836791992,0.05792287737131119,9.834855079650879,-177.176513671875,0.06305842846632004
1782999921.329405,0.0,0.0,10.0,-0.7139653563499451,52.83060836791992,0.05792287737131119,9.834855079650879,-177.176513671875,0.06305842846632004
1782999921.336305,0.0,0.0,10.0,-0.7139653563499451,52.83060836791992,0.05792287737131119,9.834855079650879,-177.176513671875,0.06305842846632004
1782999921.341999,0.0,0.0,10.0,-0.7139653563499451,52.83060836791992,0.05792287737131119,9.834855079650879,-177.176513671875,0.06305842846632004
1782999921.355817,0.0,0.0,10.0,-0.7139653563499451,52.83060836791992,0.05792287737131119,9.834855079650879,-177.176513671875,0.06305842846632004
1782999921.362166,0.0,0.0,10.0,-0.7146816849708557,52.831512451171875,0.05803781375288963,9.836166381835938,-177.176513671875,0.06501658260822296
1782999921.367979,0.0,0.0,10.0,-0.7146816849708557,52.831512451171875,0.05803781375288963,9.836166381835938,-177.176513671875,0.06501658260822296
1782999921.374914,0.0,0.0,10.0,-0.7146816849708557,52.831512451171875,0.05803781375288963,9.836166381835938,-177.176513671875,0.06501658260822296
1782999921.380698,0.0,0.0,10.0,-0.7146816849708557,52.831512451171875,0.05803781375288963,9.836166381835938,-177.176513671875,0.06501658260822296
1782999921.386678,0.0,0.0,10.0,-0.7146816849708557,52.831512451171875,0.05803781375288963,9.836166381835938,-177.176513671875,0.06501658260822296
1782999921.39274,0.0,0.0,10.0,-0.7146816849708557,52.831512451171875,0.05803781375288963,9.836166381835938,-177.176513671875,0.06501658260822296
1782999921.39962,0.0,0.0,10.0,-0.7146816849708557,52.831512451171875,0.05803781375288963,9.836166381835938,-177.176513671875,0.06501658260822296
1782999921.409017,0.0,0.0,10.0,-0.7146816849708557,52.831512451171875,0.05803781375288963,9.836166381835938,-177.176513671875,0.06501658260822296
1782999921.416319,0.0,0.0,10.0,-0.7162134647369385,52.83111572265625,0.05852505937218666,9.836166381835938,-177.176513671875,0.06501658260822296
1782999921.422614,0.0,0.0,10.0,-0.7162134647369385,52.83111572265625,0.05852505937218666,9.836166381835938,-177.176513671875,0.06501658260822296
1782999921.428384,0.0,0.0,10.0,-0.7162134647369385,52.83111572265625,0.05852505937218666,9.836166381835938,-177.176513671875,0.06501658260822296
1782999921.43514,0.0,0.0,10.0,-0.7162134647369385,52.83111572265625,0.05852505937218666,9.836166381835938,-177.176513671875,0.06501658260822296
1782999921.44301,0.0,0.0,10.0,-0.7162134647369385,52.83111572265625,0.05852505937218666,9.836166381835938,-177.176513671875,0.06501658260822296
1782999921.45714,0.0,0.0,10.0,-0.7162134647369385,52.83111572265625,0.05852505937218666,9.836166381835938,-177.176513671875,0.06501658260822296
1782999921.463231,0.0,0.0,10.0,-0.7167708873748779,52.830101013183594,0.058193594217300415,9.83496379852295,-177.220458984375,0.06384668499231339
1782999921.468557,0.0,0.0,10.0,-0.7167708873748779,52.830101013183594,0.058193594217300415,9.83496379852295,-177.220458984375,0.06384668499231339
1782999921.474838,0.0,0.0,10.0,-0.7167708873748779,52.830101013183594,0.058193594217300415,9.83496379852295,-177.220458984375,0.06384668499231339
1782999921.480764,0.0,0.0,10.0,-0.7167708873748779,52.830101013183594,0.058193594217300415,9.83496379852295,-177.220458984375,0.06384668499231339
1782999921.48611,0.0,0.0,10.0,-0.7167708873748779,52.830101013183594,0.058193594217300415,9.83496379852295,-177.220458984375,0.06384668499231339
1782999921.491664,0.0,0.0,10.0,-0.7167708873748779,52.830101013183594,0.058193594217300415,9.83496379852295,-177.220458984375,0.06384668499231339
1782999921.497123,0.0,0.0,10.0,-0.7167708873748779,52.830101013183594,0.058193594217300415,9.83496379852295,-177.220458984375,0.06384668499231339
1782999921.509003,0.0,0.0,10.0,-0.7167708873748779,52.830101013183594,0.058193594217300415,9.83496379852295,-177.220458984375,0.06384668499231339
1782999921.51518,0.0,0.0,10.0,-0.7175236344337463,52.82868957519531,0.05785078555345535,9.83496379852295,-177.220458984375,0.06384668499231339
1782999921.521064,0.0,0.0,10.0,-0.7175236344337463,52.82868957519531,0.05785078555345535,9.83496379852295,-177.220458984375,0.06384668499231339
1782999921.526768,0.0,0.0,10.0,-0.7175236344337463,52.82868957519531,0.05785078555345535,9.83496379852295,-177.220458984375,0.06384668499231339
1782999921.532307,0.0,0.0,10.0,-0.7175236344337463,52.82868957519531,0.05785078555345535,9.83496379852295,-177.220458984375,0.06384668499231339
1782999921.538306,0.0,0.0,10.0,-0.7175236344337463,52.82868957519531,0.05785078555345535,9.83496379852295,-177.220458984375,0.06384668499231339
1782999921.545002,0.0,0.0,10.0,-0.7175236344337463,52.82868957519531,0.05785078555345535,9.83496379852295,-177.220458984375,0.06384668499231339
1782999921.551371,0.0,0.0,10.0,-0.7175236344337463,52.82868957519531,0.05785078555345535,9.83496379852295,-177.220458984375,0.06384668499231339
1782999921.564652,0.0,0.0,10.0,-0.7175236344337463,52.82868957519531,0.05785078555345535,9.83496379852295,-177.220458984375,0.06384668499231339
1782999921.570093,0.0,0.0,10.0,-0.7180008292198181,52.82780456542969,0.05806850269436836,9.833561897277832,-177.154541015625,0.06386132538318634
1782999921.576235,0.0,0.0,10.0,-0.7180008292198181,52.82780456542969,0.05806850269436836,9.833561897277832,-177.154541015625,0.06386132538318634
1782999921.581738,0.0,0.0,10.0,-0.7180008292198181,52.82780456542969,0.05806850269436836,9.833561897277832,-177.154541015625,0.06386132538318634
1782999921.587518,0.0,0.0,10.0,-0.7180008292198181,52.82780456542969,0.05806850269436836,9.833561897277832,-177.154541015625,0.06386132538318634
1782999921.593027,0.0,0.0,10.0,-0.7180008292198181,52.82780456542969,0.05806850269436836,9.833561897277832,-177.154541015625,0.06386132538318634
1782999921.59935,0.0,0.0,10.0,-0.7180008292198181,52.82780456542969,0.05806850269436836,9.833561897277832,-177.154541015625,0.06386132538318634
1782999921.610123,0.0,0.0,10.0,-0.7180008292198181,52.82780456542969,0.05806850269436836,9.833561897277832,-177.154541015625,0.06386132538318634
1782999921.615476,0.0,0.0,10.0,-0.7183537483215332,52.82733154296875,0.05693390592932701,9.833561897277832,-177.154541015625,0.06386132538318634
1782999921.621575,0.0,0.0,10.0,-0.7183537483215332,52.82733154296875,0.05693390592932701,9.833561897277832,-177.154541015625,0.06386132538318634
1782999921.627095,0.0,0.0,10.0,-0.7183537483215332,52.82733154296875,0.05693390592932701,9.833561897277832,-177.154541015625,0.06386132538318634
1782999921.632458,0.0,0.0,10.0,-0.7183537483215332,52.82733154296875,0.05693390592932701,9.833561897277832,-177.154541015625,0.06386132538318634
1782999921.638009,0.0,0.0,10.0,-0.7183537483215332,52.82733154296875,0.05693390592932701,9.833561897277832,-177.154541015625,0.06386132538318634
1782999921.64408,0.0,0.0,10.0,-0.7183537483215332,52.82733154296875,0.05693390592932701,9.833561897277832,-177.154541015625,0.06386132538318634
1782999921.651441,0.0,0.0,10.0,-0.7183537483215332,52.82733154296875,0.05693390592932701,9.833561897277832,-177.154541015625,0.06386132538318634
1782999921.663601,0.0,0.0,10.0,-0.7183537483215332,52.82733154296875,0.05693390592932701,9.833561897277832,-177.154541015625,0.06386132538318634
1782999921.669803,0.0,0.0,10.0,-0.7191841006278992,52.826751708984375,0.05682783201336861,9.833203315734863,-177.176513671875,0.06411492079496384
1782999921.676027,0.0,0.0,10.0,-0.7191841006278992,52.826751708984375,0.05682783201336861,9.833203315734863,-177.176513671875,0.06411492079496384
1782999921.682522,0.0,0.0,10.0,-0.7191841006278992,52.826751708984375,0.05682783201336861,9.833203315734863,-177.176513671875,0.06411492079496384
1782999921.689265,0.0,0.0,10.0,-0.7191841006278992,52.826751708984375,0.05682783201336861,9.833203315734863,-177.176513671875,0.06411492079496384
1782999921.695383,0.0,0.0,10.0,-0.7191841006278992,52.826751708984375,0.05682783201336861,9.833203315734863,-177.176513671875,0.06411492079496384
1782999921.700797,0.0,0.0,10.0,-0.7191841006278992,52.826751708984375,0.05682783201336861,9.833203315734863,-177.176513671875,0.06411492079496384
1782999921.713369,0.0,0.0,10.0,-0.7185729742050171,52.82639694213867,0.057834602892398834,9.833203315734863,-177.176513671875,0.06411492079496384
1782999921.720181,0.0,0.0,10.0,-0.7185729742050171,52.82639694213867,0.057834602892398834,9.833203315734863,-177.176513671875,0.06411492079496384
1782999921.725867,0.0,0.0,10.0,-0.7185729742050171,52.82639694213867,0.057834602892398834,9.833203315734863,-177.176513671875,0.06411492079496384
1782999921.73223,0.0,0.0,10.0,-0.7185729742050171,52.82639694213867,0.057834602892398834,9.833203315734863,-177.176513671875,0.06411492079496384
1782999921.738835,0.0,0.0,10.0,-0.7185729742050171,52.82639694213867,0.057834602892398834,9.833203315734863,-177.176513671875,0.06411492079496384
1782999921.744627,0.0,0.0,10.0,-0.7185729742050171,52.82639694213867,0.057834602892398834,9.833203315734863,-177.176513671875,0.06411492079496384
1782999921.750729,0.0,0.0,10.0,-0.7185729742050171,52.82639694213867,0.057834602892398834,9.833203315734863,-177.176513671875,0.06411492079496384
1782999921.75692,0.0,0.0,10.0,-0.7188286185264587,52.824954986572266,0.05784052610397339,9.833203315734863,-177.176513671875,0.06411492079496384
1782999921.766807,0.0,0.0,10.0,-0.7188286185264587,52.824954986572266,0.05784052610397339,9.833203315734863,-177.176513671875,0.06411492079496384
1782999921.772553,0.0,0.0,10.0,-0.7188286185264587,52.824954986572266,0.05784052610397339,9.833821296691895,-177.154541015625,0.06506882607936859
1782999921.77971,0.0,0.0,10.0,-0.7188286185264587,52.824954986572266,0.05784052610397339,9.833821296691895,-177.154541015625,0.06506882607936859
1782999921.785764,0.0,0.0,10.0,-0.7188286185264587,52.824954986572266,0.05784052610397339,9.833821296691895,-177.154541015625,0.06506882607936859
1782999921.792232,0.0,0.0,10.0,-0.7188286185264587,52.824954986572266,0.05784052610397339,9.833821296691895,-177.154541015625,0.06506882607936859
1782999921.798502,0.0,0.0,10.0,-0.7188286185264587,52.824954986572266,0.05784052610397339,9.833821296691895,-177.154541015625,0.06506882607936859
1782999921.805674,0.0,0.0,10.0,-0.7188286185264587,52.824954986572266,0.05784052610397339,9.833821296691895,-177.154541015625,0.06506882607936859
1782999921.818942,0.0,0.0,10.0,-0.7192394733428955,52.8237190246582,0.057699866592884064,9.833821296691895,-177.154541015625,0.06506882607936859
1782999921.825244,0.0,0.0,10.0,-0.7192394733428955,52.8237190246582,0.057699866592884064,9.833821296691895,-177.154541015625,0.06506882607936859
1782999921.831045,0.0,0.0,10.0,-0.7192394733428955,52.8237190246582,0.057699866592884064,9.833821296691895,-177.154541015625,0.06506882607936859
1782999921.836491,0.0,0.0,10.0,-0.7192394733428955,52.8237190246582,0.057699866592884064,9.833821296691895,-177.154541015625,0.06506882607936859
1782999921.842313,0.0,0.0,10.0,-0.7192394733428955,52.8237190246582,0.057699866592884064,9.833821296691895,-177.154541015625,0.06506882607936859
1782999921.847603,0.0,0.0,10.0,-0.7192394733428955,52.8237190246582,0.057699866592884064,9.833821296691895,-177.154541015625,0.06506882607936859
1782999921.855952,0.0,0.0,10.0,-0.7192394733428955,52.8237190246582,0.057699866592884064,9.833821296691895,-177.154541015625,0.06506882607936859
1782999921.862651,0.0,0.0,10.0,-0.7193706631660461,52.82282257080078,0.058572638779878616,9.833821296691895,-177.154541015625,0.06506882607936859
1782999921.875804,0.0,0.0,10.0,-0.7193706631660461,52.82282257080078,0.058572638779878616,9.833738327026367,-177.132568359375,0.06504594534635544
1782999921.882193,0.0,0.0,10.0,-0.7193706631660461,52.82282257080078,0.058572638779878616,9.833738327026367,-177.132568359375,0.06504594534635544
1782999921.888102,0.0,0.0,10.0,-0.7193706631660461,52.82282257080078,0.058572638779878616,9.833738327026367,-177.132568359375,0.06504594534635544
1782999921.894557,0.0,0.0,10.0,-0.7193706631660461,52.82282257080078,0.058572638779878616,9.833738327026367,-177.132568359375,0.06504594534635544
1782999921.900521,0.0,0.0,10.0,-0.7193706631660461,52.82282257080078,0.058572638779878616,9.833738327026367,-177.132568359375,0.06504594534635544
1782999921.906585,0.0,0.0,10.0,-0.7186823487281799,52.82099914550781,0.05780568718910217,9.833738327026367,-177.132568359375,0.06504594534635544
1782999921.912825,0.0,0.0,10.0,-0.7186823487281799,52.82099914550781,0.05780568718910217,9.833738327026367,-177.132568359375,0.06504594534635544
1782999921.922033,0.0,0.0,10.0,-0.7186823487281799,52.82099914550781,0.05780568718910217,9.833738327026367,-177.132568359375,0.06504594534635544
1782999921.927582,0.0,0.0,10.0,-0.7186823487281799,52.82099914550781,0.05780568718910217,9.833738327026367,-177.132568359375,0.06504594534635544
1782999921.933465,0.0,0.0,10.0,-0.7186823487281799,52.82099914550781,0.05780568718910217,9.833738327026367,-177.132568359375,0.06504594534635544
1782999921.938885,0.0,0.0,10.0,-0.7186823487281799,52.82099914550781,0.05780568718910217,9.833738327026367,-177.132568359375,0.06504594534635544
1782999921.945042,0.0,0.0,10.0,-0.7186823487281799,52.82099914550781,0.05780568718910217,9.833738327026367,-177.132568359375,0.06504594534635544
1782999921.951118,0.0,0.0,10.0,-0.7186823487281799,52.82099914550781,0.05780568718910217,9.833738327026367,-177.132568359375,0.06504594534635544
1782999921.957274,0.0,0.0,10.0,-0.7194189429283142,52.82061004638672,0.05818343162536621,9.833738327026367,-177.132568359375,0.06504594534635544
1782999921.96313,0.0,0.0,10.0,-0.7194189429283142,52.82061004638672,0.05818343162536621,9.833003044128418,-177.154541015625,0.0645415261387825
1782999921.972425,0.0,0.0,10.0,-0.7194189429283142,52.82061004638672,0.05818343162536621,9.833003044128418,-177.154541015625,0.0645415261387825
1782999921.978732,0.0,0.0,10.0,-0.7194189429283142,52.82061004638672,0.05818343162536621,9.833003044128418,-177.154541015625,0.0645415261387825
1782999921.985049,0.0,0.0,10.0,-0.7194189429283142,52.82061004638672,0.05818343162536621,9.833003044128418,-177.154541015625,0.0645415261387825
1782999921.990332,0.0,0.0,10.0,-0.7194189429283142,52.82061004638672,0.05818343162536621,9.833003044128418,-177.154541015625,0.0645415261387825
1782999921.996809,0.0,0.0,10.0,-0.7194189429283142,52.82061004638672,0.05818343162536621,9.833003044128418,-177.154541015625,0.0645415261387825
1782999922.003034,0.0,0.0,10.0,-0.7194189429283142,52.82061004638672,0.05818343162536621,9.833003044128418,-177.154541015625,0.0645415261387825
1782999922.008848,0.0,0.0,10.0,-0.7191681861877441,52.81873321533203,0.05794166401028633,9.833003044128418,-177.154541015625,0.0645415261387825
1782999922.021755,0.0,0.0,10.0,-0.7191681861877441,52.81873321533203,0.05794166401028633,9.833003044128418,-177.154541015625,0.0645415261387825
1782999922.027951,0.0,0.0,10.0,-0.7191681861877441,52.81873321533203,0.05794166401028633,9.833003044128418,-177.154541015625,0.0645415261387825
1782999922.034174,0.0,0.0,10.0,-0.7191681861877441,52.81873321533203,0.05794166401028633,9.833003044128418,-177.154541015625,0.0645415261387825
1782999922.040825,0.0,0.0,10.0,-0.7191681861877441,52.81873321533203,0.05794166401028633,9.833003044128418,-177.154541015625,0.0645415261387825
1782999922.04698,0.0,0.0,10.0,-0.7191681861877441,52.81873321533203,0.05794166401028633,9.833003044128418,-177.154541015625,0.0645415261387825
1782999922.052813,0.0,0.0,10.0,-0.7191681861877441,52.81873321533203,0.05794166401028633,9.833003044128418,-177.154541015625,0.0645415261387825
1782999922.058689,0.0,0.0,10.0,-0.7187677621841431,52.8162956237793,0.057763293385505676,9.833003044128418,-177.154541015625,0.0645415261387825
1782999922.065,0.0,0.0,10.0,-0.7187677621841431,52.8162956237793,0.057763293385505676,9.833003044128418,-177.154541015625,0.0645415261387825
1782999922.074528,0.0,0.0,10.0,-0.7187677621841431,52.8162956237793,0.057763293385505676,9.833003044128418,-177.154541015625,0.0645415261387825
1782999922.080043,0.0,0.0,10.0,-0.7187677621841431,52.8162956237793,0.057763293385505676,9.832966804504395,-177.176513671875,0.06500434875488281
1782999922.086301,0.0,0.0,10.0,-0.7187677621841431,52.8162956237793,0.057763293385505676,9.832966804504395,-177.176513671875,0.06500434875488281
1782999922.093649,0.0,0.0,10.0,-0.7187677621841431,52.8162956237793,0.057763293385505676,9.832966804504395,-177.176513671875,0.06500434875488281
1782999922.100374,0.0,0.0,10.0,-0.7187677621841431,52.8162956237793,0.057763293385505676,9.832966804504395,-177.176513671875,0.06500434875488281
1782999922.106668,0.0,0.0,10.0,-0.7192050814628601,52.81475067138672,0.058139946311712265,9.832966804504395,-177.176513671875,0.06500434875488281
1782999922.112353,0.0,0.0,10.0,-0.7192050814628601,52.81475067138672,0.058139946311712265,9.832966804504395,-177.176513671875,0.06500434875488281
1782999922.128526,0.0,0.0,10.0,-0.7192050814628601,52.81475067138672,0.058139946311712265,9.832966804504395,-177.176513671875,0.06500434875488281
1782999922.134625,0.0,0.0,10.0,-0.7192050814628601,52.81475067138672,0.058139946311712265,9.832966804504395,-177.176513671875,0.06500434875488281
1782999922.141704,0.0,0.0,10.0,-0.7192050814628601,52.81475067138672,0.058139946311712265,9.832966804504395,-177.176513671875,0.06500434875488281
1782999922.147174,0.0,0.0,10.0,-0.7192050814628601,52.81475067138672,0.058139946311712265,9.832966804504395,-177.176513671875,0.06500434875488281
1782999922.152882,0.0,0.0,10.0,-0.7192050814628601,52.81475067138672,0.058139946311712265,9.832966804504395,-177.176513671875,0.06500434875488281
1782999922.158393,0.0,0.0,10.0,-0.7197608351707458,52.813331604003906,0.057936884462833405,9.832966804504395,-177.176513671875,0.06500434875488281
1782999922.166258,0.0,0.0,10.0,-0.7197608351707458,52.813331604003906,0.057936884462833405,9.832966804504395,-177.176513671875,0.06500434875488281
1782999922.177814,0.0,0.0,10.0,-0.7197608351707458,52.813331604003906,0.057936884462833405,9.832966804504395,-177.176513671875,0.06500434875488281
1782999922.183407,0.0,0.0,10.0,-0.7197608351707458,52.813331604003906,0.057936884462833405,9.833109855651855,-177.198486328125,0.06511460244655609
1782999922.18929,0.0,0.0,10.0,-0.7197608351707458,52.813331604003906,0.057936884462833405,9.833109855651855,-177.198486328125,0.06511460244655609
1782999922.195527,0.0,0.0,10.0,-0.7197608351707458,52.813331604003906,0.057936884462833405,9.833109855651855,-177.198486328125,0.06511460244655609
1782999922.200843,0.0,0.0,10.0,-0.7197608351707458,52.813331604003906,0.057936884462833405,9.833109855651855,-177.198486328125,0.06511460244655609
1782999922.206297,0.0,0.0,10.0,-0.7197608351707458,52.813331604003906,0.057936884462833405,9.833109855651855,-177.198486328125,0.06511460244655609
1782999922.213396,0.0,0.0,10.0,-0.7197978496551514,52.81233215332031,0.058370932936668396,9.833109855651855,-177.198486328125,0.06511460244655609
1782999922.219707,0.0,0.0,10.0,-0.7197978496551514,52.81233215332031,0.058370932936668396,9.833109855651855,-177.198486328125,0.06511460244655609
1782999922.229563,0.0,0.0,10.0,-0.7197978496551514,52.81233215332031,0.058370932936668396,9.833109855651855,-177.198486328125,0.06511460244655609
1782999922.235184,0.0,0.0,10.0,-0.7197978496551514,52.81233215332031,0.058370932936668396,9.833109855651855,-177.198486328125,0.06511460244655609
1782999922.240862,0.0,0.0,10.0,-0.7197978496551514,52.81233215332031,0.058370932936668396,9.833109855651855,-177.198486328125,0.06511460244655609
1782999922.247211,0.0,0.0,10.0,-0.7197978496551514,52.81233215332031,0.058370932936668396,9.833109855651855,-177.198486328125,0.06511460244655609
1782999922.253051,0.0,0.0,10.0,-0.7197978496551514,52.81233215332031,0.058370932936668396,9.833109855651855,-177.198486328125,0.06511460244655609
1782999922.260005,0.0,0.0,10.0,-0.7204133868217468,52.812095642089844,0.05888163670897484,9.833109855651855,-177.198486328125,0.06511460244655609
1782999922.266715,0.0,0.0,10.0,-0.7204133868217468,52.812095642089844,0.05888163670897484,9.833109855651855,-177.198486328125,0.06511460244655609
1782999922.280597,0.0,0.0,10.0,-0.7204133868217468,52.812095642089844,0.05888163670897484,9.83305549621582,-177.176513671875,0.06613300740718842
1782999922.286452,0.0,0.0,10.0,-0.7204133868217468,52.812095642089844,0.05888163670897484,9.83305549621582,-177.176513671875,0.06613300740718842
1782999922.292135,0.0,0.0,10.0,-0.7204133868217468,52.812095642089844,0.05888163670897484,9.83305549621582,-177.176513671875,0.06613300740718842
1782999922.297871,0.0,0.0,10.0,-0.7204133868217468,52.812095642089844,0.05888163670897484,9.83305549621582,-177.176513671875,0.06613300740718842
1782999922.304026,0.0,0.0,10.0,-0.7204133868217468,52.812095642089844,0.05888163670897484,9.83305549621582,-177.176513671875,0.06613300740718842
1782999922.310648,0.0,0.0,10.0,-0.7192993760108948,52.81117630004883,0.05737714841961861,9.83305549621582,-177.176513671875,0.06613300740718842
1782999922.316386,0.0,0.0,10.0,-0.7192993760108948,52.81117630004883,0.05737714841961861,9.83305549621582,-177.176513671875,0.06613300740718842
1782999922.323689,0.0,0.0,10.0,-0.7192993760108948,52.81117630004883,0.05737714841961861,9.83305549621582,-177.176513671875,0.06613300740718842
1782999922.331558,0.0,0.0,10.0,-0.7192993760108948,52.81117630004883,0.05737714841961861,9.83305549621582,-177.176513671875,0.06613300740718842
1782999922.337214,0.0,0.0,10.0,-0.7192993760108948,52.81117630004883,0.05737714841961861,9.83305549621582,-177.176513671875,0.06613300740718842
1782999922.343074,0.0,0.0,10.0,-0.7192993760108948,52.81117630004883,0.05737714841961861,9.83305549621582,-177.176513671875,0.06613300740718842
1782999922.349524,0.0,0.0,10.0,-0.7192993760108948,52.81117630004883,0.05737714841961861,9.83305549621582,-177.176513671875,0.06613300740718842
1782999922.355531,0.0,0.0,10.0,-0.7192993760108948,52.81117630004883,0.05737714841961861,9.83305549621582,-177.176513671875,0.06613300740718842
1782999922.361258,0.0,0.0,10.0,-0.7182811498641968,52.80883026123047,0.05730738490819931,9.83305549621582,-177.176513671875,0.06613300740718842
1782999922.367023,0.0,0.0,10.0,-0.7182811498641968,52.80883026123047,0.05730738490819931,9.83305549621582,-177.176513671875,0.06613300740718842
1782999922.373344,0.0,0.0,10.0,-0.7182811498641968,52.80883026123047,0.05730738490819931,9.832486152648926,-177.154541015625,0.06360621005296707
1782999922.383947,0.0,0.0,10.0,-0.7182811498641968,52.80883026123047,0.05730738490819931,9.832486152648926,-177.154541015625,0.06360621005296707
1782999922.390435,0.0,0.0,10.0,-0.7182811498641968,52.80883026123047,0.05730738490819931,9.832486152648926,-177.154541015625,0.06360621005296707
1782999922.396884,0.0,0.0,10.0,-0.7182811498641968,52.80883026123047,0.05730738490819931,9.832486152648926,-177.154541015625,0.06360621005296707
1782999922.402533,0.0,0.0,10.0,-0.7182811498641968,52.80883026123047,0.05730738490819931,9.832486152648926,-177.154541015625,0.06360621005296707
1782999922.40885,0.0,0.0,10.0,-0.7179917693138123,52.806549072265625,0.05795639380812645,9.832486152648926,-177.154541015625,0.06360621005296707
1782999922.414624,0.0,0.0,10.0,-0.7179917693138123,52.806549072265625,0.05795639380812645,9.832486152648926,-177.154541015625,0.06360621005296707
1782999922.421002,0.0,0.0,10.0,-0.7179917693138123,52.806549072265625,0.05795639380812645,9.832486152648926,-177.154541015625,0.06360621005296707
1782999922.433675,0.0,0.0,10.0,-0.7179917693138123,52.806549072265625,0.05795639380812645,9.832486152648926,-177.154541015625,0.06360621005296707
1782999922.440347,0.0,0.0,10.0,-0.7179917693138123,52.806549072265625,0.05795639380812645,9.832486152648926,-177.154541015625,0.06360621005296707
1782999922.446371,0.0,0.0,10.0,-0.7179917693138123,52.806549072265625,0.05795639380812645,9.832486152648926,-177.154541015625,0.06360621005296707
1782999922.452494,0.0,0.0,10.0,-0.7179917693138123,52.806549072265625,0.05795639380812645,9.832486152648926,-177.154541015625,0.06360621005296707
1782999922.458806,0.0,0.0,10.0,-0.7173900008201599,52.803733825683594,0.058491434901952744,9.832486152648926,-177.154541015625,0.06360621005296707
1782999922.464242,0.0,0.0,10.0,-0.7173900008201599,52.803733825683594,0.058491434901952744,9.832486152648926,-177.154541015625,0.06360621005296707
1782999922.469635,0.0,0.0,10.0,-0.7173900008201599,52.803733825683594,0.058491434901952744,9.829780578613281,-177.132568359375,0.06681206077337265
1782999922.475328,0.0,0.0,10.0,-0.7173900008201599,52.803733825683594,0.058491434901952744,9.829780578613281,-177.132568359375,0.06681206077337265
1782999922.486993,0.0,0.0,10.0,-0.7173900008201599,52.803733825683594,0.058491434901952744,9.829780578613281,-177.132568359375,0.06681206077337265
1782999922.492742,0.0,0.0,10.0,-0.7173900008201599,52.803733825683594,0.058491434901952744,9.829780578613281,-177.132568359375,0.06681206077337265
1782999922.499087,0.0,0.0,10.0,-0.7173900008201599,52.803733825683594,0.058491434901952744,9.829780578613281,-177.132568359375,0.06681206077337265
1782999922.505265,0.0,0.0,10.0,-0.7173900008201599,52.803733825683594,0.058491434901952744,9.829780578613281,-177.132568359375,0.06681206077337265
1782999922.510918,0.0,0.0,10.0,-0.717196524143219,52.801055908203125,0.05794920772314072,9.829780578613281,-177.132568359375,0.06681206077337265
1782999922.517044,0.0,0.0,10.0,-0.717196524143219,52.801055908203125,0.05794920772314072,9.829780578613281,-177.132568359375,0.06681206077337265
1782999922.523588,0.0,0.0,10.0,-0.717196524143219,52.801055908203125,0.05794920772314072,9.829780578613281,-177.132568359375,0.06681206077337265
1782999922.5366,0.0,0.0,10.0,-0.717196524143219,52.801055908203125,0.05794920772314072,9.829780578613281,-177.132568359375,0.06681206077337265
1782999922.543168,0.0,0.0,10.0,-0.717196524143219,52.801055908203125,0.05794920772314072,9.829780578613281,-177.132568359375,0.06681206077337265
1782999922.549928,0.0,0.0,10.0,-0.717196524143219,52.801055908203125,0.05794920772314072,9.829780578613281,-177.132568359375,0.06681206077337265
1782999922.556366,0.0,0.0,10.0,-0.717196524143219,52.801055908203125,0.05794920772314072,9.829780578613281,-177.132568359375,0.06681206077337265
1782999922.561947,0.0,0.0,10.0,-0.7167073488235474,52.79955291748047,0.05716300383210182,9.829780578613281,-177.132568359375,0.06681206077337265
1782999922.567312,0.0,0.0,10.0,-0.7167073488235474,52.79955291748047,0.05716300383210182,9.829780578613281,-177.132568359375,0.06681206077337265
1782999922.572926,0.0,0.0,10.0,-0.7167073488235474,52.79955291748047,0.05716300383210182,9.832075119018555,-177.198486328125,0.06731611490249634
1782999922.578857,0.0,0.0,10.0,-0.7167073488235474,52.79955291748047,0.05716300383210182,9.832075119018555,-177.198486328125,0.06731611490249634
1782999922.588631,0.0,0.0,10.0,-0.7167073488235474,52.79955291748047,0.05716300383210182,9.832075119018555,-177.198486328125,0.06731611490249634
1782999922.594784,0.0,0.0,10.0,-0.7167073488235474,52.79955291748047,0.05716300383210182,9.832075119018555,-177.198486328125,0.06731611490249634
1782999922.601341,0.0,0.0,10.0,-0.7167073488235474,52.79955291748047,0.05716300383210182,9.832075119018555,-177.198486328125,0.06731611490249634
1782999922.607508,0.0,0.0,10.0,-0.7159935235977173,52.7982292175293,0.05674981698393822,9.832075119018555,-177.198486328125,0.06731611490249634
1782999922.614015,0.0,0.0,10.0,-0.7159935235977173,52.7982292175293,0.05674981698393822,9.832075119018555,-177.198486328125,0.06731611490249634
1782999922.622857,0.0,0.0,10.0,-0.7159935235977173,52.7982292175293,0.05674981698393822,9.832075119018555,-177.198486328125,0.06731611490249634
1782999922.628685,0.0,0.0,10.0,-0.7159935235977173,52.7982292175293,0.05674981698393822,9.832075119018555,-177.198486328125,0.06731611490249634
1782999922.642555,0.0,0.0,10.0,-0.7159935235977173,52.7982292175293,0.05674981698393822,9.832075119018555,-177.198486328125,0.06731611490249634
1782999922.649604,0.0,0.0,10.0,-0.7159935235977173,52.7982292175293,0.05674981698393822,9.832075119018555,-177.198486328125,0.06731611490249634
1782999922.656396,0.0,0.0,10.0,-0.7159935235977173,52.7982292175293,0.05674981698393822,9.832075119018555,-177.198486328125,0.06731611490249634
1782999922.662474,0.0,0.0,10.0,-0.7164168357849121,52.79583740234375,0.057447757571935654,9.832075119018555,-177.198486328125,0.06731611490249634
1782999922.668324,0.0,0.0,10.0,-0.7164168357849121,52.79583740234375,0.057447757571935654,9.832075119018555,-177.198486328125,0.06731611490249634
1782999922.674639,0.0,0.0,10.0,-0.7164168357849121,52.79583740234375,0.057447757571935654,9.829473495483398,-177.176513671875,0.06856638193130493
1782999922.68088,0.0,0.0,10.0,-0.7164168357849121,52.79583740234375,0.057447757571935654,9.829473495483398,-177.176513671875,0.06856638193130493
1782999922.699097,0.0,0.0,10.0,-0.7164168357849121,52.79583740234375,0.057447757571935654,9.829473495483398,-177.176513671875,0.06856638193130493
1782999922.705747,0.0,0.0,10.0,-0.7164168357849121,52.79583740234375,0.057447757571935654,9.829473495483398,-177.176513671875,0.06856638193130493
1782999922.711599,0.0,0.0,10.0,-0.7166323661804199,52.794677734375,0.05801558494567871,9.829473495483398,-177.176513671875,0.06856638193130493
1782999922.717359,0.0,0.0,10.0,-0.7166323661804199,52.794677734375,0.05801558494567871,9.829473495483398,-177.176513671875,0.06856638193130493
1782999922.72385,0.0,0.0,10.0,-0.7166323661804199,52.794677734375,0.05801558494567871,9.829473495483398,-177.176513671875,0.06856638193130493
1782999922.729618,0.0,0.0,10.0,-0.7166323661804199,52.794677734375,0.05801558494567871,9.829473495483398,-177.176513671875,0.06856638193130493
1782999922.73602,0.0,0.0,10.0,-0.7166323661804199,52.794677734375,0.05801558494567871,9.829473495483398,-177.176513671875,0.06856638193130493
1782999922.744532,0.0,0.0,10.0,-0.7166323661804199,52.794677734375,0.05801558494567871,9.829473495483398,-177.176513671875,0.06856638193130493
1782999922.751059,0.0,0.0,10.0,-0.7166323661804199,52.794677734375,0.05801558494567871,9.829473495483398,-177.176513671875,0.06856638193130493
1782999922.756367,0.0,0.0,10.0,-0.7158740758895874,52.79302978515625,0.057292189449071884,9.829473495483398,-177.176513671875,0.06856638193130493
1782999922.763471,0.0,0.0,10.0,-0.7158740758895874,52.79302978515625,0.057292189449071884,9.829473495483398,-177.176513671875,0.06856638193130493
1782999922.769117,0.0,0.0,10.0,-0.7158740758895874,52.79302978515625,0.057292189449071884,9.829473495483398,-177.176513671875,0.06856638193130493
1782999922.776091,0.0,0.0,10.0,-0.7158740758895874,52.79302978515625,0.057292189449071884,9.829473495483398,-177.176513671875,0.06856638193130493
1782999922.781465,0.0,0.0,10.0,-0.7158740758895874,52.79302978515625,0.057292189449071884,9.830412864685059,-177.176513671875,0.06711635738611221
1782999922.78941,0.0,0.0,10.0,-0.7158740758895874,52.79302978515625,0.057292189449071884,9.830412864685059,-177.176513671875,0.06711635738611221
1782999922.801971,0.0,0.0,10.0,-0.7158740758895874,52.79302978515625,0.057292189449071884,9.830412864685059,-177.176513671875,0.06711635738611221
1782999922.808358,0.0,0.0,10.0,-0.7157617211341858,52.792015075683594,0.05814407765865326,9.830412864685059,-177.176513671875,0.06711635738611221
1782999922.81436,0.0,0.0,10.0,-0.7157617211341858,52.792015075683594,0.05814407765865326,9.830412864685059,-177.176513671875,0.06711635738611221
1782999922.820728,0.0,0.0,10.0,-0.7157617211341858,52.792015075683594,0.05814407765865326,9.830412864685059,-177.176513671875,0.06711635738611221
1782999922.826951,0.0,0.0,10.0,-0.7157617211341858,52.792015075683594,0.05814407765865326,9.830412864685059,-177.176513671875,0.06711635738611221
1782999922.832426,0.0,0.0,10.0,-0.7157617211341858,52.792015075683594,0.05814407765865326,9.830412864685059,-177.176513671875,0.06711635738611221
1782999922.838132,0.0,0.0,10.0,-0.7157617211341858,52.792015075683594,0.05814407765865326,9.830412864685059,-177.176513671875,0.06711635738611221
1782999922.84999,0.0,0.0,10.0,-0.7157617211341858,52.792015075683594,0.05814407765865326,9.830412864685059,-177.176513671875,0.06711635738611221
1782999922.857435,0.0,0.0,10.0,-0.7159323692321777,52.790462493896484,0.05823662504553795,9.830412864685059,-177.176513671875,0.06711635738611221
1782999922.862852,0.0,0.0,10.0,-0.7159323692321777,52.790462493896484,0.05823662504553795,9.830412864685059,-177.176513671875,0.06711635738611221
1782999922.868249,0.0,0.0,10.0,-0.7159323692321777,52.790462493896484,0.05823662504553795,9.830412864685059,-177.176513671875,0.06711635738611221
1782999922.87425,0.0,0.0,10.0,-0.7159323692321777,52.790462493896484,0.05823662504553795,9.830163955688477,-177.176513671875,0.06977086514234543
1782999922.880705,0.0,0.0,10.0,-0.7159323692321777,52.790462493896484,0.05823662504553795,9.830163955688477,-177.176513671875,0.06977086514234543
1782999922.888068,0.0,0.0,10.0,-0.7159323692321777,52.790462493896484,0.05823662504553795,9.830163955688477,-177.176513671875,0.06977086514234543
1782999922.902041,0.0,0.0,10.0,-0.7159323692321777,52.790462493896484,0.05823662504553795,9.830163955688477,-177.176513671875,0.06977086514234543
1782999922.908017,0.0,0.0,10.0,-0.7158784866333008,52.789703369140625,0.05844034254550934,9.830163955688477,-177.176513671875,0.06977086514234543
1782999922.913876,0.0,0.0,10.0,-0.7158784866333008,52.789703369140625,0.05844034254550934,9.830163955688477,-177.176513671875,0.06977086514234543
1782999922.920305,0.0,0.0,10.0,-0.7158784866333008,52.789703369140625,0.05844034254550934,9.830163955688477,-177.176513671875,0.06977086514234543
1782999922.925982,0.0,0.0,10.0,-0.7158784866333008,52.789703369140625,0.05844034254550934,9.830163955688477,-177.176513671875,0.06977086514234543
1782999922.931352,0.0,0.0,10.0,-0.7158784866333008,52.789703369140625,0.05844034254550934,9.830163955688477,-177.176513671875,0.06977086514234543
1782999922.937546,0.0,0.0,10.0,-0.7158784866333008,52.789703369140625,0.05844034254550934,9.830163955688477,-177.176513671875,0.06977086514234543
1782999922.944787,0.0,0.0,10.0,-0.7158784866333008,52.789703369140625,0.05844034254550934,9.830163955688477,-177.176513671875,0.06977086514234543
1782999922.95392,0.0,0.0,10.0,-0.7158784866333008,52.789703369140625,0.05844034254550934,9.830163955688477,-177.176513671875,0.06977086514234543
1782999922.959605,0.0,0.0,10.0,-0.7154432535171509,52.78921890258789,0.057812437415122986,9.830163955688477,-177.176513671875,0.06977086514234543
1782999922.965712,0.0,0.0,10.0,-0.7154432535171509,52.78921890258789,0.057812437415122986,9.830163955688477,-177.176513671875,0.06977086514234543
1782999922.971887,0.0,0.0,10.0,-0.7154432535171509,52.78921890258789,0.057812437415122986,9.830163955688477,-177.176513671875,0.06977086514234543
1782999922.979143,0.0,0.0,10.0,-0.7154432535171509,52.78921890258789,0.057812437415122986,9.829560279846191,-177.198486328125,0.06925669312477112
1782999922.985153,0.0,0.0,10.0,-0.7154432535171509,52.78921890258789,0.057812437415122986,9.829560279846191,-177.198486328125,0.06925669312477112
1782999922.991788,0.0,0.0,10.0,-0.7154432535171509,52.78921890258789,0.057812437415122986,9.829560279846191,-177.198486328125,0.06925669312477112
1782999923.004855,0.0,0.0,10.0,-0.7154432535171509,52.78921890258789,0.057812437415122986,9.829560279846191,-177.198486328125,0.06925669312477112
1782999923.011293,0.0,0.0,10.0,-0.7153439521789551,52.78785705566406,0.0588061586022377,9.829560279846191,-177.198486328125,0.06925669312477112
1782999923.018073,0.0,0.0,10.0,-0.7153439521789551,52.78785705566406,0.0588061586022377,9.829560279846191,-177.198486328125,0.06925669312477112
1782999923.024174,0.0,0.0,10.0,-0.7153439521789551,52.78785705566406,0.0588061586022377,9.829560279846191,-177.198486328125,0.06925669312477112
1782999923.029951,0.0,0.0,10.0,-0.7153439521789551,52.78785705566406,0.0588061586022377,9.829560279846191,-177.198486328125,0.06925669312477112
1782999923.035772,0.0,0.0,10.0,-0.7153439521789551,52.78785705566406,0.0588061586022377,9.829560279846191,-177.198486328125,0.06925669312477112
1782999923.042327,0.0,0.0,10.0,-0.7153439521789551,52.78785705566406,0.0588061586022377,9.829560279846191,-177.198486328125,0.06925669312477112
1782999923.056908,0.0,0.0,10.0,-0.7153439521789551,52.78785705566406,0.0588061586022377,9.829560279846191,-177.198486328125,0.06925669312477112
1782999923.062786,0.0,0.0,10.0,-0.7146449685096741,52.786312103271484,0.05903337523341179,9.829560279846191,-177.198486328125,0.06925669312477112
1782999923.068719,0.0,0.0,10.0,-0.7146449685096741,52.786312103271484,0.05903337523341179,9.829560279846191,-177.198486328125,0.06925669312477112
1782999923.074007,0.0,0.0,10.0,-0.7146449685096741,52.786312103271484,0.05903337523341179,9.829602241516113,-177.132568359375,0.06921251118183136
1782999923.079251,0.0,0.0,10.0,-0.7146449685096741,52.786312103271484,0.05903337523341179,9.829602241516113,-177.132568359375,0.06921251118183136
1782999923.085624,0.0,0.0,10.0,-0.7146449685096741,52.786312103271484,0.05903337523341179,9.829602241516113,-177.132568359375,0.06921251118183136
1782999923.094015,0.0,0.0,10.0,-0.7146449685096741,52.786312103271484,0.05903337523341179,9.829602241516113,-177.132568359375,0.06921251118183136
1782999923.109599,0.0,0.0,10.0,-0.7146449685096741,52.786312103271484,0.05903337523341179,9.829602241516113,-177.132568359375,0.06921251118183136
1782999923.116179,0.0,0.0,10.0,-0.7156475186347961,52.78512191772461,0.05729488655924797,9.829602241516113,-177.132568359375,0.06921251118183136
1782999923.12213,0.0,0.0,10.0,-0.7156475186347961,52.78512191772461,0.05729488655924797,9.829602241516113,-177.132568359375,0.06921251118183136
1782999923.12826,0.0,0.0,10.0,-0.7156475186347961,52.78512191772461,0.05729488655924797,9.829602241516113,-177.132568359375,0.06921251118183136
1782999923.134649,0.0,0.0,10.0,-0.7156475186347961,52.78512191772461,0.05729488655924797,9.829602241516113,-177.132568359375,0.06921251118183136
1782999923.140574,0.0,0.0,10.0,-0.7156475186347961,52.78512191772461,0.05729488655924797,9.829602241516113,-177.132568359375,0.06921251118183136
1782999923.146321,0.0,0.0,10.0,-0.7156475186347961,52.78512191772461,0.05729488655924797,9.829602241516113,-177.132568359375,0.06921251118183136
1782999923.161894,0.0,0.0,10.0,-0.7156475186347961,52.78512191772461,0.05729488655924797,9.829602241516113,-177.132568359375,0.06921251118183136
1782999923.168993,0.0,0.0,10.0,-0.7168096303939819,52.783390045166016,0.05785202607512474,9.829602241516113,-177.132568359375,0.06921251118183136
1782999923.17528,0.0,0.0,10.0,-0.7168096303939819,52.783390045166016,0.05785202607512474,9.82904052734375,-177.154541015625,0.06850523501634598
1782999923.181731,0.0,0.0,10.0,-0.7168096303939819,52.783390045166016,0.05785202607512474,9.82904052734375,-177.154541015625,0.06850523501634598
1782999923.187596,0.0,0.0,10.0,-0.7168096303939819,52.783390045166016,0.05785202607512474,9.82904052734375,-177.154541015625,0.06850523501634598
1782999923.193039,0.0,0.0,10.0,-0.7168096303939819,52.783390045166016,0.05785202607512474,9.82904052734375,-177.154541015625,0.06850523501634598
1782999923.199357,0.0,0.0,10.0,-0.7168096303939819,52.783390045166016,0.05785202607512474,9.82904052734375,-177.154541015625,0.06850523501634598
1782999923.210716,0.0,0.0,10.0,-0.7168096303939819,52.783390045166016,0.05785202607512474,9.82904052734375,-177.154541015625,0.06850523501634598
1782999923.216756,0.0,0.0,10.0,-0.7156108021736145,52.78117370605469,0.05864846333861351,9.82904052734375,-177.154541015625,0.06850523501634598
1782999923.222751,0.0,0.0,10.0,-0.7156108021736145,52.78117370605469,0.05864846333861351,9.82904052734375,-177.154541015625,0.06850523501634598
1782999923.228639,0.0,0.0,10.0,-0.7156108021736145,52.78117370605469,0.05864846333861351,9.82904052734375,-177.154541015625,0.06850523501634598
1782999923.235124,0.0,0.0,10.0,-0.7156108021736145,52.78117370605469,0.05864846333861351,9.82904052734375,-177.154541015625,0.06850523501634598
1782999923.241277,0.0,0.0,10.0,-0.7156108021736145,52.78117370605469,0.05864846333861351,9.82904052734375,-177.154541015625,0.06850523501634598
1782999923.247264,0.0,0.0,10.0,-0.7156108021736145,52.78117370605469,0.05864846333861351,9.82904052734375,-177.154541015625,0.06850523501634598
1782999923.261749,0.0,0.0,10.0,-0.7156108021736145,52.78117370605469,0.05864846333861351,9.82904052734375,-177.154541015625,0.06850523501634598
1782999923.267881,0.0,0.0,10.0,-0.7147891521453857,52.77936553955078,0.05895023047924042,9.82904052734375,-177.154541015625,0.06850523501634598
1782999923.273463,0.0,0.0,10.0,-0.7147891521453857,52.77936553955078,0.05895023047924042,9.828457832336426,-177.154541015625,0.06854195147752762
1782999923.279811,0.0,0.0,10.0,-0.7147891521453857,52.77936553955078,0.05895023047924042,9.828457832336426,-177.154541015625,0.06854195147752762
1782999923.286374,0.0,0.0,10.0,-0.7147891521453857,52.77936553955078,0.05895023047924042,9.828457832336426,-177.154541015625,0.06854195147752762
1782999923.291985,0.0,0.0,10.0,-0.7147891521453857,52.77936553955078,0.05895023047924042,9.828457832336426,-177.154541015625,0.06854195147752762
1782999923.298288,0.0,0.0,10.0,-0.7147891521453857,52.77936553955078,0.05895023047924042,9.828457832336426,-177.154541015625,0.06854195147752762
1782999923.310959,0.0,0.0,10.0,-0.7147891521453857,52.77936553955078,0.05895023047924042,9.828457832336426,-177.154541015625,0.06854195147752762
1782999923.317769,0.0,0.0,10.0,-0.7141687870025635,52.77754211425781,0.0583396777510643,9.828457832336426,-177.154541015625,0.06854195147752762
1782999923.324296,0.0,0.0,10.0,-0.7141687870025635,52.77754211425781,0.0583396777510643,9.828457832336426,-177.154541015625,0.06854195147752762
1782999923.330331,0.0,0.0,10.0,-0.7141687870025635,52.77754211425781,0.0583396777510643,9.828457832336426,-177.154541015625,0.06854195147752762
1782999923.335821,0.0,0.0,10.0,-0.7141687870025635,52.77754211425781,0.0583396777510643,9.828457832336426,-177.154541015625,0.06854195147752762
1782999923.341403,0.0,0.0,10.0,-0.7141687870025635,52.77754211425781,0.0583396777510643,9.828457832336426,-177.154541015625,0.06854195147752762
1782999923.347044,0.0,0.0,10.0,-0.7141687870025635,52.77754211425781,0.0583396777510643,9.828457832336426,-177.154541015625,0.06854195147752762
1782999923.352788,0.0,0.0,10.0,-0.7141687870025635,52.77754211425781,0.0583396777510643,9.828457832336426,-177.154541015625,0.06854195147752762
1782999923.368503,0.0,0.0,10.0,-0.7141687870025635,52.77754211425781,0.0583396777510643,9.828457832336426,-177.154541015625,0.06854195147752762
1782999923.374451,0.0,0.0,10.0,-0.7135681509971619,52.77705764770508,0.05944755673408508,9.828457832336426,-177.154541015625,0.06854195147752762
1782999923.380866,0.0,0.0,10.0,-0.7135681509971619,52.77705764770508,0.05944755673408508,9.831047058105469,-177.154541015625,0.06805657595396042
1782999923.386405,0.0,0.0,10.0,-0.7135681509971619,52.77705764770508,0.05944755673408508,9.831047058105469,-177.154541015625,0.06805657595396042
1782999923.392885,0.0,0.0,10.0,-0.7135681509971619,52.77705764770508,0.05944755673408508,9.831047058105469,-177.154541015625,0.06805657595396042
1782999923.398511,0.0,0.0,10.0,-0.7135681509971619,52.77705764770508,0.05944755673408508,9.831047058105469,-177.154541015625,0.06805657595396042
1782999923.405258,0.0,0.0,10.0,-0.7135681509971619,52.77705764770508,0.05944755673408508,9.831047058105469,-177.154541015625,0.06805657595396042
1782999923.417355,0.0,0.0,10.0,-0.7134791016578674,52.7752685546875,0.05963834002614021,9.831047058105469,-177.154541015625,0.06805657595396042
1782999923.422962,0.0,0.0,10.0,-0.7134791016578674,52.7752685546875,0.05963834002614021,9.831047058105469,-177.154541015625,0.06805657595396042
1782999923.428521,0.0,0.0,10.0,-0.7134791016578674,52.7752685546875,0.05963834002614021,9.831047058105469,-177.154541015625,0.06805657595396042
1782999923.434073,0.0,0.0,10.0,-0.7134791016578674,52.7752685546875,0.05963834002614021,9.831047058105469,-177.154541015625,0.06805657595396042
1782999923.441731,0.0,0.0,10.0,-0.7134791016578674,52.7752685546875,0.05963834002614021,9.831047058105469,-177.154541015625,0.06805657595396042
1782999923.448547,0.0,0.0,10.0,-0.7134791016578674,52.7752685546875,0.05963834002614021,9.831047058105469,-177.154541015625,0.06805657595396042
1782999923.455139,0.0,0.0,10.0,-0.7134791016578674,52.7752685546875,0.05963834002614021,9.831047058105469,-177.154541015625,0.06805657595396042
1782999923.469687,0.0,0.0,10.0,-0.7139527797698975,52.77640914916992,0.05935013294219971,9.831047058105469,-177.154541015625,0.06805657595396042
1782999923.476777,0.0,0.0,10.0,-0.7139527797698975,52.77640914916992,0.05935013294219971,9.831047058105469,-177.154541015625,0.06805657595396042
1782999923.483858,0.0,0.0,10.0,-0.7139527797698975,52.77640914916992,0.05935013294219971,9.824188232421875,-177.154541015625,0.06561814248561859
1782999923.489893,0.0,0.0,10.0,-0.7139527797698975,52.77640914916992,0.05935013294219971,9.824188232421875,-177.154541015625,0.06561814248561859
1782999923.495184,0.0,0.0,10.0,-0.7139527797698975,52.77640914916992,0.05935013294219971,9.824188232421875,-177.154541015625,0.06561814248561859
1782999923.501023,0.0,0.0,10.0,-0.7139527797698975,52.77640914916992,0.05935013294219971,9.824188232421875,-177.154541015625,0.06561814248561859
1782999923.506501,0.0,0.0,10.0,-0.7139527797698975,52.77640914916992,0.05935013294219971,9.824188232421875,-177.154541015625,0.06561814248561859
1782999923.520704,0.0,0.0,10.0,-0.7138379812240601,52.77656936645508,0.05955428257584572,9.824188232421875,-177.154541015625,0.06561814248561859
1782999923.52783,0.0,0.0,10.0,-0.7138379812240601,52.77656936645508,0.05955428257584572,9.824188232421875,-177.154541015625,0.06561814248561859
1782999923.53399,0.0,0.0,10.0,-0.7138379812240601,52.77656936645508,0.05955428257584572,9.824188232421875,-177.154541015625,0.06561814248561859
1782999923.539669,0.0,0.0,10.0,-0.7138379812240601,52.77656936645508,0.05955428257584572,9.824188232421875,-177.154541015625,0.06561814248561859
1782999923.545074,0.0,0.0,10.0,-0.7138379812240601,52.77656936645508,0.05955428257584572,9.824188232421875,-177.154541015625,0.06561814248561859
1782999923.550373,0.0,0.0,10.0,-0.7138379812240601,52.77656936645508,0.05955428257584572,9.824188232421875,-177.154541015625,0.06561814248561859
1782999923.556087,0.0,0.0,10.0,-0.713422417640686,52.77546691894531,0.05942210927605629,9.824188232421875,-177.154541015625,0.06561814248561859
1782999923.561822,0.0,0.0,10.0,-0.713422417640686,52.77546691894531,0.05942210927605629,9.824188232421875,-177.154541015625,0.06561814248561859
1782999923.570765,0.0,0.0,10.0,-0.713422417640686,52.77546691894531,0.05942210927605629,9.824188232421875,-177.154541015625,0.06561814248561859
1782999923.577399,0.0,0.0,10.0,-0.713422417640686,52.77546691894531,0.05942210927605629,9.824188232421875,-177.154541015625,0.06561814248561859
1782999923.583013,0.0,0.0,10.0,-0.713422417640686,52.77546691894531,0.05942210927605629,9.829806327819824,-177.198486328125,0.06673131883144379
1782999923.589451,0.0,0.0,10.0,-0.713422417640686,52.77546691894531,0.05942210927605629,9.829806327819824,-177.198486328125,0.06673131883144379
1782999923.597068,0.0,0.0,10.0,-0.713422417640686,52.77546691894531,0.05942210927605629,9.829806327819824,-177.198486328125,0.06673131883144379
1782999923.603223,0.0,0.0,10.0,-0.713422417640686,52.77546691894531,0.05942210927605629,9.829806327819824,-177.198486328125,0.06673131883144379
1782999923.608888,0.0,0.0,10.0,-0.7141193747520447,52.775856018066406,0.0604260116815567,9.829806327819824,-177.198486328125,0.06673131883144379
1782999923.626036,0.0,0.0,10.0,-0.7141193747520447,52.775856018066406,0.0604260116815567,9.829806327819824,-177.198486328125,0.06673131883144379
1782999923.632748,0.0,0.0,10.0,-0.7141193747520447,52.775856018066406,0.0604260116815567,9.829806327819824,-177.198486328125,0.06673131883144379
1782999923.63873,0.0,0.0,10.0,-0.7141193747520447,52.775856018066406,0.0604260116815567,9.829806327819824,-177.198486328125,0.06673131883144379
1782999923.644349,0.0,0.0,10.0,-0.7141193747520447,52.775856018066406,0.0604260116815567,9.829806327819824,-177.198486328125,0.06673131883144379
1782999923.650158,0.0,0.0,10.0,-0.7141193747520447,52.775856018066406,0.0604260116815567,9.829806327819824,-177.198486328125,0.06673131883144379
1782999923.656989,0.0,0.0,10.0,-0.7141193747520447,52.775856018066406,0.0604260116815567,9.829806327819824,-177.198486328125,0.06673131883144379
1782999923.663422,0.0,0.0,10.0,-0.7151631116867065,52.77667236328125,0.05981599912047386,9.829806327819824,-177.198486328125,0.06673131883144379
1782999923.675233,0.0,0.0,10.0,-0.7151631116867065,52.77667236328125,0.05981599912047386,9.829806327819824,-177.198486328125,0.06673131883144379
1782999923.680768,0.0,0.0,10.0,-0.7151631116867065,52.77667236328125,0.05981599912047386,9.826044082641602,-177.198486328125,0.0657312348484993
1782999923.686186,0.0,0.0,10.0,-0.7151631116867065,52.77667236328125,0.05981599912047386,9.826044082641602,-177.198486328125,0.0657312348484993
1782999923.693366,0.0,0.0,10.0,-0.7151631116867065,52.77667236328125,0.05981599912047386,9.826044082641602,-177.198486328125,0.0657312348484993
1782999923.698825,0.0,0.0,10.0,-0.7151631116867065,52.77667236328125,0.05981599912047386,9.826044082641602,-177.198486328125,0.0657312348484993
1782999923.70599,0.0,0.0,10.0,-0.7151631116867065,52.77667236328125,0.05981599912047386,9.826044082641602,-177.198486328125,0.0657312348484993
1782999923.712184,0.0,0.0,10.0,-0.7147635817527771,52.7763786315918,0.060279905796051025,9.826044082641602,-177.198486328125,0.0657312348484993
1782999923.726766,0.0,0.0,10.0,-0.7147635817527771,52.7763786315918,0.060279905796051025,9.826044082641602,-177.198486328125,0.0657312348484993
1782999923.732915,0.0,0.0,10.0,-0.7147635817527771,52.7763786315918,0.060279905796051025,9.826044082641602,-177.198486328125,0.0657312348484993
1782999923.73941,0.0,0.0,10.0,-0.7147635817527771,52.7763786315918,0.060279905796051025,9.826044082641602,-177.198486328125,0.0657312348484993
1782999923.745019,0.0,0.0,10.0,-0.7147635817527771,52.7763786315918,0.060279905796051025,9.826044082641602,-177.198486328125,0.0657312348484993
1782999923.750808,0.0,0.0,10.0,-0.7147635817527771,52.7763786315918,0.060279905796051025,9.826044082641602,-177.198486328125,0.0657312348484993
1782999923.756219,0.0,0.0,10.0,-0.7147635817527771,52.7763786315918,0.060279905796051025,9.826044082641602,-177.198486328125,0.0657312348484993
1782999923.761726,0.0,0.0,10.0,-0.7146067023277283,52.77650833129883,0.061900995671749115,9.826044082641602,-177.198486328125,0.0657312348484993
1782999923.767474,0.0,0.0,10.0,-0.7146067023277283,52.77650833129883,0.061900995671749115,9.826044082641602,-177.198486328125,0.0657312348484993
1782999923.776817,0.0,0.0,10.0,-0.7146067023277283,52.77650833129883,0.061900995671749115,9.826044082641602,-177.198486328125,0.0657312348484993
1782999923.783101,0.0,0.0,10.0,-0.7146067023277283,52.77650833129883,0.061900995671749115,9.826044082641602,-177.198486328125,0.0657312348484993
1782999923.789397,0.0,0.0,10.0,-0.7146067023277283,52.77650833129883,0.061900995671749115,9.826044082641602,-177.198486328125,0.0657312348484993
1782999923.795186,0.0,0.0,10.0,-0.7146067023277283,52.77650833129883,0.061900995671749115,9.827752113342285,-177.176513671875,0.06620461493730545
1782999923.801219,0.0,0.0,10.0,-0.7146067023277283,52.77650833129883,0.061900995671749115,9.827752113342285,-177.176513671875,0.06620461493730545
1782999923.80709,0.0,0.0,10.0,-0.716543436050415,52.77581787109375,0.06190129369497299,9.827752113342285,-177.176513671875,0.06620461493730545
1782999923.813046,0.0,0.0,10.0,-0.716543436050415,52.77581787109375,0.06190129369497299,9.827752113342285,-177.176513671875,0.06620461493730545
1782999923.818807,0.0,0.0,10.0,-0.716543436050415,52.77581787109375,0.06190129369497299,9.827752113342285,-177.176513671875,0.06620461493730545
1782999923.827973,0.0,0.0,10.0,-0.716543436050415,52.77581787109375,0.06190129369497299,9.827752113342285,-177.176513671875,0.06620461493730545
1782999923.834012,0.0,0.0,10.0,-0.716543436050415,52.77581787109375,0.06190129369497299,9.827752113342285,-177.176513671875,0.06620461493730545
1782999923.839909,0.0,0.0,10.0,-0.716543436050415,52.77581787109375,0.06190129369497299,9.827752113342285,-177.176513671875,0.06620461493730545
1782999923.845195,0.0,0.0,10.0,-0.716543436050415,52.77581787109375,0.06190129369497299,9.827752113342285,-177.176513671875,0.06620461493730545
1782999923.851807,0.0,0.0,10.0,-0.716543436050415,52.77581787109375,0.06190129369497299,9.827752113342285,-177.176513671875,0.06620461493730545
1782999923.857846,0.0,0.0,10.0,-0.716529369354248,52.77516555786133,0.061980608850717545,9.827752113342285,-177.176513671875,0.06620461493730545
1782999923.865018,0.0,0.0,10.0,-0.716529369354248,52.77516555786133,0.061980608850717545,9.827752113342285,-177.176513671875,0.06620461493730545
1782999923.879218,0.0,0.0,10.0,-0.716529369354248,52.77516555786133,0.061980608850717545,9.827752113342285,-177.176513671875,0.06620461493730545
1782999923.885645,0.0,0.0,10.0,-0.716529369354248,52.77516555786133,0.061980608850717545,9.825972557067871,-177.176513671875,0.06381905823945999
1782999923.891697,0.0,0.0,10.0,-0.716529369354248,52.77516555786133,0.061980608850717545,9.825972557067871,-177.176513671875,0.06381905823945999
1782999923.898464,0.0,0.0,10.0,-0.716529369354248,52.77516555786133,0.061980608850717545,9.825972557067871,-177.176513671875,0.06381905823945999
1782999923.904324,0.0,0.0,10.0,-0.716529369354248,52.77516555786133,0.061980608850717545,9.825972557067871,-177.176513671875,0.06381905823945999
1782999923.910495,0.0,0.0,10.0,-0.715747594833374,52.77467727661133,0.061650972813367844,9.825972557067871,-177.176513671875,0.06381905823945999
1782999923.916099,0.0,0.0,10.0,-0.715747594833374,52.77467727661133,0.061650972813367844,9.825972557067871,-177.176513671875,0.06381905823945999
1782999923.932152,0.0,0.0,10.0,-0.715747594833374,52.77467727661133,0.061650972813367844,9.825972557067871,-177.176513671875,0.06381905823945999
1782999923.938139,0.0,0.0,10.0,-0.715747594833374,52.77467727661133,0.061650972813367844,9.825972557067871,-177.176513671875,0.06381905823945999
1782999923.943896,0.0,0.0,10.0,-0.715747594833374,52.77467727661133,0.061650972813367844,9.825972557067871,-177.176513671875,0.06381905823945999
1782999923.949989,0.0,0.0,10.0,-0.715747594833374,52.77467727661133,0.061650972813367844,9.825972557067871,-177.176513671875,0.06381905823945999
1782999923.95586,0.0,0.0,10.0,-0.715747594833374,52.77467727661133,0.061650972813367844,9.825972557067871,-177.176513671875,0.06381905823945999
1782999923.961983,0.0,0.0,10.0,-0.7150700688362122,52.7733154296875,0.06291235983371735,9.825972557067871,-177.176513671875,0.06381905823945999
1782999923.96817,0.0,0.0,10.0,-0.7150700688362122,52.7733154296875,0.06291235983371735,9.825972557067871,-177.176513671875,0.06381905823945999
1782999923.981446,0.0,0.0,10.0,-0.7150700688362122,52.7733154296875,0.06291235983371735,9.825972557067871,-177.176513671875,0.06381905823945999
1782999923.987363,0.0,0.0,10.0,-0.7150700688362122,52.7733154296875,0.06291235983371735,9.829212188720703,-177.176513671875,0.06485810875892639
1782999923.992921,0.0,0.0,10.0,-0.7150700688362122,52.7733154296875,0.06291235983371735,9.829212188720703,-177.176513671875,0.06485810875892639
1782999923.999285,0.0,0.0,10.0,-0.7150700688362122,52.7733154296875,0.06291235983371735,9.829212188720703,-177.176513671875,0.06485810875892639
1782999924.005366,0.0,0.0,10.0,-0.7166381478309631,52.77408218383789,0.06300925463438034,9.829212188720703,-177.176513671875,0.06485810875892639
1782999924.012006,0.0,0.0,10.0,-0.7166381478309631,52.77408218383789,0.06300925463438034,9.829212188720703,-177.176513671875,0.06485810875892639
1782999924.018326,0.0,0.0,10.0,-0.7166381478309631,52.77408218383789,0.06300925463438034,9.829212188720703,-177.176513671875,0.06485810875892639
1782999924.025182,0.0,0.0,10.0,-0.7166381478309631,52.77408218383789,0.06300925463438034,9.829212188720703,-177.176513671875,0.06485810875892639
1782999924.034453,0.0,0.0,10.0,-0.7166381478309631,52.77408218383789,0.06300925463438034,9.829212188720703,-177.176513671875,0.06485810875892639
1782999924.040294,0.0,0.0,10.0,-0.7166381478309631,52.77408218383789,0.06300925463438034,9.829212188720703,-177.176513671875,0.06485810875892639
1782999924.046428,0.0,0.0,10.0,-0.7166381478309631,52.77408218383789,0.06300925463438034,9.829212188720703,-177.176513671875,0.06485810875892639
1782999924.05233,0.0,0.0,10.0,-0.7166381478309631,52.77408218383789,0.06300925463438034,9.829212188720703,-177.176513671875,0.06485810875892639
1782999924.059883,0.0,0.0,10.0,-0.7163543701171875,52.774295806884766,0.06387454271316528,9.829212188720703,-177.176513671875,0.06485810875892639
1782999924.065923,0.0,0.0,10.0,-0.7163543701171875,52.774295806884766,0.06387454271316528,9.829212188720703,-177.176513671875,0.06485810875892639
1782999924.072678,0.0,0.0,10.0,-0.7163543701171875,52.774295806884766,0.06387454271316528,9.829212188720703,-177.176513671875,0.06485810875892639
1782999924.078896,0.0,0.0,10.0,-0.7163543701171875,52.774295806884766,0.06387454271316528,9.829212188720703,-177.176513671875,0.06485810875892639
1782999924.09132,0.0,0.0,10.0,-0.7163543701171875,52.774295806884766,0.06387454271316528,9.82822036743164,-177.132568359375,0.06276965141296387
1782999924.097301,0.0,0.0,10.0,-0.7163543701171875,52.774295806884766,0.06387454271316528,9.82822036743164,-177.132568359375,0.06276965141296387
1782999924.103142,0.0,0.0,10.0,-0.7163543701171875,52.774295806884766,0.06387454271316528,9.82822036743164,-177.132568359375,0.06276965141296387
1782999924.109073,0.0,0.0,10.0,-0.7157667875289917,52.77439880371094,0.06451605260372162,9.82822036743164,-177.132568359375,0.06276965141296387
1782999924.114748,0.0,0.0,10.0,-0.7157667875289917,52.77439880371094,0.06451605260372162,9.82822036743164,-177.132568359375,0.06276965141296387
1782999924.120466,0.0,0.0,10.0,-0.7157667875289917,52.77439880371094,0.06451605260372162,9.82822036743164,-177.132568359375,0.06276965141296387
1782999924.12674,0.0,0.0,10.0,-0.7157667875289917,52.77439880371094,0.06451605260372162,9.82822036743164,-177.132568359375,0.06276965141296387
1782999924.133554,0.0,0.0,10.0,-0.7157667875289917,52.77439880371094,0.06451605260372162,9.82822036743164,-177.132568359375,0.06276965141296387
1782999924.139483,0.0,0.0,10.0,-0.7157667875289917,52.77439880371094,0.06451605260372162,9.82822036743164,-177.132568359375,0.06276965141296387
1782999924.145192,0.0,0.0,10.0,-0.7157667875289917,52.77439880371094,0.06451605260372162,9.82822036743164,-177.132568359375,0.06276965141296387
1782999924.150856,0.0,0.0,10.0,-0.7157667875289917,52.77439880371094,0.06451605260372162,9.82822036743164,-177.132568359375,0.06276965141296387
1782999924.156562,0.0,0.0,10.0,-0.7173563241958618,52.774356842041016,0.06381113827228546,9.82822036743164,-177.132568359375,0.06276965141296387
1782999924.164089,0.0,0.0,10.0,-0.7173563241958618,52.774356842041016,0.06381113827228546,9.82822036743164,-177.132568359375,0.06276965141296387
1782999924.170138,0.0,0.0,10.0,-0.7173563241958618,52.774356842041016,0.06381113827228546,9.82822036743164,-177.132568359375,0.06276965141296387
1782999924.175882,0.0,0.0,10.0,-0.7173563241958618,52.774356842041016,0.06381113827228546,9.82822036743164,-177.132568359375,0.06276965141296387
1782999924.18725,0.0,0.0,10.0,-0.7173563241958618,52.774356842041016,0.06381113827228546,9.82822036743164,-177.132568359375,0.06276965141296387
1782999924.1935,0.0,0.0,10.0,-0.7173563241958618,52.774356842041016,0.06381113827228546,9.825278282165527,-177.154541015625,0.06294801831245422
1782999924.199658,0.0,0.0,10.0,-0.7173563241958618,52.774356842041016,0.06381113827228546,9.825278282165527,-177.154541015625,0.06294801831245422
1782999924.205708,0.0,0.0,10.0,-0.7173563241958618,52.774356842041016,0.06381113827228546,9.825278282165527,-177.154541015625,0.06294801831245422
1782999924.212588,0.0,0.0,10.0,-0.7168158888816833,52.77446365356445,0.06354092061519623,9.825278282165527,-177.154541015625,0.06294801831245422
1782999924.218022,0.0,0.0,10.0,-0.7168158888816833,52.77446365356445,0.06354092061519623,9.825278282165527,-177.154541015625,0.06294801831245422
1782999924.224156,0.0,0.0,10.0,-0.7168158888816833,52.77446365356445,0.06354092061519623,9.825278282165527,-177.154541015625,0.06294801831245422
1782999924.236717,0.0,0.0,10.0,-0.7168158888816833,52.77446365356445,0.06354092061519623,9.825278282165527,-177.154541015625,0.06294801831245422
1782999924.242941,0.0,0.0,10.0,-0.7168158888816833,52.77446365356445,0.06354092061519623,9.825278282165527,-177.154541015625,0.06294801831245422
1782999924.24927,0.0,0.0,10.0,-0.7168158888816833,52.77446365356445,0.06354092061519623,9.825278282165527,-177.154541015625,0.06294801831245422
1782999924.254928,0.0,0.0,10.0,-0.7168158888816833,52.77446365356445,0.06354092061519623,9.825278282165527,-177.154541015625,0.06294801831245422
1782999924.261653,0.0,0.0,10.0,-0.7152194380760193,52.77543258666992,0.06440859287977219,9.825278282165527,-177.154541015625,0.06294801831245422
1782999924.267388,0.0,0.0,10.0,-0.7152194380760193,52.77543258666992,0.06440859287977219,9.825278282165527,-177.154541015625,0.06294801831245422
1782999924.272862,0.0,0.0,10.0,-0.7152194380760193,52.77543258666992,0.06440859287977219,9.825278282165527,-177.154541015625,0.06294801831245422
1782999924.278195,0.0,0.0,10.0,-0.7152194380760193,52.77543258666992,0.06440859287977219,9.825278282165527,-177.154541015625,0.06294801831245422
1782999924.291491,0.0,0.0,10.0,-0.7152194380760193,52.77543258666992,0.06440859287977219,9.825278282165527,-177.154541015625,0.06294801831245422
1782999924.297801,0.0,0.0,10.0,-0.7152194380760193,52.77543258666992,0.06440859287977219,9.830567359924316,-177.176513671875,0.0626773089170456
1782999924.304003,0.0,0.0,10.0,-0.7152194380760193,52.77543258666992,0.06440859287977219,9.830567359924316,-177.176513671875,0.0626773089170456
1782999924.31003,0.0,0.0,10.0,-0.7146864533424377,52.77593231201172,0.06350459903478622,9.830567359924316,-177.176513671875,0.0626773089170456
1782999924.315946,0.0,0.0,10.0,-0.7146864533424377,52.77593231201172,0.06350459903478622,9.830567359924316,-177.176513671875,0.0626773089170456
1782999924.321718,0.0,0.0,10.0,-0.7146864533424377,52.77593231201172,0.06350459903478622,9.830567359924316,-177.176513671875,0.0626773089170456
1782999924.327384,0.0,0.0,10.0,-0.7146864533424377,52.77593231201172,0.06350459903478622,9.830567359924316,-177.176513671875,0.0626773089170456
1782999924.341565,0.0,0.0,10.0,-0.7146864533424377,52.77593231201172,0.06350459903478622,9.830567359924316,-177.176513671875,0.0626773089170456
1782999924.346955,0.0,0.0,10.0,-0.7146864533424377,52.77593231201172,0.06350459903478622,9.830567359924316,-177.176513671875,0.0626773089170456
1782999924.354108,0.0,0.0,10.0,-0.7146864533424377,52.77593231201172,0.06350459903478622,9.830567359924316,-177.176513671875,0.0626773089170456
1782999924.360856,0.0,0.0,10.0,-0.714992880821228,52.776187896728516,0.06256506592035294,9.830567359924316,-177.176513671875,0.0626773089170456
1782999924.366451,0.0,0.0,10.0,-0.714992880821228,52.776187896728516,0.06256506592035294,9.830567359924316,-177.176513671875,0.0626773089170456
1782999924.372803,0.0,0.0,10.0,-0.714992880821228,52.776187896728516,0.06256506592035294,9.830567359924316,-177.176513671875,0.0626773089170456
1782999924.379222,0.0,0.0,10.0,-0.714992880821228,52.776187896728516,0.06256506592035294,9.830567359924316,-177.176513671875,0.0626773089170456
1782999924.396203,0.0,0.0,10.0,-0.714992880821228,52.776187896728516,0.06256506592035294,9.830567359924316,-177.176513671875,0.0626773089170456
1782999924.401888,0.0,0.0,10.0,-0.714992880821228,52.776187896728516,0.06256506592035294,9.823314666748047,-177.154541015625,0.06187035143375397
1782999924.408056,0.0,0.0,10.0,-0.7146824598312378,52.77616500854492,0.06200132519006729,9.823314666748047,-177.154541015625,0.06187035143375397
1782999924.414319,0.0,0.0,10.0,-0.7146824598312378,52.77616500854492,0.06200132519006729,9.823314666748047,-177.154541015625,0.06187035143375397
1782999924.420651,0.0,0.0,10.0,-0.7146824598312378,52.77616500854492,0.06200132519006729,9.823314666748047,-177.154541015625,0.06187035143375397
1782999924.427212,0.0,0.0,10.0,-0.7146824598312378,52.77616500854492,0.06200132519006729,9.823314666748047,-177.154541015625,0.06187035143375397
1782999924.433068,0.0,0.0,10.0,-0.7146824598312378,52.77616500854492,0.06200132519006729,9.823314666748047,-177.154541015625,0.06187035143375397
1782999924.442994,0.0,0.0,10.0,-0.7146824598312378,52.77616500854492,0.06200132519006729,9.823314666748047,-177.154541015625,0.06187035143375397
1782999924.449139,0.0,0.0,10.0,-0.7146824598312378,52.77616500854492,0.06200132519006729,9.823314666748047,-177.154541015625,0.06187035143375397
1782999924.454954,0.0,0.0,10.0,-0.71345055103302,52.77540969848633,0.06133149936795235,9.823314666748047,-177.154541015625,0.06187035143375397
1782999924.461371,0.0,0.0,10.0,-0.71345055103302,52.77540969848633,0.06133149936795235,9.823314666748047,-177.154541015625,0.06187035143375397
1782999924.467454,0.0,0.0,10.0,-0.71345055103302,52.77540969848633,0.06133149936795235,9.823314666748047,-177.154541015625,0.06187035143375397
1782999924.473311,0.0,0.0,10.0,-0.71345055103302,52.77540969848633,0.06133149936795235,9.823314666748047,-177.154541015625,0.06187035143375397
1782999924.479393,0.0,0.0,10.0,-0.71345055103302,52.77540969848633,0.06133149936795235,9.823314666748047,-177.154541015625,0.06187035143375397
1782999924.485633,0.0,0.0,10.0,-0.71345055103302,52.77540969848633,0.06133149936795235,9.823314666748047,-177.154541015625,0.06187035143375397
1782999924.500274,0.0,0.0,10.0,-0.71345055103302,52.77540969848633,0.06133149936795235,9.827974319458008,-177.154541015625,0.0628759115934372
1782999924.505814,0.0,0.0,10.0,-0.7123476266860962,52.775604248046875,0.0609368234872818,9.827974319458008,-177.154541015625,0.0628759115934372
1782999924.511718,0.0,0.0,10.0,-0.7123476266860962,52.775604248046875,0.0609368234872818,9.827974319458008,-177.154541015625,0.0628759115934372
1782999924.517884,0.0,0.0,10.0,-0.7123476266860962,52.775604248046875,0.0609368234872818,9.827974319458008,-177.154541015625,0.0628759115934372
1782999924.52339,0.0,0.0,10.0,-0.7123476266860962,52.775604248046875,0.0609368234872818,9.827974319458008,-177.154541015625,0.0628759115934372
1782999924.529334,0.0,0.0,10.0,-0.7123476266860962,52.775604248046875,0.0609368234872818,9.827974319458008,-177.154541015625,0.0628759115934372
1782999924.535674,0.0,0.0,10.0,-0.7123476266860962,52.775604248046875,0.0609368234872818,9.827974319458008,-177.154541015625,0.0628759115934372
1782999924.54801,0.0,0.0,10.0,-0.7123476266860962,52.775604248046875,0.0609368234872818,9.827974319458008,-177.154541015625,0.0628759115934372
1782999924.554032,0.0,0.0,10.0,-0.7123476266860962,52.775604248046875,0.0609368234872818,9.827974319458008,-177.154541015625,0.0628759115934372
1782999924.561173,0.0,0.0,10.0,-0.7128942012786865,52.77611541748047,0.05912831798195839,9.827974319458008,-177.154541015625,0.0628759115934372
1782999924.567239,0.0,0.0,10.0,-0.7128942012786865,52.77611541748047,0.05912831798195839,9.827974319458008,-177.154541015625,0.0628759115934372
1782999924.572811,0.0,0.0,10.0,-0.7128942012786865,52.77611541748047,0.05912831798195839,9.827974319458008,-177.154541015625,0.0628759115934372
1782999924.578343,0.0,0.0,10.0,-0.7128942012786865,52.77611541748047,0.05912831798195839,9.827974319458008,-177.154541015625,0.0628759115934372
1782999924.584914,0.0,0.0,10.0,-0.7128942012786865,52.77611541748047,0.05912831798195839,9.827974319458008,-177.154541015625,0.0628759115934372
1782999924.604263,0.0,0.0,10.0,-0.7128942012786865,52.77611541748047,0.05912831798195839,9.824071884155273,-177.198486328125,0.06364872306585312
1782999924.609706,0.0,0.0,10.0,-0.7111690640449524,52.77606201171875,0.05701169744133949,9.824071884155273,-177.198486328125,0.06364872306585312
1782999924.615509,0.0,0.0,10.0,-0.7111690640449524,52.77606201171875,0.05701169744133949,9.824071884155273,-177.198486328125,0.06364872306585312
1782999924.621584,0.0,0.0,10.0,-0.7111690640449524,52.77606201171875,0.05701169744133949,9.824071884155273,-177.198486328125,0.06364872306585312
1782999924.627036,0.0,0.0,10.0,-0.7111690640449524,52.77606201171875,0.05701169744133949,9.824071884155273,-177.198486328125,0.06364872306585312
1782999924.632568,0.0,0.0,10.0,-0.7111690640449524,52.77606201171875,0.05701169744133949,9.824071884155273,-177.198486328125,0.06364872306585312
1782999924.638903,0.0,0.0,10.0,-0.7111690640449524,52.77606201171875,0.05701169744133949,9.824071884155273,-177.198486328125,0.06364872306585312
1782999924.648873,0.0,0.0,10.0,-0.7111690640449524,52.77606201171875,0.05701169744133949,9.824071884155273,-177.198486328125,0.06364872306585312
1782999924.65628,0.0,0.0,10.0,-0.7111690640449524,52.77606201171875,0.05701169744133949,9.824071884155273,-177.198486328125,0.06364872306585312
1782999924.662282,0.0,0.0,10.0,-0.7110751867294312,52.776981353759766,0.05604977160692215,9.824071884155273,-177.198486328125,0.06364872306585312
1782999924.668015,0.0,0.0,10.0,-0.7110751867294312,52.776981353759766,0.05604977160692215,9.824071884155273,-177.198486328125,0.06364872306585312
1782999924.674343,0.0,0.0,10.0,-0.7110751867294312,52.776981353759766,0.05604977160692215,9.824071884155273,-177.198486328125,0.06364872306585312
1782999924.679634,0.0,0.0,10.0,-0.7110751867294312,52.776981353759766,0.05604977160692215,9.824071884155273,-177.198486328125,0.06364872306585312
1782999924.685763,0.0,0.0,10.0,-0.7110751867294312,52.776981353759766,0.05604977160692215,9.824071884155273,-177.198486328125,0.06364872306585312
1782999924.698706,0.0,0.0,10.0,-0.7110751867294312,52.776981353759766,0.05604977160692215,9.825899124145508,-177.154541015625,0.06357473134994507
1782999924.704215,0.0,0.0,10.0,-0.7110751867294312,52.776981353759766,0.05604977160692215,9.825899124145508,-177.154541015625,0.06357473134994507
1782999924.710573,0.0,0.0,10.0,-0.7107693552970886,52.7762336730957,0.054209861904382706,9.825899124145508,-177.154541015625,0.06357473134994507
1782999924.715991,0.0,0.0,10.0,-0.7107693552970886,52.7762336730957,0.054209861904382706,9.825899124145508,-177.154541015625,0.06357473134994507
1782999924.72149,0.0,0.0,10.0,-0.7107693552970886,52.7762336730957,0.054209861904382706,9.825899124145508,-177.154541015625,0.06357473134994507
1782999924.727002,0.0,0.0,10.0,-0.7107693552970886,52.7762336730957,0.054209861904382706,9.825899124145508,-177.154541015625,0.06357473134994507
1782999924.73345,0.0,0.0,10.0,-0.7107693552970886,52.7762336730957,0.054209861904382706,9.825899124145508,-177.154541015625,0.06357473134994507
1782999924.740717,0.0,0.0,10.0,-0.7107693552970886,52.7762336730957,0.054209861904382706,9.825899124145508,-177.154541015625,0.06357473134994507
1782999924.751941,0.0,0.0,10.0,-0.7107693552970886,52.7762336730957,0.054209861904382706,9.825899124145508,-177.154541015625,0.06357473134994507
1782999924.758002,0.0,0.0,10.0,-0.7112636566162109,52.775901794433594,0.05353779345750809,9.825899124145508,-177.154541015625,0.06357473134994507
1782999924.764091,0.0,0.0,10.0,-0.7112636566162109,52.775901794433594,0.05353779345750809,9.825899124145508,-177.154541015625,0.06357473134994507
1782999924.770375,0.0,0.0,10.0,-0.7112636566162109,52.775901794433594,0.05353779345750809,9.825899124145508,-177.154541015625,0.06357473134994507
1782999924.776463,0.0,0.0,10.0,-0.7112636566162109,52.775901794433594,0.05353779345750809,9.825899124145508,-177.154541015625,0.06357473134994507
1782999924.782033,0.0,0.0,10.0,-0.7112636566162109,52.775901794433594,0.05353779345750809,9.825899124145508,-177.154541015625,0.06357473134994507
1782999924.788193,0.0,0.0,10.0,-0.7112636566162109,52.775901794433594,0.05353779345750809,9.821637153625488,-177.154541015625,0.06472117453813553
1782999924.801399,0.0,0.0,10.0,-0.7112636566162109,52.775901794433594,0.05353779345750809,9.821637153625488,-177.154541015625,0.06472117453813553
1782999924.807458,0.0,0.0,10.0,-0.7091690897941589,52.77543258666992,0.05233500525355339,9.821637153625488,-177.154541015625,0.06472117453813553
1782999924.814252,0.0,0.0,10.0,-0.7091690897941589,52.77543258666992,0.05233500525355339,9.821637153625488,-177.154541015625,0.06472117453813553
1782999924.819955,0.0,0.0,10.0,-0.7091690897941589,52.77543258666992,0.05233500525355339,9.821637153625488,-177.154541015625,0.06472117453813553
1782999924.82605,0.0,0.0,10.0,-0.7091690897941589,52.77543258666992,0.05233500525355339,9.821637153625488,-177.154541015625,0.06472117453813553
1782999924.831594,0.0,0.0,10.0,-0.7091690897941589,52.77543258666992,0.05233500525355339,9.821637153625488,-177.154541015625,0.06472117453813553
1782999924.837386,0.0,0.0,10.0,-0.7091690897941589,52.77543258666992,0.05233500525355339,9.821637153625488,-177.154541015625,0.06472117453813553
1782999924.843023,0.0,0.0,10.0,-0.7091690897941589,52.77543258666992,0.05233500525355339,9.821637153625488,-177.154541015625,0.06472117453813553
1782999924.85227,0.0,0.0,10.0,-0.7091690897941589,52.77543258666992,0.05233500525355339,9.821637153625488,-177.154541015625,0.06472117453813553
1782999924.858827,0.0,0.0,10.0,-0.7077078223228455,52.773258209228516,0.053847167640924454,9.821637153625488,-177.154541015625,0.06472117453813553
1782999924.864248,0.0,0.0,10.0,-0.7077078223228455,52.773258209228516,0.053847167640924454,9.821637153625488,-177.154541015625,0.06472117453813553
1782999924.870074,0.0,0.0,10.0,-0.7077078223228455,52.773258209228516,0.053847167640924454,9.821637153625488,-177.154541015625,0.06472117453813553
1782999924.87585,0.0,0.0,10.0,-0.7077078223228455,52.773258209228516,0.053847167640924454,9.821637153625488,-177.154541015625,0.06472117453813553
1782999924.882751,0.0,0.0,10.0,-0.7077078223228455,52.773258209228516,0.053847167640924454,9.821637153625488,-177.154541015625,0.06472117453813553
1782999924.889954,0.0,0.0,10.0,-0.7077078223228455,52.773258209228516,0.053847167640924454,9.821637153625488,-177.154541015625,0.06472117453813553
1782999924.896369,0.0,0.0,10.0,-0.7077078223228455,52.773258209228516,0.053847167640924454,9.828073501586914,-177.176513671875,0.06277254223823547
1782999924.907015,0.0,0.0,10.0,-0.7077078223228455,52.773258209228516,0.053847167640924454,9.828073501586914,-177.176513671875,0.06277254223823547
1782999924.913378,0.0,0.0,10.0,-0.7095680236816406,52.77330017089844,0.05406007170677185,9.828073501586914,-177.176513671875,0.06277254223823547
1782999924.919613,0.0,0.0,10.0,-0.7095680236816406,52.77330017089844,0.05406007170677185,9.828073501586914,-177.176513671875,0.06277254223823547
1782999924.925144,0.0,0.0,10.0,-0.7095680236816406,52.77330017089844,0.05406007170677185,9.828073501586914,-177.176513671875,0.06277254223823547
1782999924.930761,0.0,0.0,10.0,-0.7095680236816406,52.77330017089844,0.05406007170677185,9.828073501586914,-177.176513671875,0.06277254223823547
1782999924.937402,0.0,0.0,10.0,-0.7095680236816406,52.77330017089844,0.05406007170677185,9.828073501586914,-177.176513671875,0.06277254223823547
1782999924.942966,0.0,0.0,10.0,-0.7095680236816406,52.77330017089844,0.05406007170677185,9.828073501586914,-177.176513671875,0.06277254223823547
1782999924.95596,0.0,0.0,10.0,-0.7095680236816406,52.77330017089844,0.05406007170677185,9.828073501586914,-177.176513671875,0.06277254223823547
1782999924.963306,0.0,0.0,10.0,-0.7093068957328796,52.77383041381836,0.05459732189774513,9.828073501586914,-177.176513671875,0.06277254223823547
1782999924.969948,0.0,0.0,10.0,-0.7093068957328796,52.77383041381836,0.05459732189774513,9.828073501586914,-177.176513671875,0.06277254223823547
1782999924.976342,0.0,0.0,10.0,-0.7093068957328796,52.77383041381836,0.05459732189774513,9.828073501586914,-177.176513671875,0.06277254223823547
1782999924.981816,0.0,0.0,10.0,-0.7093068957328796,52.77383041381836,0.05459732189774513,9.828073501586914,-177.176513671875,0.06277254223823547
1782999924.987816,0.0,0.0,10.0,-0.7093068957328796,52.77383041381836,0.05459732189774513,9.828073501586914,-177.176513671875,0.06277254223823547
1782999924.993522,0.0,0.0,10.0,-0.7093068957328796,52.77383041381836,0.05459732189774513,9.819899559020996,-177.110595703125,0.06177589297294617
1782999925.000044,0.0,0.0,10.0,-0.7093068957328796,52.77383041381836,0.05459732189774513,9.819899559020996,-177.110595703125,0.06177589297294617
1782999925.009096,0.0,0.0,10.0,-0.7093068957328796,52.77383041381836,0.05459732189774513,9.819899559020996,-177.110595703125,0.06177589297294617
1782999925.014644,0.0,0.0,10.0,-0.7075194716453552,52.77387619018555,0.05497102439403534,9.819899559020996,-177.110595703125,0.06177589297294617
1782999925.021737,0.0,0.0,10.0,-0.7075194716453552,52.77387619018555,0.05497102439403534,9.819899559020996,-177.110595703125,0.06177589297294617
1782999925.027901,0.0,0.0,10.0,-0.7075194716453552,52.77387619018555,0.05497102439403534,9.819899559020996,-177.110595703125,0.06177589297294617
1782999925.034041,0.0,0.0,10.0,-0.7075194716453552,52.77387619018555,0.05497102439403534,9.819899559020996,-177.110595703125,0.06177589297294617
1782999925.04015,0.0,0.0,10.0,-0.7075194716453552,52.77387619018555,0.05497102439403534,9.819899559020996,-177.110595703125,0.06177589297294617
1782999925.046447,0.0,0.0,10.0,-0.7075194716453552,52.77387619018555,0.05497102439403534,9.819899559020996,-177.110595703125,0.06177589297294617
1782999925.052684,0.0,0.0,10.0,-0.7075194716453552,52.77387619018555,0.05497102439403534,9.819899559020996,-177.110595703125,0.06177589297294617
1782999925.059449,0.0,0.0,10.0,-0.7073661684989929,52.77465057373047,0.055983543395996094,9.819899559020996,-177.110595703125,0.06177589297294617
1782999925.065771,0.0,0.0,10.0,-0.7073661684989929,52.77465057373047,0.055983543395996094,9.819899559020996,-177.110595703125,0.06177589297294617
1782999925.071798,0.0,0.0,10.0,-0.7073661684989929,52.77465057373047,0.055983543395996094,9.819899559020996,-177.110595703125,0.06177589297294617
1782999925.078124,0.0,0.0,10.0,-0.7073661684989929,52.77465057373047,0.055983543395996094,9.819899559020996,-177.110595703125,0.06177589297294617
1782999925.091762,0.0,0.0,10.0,-0.7073661684989929,52.77465057373047,0.055983543395996094,9.819899559020996,-177.110595703125,0.06177589297294617
1782999925.097616,0.0,0.0,10.0,-0.7073661684989929,52.77465057373047,0.055983543395996094,9.823895454406738,-177.154541015625,0.06457925587892532
1782999925.103747,0.0,0.0,10.0,-0.7073661684989929,52.77465057373047,0.055983543395996094,9.823895454406738,-177.154541015625,0.06457925587892532
1782999925.112746,0.0,0.0,10.0,-0.7073661684989929,52.77465057373047,0.055983543395996094,9.823895454406738,-177.154541015625,0.06457925587892532
1782999925.118232,0.0,0.0,10.0,-0.7075756788253784,52.77424240112305,0.05597863346338272,9.823895454406738,-177.154541015625,0.06457925587892532
1782999925.124035,0.0,0.0,10.0,-0.7075756788253784,52.77424240112305,0.05597863346338272,9.823895454406738,-177.154541015625,0.06457925587892532
1782999925.130017,0.0,0.0,10.0,-0.7075756788253784,52.77424240112305,0.05597863346338272,9.823895454406738,-177.154541015625,0.06457925587892532
1782999925.135895,0.0,0.0,10.0,-0.7075756788253784,52.77424240112305,0.05597863346338272,9.823895454406738,-177.154541015625,0.06457925587892532
1782999925.141861,0.0,0.0,10.0,-0.7075756788253784,52.77424240112305,0.05597863346338272,9.823895454406738,-177.154541015625,0.06457925587892532
1782999925.14758,0.0,0.0,10.0,-0.7075756788253784,52.77424240112305,0.05597863346338272,9.823895454406738,-177.154541015625,0.06457925587892532
1782999925.153074,0.0,0.0,10.0,-0.7075756788253784,52.77424240112305,0.05597863346338272,9.823895454406738,-177.154541015625,0.06457925587892532
1782999925.164928,0.0,0.0,10.0,-0.7073967456817627,52.774147033691406,0.0567815937101841,9.823895454406738,-177.154541015625,0.06457925587892532
1782999925.171055,0.0,0.0,10.0,-0.7073967456817627,52.774147033691406,0.0567815937101841,9.823895454406738,-177.154541015625,0.06457925587892532
1782999925.176544,0.0,0.0,10.0,-0.7073967456817627,52.774147033691406,0.0567815937101841,9.823895454406738,-177.154541015625,0.06457925587892532
1782999925.182864,0.0,0.0,10.0,-0.7073967456817627,52.774147033691406,0.0567815937101841,9.823895454406738,-177.154541015625,0.06457925587892532
1782999925.188513,0.0,0.0,10.0,-0.7073967456817627,52.774147033691406,0.0567815937101841,9.823895454406738,-177.154541015625,0.06457925587892532
1782999925.194593,0.0,0.0,10.0,-0.7073967456817627,52.774147033691406,0.0567815937101841,9.823902130126953,-177.176513671875,0.0627036765217781
1782999925.200725,0.0,0.0,10.0,-0.7073967456817627,52.774147033691406,0.0567815937101841,9.823902130126953,-177.176513671875,0.0627036765217781
1782999925.207235,0.0,0.0,10.0,-0.7071268558502197,52.7738151550293,0.057401128113269806,9.823902130126953,-177.176513671875,0.0627036765217781
1782999925.216475,0.0,0.0,10.0,-0.7071268558502197,52.7738151550293,0.057401128113269806,9.823902130126953,-177.176513671875,0.0627036765217781
1782999925.222917,0.0,0.0,10.0,-0.7071268558502197,52.7738151550293,0.057401128113269806,9.823902130126953,-177.176513671875,0.0627036765217781
1782999925.229639,0.0,0.0,10.0,-0.7071268558502197,52.7738151550293,0.057401128113269806,9.823902130126953,-177.176513671875,0.0627036765217781
1782999925.235697,0.0,0.0,10.0,-0.7071268558502197,52.7738151550293,0.057401128113269806,9.823902130126953,-177.176513671875,0.0627036765217781
1782999925.242077,0.0,0.0,10.0,-0.7071268558502197,52.7738151550293,0.057401128113269806,9.823902130126953,-177.176513671875,0.0627036765217781
1782999925.248248,0.0,0.0,10.0,-0.7071268558502197,52.7738151550293,0.057401128113269806,9.823902130126953,-177.176513671875,0.0627036765217781
1782999925.254128,0.0,0.0,10.0,-0.7071268558502197,52.7738151550293,0.057401128113269806,9.823902130126953,-177.176513671875,0.0627036765217781
1782999925.266042,0.0,0.0,10.0,-0.7065945863723755,52.77267074584961,0.058118097484111786,9.823902130126953,-177.176513671875,0.0627036765217781
1782999925.271882,0.0,0.0,10.0,-0.7065945863723755,52.77267074584961,0.058118097484111786,9.823902130126953,-177.176513671875,0.0627036765217781
1782999925.278359,0.0,0.0,10.0,-0.7065945863723755,52.77267074584961,0.058118097484111786,9.823902130126953,-177.176513671875,0.0627036765217781
1782999925.284051,0.0,0.0,10.0,-0.7065945863723755,52.77267074584961,0.058118097484111786,9.823902130126953,-177.176513671875,0.0627036765217781
1782999925.290229,0.0,0.0,10.0,-0.7065945863723755,52.77267074584961,0.058118097484111786,9.823902130126953,-177.176513671875,0.0627036765217781
1782999925.296739,0.0,0.0,10.0,-0.7065945863723755,52.77267074584961,0.058118097484111786,9.834931373596191,-177.132568359375,0.061070673167705536
1782999925.302386,0.0,0.0,10.0,-0.7065945863723755,52.77267074584961,0.058118097484111786,9.834931373596191,-177.132568359375,0.061070673167705536
1782999925.308158,0.0,0.0,10.0,-0.7072322368621826,52.77083206176758,0.05817746743559837,9.834931373596191,-177.132568359375,0.061070673167705536
1782999925.320482,0.0,0.0,10.0,-0.7072322368621826,52.77083206176758,0.05817746743559837,9.834931373596191,-177.132568359375,0.061070673167705536
1782999925.326167,0.0,0.0,10.0,-0.7072322368621826,52.77083206176758,0.05817746743559837,9.834931373596191,-177.132568359375,0.061070673167705536
1782999925.332583,0.0,0.0,10.0,-0.7072322368621826,52.77083206176758,0.05817746743559837,9.834931373596191,-177.132568359375,0.061070673167705536
1782999925.33885,0.0,0.0,10.0,-0.7072322368621826,52.77083206176758,0.05817746743559837,9.834931373596191,-177.132568359375,0.061070673167705536
1782999925.345244,0.0,0.0,10.0,-0.7072322368621826,52.77083206176758,0.05817746743559837,9.834931373596191,-177.132568359375,0.061070673167705536
1782999925.351415,0.0,0.0,10.0,-0.7072322368621826,52.77083206176758,0.05817746743559837,9.834931373596191,-177.132568359375,0.061070673167705536
1782999925.358286,0.0,0.0,10.0,-0.7056146860122681,52.76973342895508,0.05893866717815399,9.834931373596191,-177.132568359375,0.061070673167705536
1782999925.369644,0.0,0.0,10.0,-0.7056146860122681,52.76973342895508,0.05893866717815399,9.834931373596191,-177.132568359375,0.061070673167705536
1782999925.375718,0.0,0.0,10.0,-0.7056146860122681,52.76973342895508,0.05893866717815399,9.834931373596191,-177.132568359375,0.061070673167705536
1782999925.382758,0.0,0.0,10.0,-0.7056146860122681,52.76973342895508,0.05893866717815399,9.834931373596191,-177.132568359375,0.061070673167705536
1782999925.38866,0.0,0.0,10.0,-0.7056146860122681,52.76973342895508,0.05893866717815399,9.834931373596191,-177.132568359375,0.061070673167705536
1782999925.394204,0.0,0.0,10.0,-0.7056146860122681,52.76973342895508,0.05893866717815399,9.831652641296387,-177.176513671875,0.06299475580453873
1782999925.399587,0.0,0.0,10.0,-0.7056146860122681,52.76973342895508,0.05893866717815399,9.831652641296387,-177.176513671875,0.06299475580453873
1782999925.405136,0.0,0.0,10.0,-0.7056146860122681,52.76973342895508,0.05893866717815399,9.831652641296387,-177.176513671875,0.06299475580453873
1782999925.411506,0.0,0.0,10.0,-0.7049402594566345,52.768375396728516,0.05948645621538162,9.831652641296387,-177.176513671875,0.06299475580453873
1782999925.421251,0.0,0.0,10.0,-0.7049402594566345,52.768375396728516,0.05948645621538162,9.831652641296387,-177.176513671875,0.06299475580453873
1782999925.427146,0.0,0.0,10.0,-0.7049402594566345,52.768375396728516,0.05948645621538162,9.831652641296387,-177.176513671875,0.06299475580453873
1782999925.433252,0.0,0.0,10.0,-0.7049402594566345,52.768375396728516,0.05948645621538162,9.831652641296387,-177.176513671875,0.06299475580453873
1782999925.439311,0.0,0.0,10.0,-0.7049402594566345,52.768375396728516,0.05948645621538162,9.831652641296387,-177.176513671875,0.06299475580453873
1782999925.445612,0.0,0.0,10.0,-0.7049402594566345,52.768375396728516,0.05948645621538162,9.831652641296387,-177.176513671875,0.06299475580453873
1782999925.451425,0.0,0.0,10.0,-0.7049402594566345,52.768375396728516,0.05948645621538162,9.831652641296387,-177.176513671875,0.06299475580453873
1782999925.457945,0.0,0.0,10.0,-0.7057522535324097,52.76790237426758,0.05942072719335556,9.831652641296387,-177.176513671875,0.06299475580453873
1782999925.464728,0.0,0.0,10.0,-0.7057522535324097,52.76790237426758,0.05942072719335556,9.831652641296387,-177.176513671875,0.06299475580453873
1782999925.473966,0.0,0.0,10.0,-0.7057522535324097,52.76790237426758,0.05942072719335556,9.831652641296387,-177.176513671875,0.06299475580453873
1782999925.480687,0.0,0.0,10.0,-0.7057522535324097,52.76790237426758,0.05942072719335556,9.831652641296387,-177.176513671875,0.06299475580453873
1782999925.486735,0.0,0.0,10.0,-0.7057522535324097,52.76790237426758,0.05942072719335556,9.831652641296387,-177.176513671875,0.06299475580453873
1782999925.493307,0.0,0.0,10.0,-0.7057522535324097,52.76790237426758,0.05942072719335556,9.831652641296387,-177.176513671875,0.06299475580453873
1782999925.499793,0.0,0.0,10.0,-0.7057522535324097,52.76790237426758,0.05942072719335556,9.833231925964355,-177.154541015625,0.06159336492419243
1782999925.506127,0.0,0.0,10.0,-0.7061945199966431,52.765506744384766,0.05881817266345024,9.833231925964355,-177.154541015625,0.06159336492419243
1782999925.511966,0.0,0.0,10.0,-0.7061945199966431,52.765506744384766,0.05881817266345024,9.833231925964355,-177.154541015625,0.06159336492419243
1782999925.527043,0.0,0.0,10.0,-0.7061945199966431,52.765506744384766,0.05881817266345024,9.833231925964355,-177.154541015625,0.06159336492419243
1782999925.533521,0.0,0.0,10.0,-0.7061945199966431,52.765506744384766,0.05881817266345024,9.833231925964355,-177.154541015625,0.06159336492419243
1782999925.539343,0.0,0.0,10.0,-0.7061945199966431,52.765506744384766,0.05881817266345024,9.833231925964355,-177.154541015625,0.06159336492419243
1782999925.545426,0.0,0.0,10.0,-0.7061945199966431,52.765506744384766,0.05881817266345024,9.833231925964355,-177.154541015625,0.06159336492419243
1782999925.551253,0.0,0.0,10.0,-0.7061945199966431,52.765506744384766,0.05881817266345024,9.833231925964355,-177.154541015625,0.06159336492419243
1782999925.556899,0.0,0.0,10.0,-0.7060290575027466,52.76531982421875,0.05907302722334862,9.833231925964355,-177.154541015625,0.06159336492419243
1782999925.563175,0.0,0.0,10.0,-0.7060290575027466,52.76531982421875,0.05907302722334862,9.833231925964355,-177.154541015625,0.06159336492419243
1782999925.575925,0.0,0.0,10.0,-0.7060290575027466,52.76531982421875,0.05907302722334862,9.833231925964355,-177.154541015625,0.06159336492419243
1782999925.582787,0.0,0.0,10.0,-0.7060290575027466,52.76531982421875,0.05907302722334862,9.833231925964355,-177.154541015625,0.06159336492419243
1782999925.589195,0.0,0.0,10.0,-0.7060290575027466,52.76531982421875,0.05907302722334862,9.833231925964355,-177.154541015625,0.06159336492419243
1782999925.594862,0.0,0.0,10.0,-0.7060290575027466,52.76531982421875,0.05907302722334862,9.833231925964355,-177.154541015625,0.06159336492419243
1782999925.60123,0.0,0.0,10.0,-0.7060290575027466,52.76531982421875,0.05907302722334862,9.835348129272461,-177.154541015625,0.062002066522836685
1782999925.607212,0.0,0.0,10.0,-0.7060290575027466,52.76531982421875,0.05907302722334862,9.835348129272461,-177.154541015625,0.062002066522836685
1782999925.613209,0.0,0.0,10.0,-0.7059825658798218,52.76296615600586,0.060409270226955414,9.835348129272461,-177.154541015625,0.062002066522836685
1782999925.629555,0.0,0.0,10.0,-0.7059825658798218,52.76296615600586,0.060409270226955414,9.835348129272461,-177.154541015625,0.062002066522836685
1782999925.63601,0.0,0.0,10.0,-0.7059825658798218,52.76296615600586,0.060409270226955414,9.835348129272461,-177.154541015625,0.062002066522836685
1782999925.64147,0.0,0.0,10.0,-0.7059825658798218,52.76296615600586,0.060409270226955414,9.835348129272461,-177.154541015625,0.062002066522836685
1782999925.646796,0.0,0.0,10.0,-0.7059825658798218,52.76296615600586,0.060409270226955414,9.835348129272461,-177.154541015625,0.062002066522836685
1782999925.65274,0.0,0.0,10.0,-0.7059825658798218,52.76296615600586,0.060409270226955414,9.835348129272461,-177.154541015625,0.062002066522836685
1782999925.660176,0.0,0.0,10.0,-0.7060521245002747,52.76156997680664,0.06130395084619522,9.835348129272461,-177.154541015625,0.062002066522836685
1782999925.66552,0.0,0.0,10.0,-0.7060521245002747,52.76156997680664,0.06130395084619522,9.835348129272461,-177.154541015625,0.062002066522836685
1782999925.67791,0.0,0.0,10.0,-0.7060521245002747,52.76156997680664,0.06130395084619522,9.835348129272461,-177.154541015625,0.062002066522836685
1782999925.683836,0.0,0.0,10.0,-0.7060521245002747,52.76156997680664,0.06130395084619522,9.835348129272461,-177.154541015625,0.062002066522836685
1782999925.689902,0.0,0.0,10.0,-0.7060521245002747,52.76156997680664,0.06130395084619522,9.835348129272461,-177.154541015625,0.062002066522836685
1782999925.696153,0.0,0.0,10.0,-0.7060521245002747,52.76156997680664,0.06130395084619522,9.835348129272461,-177.154541015625,0.062002066522836685
1782999925.701699,0.0,0.0,10.0,-0.7060521245002747,52.76156997680664,0.06130395084619522,9.831968307495117,-177.132568359375,0.0632248967885971
1782999925.707814,0.0,0.0,10.0,-0.7069022059440613,52.760501861572266,0.06094343215227127,9.831968307495117,-177.132568359375,0.0632248967885971
1782999925.715079,0.0,0.0,10.0,-0.7069022059440613,52.760501861572266,0.06094343215227127,9.831968307495117,-177.132568359375,0.0632248967885971
1782999925.721903,0.0,0.0,10.0,-0.7069022059440613,52.760501861572266,0.06094343215227127,9.831968307495117,-177.132568359375,0.0632248967885971
1782999925.730847,0.0,0.0,10.0,-0.7069022059440613,52.760501861572266,0.06094343215227127,9.831968307495117,-177.132568359375,0.0632248967885971
1782999925.7373,0.0,0.0,10.0,-0.7069022059440613,52.760501861572266,0.06094343215227127,9.831968307495117,-177.132568359375,0.0632248967885971
1782999925.742738,0.0,0.0,10.0,-0.7069022059440613,52.760501861572266,0.06094343215227127,9.831968307495117,-177.132568359375,0.0632248967885971
1782999925.748834,0.0,0.0,10.0,-0.7069022059440613,52.760501861572266,0.06094343215227127,9.831968307495117,-177.132568359375,0.0632248967885971
1782999925.755424,0.0,0.0,10.0,-0.7069022059440613,52.760501861572266,0.06094343215227127,9.831968307495117,-177.132568359375,0.0632248967885971
1782999925.76145,0.0,0.0,10.0,-0.706794261932373,52.759483337402344,0.06065036728978157,9.831968307495117,-177.132568359375,0.0632248967885971
1782999925.76684,0.0,0.0,10.0,-0.706794261932373,52.759483337402344,0.06065036728978157,9.831968307495117,-177.132568359375,0.0632248967885971
1782999925.773034,0.0,0.0,10.0,-0.706794261932373,52.759483337402344,0.06065036728978157,9.831968307495117,-177.132568359375,0.0632248967885971
1782999925.781992,0.0,0.0,10.0,-0.706794261932373,52.759483337402344,0.06065036728978157,9.831968307495117,-177.132568359375,0.0632248967885971
1782999925.787314,0.0,0.0,10.0,-0.706794261932373,52.759483337402344,0.06065036728978157,9.831968307495117,-177.132568359375,0.0632248967885971
1782999925.792643,0.0,0.0,10.0,-0.706794261932373,52.759483337402344,0.06065036728978157,9.831968307495117,-177.132568359375,0.0632248967885971
1782999925.798766,0.0,0.0,10.0,-0.706794261932373,52.759483337402344,0.06065036728978157,9.8328218460083,-177.154541015625,0.06401975452899933
1782999925.805092,0.0,0.0,10.0,-0.706794261932373,52.759483337402344,0.06065036728978157,9.8328218460083,-177.154541015625,0.06401975452899933
1782999925.811321,0.0,0.0,10.0,-0.7055762410163879,52.75751495361328,0.060994528234004974,9.8328218460083,-177.154541015625,0.06401975452899933
1782999925.818174,0.0,0.0,10.0,-0.7055762410163879,52.75751495361328,0.060994528234004974,9.8328218460083,-177.154541015625,0.06401975452899933
1782999925.824209,0.0,0.0,10.0,-0.7055762410163879,52.75751495361328,0.060994528234004974,9.8328218460083,-177.154541015625,0.06401975452899933
1782999925.832454,0.0,0.0,10.0,-0.7055762410163879,52.75751495361328,0.060994528234004974,9.8328218460083,-177.154541015625,0.06401975452899933
1782999925.83866,0.0,0.0,10.0,-0.7055762410163879,52.75751495361328,0.060994528234004974,9.8328218460083,-177.154541015625,0.06401975452899933
1782999925.844147,0.0,0.0,10.0,-0.7055762410163879,52.75751495361328,0.060994528234004974,9.8328218460083,-177.154541015625,0.06401975452899933
1782999925.850765,0.0,0.0,10.0,-0.7055762410163879,52.75751495361328,0.060994528234004974,9.8328218460083,-177.154541015625,0.06401975452899933
1782999925.859315,0.0,0.0,10.0,-0.7059551477432251,52.75684356689453,0.06052997335791588,9.8328218460083,-177.154541015625,0.06401975452899933
1782999925.866073,0.0,0.0,10.0,-0.7059551477432251,52.75684356689453,0.06052997335791588,9.8328218460083,-177.154541015625,0.06401975452899933
1782999925.873374,0.0,0.0,10.0,-0.7059551477432251,52.75684356689453,0.06052997335791588,9.8328218460083,-177.154541015625,0.06401975452899933
1782999925.883197,0.0,0.0,10.0,-0.7059551477432251,52.75684356689453,0.06052997335791588,9.8328218460083,-177.154541015625,0.06401975452899933
1782999925.893625,0.0,0.0,10.0,-0.7059551477432251,52.75684356689453,0.06052997335791588,9.8328218460083,-177.154541015625,0.06401975452899933
1782999925.89942,0.0,0.0,10.0,-0.7059551477432251,52.75684356689453,0.06052997335791588,9.832958221435547,-177.176513671875,0.06306713819503784
1782999925.918177,0.0,0.0,10.0,-0.7059551477432251,52.75684356689453,0.06052997335791588,9.832958221435547,-177.176513671875,0.06306713819503784
1782999925.924276,0.0,0.0,10.0,-0.704902708530426,52.75510025024414,0.060696784406900406,9.832958221435547,-177.176513671875,0.06306713819503784
1782999925.929686,0.0,0.0,10.0,-0.704902708530426,52.75510025024414,0.060696784406900406,9.832958221435547,-177.176513671875,0.06306713819503784
1782999925.935287,0.0,0.0,10.0,-0.704902708530426,52.75510025024414,0.060696784406900406,9.832958221435547,-177.176513671875,0.06306713819503784
1782999925.942576,0.0,0.0,10.0,-0.704902708530426,52.75510025024414,0.060696784406900406,9.832958221435547,-177.176513671875,0.06306713819503784
1782999925.948036,0.0,0.0,10.0,-0.704902708530426,52.75510025024414,0.060696784406900406,9.832958221435547,-177.176513671875,0.06306713819503784
1782999925.962091,0.0,0.0,10.0,-0.704902708530426,52.75510025024414,0.060696784406900406,9.832958221435547,-177.176513671875,0.06306713819503784
1782999925.967694,0.0,0.0,10.0,-0.7056158781051636,52.753822326660156,0.06115413457155228,9.832958221435547,-177.176513671875,0.06306713819503784
1782999925.974026,0.0,0.0,10.0,-0.7056158781051636,52.753822326660156,0.06115413457155228,9.832958221435547,-177.176513671875,0.06306713819503784
1782999925.984529,0.0,0.0,10.0,-0.7056158781051636,52.753822326660156,0.06115413457155228,9.832958221435547,-177.176513671875,0.06306713819503784
1782999925.990356,0.0,0.0,10.0,-0.7056158781051636,52.753822326660156,0.06115413457155228,9.832958221435547,-177.176513671875,0.06306713819503784
1782999925.996944,0.0,0.0,10.0,-0.7056158781051636,52.753822326660156,0.06115413457155228,9.832958221435547,-177.176513671875,0.06306713819503784
1782999926.002931,0.0,0.0,10.0,-0.7056158781051636,52.753822326660156,0.06115413457155228,9.832708358764648,-177.132568359375,0.06386371701955795
1782999926.008454,0.0,0.0,10.0,-0.7062651515007019,52.75351333618164,0.059652846306562424,9.832708358764648,-177.132568359375,0.06386371701955795
1782999926.014296,0.0,0.0,10.0,-0.7062651515007019,52.75351333618164,0.059652846306562424,9.832708358764648,-177.132568359375,0.06386371701955795
1782999926.020029,0.0,0.0,10.0,-0.7062651515007019,52.75351333618164,0.059652846306562424,9.832708358764648,-177.132568359375,0.06386371701955795
1782999926.026158,0.0,0.0,10.0,-0.7062651515007019,52.75351333618164,0.059652846306562424,9.832708358764648,-177.132568359375,0.06386371701955795
1782999926.037115,0.0,0.0,10.0,-0.7062651515007019,52.75351333618164,0.059652846306562424,9.832708358764648,-177.132568359375,0.06386371701955795
1782999926.04253,0.0,0.0,10.0,-0.7062651515007019,52.75351333618164,0.059652846306562424,9.832708358764648,-177.132568359375,0.06386371701955795
1782999926.048815,0.0,0.0,10.0,-0.7062651515007019,52.75351333618164,0.059652846306562424,9.832708358764648,-177.132568359375,0.06386371701955795
1782999926.055088,0.0,0.0,10.0,-0.7062651515007019,52.75351333618164,0.059652846306562424,9.832708358764648,-177.132568359375,0.06386371701955795
1782999926.061697,0.0,0.0,10.0,-0.7054188847541809,52.75177001953125,0.059381093829870224,9.832708358764648,-177.132568359375,0.06386371701955795
1782999926.067413,0.0,0.0,10.0,-0.7054188847541809,52.75177001953125,0.059381093829870224,9.832708358764648,-177.132568359375,0.06386371701955795
1782999926.073943,0.0,0.0,10.0,-0.7054188847541809,52.75177001953125,0.059381093829870224,9.832708358764648,-177.132568359375,0.06386371701955795
1782999926.080001,0.0,0.0,10.0,-0.7054188847541809,52.75177001953125,0.059381093829870224,9.832708358764648,-177.132568359375,0.06386371701955795
1782999926.087997,0.0,0.0,10.0,-0.7054188847541809,52.75177001953125,0.059381093829870224,9.832708358764648,-177.132568359375,0.06386371701955795
1782999926.094549,0.0,0.0,10.0,-0.7054188847541809,52.75177001953125,0.059381093829870224,9.832708358764648,-177.132568359375,0.06386371701955795
1782999926.100783,0.0,0.0,10.0,-0.7054188847541809,52.75177001953125,0.059381093829870224,9.831969261169434,-177.176513671875,0.0643707662820816
1782999926.106906,0.0,0.0,10.0,-0.7061519026756287,52.75199508666992,0.059761229902505875,9.831969261169434,-177.176513671875,0.0643707662820816
1782999926.113215,0.0,0.0,10.0,-0.7061519026756287,52.75199508666992,0.059761229902505875,9.831969261169434,-177.176513671875,0.0643707662820816
1782999926.120346,0.0,0.0,10.0,-0.7061519026756287,52.75199508666992,0.059761229902505875,9.831969261169434,-177.176513671875,0.0643707662820816
1782999926.12627,0.0,0.0,10.0,-0.7061519026756287,52.75199508666992,0.059761229902505875,9.831969261169434,-177.176513671875,0.0643707662820816
1782999926.138568,0.0,0.0,10.0,-0.7061519026756287,52.75199508666992,0.059761229902505875,9.831969261169434,-177.176513671875,0.0643707662820816
1782999926.144218,0.0,0.0,10.0,-0.7061519026756287,52.75199508666992,0.059761229902505875,9.831969261169434,-177.176513671875,0.0643707662820816
1782999926.150264,0.0,0.0,10.0,-0.7061519026756287,52.75199508666992,0.059761229902505875,9.831969261169434,-177.176513671875,0.0643707662820816
1782999926.15614,0.0,0.0,10.0,-0.7052451968193054,52.75193405151367,0.05987613648176193,9.831969261169434,-177.176513671875,0.0643707662820816
1782999926.16284,0.0,0.0,10.0,-0.7052451968193054,52.75193405151367,0.05987613648176193,9.831969261169434,-177.176513671875,0.0643707662820816
1782999926.169922,0.0,0.0,10.0,-0.7052451968193054,52.75193405151367,0.05987613648176193,9.831969261169434,-177.176513671875,0.0643707662820816
1782999926.175991,0.0,0.0,10.0,-0.7052451968193054,52.75193405151367,0.05987613648176193,9.831969261169434,-177.176513671875,0.0643707662820816
1782999926.181968,0.0,0.0,10.0,-0.7052451968193054,52.75193405151367,0.05987613648176193,9.831969261169434,-177.176513671875,0.0643707662820816
1782999926.192009,0.0,0.0,10.0,-0.7052451968193054,52.75193405151367,0.05987613648176193,9.831969261169434,-177.176513671875,0.0643707662820816
1782999926.198422,0.0,0.0,10.0,-0.7052451968193054,52.75193405151367,0.05987613648176193,9.83228588104248,-177.154541015625,0.06328969448804855
1782999926.204196,0.0,0.0,10.0,-0.7052451968193054,52.75193405151367,0.05987613648176193,9.83228588104248,-177.154541015625,0.06328969448804855
1782999926.21014,0.0,0.0,10.0,-0.7064077258110046,52.7523193359375,0.058984555304050446,9.83228588104248,-177.154541015625,0.06328969448804855
1782999926.216395,0.0,0.0,10.0,-0.7064077258110046,52.7523193359375,0.058984555304050446,9.83228588104248,-177.154541015625,0.06328969448804855
1782999926.222015,0.0,0.0,10.0,-0.7064077258110046,52.7523193359375,0.058984555304050446,9.83228588104248,-177.154541015625,0.06328969448804855
1782999926.228841,0.0,0.0,10.0,-0.7064077258110046,52.7523193359375,0.058984555304050446,9.83228588104248,-177.154541015625,0.06328969448804855
1782999926.242131,0.0,0.0,10.0,-0.7064077258110046,52.7523193359375,0.058984555304050446,9.83228588104248,-177.154541015625,0.06328969448804855
1782999926.248716,0.0,0.0,10.0,-0.7064077258110046,52.7523193359375,0.058984555304050446,9.83228588104248,-177.154541015625,0.06328969448804855
1782999926.254272,0.0,0.0,10.0,-0.7064077258110046,52.7523193359375,0.058984555304050446,9.83228588104248,-177.154541015625,0.06328969448804855
1782999926.260432,0.0,0.0,10.0,-0.7065181136131287,52.75307083129883,0.05854596942663193,9.83228588104248,-177.154541015625,0.06328969448804855
1782999926.266264,0.0,0.0,10.0,-0.7065181136131287,52.75307083129883,0.05854596942663193,9.83228588104248,-177.154541015625,0.06328969448804855
1782999926.27204,0.0,0.0,10.0,-0.7065181136131287,52.75307083129883,0.05854596942663193,9.83228588104248,-177.154541015625,0.06328969448804855
1782999926.278669,0.0,0.0,10.0,-0.7065181136131287,52.75307083129883,0.05854596942663193,9.83228588104248,-177.154541015625,0.06328969448804855
1782999926.285036,0.0,0.0,10.0,-0.7065181136131287,52.75307083129883,0.05854596942663193,9.83228588104248,-177.154541015625,0.06328969448804855
1782999926.299254,0.0,0.0,10.0,-0.7065181136131287,52.75307083129883,0.05854596942663193,9.83228588104248,-177.154541015625,0.06328969448804855
1782999926.305475,0.0,0.0,10.0,-0.7065181136131287,52.75307083129883,0.05854596942663193,9.830132484436035,-177.198486328125,0.06488894671201706
1782999926.311483,0.0,0.0,10.0,-0.7059621214866638,52.751766204833984,0.05753810331225395,9.830132484436035,-177.198486328125,0.06488894671201706
1782999926.317006,0.0,0.0,10.0,-0.7059621214866638,52.751766204833984,0.05753810331225395,9.830132484436035,-177.198486328125,0.06488894671201706
1782999926.322293,0.0,0.0,10.0,-0.7059621214866638,52.751766204833984,0.05753810331225395,9.830132484436035,-177.198486328125,0.06488894671201706
1782999926.328232,0.0,0.0,10.0,-0.7059621214866638,52.751766204833984,0.05753810331225395,9.830132484436035,-177.198486328125,0.06488894671201706
1782999926.334749,0.0,0.0,10.0,-0.7059621214866638,52.751766204833984,0.05753810331225395,9.830132484436035,-177.198486328125,0.06488894671201706
1782999926.343669,0.0,0.0,10.0,-0.7059621214866638,52.751766204833984,0.05753810331225395,9.830132484436035,-177.198486328125,0.06488894671201706
1782999926.350757,0.0,0.0,10.0,-0.7059621214866638,52.751766204833984,0.05753810331225395,9.830132484436035,-177.198486328125,0.06488894671201706
1782999926.356852,0.0,0.0,10.0,-0.7059621214866638,52.751766204833984,0.05753810331225395,9.830132484436035,-177.198486328125,0.06488894671201706
1782999926.362482,0.0,0.0,10.0,-0.7064245343208313,52.75339889526367,0.05857484042644501,9.830132484436035,-177.198486328125,0.06488894671201706
1782999926.368349,0.0,0.0,10.0,-0.7064245343208313,52.75339889526367,0.05857484042644501,9.830132484436035,-177.198486328125,0.06488894671201706
1782999926.374123,0.0,0.0,10.0,-0.7064245343208313,52.75339889526367,0.05857484042644501,9.830132484436035,-177.198486328125,0.06488894671201706
1782999926.379396,0.0,0.0,10.0,-0.7064245343208313,52.75339889526367,0.05857484042644501,9.830132484436035,-177.198486328125,0.06488894671201706
1782999926.385366,0.0,0.0,10.0,-0.7064245343208313,52.75339889526367,0.05857484042644501,9.830132484436035,-177.198486328125,0.06488894671201706
1782999926.397142,0.0,0.0,10.0,-0.7064245343208313,52.75339889526367,0.05857484042644501,9.830132484436035,-177.198486328125,0.06488894671201706
1782999926.403351,0.0,0.0,10.0,-0.7064245343208313,52.75339889526367,0.05857484042644501,9.830166816711426,-177.132568359375,0.06525963544845581
1782999926.410167,0.0,0.0,10.0,-0.7079595327377319,52.753456115722656,0.059184473007917404,9.830166816711426,-177.132568359375,0.06525963544845581
1782999926.415823,0.0,0.0,10.0,-0.7079595327377319,52.753456115722656,0.059184473007917404,9.830166816711426,-177.132568359375,0.06525963544845581
1782999926.422143,0.0,0.0,10.0,-0.7079595327377319,52.753456115722656,0.059184473007917404,9.830166816711426,-177.132568359375,0.06525963544845581
1782999926.427991,0.0,0.0,10.0,-0.7079595327377319,52.753456115722656,0.059184473007917404,9.830166816711426,-177.132568359375,0.06525963544845581
1782999926.434116,0.0,0.0,10.0,-0.7079595327377319,52.753456115722656,0.059184473007917404,9.830166816711426,-177.132568359375,0.06525963544845581
1782999926.44649,0.0,0.0,10.0,-0.7079595327377319,52.753456115722656,0.059184473007917404,9.830166816711426,-177.132568359375,0.06525963544845581
1782999926.452784,0.0,0.0,10.0,-0.7079595327377319,52.753456115722656,0.059184473007917404,9.830166816711426,-177.132568359375,0.06525963544845581
1782999926.459793,0.0,0.0,10.0,-0.7056379914283752,52.751808166503906,0.0600573755800724,9.830166816711426,-177.132568359375,0.06525963544845581
1782999926.465938,0.0,0.0,10.0,-0.7056379914283752,52.751808166503906,0.0600573755800724,9.830166816711426,-177.132568359375,0.06525963544845581
1782999926.472037,0.0,0.0,10.0,-0.7056379914283752,52.751808166503906,0.0600573755800724,9.830166816711426,-177.132568359375,0.06525963544845581
1782999926.477682,0.0,0.0,10.0,-0.7056379914283752,52.751808166503906,0.0600573755800724,9.830166816711426,-177.132568359375,0.06525963544845581
1782999926.483907,0.0,0.0,10.0,-0.7056379914283752,52.751808166503906,0.0600573755800724,9.830166816711426,-177.132568359375,0.06525963544845581
1782999926.490086,0.0,0.0,10.0,-0.7056379914283752,52.751808166503906,0.0600573755800724,9.830166816711426,-177.132568359375,0.06525963544845581
1782999926.499655,0.0,0.0,10.0,-0.7056379914283752,52.751808166503906,0.0600573755800724,9.830166816711426,-177.132568359375,0.06525963544845581
1782999926.505439,0.0,0.0,10.0,-0.7073623538017273,52.752044677734375,0.0608661063015461,9.835328102111816,-177.176513671875,0.066667340695858
1782999926.511386,0.0,0.0,10.0,-0.7073623538017273,52.752044677734375,0.0608661063015461,9.835328102111816,-177.176513671875,0.066667340695858
1782999926.517344,0.0,0.0,10.0,-0.7073623538017273,52.752044677734375,0.0608661063015461,9.835328102111816,-177.176513671875,0.066667340695858
1782999926.523161,0.0,0.0,10.0,-0.7073623538017273,52.752044677734375,0.0608661063015461,9.835328102111816,-177.176513671875,0.066667340695858
1782999926.528682,0.0,0.0,10.0,-0.7073623538017273,52.752044677734375,0.0608661063015461,9.835328102111816,-177.176513671875,0.066667340695858
1782999926.535394,0.0,0.0,10.0,-0.7073623538017273,52.752044677734375,0.0608661063015461,9.835328102111816,-177.176513671875,0.066667340695858
1782999926.547775,0.0,0.0,10.0,-0.7073623538017273,52.752044677734375,0.0608661063015461,9.835328102111816,-177.176513671875,0.066667340695858
1782999926.560926,0.0,0.0,10.0,-0.7073623538017273,52.752044677734375,0.0608661063015461,9.835328102111816,-177.176513671875,0.066667340695858
1782999926.56671,0.0,0.0,10.0,-0.7064929604530334,52.750301361083984,0.06251990795135498,9.835328102111816,-177.176513671875,0.066667340695858
1782999926.573114,0.0,0.0,10.0,-0.7064929604530334,52.750301361083984,0.06251990795135498,9.835328102111816,-177.176513671875,0.066667340695858
1782999926.579148,0.0,0.0,10.0,-0.7064929604530334,52.750301361083984,0.06251990795135498,9.835328102111816,-177.176513671875,0.066667340695858
1782999926.587003,0.0,0.0,10.0,-0.7064929604530334,52.750301361083984,0.06251990795135498,9.835328102111816,-177.176513671875,0.066667340695858
1782999926.594313,0.0,0.0,10.0,-0.7064929604530334,52.750301361083984,0.06251990795135498,9.835328102111816,-177.176513671875,0.066667340695858
1782999926.608549,0.0,0.0,10.0,-0.7064929604530334,52.750301361083984,0.06251990795135498,9.835328102111816,-177.176513671875,0.066667340695858
1782999926.614865,0.0,0.0,10.0,-0.7085577845573425,52.74867248535156,0.06263940781354904,9.831031799316406,-177.154541015625,0.06521594524383545
1782999926.620815,0.0,0.0,10.0,-0.7085577845573425,52.74867248535156,0.06263940781354904,9.831031799316406,-177.154541015625,0.06521594524383545
1782999926.626347,0.0,0.0,10.0,-0.7085577845573425,52.74867248535156,0.06263940781354904,9.831031799316406,-177.154541015625,0.06521594524383545
1782999926.632832,0.0,0.0,10.0,-0.7085577845573425,52.74867248535156,0.06263940781354904,9.831031799316406,-177.154541015625,0.06521594524383545
1782999926.638874,0.0,0.0,10.0,-0.7085577845573425,52.74867248535156,0.06263940781354904,9.831031799316406,-177.154541015625,0.06521594524383545
1782999926.645062,0.0,0.0,10.0,-0.7085577845573425,52.74867248535156,0.06263940781354904,9.831031799316406,-177.154541015625,0.06521594524383545
1782999926.656098,0.0,0.0,10.0,-0.7085577845573425,52.74867248535156,0.06263940781354904,9.831031799316406,-177.154541015625,0.06521594524383545
1782999926.662779,0.0,0.0,10.0,-0.7075288891792297,52.74704360961914,0.0631101056933403,9.831031799316406,-177.154541015625,0.06521594524383545
1782999926.668528,0.0,0.0,10.0,-0.7075288891792297,52.74704360961914,0.0631101056933403,9.831031799316406,-177.154541015625,0.06521594524383545
1782999926.67517,0.0,0.0,10.0,-0.7075288891792297,52.74704360961914,0.0631101056933403,9.831031799316406,-177.154541015625,0.06521594524383545
1782999926.680626,0.0,0.0,10.0,-0.7075288891792297,52.74704360961914,0.0631101056933403,9.831031799316406,-177.154541015625,0.06521594524383545
1782999926.686681,0.0,0.0,10.0,-0.7075288891792297,52.74704360961914,0.0631101056933403,9.831031799316406,-177.154541015625,0.06521594524383545
1782999926.692538,0.0,0.0,10.0,-0.7075288891792297,52.74704360961914,0.0631101056933403,9.831031799316406,-177.154541015625,0.06521594524383545
1782999926.699166,0.0,0.0,10.0,-0.7075288891792297,52.74704360961914,0.0631101056933403,9.831031799316406,-177.154541015625,0.06521594524383545
1782999926.710518,0.0,0.0,10.0,-0.7075288891792297,52.74704360961914,0.0631101056933403,9.831031799316406,-177.154541015625,0.06521594524383545
1782999926.717467,0.0,0.0,10.0,-0.7080339193344116,52.74619674682617,0.062447283416986465,9.832230567932129,-177.154541015625,0.06391376256942749
1782999926.722878,0.0,0.0,10.0,-0.7080339193344116,52.74619674682617,0.062447283416986465,9.832230567932129,-177.154541015625,0.06391376256942749
1782999926.728467,0.0,0.0,10.0,-0.7080339193344116,52.74619674682617,0.062447283416986465,9.832230567932129,-177.154541015625,0.06391376256942749
1782999926.734841,0.0,0.0,10.0,-0.7080339193344116,52.74619674682617,0.062447283416986465,9.832230567932129,-177.154541015625,0.06391376256942749
1782999926.741289,0.0,0.0,10.0,-0.7080339193344116,52.74619674682617,0.062447283416986465,9.832230567932129,-177.154541015625,0.06391376256942749
1782999926.746821,0.0,0.0,10.0,-0.7080339193344116,52.74619674682617,0.062447283416986465,9.832230567932129,-177.154541015625,0.06391376256942749
1782999926.76516,0.0,0.0,10.0,-0.7080339193344116,52.74619674682617,0.062447283416986465,9.832230567932129,-177.154541015625,0.06391376256942749
1782999926.771743,0.0,0.0,10.0,-0.7076095342636108,52.74552917480469,0.06194467470049858,9.832230567932129,-177.154541015625,0.06391376256942749
1782999926.777349,0.0,0.0,10.0,-0.7076095342636108,52.74552917480469,0.06194467470049858,9.832230567932129,-177.154541015625,0.06391376256942749
1782999926.782943,0.0,0.0,10.0,-0.7076095342636108,52.74552917480469,0.06194467470049858,9.832230567932129,-177.154541015625,0.06391376256942749
1782999926.789058,0.0,0.0,10.0,-0.7076095342636108,52.74552917480469,0.06194467470049858,9.832230567932129,-177.154541015625,0.06391376256942749
1782999926.79512,0.0,0.0,10.0,-0.7076095342636108,52.74552917480469,0.06194467470049858,9.832230567932129,-177.154541015625,0.06391376256942749
1782999926.801546,0.0,0.0,10.0,-0.7076095342636108,52.74552917480469,0.06194467470049858,9.832230567932129,-177.154541015625,0.06391376256942749
1782999926.820003,0.0,0.0,10.0,-0.7076095342636108,52.74552917480469,0.06194467470049858,9.832468032836914,-177.154541015625,0.06478838622570038
1782999926.825596,0.0,0.0,10.0,-0.7080147862434387,52.743648529052734,0.062329795211553574,9.832468032836914,-177.154541015625,0.06478838622570038
1782999926.831447,0.0,0.0,10.0,-0.7080147862434387,52.743648529052734,0.062329795211553574,9.832468032836914,-177.154541015625,0.06478838622570038
1782999926.836965,0.0,0.0,10.0,-0.7080147862434387,52.743648529052734,0.062329795211553574,9.832468032836914,-177.154541015625,0.06478838622570038
1782999926.842944,0.0,0.0,10.0,-0.7080147862434387,52.743648529052734,0.062329795211553574,9.832468032836914,-177.154541015625,0.06478838622570038
1782999926.848857,0.0,0.0,10.0,-0.7080147862434387,52.743648529052734,0.062329795211553574,9.832468032836914,-177.154541015625,0.06478838622570038
1782999926.869545,0.0,0.0,10.0,-0.7080147862434387,52.743648529052734,0.062329795211553574,9.832468032836914,-177.154541015625,0.06478838622570038
1782999926.875563,0.0,0.0,10.0,-0.7082142233848572,52.74388885498047,0.06225910037755966,9.832468032836914,-177.154541015625,0.06478838622570038
1782999926.881095,0.0,0.0,10.0,-0.7082142233848572,52.74388885498047,0.06225910037755966,9.832468032836914,-177.154541015625,0.06478838622570038
1782999926.887151,0.0,0.0,10.0,-0.7082142233848572,52.74388885498047,0.06225910037755966,9.832468032836914,-177.154541015625,0.06478838622570038
1782999926.892674,0.0,0.0,10.0,-0.7082142233848572,52.74388885498047,0.06225910037755966,9.832468032836914,-177.154541015625,0.06478838622570038
1782999926.898707,0.0,0.0,10.0,-0.7082142233848572,52.74388885498047,0.06225910037755966,9.832468032836914,-177.154541015625,0.06478838622570038
1782999926.904903,0.0,0.0,10.0,-0.7082142233848572,52.74388885498047,0.06225910037755966,9.833574295043945,-177.132568359375,0.06579579412937164
1782999926.916407,0.0,0.0,10.0,-0.7082142233848572,52.74388885498047,0.06225910037755966,9.833574295043945,-177.132568359375,0.06579579412937164
1782999926.922821,0.0,0.0,10.0,-0.7083340883255005,52.74400329589844,0.06183426454663277,9.833574295043945,-177.132568359375,0.06579579412937164
1782999926.929258,0.0,0.0,10.0,-0.7083340883255005,52.74400329589844,0.06183426454663277,9.833574295043945,-177.132568359375,0.06579579412937164
1782999926.934778,0.0,0.0,10.0,-0.7083340883255005,52.74400329589844,0.06183426454663277,9.833574295043945,-177.132568359375,0.06579579412937164
1782999926.940418,0.0,0.0,10.0,-0.7083340883255005,52.74400329589844,0.06183426454663277,9.833574295043945,-177.132568359375,0.06579579412937164
1782999926.945951,0.0,0.0,10.0,-0.7083340883255005,52.74400329589844,0.06183426454663277,9.833574295043945,-177.132568359375,0.06579579412937164
1782999926.95149,0.0,0.0,10.0,-0.7083340883255005,52.74400329589844,0.06183426454663277,9.833574295043945,-177.132568359375,0.06579579412937164
1782999926.959464,0.0,0.0,10.0,-0.7098138332366943,52.742801666259766,0.06200750172138214,9.833574295043945,-177.132568359375,0.06579579412937164
1782999926.971563,0.0,0.0,10.0,-0.7098138332366943,52.742801666259766,0.06200750172138214,9.833574295043945,-177.132568359375,0.06579579412937164
1782999926.977216,0.0,0.0,10.0,-0.7098138332366943,52.742801666259766,0.06200750172138214,9.833574295043945,-177.132568359375,0.06579579412937164
1782999926.983741,0.0,0.0,10.0,-0.7098138332366943,52.742801666259766,0.06200750172138214,9.833574295043945,-177.132568359375,0.06579579412937164
1782999926.989878,0.0,0.0,10.0,-0.7098138332366943,52.742801666259766,0.06200750172138214,9.833574295043945,-177.132568359375,0.06579579412937164
1782999926.99627,0.0,0.0,10.0,-0.7098138332366943,52.742801666259766,0.06200750172138214,9.833574295043945,-177.132568359375,0.06579579412937164
1782999927.00179,0.0,0.0,10.0,-0.7098138332366943,52.742801666259766,0.06200750172138214,9.833574295043945,-177.132568359375,0.06579579412937164
1782999927.008006,0.0,0.0,10.0,-0.7092062830924988,52.74249267578125,0.061440203338861465,9.831361770629883,-177.176513671875,0.06754453480243683
1782999927.022147,0.0,0.0,10.0,-0.7092062830924988,52.74249267578125,0.061440203338861465,9.831361770629883,-177.176513671875,0.06754453480243683
1782999927.027843,0.0,0.0,10.0,-0.7092062830924988,52.74249267578125,0.061440203338861465,9.831361770629883,-177.176513671875,0.06754453480243683
1782999927.033901,0.0,0.0,10.0,-0.7092062830924988,52.74249267578125,0.061440203338861465,9.831361770629883,-177.176513671875,0.06754453480243683
1782999927.040452,0.0,0.0,10.0,-0.7092062830924988,52.74249267578125,0.061440203338861465,9.831361770629883,-177.176513671875,0.06754453480243683
1782999927.047845,0.0,0.0,10.0,-0.7092062830924988,52.74249267578125,0.061440203338861465,9.831361770629883,-177.176513671875,0.06754453480243683
1782999927.053929,0.0,0.0,10.0,-0.7092062830924988,52.74249267578125,0.061440203338861465,9.831361770629883,-177.176513671875,0.06754453480243683
1782999927.060101,0.0,0.0,10.0,-0.7087933421134949,52.7406005859375,0.06111060082912445,9.831361770629883,-177.176513671875,0.06754453480243683
1782999927.065681,0.0,0.0,10.0,-0.7087933421134949,52.7406005859375,0.06111060082912445,9.831361770629883,-177.176513671875,0.06754453480243683
1782999927.075589,0.0,0.0,10.0,-0.7087933421134949,52.7406005859375,0.06111060082912445,9.831361770629883,-177.176513671875,0.06754453480243683
1782999927.081378,0.0,0.0,10.0,-0.7087933421134949,52.7406005859375,0.06111060082912445,9.831361770629883,-177.176513671875,0.06754453480243683
1782999927.086948,0.0,0.0,10.0,-0.7087933421134949,52.7406005859375,0.06111060082912445,9.831361770629883,-177.176513671875,0.06754453480243683
1782999927.09326,0.0,0.0,10.0,-0.7087933421134949,52.7406005859375,0.06111060082912445,9.831361770629883,-177.176513671875,0.06754453480243683
1782999927.101515,0.0,0.0,10.0,-0.7087933421134949,52.7406005859375,0.06111060082912445,9.831361770629883,-177.176513671875,0.06754453480243683
1782999927.107991,0.0,0.0,10.0,-0.7091096043586731,52.7392463684082,0.059330008924007416,9.832903861999512,-177.132568359375,0.06655916571617126
1782999927.119724,0.0,0.0,10.0,-0.7091096043586731,52.7392463684082,0.059330008924007416,9.832903861999512,-177.132568359375,0.06655916571617126
1782999927.126561,0.0,0.0,10.0,-0.7091096043586731,52.7392463684082,0.059330008924007416,9.832903861999512,-177.132568359375,0.06655916571617126
1782999927.132662,0.0,0.0,10.0,-0.7091096043586731,52.7392463684082,0.059330008924007416,9.832903861999512,-177.132568359375,0.06655916571617126
1782999927.139332,0.0,0.0,10.0,-0.7091096043586731,52.7392463684082,0.059330008924007416,9.832903861999512,-177.132568359375,0.06655916571617126
1782999927.145286,0.0,0.0,10.0,-0.7091096043586731,52.7392463684082,0.059330008924007416,9.832903861999512,-177.132568359375,0.06655916571617126
1782999927.15084,0.0,0.0,10.0,-0.7091096043586731,52.7392463684082,0.059330008924007416,9.832903861999512,-177.132568359375,0.06655916571617126
1782999927.156259,0.0,0.0,10.0,-0.7108243703842163,52.73908996582031,0.059144437313079834,9.832903861999512,-177.132568359375,0.06655916571617126
1782999927.162601,0.0,0.0,10.0,-0.7108243703842163,52.73908996582031,0.059144437313079834,9.832903861999512,-177.132568359375,0.06655916571617126
1782999927.176355,0.0,0.0,10.0,-0.7108243703842163,52.73908996582031,0.059144437313079834,9.832903861999512,-177.132568359375,0.06655916571617126
1782999927.182803,0.0,0.0,10.0,-0.7108243703842163,52.73908996582031,0.059144437313079834,9.832903861999512,-177.132568359375,0.06655916571617126
1782999927.188841,0.0,0.0,10.0,-0.7108243703842163,52.73908996582031,0.059144437313079834,9.832903861999512,-177.132568359375,0.06655916571617126
1782999927.194381,0.0,0.0,10.0,-0.7108243703842163,52.73908996582031,0.059144437313079834,9.832903861999512,-177.132568359375,0.06655916571617126
1782999927.19981,0.0,0.0,10.0,-0.7108243703842163,52.73908996582031,0.059144437313079834,9.832903861999512,-177.132568359375,0.06655916571617126
1782999927.205788,0.0,0.0,10.0,-0.7108243703842163,52.73908996582031,0.059144437313079834,9.830455780029297,-177.154541015625,0.0671553760766983
1782999927.212755,0.0,0.0,10.0,-0.7112388014793396,52.73865509033203,0.05927817523479462,9.830455780029297,-177.154541015625,0.0671553760766983
1782999927.30374,0.0,0.0,10.0,-0.7112388014793396,52.73865509033203,0.05927817523479462,9.830455780029297,-177.154541015625,0.0671553760766983
1782999927.309484,0.0,0.0,10.0,-0.7112388014793396,52.73865509033203,0.05927817523479462,9.830455780029297,-177.154541015625,0.0671553760766983
1782999927.315371,0.0,0.0,10.0,-0.712131679058075,52.73808670043945,0.059539567679166794,9.830455780029297,-177.154541015625,0.0671553760766983
1782999927.320996,0.0,0.0,10.0,-0.7119147181510925,52.7365837097168,0.05916006863117218,9.830123901367188,-177.176513671875,0.06739719212055206
1782999927.326544,0.0,0.0,10.0,-0.7119147181510925,52.7365837097168,0.05916006863117218,9.830123901367188,-177.176513671875,0.06739719212055206
1782999927.33236,0.0,0.0,10.0,-0.7119147181510925,52.7365837097168,0.05916006863117218,9.830123901367188,-177.176513671875,0.06739719212055206
1782999927.339795,0.0,0.0,10.0,-0.7119147181510925,52.7365837097168,0.05916006863117218,9.830123901367188,-177.176513671875,0.06739719212055206
1782999927.345878,0.0,0.0,10.0,-0.7119147181510925,52.7365837097168,0.05916006863117218,9.830123901367188,-177.176513671875,0.06739719212055206
1782999927.352624,0.0,0.0,10.0,-0.7119147181510925,52.7365837097168,0.05916006863117218,9.830123901367188,-177.176513671875,0.06739719212055206
1782999927.365854,0.0,0.0,10.0,-0.7118416428565979,52.73524856567383,0.0588814914226532,9.830123901367188,-177.176513671875,0.06739719212055206
1782999927.371444,0.0,0.0,10.0,-0.7118416428565979,52.73524856567383,0.0588814914226532,9.830123901367188,-177.176513671875,0.06739719212055206
1782999927.378715,0.0,0.0,10.0,-0.7118416428565979,52.73524856567383,0.0588814914226532,9.830123901367188,-177.176513671875,0.06739719212055206
1782999927.384152,0.0,0.0,10.0,-0.7118416428565979,52.73524856567383,0.0588814914226532,9.830123901367188,-177.176513671875,0.06739719212055206
1782999927.390072,0.0,0.0,10.0,-0.7118416428565979,52.73524856567383,0.0588814914226532,9.830123901367188,-177.176513671875,0.06739719212055206
1782999927.39728,0.0,0.0,10.0,-0.7118416428565979,52.73524856567383,0.0588814914226532,9.830123901367188,-177.176513671875,0.06739719212055206
1782999927.40355,0.0,0.0,10.0,-0.7118416428565979,52.73524856567383,0.0588814914226532,9.830123901367188,-177.176513671875,0.06739719212055206
1782999927.409222,0.0,0.0,10.0,-0.7113664746284485,52.73476028442383,0.0591064877808094,9.831293106079102,-177.154541015625,0.06906546652317047
1782999927.41763,0.0,0.0,10.0,-0.7113664746284485,52.73476028442383,0.0591064877808094,9.831293106079102,-177.154541015625,0.06906546652317047
1782999927.424507,0.0,0.0,10.0,-0.7113664746284485,52.73476028442383,0.0591064877808094,9.831293106079102,-177.154541015625,0.06906546652317047
1782999927.432264,0.0,0.0,10.0,-0.7113664746284485,52.73476028442383,0.0591064877808094,9.831293106079102,-177.154541015625,0.06906546652317047
1782999927.438098,0.0,0.0,10.0,-0.7113664746284485,52.73476028442383,0.0591064877808094,9.831293106079102,-177.154541015625,0.06906546652317047
1782999927.443434,0.0,0.0,10.0,-0.7113664746284485,52.73476028442383,0.0591064877808094,9.831293106079102,-177.154541015625,0.06906546652317047
1782999927.4496,0.0,0.0,10.0,-0.7113664746284485,52.73476028442383,0.0591064877808094,9.831293106079102,-177.154541015625,0.06906546652317047
1782999927.454961,0.0,0.0,10.0,-0.7113664746284485,52.73476028442383,0.0591064877808094,9.831293106079102,-177.154541015625,0.06906546652317047
1782999927.467303,0.0,0.0,10.0,-0.7130637764930725,52.732933044433594,0.058733560144901276,9.831293106079102,-177.154541015625,0.06906546652317047
1782999927.474152,0.0,0.0,10.0,-0.7130637764930725,52.732933044433594,0.058733560144901276,9.831293106079102,-177.154541015625,0.06906546652317047
1782999927.479688,0.0,0.0,10.0,-0.7130637764930725,52.732933044433594,0.058733560144901276,9.831293106079102,-177.154541015625,0.06906546652317047
1782999927.485287,0.0,0.0,10.0,-0.7130637764930725,52.732933044433594,0.058733560144901276,9.831293106079102,-177.154541015625,0.06906546652317047
1782999927.490831,0.0,0.0,10.0,-0.7130637764930725,52.732933044433594,0.058733560144901276,9.831293106079102,-177.154541015625,0.06906546652317047
1782999927.496289,0.0,0.0,10.0,-0.7130637764930725,52.732933044433594,0.058733560144901276,9.831293106079102,-177.154541015625,0.06906546652317047
1782999927.502845,0.0,0.0,10.0,-0.7130637764930725,52.732933044433594,0.058733560144901276,9.831293106079102,-177.154541015625,0.06906546652317047
1782999927.508961,0.0,0.0,10.0,-0.7139484882354736,52.732608795166016,0.0590902715921402,9.831293106079102,-177.154541015625,0.06906546652317047
1782999927.522752,0.0,0.0,10.0,-0.7139484882354736,52.732608795166016,0.0590902715921402,9.83037281036377,-177.176513671875,0.06791278719902039
1782999927.528735,0.0,0.0,10.0,-0.7139484882354736,52.732608795166016,0.0590902715921402,9.83037281036377,-177.176513671875,0.06791278719902039
1782999927.535002,0.0,0.0,10.0,-0.7139484882354736,52.732608795166016,0.0590902715921402,9.83037281036377,-177.176513671875,0.06791278719902039
1782999927.540945,0.0,0.0,10.0,-0.7139484882354736,52.732608795166016,0.0590902715921402,9.83037281036377,-177.176513671875,0.06791278719902039
1782999927.546415,0.0,0.0,10.0,-0.7139484882354736,52.732608795166016,0.0590902715921402,9.83037281036377,-177.176513671875,0.06791278719902039
1782999927.553452,0.0,0.0,10.0,-0.7139484882354736,52.732608795166016,0.0590902715921402,9.83037281036377,-177.176513671875,0.06791278719902039
1782999927.559631,0.0,0.0,10.0,-0.713706374168396,52.73073196411133,0.05954987555742264,9.83037281036377,-177.176513671875,0.06791278719902039
1782999927.565755,0.0,0.0,10.0,-0.713706374168396,52.73073196411133,0.05954987555742264,9.83037281036377,-177.176513671875,0.06791278719902039
1782999927.590039,0.0,0.0,10.0,-0.713706374168396,52.73073196411133,0.05954987555742264,9.83037281036377,-177.176513671875,0.06791278719902039
1782999927.615236,0.0,0.0,10.0,-0.713706374168396,52.73073196411133,0.05954987555742264,9.83037281036377,-177.176513671875,0.06791278719902039
1782999927.621258,0.0,0.0,10.0,-0.713706374168396,52.73073196411133,0.05954987555742264,9.83037281036377,-177.176513671875,0.06791278719902039
1782999927.627167,0.0,0.0,10.0,-0.7132572531700134,52.72884750366211,0.05891238525509834,9.831071853637695,-177.198486328125,0.0685831755399704
1782999927.632671,0.0,0.0,10.0,-0.7132572531700134,52.72884750366211,0.05891238525509834,9.831071853637695,-177.198486328125,0.0685831755399704
1782999927.642537,0.0,0.0,10.0,-0.7132572531700134,52.72884750366211,0.05891238525509834,9.831071853637695,-177.198486328125,0.0685831755399704
1782999927.649073,0.0,0.0,10.0,-0.7132572531700134,52.72884750366211,0.05891238525509834,9.831071853637695,-177.198486328125,0.0685831755399704
1782999927.655158,0.0,0.0,10.0,-0.7132572531700134,52.72884750366211,0.05891238525509834,9.831071853637695,-177.198486328125,0.0685831755399704
1782999927.660907,0.0,0.0,10.0,-0.7130745053291321,52.72734451293945,0.0582394115626812,9.831071853637695,-177.198486328125,0.0685831755399704
1782999927.667152,0.0,0.0,10.0,-0.7130745053291321,52.72734451293945,0.0582394115626812,9.831071853637695,-177.198486328125,0.0685831755399704
1782999927.678194,0.0,0.0,10.0,-0.7130745053291321,52.72734451293945,0.0582394115626812,9.831071853637695,-177.198486328125,0.0685831755399704
1782999927.683821,0.0,0.0,10.0,-0.7130745053291321,52.72734451293945,0.0582394115626812,9.831071853637695,-177.198486328125,0.0685831755399704
1782999927.689822,0.0,0.0,10.0,-0.7130745053291321,52.72734451293945,0.0582394115626812,9.831071853637695,-177.198486328125,0.0685831755399704
1782999927.696528,0.0,0.0,10.0,-0.7130745053291321,52.72734451293945,0.0582394115626812,9.831071853637695,-177.198486328125,0.0685831755399704
1782999927.702606,0.0,0.0,10.0,-0.7130745053291321,52.72734451293945,0.0582394115626812,9.831071853637695,-177.198486328125,0.0685831755399704
1782999927.708637,0.0,0.0,10.0,-0.7135056853294373,52.72505187988281,0.057756103575229645,9.823650360107422,-177.176513671875,0.06864877045154572
1782999927.714618,0.0,0.0,10.0,-0.7135056853294373,52.72505187988281,0.057756103575229645,9.823650360107422,-177.176513671875,0.06864877045154572
1782999927.720993,0.0,0.0,10.0,-0.7135056853294373,52.72505187988281,0.057756103575229645,9.823650360107422,-177.176513671875,0.06864877045154572
1782999927.732628,0.0,0.0,10.0,-0.7135056853294373,52.72505187988281,0.057756103575229645,9.823650360107422,-177.176513671875,0.06864877045154572
1782999927.738717,0.0,0.0,10.0,-0.7135056853294373,52.72505187988281,0.057756103575229645,9.823650360107422,-177.176513671875,0.06864877045154572
1782999927.744239,0.0,0.0,10.0,-0.7135056853294373,52.72505187988281,0.057756103575229645,9.823650360107422,-177.176513671875,0.06864877045154572
1782999927.750319,0.0,0.0,10.0,-0.7135056853294373,52.72505187988281,0.057756103575229645,9.823650360107422,-177.176513671875,0.06864877045154572
1782999927.75568,0.0,0.0,10.0,-0.7140301465988159,52.72490310668945,0.05825395882129669,9.823650360107422,-177.176513671875,0.06864877045154572
1782999927.761839,0.0,0.0,10.0,-0.7140301465988159,52.72490310668945,0.05825395882129669,9.823650360107422,-177.176513671875,0.06864877045154572
1782999927.770187,0.0,0.0,10.0,-0.7140301465988159,52.72490310668945,0.05825395882129669,9.823650360107422,-177.176513671875,0.06864877045154572
1782999927.78022,0.0,0.0,10.0,-0.7140301465988159,52.72490310668945,0.05825395882129669,9.823650360107422,-177.176513671875,0.06864877045154572
1782999927.786037,0.0,0.0,10.0,-0.7140301465988159,52.72490310668945,0.05825395882129669,9.823650360107422,-177.176513671875,0.06864877045154572
1782999927.792207,0.0,0.0,10.0,-0.7140301465988159,52.72490310668945,0.05825395882129669,9.823650360107422,-177.176513671875,0.06864877045154572
1782999927.799009,0.0,0.0,10.0,-0.7140301465988159,52.72490310668945,0.05825395882129669,9.823650360107422,-177.176513671875,0.06864877045154572
1782999927.804659,0.0,0.0,10.0,-0.7140301465988159,52.72490310668945,0.05825395882129669,9.823650360107422,-177.176513671875,0.06864877045154572
1782999927.810273,0.0,0.0,10.0,-0.7138557434082031,52.72335433959961,0.05812639370560646,9.717086791992188,-177.022705078125,0.07042177766561508
1782999927.815725,0.0,0.0,10.0,-0.7138557434082031,52.72335433959961,0.05812639370560646,9.717086791992188,-177.022705078125,0.07042177766561508
1782999927.821288,0.0,0.0,10.0,-0.7138557434082031,52.72335433959961,0.05812639370560646,9.717086791992188,-177.022705078125,0.07042177766561508
1782999927.846577,0.0,0.0,10.0,-0.7138557434082031,52.72335433959961,0.05812639370560646,9.717086791992188,-177.022705078125,0.07042177766561508
1782999927.853012,0.0,0.0,10.0,-0.7138557434082031,52.72335433959961,0.05812639370560646,9.717086791992188,-177.022705078125,0.07042177766561508
1782999927.859002,0.0,0.0,10.0,-0.7134677767753601,52.721256256103516,0.05869217962026596,9.717086791992188,-177.022705078125,0.07042177766561508
1782999927.865642,0.0,0.0,10.0,-0.7134677767753601,52.721256256103516,0.05869217962026596,9.717086791992188,-177.022705078125,0.07042177766561508
1782999927.871773,0.0,0.0,10.0,-0.7134677767753601,52.721256256103516,0.05869217962026596,9.717086791992188,-177.022705078125,0.07042177766561508
1782999927.893063,0.0,0.0,10.0,-0.7134677767753601,52.721256256103516,0.05869217962026596,9.717086791992188,-177.022705078125,0.07042177766561508
1782999927.899325,0.0,0.0,10.0,-0.7134677767753601,52.721256256103516,0.05869217962026596,9.717086791992188,-177.022705078125,0.07042177766561508
1782999927.904895,0.0,0.0,10.0,-0.7134677767753601,52.721256256103516,0.05869217962026596,9.717086791992188,-177.022705078125,0.07042177766561508
1782999927.910869,0.0,0.0,10.0,-0.7126457095146179,52.720272064208984,0.05884334444999695,9.445050239562988,-176.671142578125,0.07106408476829529
1782999927.916457,0.0,0.0,10.0,-0.7126457095146179,52.720272064208984,0.05884334444999695,9.445050239562988,-176.671142578125,0.07106408476829529
1782999927.922819,0.0,0.0,10.0,-0.7126457095146179,52.720272064208984,0.05884334444999695,9.445050239562988,-176.671142578125,0.07106408476829529
1782999927.94225,0.0,0.0,10.0,-0.7126457095146179,52.720272064208984,0.05884334444999695,9.445050239562988,-176.671142578125,0.07106408476829529
1782999927.948172,0.0,0.0,10.0,-0.7126457095146179,52.720272064208984,0.05884334444999695,9.445050239562988,-176.671142578125,0.07106408476829529
1782999927.956994,0.0,0.0,10.0,-0.7126457095146179,52.720272064208984,0.05884334444999695,9.445050239562988,-176.671142578125,0.07106408476829529
1782999927.962783,0.0,0.0,10.0,-0.7121647000312805,52.719482421875,0.05841846391558647,9.445050239562988,-176.671142578125,0.07106408476829529
1782999927.969284,0.0,0.0,10.0,-0.7121647000312805,52.719482421875,0.05841846391558647,9.445050239562988,-176.671142578125,0.07106408476829529
1782999927.975372,0.0,0.0,10.0,-0.7121647000312805,52.719482421875,0.05841846391558647,9.445050239562988,-176.671142578125,0.07106408476829529
1782999927.98842,0.0,0.0,10.0,-0.7121647000312805,52.719482421875,0.05841846391558647,9.445050239562988,-176.671142578125,0.07106408476829529
1782999927.994099,0.0,0.0,10.0,-0.7121647000312805,52.719482421875,0.05841846391558647,9.445050239562988,-176.671142578125,0.07106408476829529
1782999928.000431,0.0,0.0,10.0,-0.7121647000312805,52.719482421875,0.05841846391558647,9.445050239562988,-176.671142578125,0.07106408476829529
1782999928.006057,0.0,0.0,10.0,-0.712189793586731,52.71736526489258,0.05732259154319763,9.445050239562988,-176.671142578125,0.07106408476829529
1782999928.012177,0.0,0.0,10.0,-0.712189793586731,52.71736526489258,0.05732259154319763,9.445050239562988,-176.671142578125,0.07106408476829529
1782999928.017592,0.0,0.0,10.0,-0.712189793586731,52.71736526489258,0.05732259154319763,9.134961128234863,-176.165771484375,0.07237459719181061
1782999928.024041,0.0,0.0,10.0,-0.712189793586731,52.71736526489258,0.05732259154319763,9.134961128234863,-176.165771484375,0.07237459719181061
1782999928.039508,0.0,0.0,10.0,-0.712189793586731,52.71736526489258,0.05732259154319763,9.134961128234863,-176.165771484375,0.07237459719181061
1782999928.045047,0.0,0.0,10.0,-0.712189793586731,52.71736526489258,0.05732259154319763,9.134961128234863,-176.165771484375,0.07237459719181061
1782999928.050585,0.0,0.0,10.0,-0.712189793586731,52.71736526489258,0.05732259154319763,9.134961128234863,-176.165771484375,0.07237459719181061
1782999928.056282,0.0,0.0,10.0,-0.7123647332191467,52.71547317504883,0.057966072112321854,9.134961128234863,-176.165771484375,0.07237459719181061
1782999928.062613,0.0,0.0,10.0,-0.7123647332191467,52.71547317504883,0.057966072112321854,9.134961128234863,-176.165771484375,0.07237459719181061
1782999928.068488,0.0,0.0,10.0,-0.7123647332191467,52.71547317504883,0.057966072112321854,9.134961128234863,-176.165771484375,0.07237459719181061
1782999928.075466,0.0,0.0,10.0,-0.7123647332191467,52.71547317504883,0.057966072112321854,9.134961128234863,-176.165771484375,0.07237459719181061
1782999928.080861,0.0,0.0,10.0,-0.7123647332191467,52.71547317504883,0.057966072112321854,9.134961128234863,-176.165771484375,0.07237459719181061
1782999928.09601,0.0,0.0,10.0,-0.7123647332191467,52.71547317504883,0.057966072112321854,9.134961128234863,-176.165771484375,0.07237459719181061
1782999928.102484,0.0,0.0,10.0,-0.7123647332191467,52.71547317504883,0.057966072112321854,9.134961128234863,-176.165771484375,0.07237459719181061
1782999928.108424,0.0,0.0,10.0,-0.7123625874519348,52.714508056640625,0.05783151462674141,9.134961128234863,-176.165771484375,0.07237459719181061
1782999928.114035,0.0,0.0,10.0,-0.7123625874519348,52.714508056640625,0.05783151462674141,8.81934642791748,-175.638427734375,0.07377443462610245
1782999928.119889,0.0,0.0,10.0,-0.7123625874519348,52.714508056640625,0.05783151462674141,8.81934642791748,-175.638427734375,0.07377443462610245
1782999928.125888,0.0,0.0,10.0,-0.7123625874519348,52.714508056640625,0.05783151462674141,8.81934642791748,-175.638427734375,0.07377443462610245
1782999928.132998,0.0,0.0,10.0,-0.7123625874519348,52.714508056640625,0.05783151462674141,8.81934642791748,-175.638427734375,0.07377443462610245
1782999928.146037,0.0,0.0,10.0,-0.7123625874519348,52.714508056640625,0.05783151462674141,8.81934642791748,-175.638427734375,0.07377443462610245
1782999928.15227,0.0,0.0,10.0,-0.7123625874519348,52.714508056640625,0.05783151462674141,8.81934642791748,-175.638427734375,0.07377443462610245
1782999928.158012,0.0,0.0,10.0,-0.7124700546264648,52.71299362182617,0.058267779648303986,8.81934642791748,-175.638427734375,0.07377443462610245
1782999928.16426,0.0,0.0,10.0,-0.7124700546264648,52.71299362182617,0.058267779648303986,8.81934642791748,-175.638427734375,0.07377443462610245
1782999928.169732,0.0,0.0,10.0,-0.7124700546264648,52.71299362182617,0.058267779648303986,8.81934642791748,-175.638427734375,0.07377443462610245
1782999928.175782,0.0,0.0,10.0,-0.7124700546264648,52.71299362182617,0.058267779648303986,8.81934642791748,-175.638427734375,0.07377443462610245
1782999928.18182,0.0,0.0,10.0,-0.7124700546264648,52.71299362182617,0.058267779648303986,8.81934642791748,-175.638427734375,0.07377443462610245
1782999928.194761,0.0,0.0,10.0,-0.7124700546264648,52.71299362182617,0.058267779648303986,8.81934642791748,-175.638427734375,0.07377443462610245
1782999928.20105,0.0,0.0,10.0,-0.7124700546264648,52.71299362182617,0.058267779648303986,8.81934642791748,-175.638427734375,0.07377443462610245
1782999928.206334,0.0,0.0,10.0,-0.7124700546264648,52.71299362182617,0.058267779648303986,8.81934642791748,-175.638427734375,0.07377443462610245
1782999928.211914,0.0,0.0,10.0,-0.7116904258728027,52.71201705932617,0.05880587920546532,8.81934642791748,-175.638427734375,0.07377443462610245
1782999928.21777,0.0,0.0,10.0,-0.7116904258728027,52.71201705932617,0.05880587920546532,8.505284309387207,-175.155029296875,0.07498980313539505
1782999928.224932,0.0,0.0,10.0,-0.7116904258728027,52.71201705932617,0.05880587920546532,8.505284309387207,-175.155029296875,0.07498980313539505
1782999928.230293,0.0,0.0,10.0,-0.7116904258728027,52.71201705932617,0.05880587920546532,8.505284309387207,-175.155029296875,0.07498980313539505
1782999928.236317,0.0,0.0,10.0,-0.7116904258728027,52.71201705932617,0.05880587920546532,8.505284309387207,-175.155029296875,0.07498980313539505
1782999928.249226,0.0,0.0,10.0,-0.7116904258728027,52.71201705932617,0.05880587920546532,8.505284309387207,-175.155029296875,0.07498980313539505
1782999928.255503,0.0,0.0,10.0,-0.7100303769111633,52.711795806884766,0.059124961495399475,8.505284309387207,-175.155029296875,0.07498980313539505
1782999928.261578,0.0,0.0,10.0,-0.7100303769111633,52.711795806884766,0.059124961495399475,8.505284309387207,-175.155029296875,0.07498980313539505
1782999928.267388,0.0,0.0,10.0,-0.7100303769111633,52.711795806884766,0.059124961495399475,8.505284309387207,-175.155029296875,0.07498980313539505
1782999928.273689,0.0,0.0,10.0,-0.7100303769111633,52.711795806884766,0.059124961495399475,8.505284309387207,-175.155029296875,0.07498980313539505
1782999928.279683,0.0,0.0,10.0,-0.7100303769111633,52.711795806884766,0.059124961495399475,8.505284309387207,-175.155029296875,0.07498980313539505
1782999928.286521,0.0,0.0,10.0,-0.7100303769111633,52.711795806884766,0.059124961495399475,8.505284309387207,-175.155029296875,0.07498980313539505
1782999928.29713,0.0,0.0,10.0,-0.7100303769111633,52.711795806884766,0.059124961495399475,8.505284309387207,-175.155029296875,0.07498980313539505
1782999928.303448,0.0,0.0,10.0,-0.7100303769111633,52.711795806884766,0.059124961495399475,8.505284309387207,-175.155029296875,0.07498980313539505
1782999928.308721,0.0,0.0,10.0,-0.7104613780975342,52.71078109741211,0.059689488261938095,8.505284309387207,-175.155029296875,0.07498980313539505
1782999928.314945,0.0,0.0,10.0,-0.7104613780975342,52.71078109741211,0.059689488261938095,8.200079917907715,-174.627685546875,0.07545141875743866
1782999928.321898,0.0,0.0,10.0,-0.7104613780975342,52.71078109741211,0.059689488261938095,8.200079917907715,-174.627685546875,0.07545141875743866
1782999928.328747,0.0,0.0,10.0,-0.7104613780975342,52.71078109741211,0.059689488261938095,8.200079917907715,-174.627685546875,0.07545141875743866
1782999928.334655,0.0,0.0,10.0,-0.7104613780975342,52.71078109741211,0.059689488261938095,8.200079917907715,-174.627685546875,0.07545141875743866
1782999928.346386,0.0,0.0,10.0,-0.7104613780975342,52.71078109741211,0.059689488261938095,8.200079917907715,-174.627685546875,0.07545141875743866
1782999928.352748,0.0,0.0,10.0,-0.7104613780975342,52.71078109741211,0.059689488261938095,8.200079917907715,-174.627685546875,0.07545141875743866
1782999928.359801,0.0,0.0,10.0,-0.70945805311203,52.70960998535156,0.05993342027068138,8.200079917907715,-174.627685546875,0.07545141875743866
1782999928.365314,0.0,0.0,10.0,-0.70945805311203,52.70960998535156,0.05993342027068138,8.200079917907715,-174.627685546875,0.07545141875743866
1782999928.370767,0.0,0.0,10.0,-0.70945805311203,52.70960998535156,0.05993342027068138,8.200079917907715,-174.627685546875,0.07545141875743866
1782999928.377163,0.0,0.0,10.0,-0.70945805311203,52.70960998535156,0.05993342027068138,8.200079917907715,-174.627685546875,0.07545141875743866
1782999928.382726,0.0,0.0,10.0,-0.70945805311203,52.70960998535156,0.05993342027068138,8.200079917907715,-174.627685546875,0.07545141875743866
1782999928.389094,0.0,0.0,10.0,-0.70945805311203,52.70960998535156,0.05993342027068138,8.200079917907715,-174.627685546875,0.07545141875743866
1782999928.401709,0.0,0.0,10.0,-0.70945805311203,52.70960998535156,0.05993342027068138,8.200079917907715,-174.627685546875,0.07545141875743866
1782999928.406987,0.0,0.0,10.0,-0.709044337272644,52.707862854003906,0.060081541538238525,8.200079917907715,-174.627685546875,0.07545141875743866
1782999928.413193,0.0,0.0,10.0,-0.709044337272644,52.707862854003906,0.060081541538238525,7.896875858306885,-174.078369140625,0.07668125629425049
1782999928.418794,0.0,0.0,10.0,-0.709044337272644,52.707862854003906,0.060081541538238525,7.896875858306885,-174.078369140625,0.07668125629425049
1782999928.424159,0.0,0.0,10.0,-0.709044337272644,52.707862854003906,0.060081541538238525,7.896875858306885,-174.078369140625,0.07668125629425049
1782999928.429644,0.0,0.0,10.0,-0.709044337272644,52.707862854003906,0.060081541538238525,7.896875858306885,-174.078369140625,0.07668125629425049
1782999928.435114,0.0,0.0,10.0,-0.709044337272644,52.707862854003906,0.060081541538238525,7.896875858306885,-174.078369140625,0.07668125629425049
1782999928.442802,0.0,0.0,10.0,-0.709044337272644,52.707862854003906,0.060081541538238525,7.896875858306885,-174.078369140625,0.07668125629425049
1782999928.457593,0.0,0.0,10.0,-0.709044337272644,52.707862854003906,0.060081541538238525,7.896875858306885,-174.078369140625,0.07668125629425049
1782999928.464161,0.0,0.0,10.0,-0.7077496647834778,52.706275939941406,0.06067891791462898,7.896875858306885,-174.078369140625,0.07668125629425049
1782999928.469565,0.0,0.0,10.0,-0.7077496647834778,52.706275939941406,0.06067891791462898,7.896875858306885,-174.078369140625,0.07668125629425049
1782999928.475725,0.0,0.0,10.0,-0.7077496647834778,52.706275939941406,0.06067891791462898,7.896875858306885,-174.078369140625,0.07668125629425049
1782999928.48248,0.0,0.0,10.0,-0.7077496647834778,52.706275939941406,0.06067891791462898,7.896875858306885,-174.078369140625,0.07668125629425049
1782999928.488933,0.0,0.0,10.0,-0.7077496647834778,52.706275939941406,0.06067891791462898,7.896875858306885,-174.078369140625,0.07668125629425049
1782999928.496206,0.0,0.0,10.0,-0.7077496647834778,52.706275939941406,0.06067891791462898,7.896875858306885,-174.078369140625,0.07668125629425049
1782999928.503561,0.0,0.0,10.0,-0.7077496647834778,52.706275939941406,0.06067891791462898,7.896875858306885,-174.078369140625,0.07668125629425049
1782999928.510719,0.0,0.0,10.0,-0.7076973915100098,52.7038459777832,0.06094958260655403,7.896875858306885,-174.078369140625,0.07668125629425049
1782999928.516456,0.0,0.0,10.0,-0.7076973915100098,52.7038459777832,0.06094958260655403,7.58345365524292,-173.572998046875,0.07661040872335434
1782999928.523482,0.0,0.0,10.0,-0.7076973915100098,52.7038459777832,0.06094958260655403,7.58345365524292,-173.572998046875,0.07661040872335434
1782999928.528927,0.0,0.0,10.0,-0.7076973915100098,52.7038459777832,0.06094958260655403,7.58345365524292,-173.572998046875,0.07661040872335434
1782999928.534423,0.0,0.0,10.0,-0.7076973915100098,52.7038459777832,0.06094958260655403,7.58345365524292,-173.572998046875,0.07661040872335434
1782999928.54142,0.0,0.0,10.0,-0.7076973915100098,52.7038459777832,0.06094958260655403,7.58345365524292,-173.572998046875,0.07661040872335434
1782999928.55919,0.0,0.0,10.0,-0.7076973915100098,52.7038459777832,0.06094958260655403,7.58345365524292,-173.572998046875,0.07661040872335434
1782999928.565165,0.0,0.0,10.0,-0.70771723985672,52.70307922363281,0.06018973886966705,7.58345365524292,-173.572998046875,0.07661040872335434
1782999928.573148,0.0,0.0,10.0,-0.70771723985672,52.70307922363281,0.06018973886966705,7.58345365524292,-173.572998046875,0.07661040872335434
1782999928.579341,0.0,0.0,10.0,-0.70771723985672,52.70307922363281,0.06018973886966705,7.58345365524292,-173.572998046875,0.07661040872335434
1782999928.588389,0.0,0.0,10.0,-0.70771723985672,52.70307922363281,0.06018973886966705,7.58345365524292,-173.572998046875,0.07661040872335434
1782999928.618962,0.0,0.0,10.0,-0.70771723985672,52.70307922363281,0.06018973886966705,7.58345365524292,-173.572998046875,0.07661040872335434
1782999928.626152,0.0,0.0,10.0,-0.70771723985672,52.70307922363281,0.06018973886966705,7.58345365524292,-173.572998046875,0.07661040872335434
1782999928.632444,0.0,0.0,10.0,-0.70771723985672,52.70307922363281,0.06018973886966705,7.2690534591674805,-173.045654296875,0.07703539729118347
1782999928.646212,0.0,0.0,10.0,-0.7067860960960388,52.70175552368164,0.060697540640830994,7.2690534591674805,-173.045654296875,0.07703539729118347
1782999928.652831,0.0,0.0,10.0,-0.7067860960960388,52.70175552368164,0.060697540640830994,7.2690534591674805,-173.045654296875,0.07703539729118347
1782999928.659538,0.0,0.0,10.0,-0.7057819962501526,52.70009994506836,0.06167595833539963,7.2690534591674805,-173.045654296875,0.07703539729118347
1782999928.666795,0.0,0.0,10.0,-0.7057819962501526,52.70009994506836,0.06167595833539963,7.2690534591674805,-173.045654296875,0.07703539729118347
1782999928.679319,0.0,0.0,10.0,-0.7057819962501526,52.70009994506836,0.06167595833539963,7.2690534591674805,-173.045654296875,0.07703539729118347
1782999928.685131,0.0,0.0,10.0,-0.7057819962501526,52.70009994506836,0.06167595833539963,7.2690534591674805,-173.045654296875,0.07703539729118347
1782999928.691808,0.0,0.0,10.0,-0.7057819962501526,52.70009994506836,0.06167595833539963,7.2690534591674805,-173.045654296875,0.07703539729118347
1782999928.69897,0.0,0.0,10.0,-0.7057819962501526,52.70009994506836,0.06167595833539963,7.2690534591674805,-173.045654296875,0.07703539729118347
1782999928.704835,0.0,0.0,10.0,-0.7057819962501526,52.70009994506836,0.06167595833539963,7.2690534591674805,-173.045654296875,0.07703539729118347
1782999928.711552,0.0,0.0,10.0,-0.7056984305381775,52.698394775390625,0.06282273679971695,7.2690534591674805,-173.045654296875,0.07703539729118347
1782999928.716977,0.0,0.0,10.0,-0.7056984305381775,52.698394775390625,0.06282273679971695,6.951599597930908,-172.540283203125,0.0771007388830185
1782999928.736099,0.0,0.0,10.0,-0.7056984305381775,52.698394775390625,0.06282273679971695,6.951599597930908,-172.540283203125,0.0771007388830185
1782999928.742774,0.0,0.0,10.0,-0.7056984305381775,52.698394775390625,0.06282273679971695,6.951599597930908,-172.540283203125,0.0771007388830185
1782999928.748925,0.0,0.0,10.0,-0.7056984305381775,52.698394775390625,0.06282273679971695,6.951599597930908,-172.540283203125,0.0771007388830185
1782999928.754827,0.0,0.0,10.0,-0.7054406404495239,52.69628143310547,0.06259060651063919,6.951599597930908,-172.540283203125,0.0771007388830185
1782999928.760753,0.0,0.0,10.0,-0.7054406404495239,52.69628143310547,0.06259060651063919,6.951599597930908,-172.540283203125,0.0771007388830185
1782999928.766643,0.0,0.0,10.0,-0.7054406404495239,52.69628143310547,0.06259060651063919,6.951599597930908,-172.540283203125,0.0771007388830185
1782999928.772974,0.0,0.0,10.0,-0.7054406404495239,52.69628143310547,0.06259060651063919,6.951599597930908,-172.540283203125,0.0771007388830185
1782999928.790297,0.0,0.0,10.0,-0.7054406404495239,52.69628143310547,0.06259060651063919,6.951599597930908,-172.540283203125,0.0771007388830185
1782999928.796756,0.0,0.0,10.0,-0.7054406404495239,52.69628143310547,0.06259060651063919,6.951599597930908,-172.540283203125,0.0771007388830185
1782999928.803838,0.0,0.0,10.0,-0.7054406404495239,52.69628143310547,0.06259060651063919,6.951599597930908,-172.540283203125,0.0771007388830185
1782999928.81017,0.0,0.0,10.0,-0.7044410705566406,52.69585037231445,0.06276193261146545,6.951599597930908,-172.540283203125,0.0771007388830185
1782999928.816961,0.0,0.0,10.0,-0.7044410705566406,52.69585037231445,0.06276193261146545,6.951599597930908,-172.540283203125,0.0771007388830185
1782999928.822852,0.0,0.0,10.0,-0.7044410705566406,52.69585037231445,0.06276193261146545,6.636708736419678,-171.990966796875,0.0774514451622963
1782999928.84106,0.0,0.0,10.0,-0.7044410705566406,52.69585037231445,0.06276193261146545,6.636708736419678,-171.990966796875,0.0774514451622963
1782999928.84851,0.0,0.0,10.0,-0.7044410705566406,52.69585037231445,0.06276193261146545,6.636708736419678,-171.990966796875,0.0774514451622963
1782999928.855127,0.0,0.0,10.0,-0.7044410705566406,52.69585037231445,0.06276193261146545,6.636708736419678,-171.990966796875,0.0774514451622963
1782999928.860544,0.0,0.0,10.0,-0.7035940289497375,52.69440460205078,0.06287389993667603,6.636708736419678,-171.990966796875,0.0774514451622963
1782999928.865926,0.0,0.0,10.0,-0.7035940289497375,52.69440460205078,0.06287389993667603,6.636708736419678,-171.990966796875,0.0774514451622963
1782999928.873271,0.0,0.0,10.0,-0.7035940289497375,52.69440460205078,0.06287389993667603,6.636708736419678,-171.990966796875,0.0774514451622963
1782999928.891079,0.0,0.0,10.0,-0.7035940289497375,52.69440460205078,0.06287389993667603,6.636708736419678,-171.990966796875,0.0774514451622963
1782999928.897031,0.0,0.0,10.0,-0.7035940289497375,52.69440460205078,0.06287389993667603,6.636708736419678,-171.990966796875,0.0774514451622963
1782999928.903129,0.0,0.0,10.0,-0.7035940289497375,52.69440460205078,0.06287389993667603,6.636708736419678,-171.990966796875,0.0774514451622963
1782999928.909801,0.0,0.0,10.0,-0.7032458186149597,52.693233489990234,0.0629439726471901,6.636708736419678,-171.990966796875,0.0774514451622963
1782999928.915686,0.0,0.0,10.0,-0.7032458186149597,52.693233489990234,0.0629439726471901,6.636708736419678,-171.990966796875,0.0774514451622963
1782999928.92288,0.0,0.0,10.0,-0.7032458186149597,52.693233489990234,0.0629439726471901,6.349579334259033,-171.441650390625,0.07779314368963242
1782999928.929954,0.0,0.0,10.0,-0.7032458186149597,52.693233489990234,0.0629439726471901,6.349579334259033,-171.441650390625,0.07779314368963242
1782999928.953378,0.0,0.0,10.0,-0.7032458186149597,52.693233489990234,0.0629439726471901,6.349579334259033,-171.441650390625,0.07779314368963242
1782999928.959338,0.0,0.0,10.0,-0.7032458186149597,52.693233489990234,0.0629439726471901,6.349579334259033,-171.441650390625,0.07779314368963242
1782999928.965823,0.0,0.0,10.0,-0.7018076777458191,52.692378997802734,0.06142078712582588,6.349579334259033,-171.441650390625,0.07779314368963242
1782999928.972131,0.0,0.0,10.0,-0.7018076777458191,52.692378997802734,0.06142078712582588,6.349579334259033,-171.441650390625,0.07779314368963242
1782999928.977884,0.0,0.0,10.0,-0.7018076777458191,52.692378997802734,0.06142078712582588,6.349579334259033,-171.441650390625,0.07779314368963242
1782999928.99999,0.0,0.0,10.0,-0.7018076777458191,52.692378997802734,0.06142078712582588,6.349579334259033,-171.441650390625,0.07779314368963242
1782999929.006996,0.0,0.0,10.0,-0.7018076777458191,52.692378997802734,0.06142078712582588,6.349579334259033,-171.441650390625,0.07779314368963242
1782999929.01258,0.0,0.0,10.0,-0.7007933259010315,52.69083023071289,0.061480458825826645,6.349579334259033,-171.441650390625,0.07779314368963242
1782999929.01998,0.0,0.0,10.0,-0.7007933259010315,52.69083023071289,0.061480458825826645,6.349579334259033,-171.441650390625,0.07779314368963242
1782999929.026637,0.0,0.0,10.0,-0.7007933259010315,52.69083023071289,0.061480458825826645,6.147437572479248,-170.892333984375,0.07811032980680466
1782999929.034857,0.0,0.0,10.0,-0.7007933259010315,52.69083023071289,0.061480458825826645,6.147437572479248,-170.892333984375,0.07811032980680466
1782999929.053457,0.0,0.0,10.0,-0.7007933259010315,52.69083023071289,0.061480458825826645,6.147437572479248,-170.892333984375,0.07811032980680466
1782999929.059317,0.0,0.0,10.0,-0.7007933259010315,52.69083023071289,0.061480458825826645,6.147437572479248,-170.892333984375,0.07811032980680466
1782999929.065628,0.0,0.0,10.0,-0.6998590230941772,52.69011306762695,0.06127564609050751,6.147437572479248,-170.892333984375,0.07811032980680466
1782999929.071514,0.0,0.0,10.0,-0.6998590230941772,52.69011306762695,0.06127564609050751,6.147437572479248,-170.892333984375,0.07811032980680466
1782999929.077486,0.0,0.0,10.0,-0.6998590230941772,52.69011306762695,0.06127564609050751,6.147437572479248,-170.892333984375,0.07811032980680466
1782999929.083552,0.0,0.0,10.0,-0.6998590230941772,52.69011306762695,0.06127564609050751,6.147437572479248,-170.892333984375,0.07811032980680466
1782999929.107176,0.0,0.0,10.0,-0.6998590230941772,52.69011306762695,0.06127564609050751,6.147437572479248,-170.892333984375,0.07811032980680466
1782999929.112823,0.0,0.0,10.0,-0.7004430890083313,52.688636779785156,0.06113677844405174,6.147437572479248,-170.892333984375,0.07811032980680466
1782999929.11944,0.0,0.0,10.0,-0.7004430890083313,52.688636779785156,0.06113677844405174,5.944998741149902,-170.408935546875,0.0782238021492958
1782999929.125827,0.0,0.0,10.0,-0.7004430890083313,52.688636779785156,0.06113677844405174,5.944998741149902,-170.408935546875,0.0782238021492958
1782999929.13238,0.0,0.0,10.0,-0.7004430890083313,52.688636779785156,0.06113677844405174,5.944998741149902,-170.408935546875,0.0782238021492958
1782999929.140108,0.0,0.0,10.0,-0.7004430890083313,52.688636779785156,0.06113677844405174,5.944998741149902,-170.408935546875,0.0782238021492958
1782999929.15781,0.0,0.0,10.0,-0.7004430890083313,52.688636779785156,0.06113677844405174,5.944998741149902,-170.408935546875,0.0782238021492958
1782999929.164683,0.0,0.0,10.0,-0.699629545211792,52.686832427978516,0.06180637702345848,5.944998741149902,-170.408935546875,0.0782238021492958
1782999929.171033,0.0,0.0,10.0,-0.699629545211792,52.686832427978516,0.06180637702345848,5.944998741149902,-170.408935546875,0.0782238021492958
1782999929.176751,0.0,0.0,10.0,-0.699629545211792,52.686832427978516,0.06180637702345848,5.944998741149902,-170.408935546875,0.0782238021492958
1782999929.182532,0.0,0.0,10.0,-0.699629545211792,52.686832427978516,0.06180637702345848,5.944998741149902,-170.408935546875,0.0782238021492958
1782999929.188308,0.0,0.0,10.0,-0.699629545211792,52.686832427978516,0.06180637702345848,5.944998741149902,-170.408935546875,0.0782238021492958
1782999929.204053,0.0,0.0,10.0,-0.699629545211792,52.686832427978516,0.06180637702345848,5.944998741149902,-170.408935546875,0.0782238021492958
1782999929.210417,0.0,0.0,10.0,-0.698883593082428,52.68610763549805,0.062196239829063416,5.944998741149902,-170.408935546875,0.0782238021492958
1782999929.215941,0.0,0.0,10.0,-0.698883593082428,52.68610763549805,0.062196239829063416,5.944998741149902,-170.408935546875,0.0782238021492958
1782999929.222638,0.0,0.0,10.0,-0.698883593082428,52.68610763549805,0.062196239829063416,5.742359638214111,-169.859619140625,0.078815758228302
1782999929.229596,0.0,0.0,10.0,-0.698883593082428,52.68610763549805,0.062196239829063416,5.742359638214111,-169.859619140625,0.078815758228302
1782999929.235674,0.0,0.0,10.0,-0.698883593082428,52.68610763549805,0.062196239829063416,5.742359638214111,-169.859619140625,0.078815758228302
1782999929.243406,0.0,0.0,10.0,-0.698883593082428,52.68610763549805,0.062196239829063416,5.742359638214111,-169.859619140625,0.078815758228302
1782999929.251916,0.0,0.0,10.0,-0.698883593082428,52.68610763549805,0.062196239829063416,5.742359638214111,-169.859619140625,0.078815758228302
1782999929.258288,0.0,0.0,10.0,-0.6989702582359314,52.68525695800781,0.06240103021264076,5.742359638214111,-169.859619140625,0.078815758228302
1782999929.264275,0.0,0.0,10.0,-0.6989702582359314,52.68525695800781,0.06240103021264076,5.742359638214111,-169.859619140625,0.078815758228302
1782999929.271421,0.0,0.0,10.0,-0.6989702582359314,52.68525695800781,0.06240103021264076,5.742359638214111,-169.859619140625,0.078815758228302
1782999929.277361,0.0,0.0,10.0,-0.6989702582359314,52.68525695800781,0.06240103021264076,5.742359638214111,-169.859619140625,0.078815758228302
1782999929.282667,0.0,0.0,10.0,-0.6989702582359314,52.68525695800781,0.06240103021264076,5.742359638214111,-169.859619140625,0.078815758228302
1782999929.288875,0.0,0.0,10.0,-0.6989702582359314,52.68525695800781,0.06240103021264076,5.742359638214111,-169.859619140625,0.078815758228302
1782999929.295676,0.0,0.0,10.0,-0.6989702582359314,52.68525695800781,0.06240103021264076,5.742359638214111,-169.859619140625,0.078815758228302
1782999929.30309,0.0,0.0,10.0,-0.6989702582359314,52.68525695800781,0.06240103021264076,5.742359638214111,-169.859619140625,0.078815758228302
1782999929.309636,0.0,0.0,10.0,-0.6985936760902405,52.68358612060547,0.06253805756568909,5.742359638214111,-169.859619140625,0.078815758228302
1782999929.315147,0.0,0.0,10.0,-0.6985936760902405,52.68358612060547,0.06253805756568909,5.742359638214111,-169.859619140625,0.078815758228302
1782999929.321361,0.0,0.0,10.0,-0.6985936760902405,52.68358612060547,0.06253805756568909,5.536482810974121,-169.288330078125,0.07878676801919937
1782999929.327454,0.0,0.0,10.0,-0.6985936760902405,52.68358612060547,0.06253805756568909,5.536482810974121,-169.288330078125,0.07878676801919937
1782999929.333696,0.0,0.0,10.0,-0.6985936760902405,52.68358612060547,0.06253805756568909,5.536482810974121,-169.288330078125,0.07878676801919937
1782999929.340239,0.0,0.0,10.0,-0.6985936760902405,52.68358612060547,0.06253805756568909,5.536482810974121,-169.288330078125,0.07878676801919937
1782999929.346172,0.0,0.0,10.0,-0.6985936760902405,52.68358612060547,0.06253805756568909,5.536482810974121,-169.288330078125,0.07878676801919937
1782999929.355786,0.0,0.0,10.0,-0.6985936760902405,52.68358612060547,0.06253805756568909,5.536482810974121,-169.288330078125,0.07878676801919937
1782999929.361857,0.0,0.0,10.0,-0.6975091695785522,52.682044982910156,0.06221480295062065,5.536482810974121,-169.288330078125,0.07878676801919937
1782999929.368612,0.0,0.0,10.0,-0.6975091695785522,52.682044982910156,0.06221480295062065,5.536482810974121,-169.288330078125,0.07878676801919937
1782999929.374426,0.0,0.0,10.0,-0.6975091695785522,52.682044982910156,0.06221480295062065,5.536482810974121,-169.288330078125,0.07878676801919937
1782999929.380969,0.0,0.0,10.0,-0.6975091695785522,52.682044982910156,0.06221480295062065,5.536482810974121,-169.288330078125,0.07878676801919937
1782999929.386727,0.0,0.0,10.0,-0.6975091695785522,52.682044982910156,0.06221480295062065,5.536482810974121,-169.288330078125,0.07878676801919937
1782999929.393234,0.0,0.0,10.0,-0.6975091695785522,52.682044982910156,0.06221480295062065,5.536482810974121,-169.288330078125,0.07878676801919937
1782999929.407591,0.0,0.0,10.0,-0.6975091695785522,52.682044982910156,0.06221480295062065,5.536482810974121,-169.288330078125,0.07878676801919937
1782999929.414051,0.0,0.0,10.0,-0.6968601942062378,52.679588317871094,0.0640280470252037,5.536482810974121,-169.288330078125,0.07878676801919937
1782999929.422672,0.0,0.0,10.0,-0.6968601942062378,52.679588317871094,0.0640280470252037,5.536482810974121,-169.288330078125,0.07878676801919937
1782999929.428617,0.0,0.0,10.0,-0.6968601942062378,52.679588317871094,0.0640280470252037,5.331282615661621,-168.782958984375,0.07937047630548477
1782999929.434689,0.0,0.0,10.0,-0.6968601942062378,52.679588317871094,0.0640280470252037,5.331282615661621,-168.782958984375,0.07937047630548477
1782999929.441749,0.0,0.0,10.0,-0.6968601942062378,52.679588317871094,0.0640280470252037,5.331282615661621,-168.782958984375,0.07937047630548477
1782999929.447504,0.0,0.0,10.0,-0.6968601942062378,52.679588317871094,0.0640280470252037,5.331282615661621,-168.782958984375,0.07937047630548477
1782999929.460471,0.0,0.0,10.0,-0.6968601942062378,52.679588317871094,0.0640280470252037,5.331282615661621,-168.782958984375,0.07937047630548477
1782999929.468198,0.0,0.0,10.0,-0.6972171068191528,52.67805480957031,0.06443355232477188,5.331282615661621,-168.782958984375,0.07937047630548477
1782999929.474468,0.0,0.0,10.0,-0.6972171068191528,52.67805480957031,0.06443355232477188,5.331282615661621,-168.782958984375,0.07937047630548477
1782999929.480502,0.0,0.0,10.0,-0.6972171068191528,52.67805480957031,0.06443355232477188,5.331282615661621,-168.782958984375,0.07937047630548477
1782999929.487044,0.0,0.0,10.0,-0.6972171068191528,52.67805480957031,0.06443355232477188,5.331282615661621,-168.782958984375,0.07937047630548477
1782999929.492586,0.0,0.0,10.0,-0.6972171068191528,52.67805480957031,0.06443355232477188,5.331282615661621,-168.782958984375,0.07937047630548477
1782999929.498577,0.0,0.0,10.0,-0.6972171068191528,52.67805480957031,0.06443355232477188,5.331282615661621,-168.782958984375,0.07937047630548477
1782999929.507947,0.0,0.0,10.0,-0.6972171068191528,52.67805480957031,0.06443355232477188,5.331282615661621,-168.782958984375,0.07937047630548477
1782999929.513689,0.0,0.0,10.0,-0.6969649791717529,52.676082611083984,0.06435541808605194,5.331282615661621,-168.782958984375,0.07937047630548477
1782999929.519644,0.0,0.0,10.0,-0.6969649791717529,52.676082611083984,0.06435541808605194,5.331282615661621,-168.782958984375,0.07937047630548477
1782999929.526177,0.0,0.0,10.0,-0.6969649791717529,52.676082611083984,0.06435541808605194,5.12272310256958,-168.233642578125,0.08004210144281387
1782999929.532533,0.0,0.0,10.0,-0.6969649791717529,52.676082611083984,0.06435541808605194,5.12272310256958,-168.233642578125,0.08004210144281387
1782999929.538794,0.0,0.0,10.0,-0.6969649791717529,52.676082611083984,0.06435541808605194,5.12272310256958,-168.233642578125,0.08004210144281387
1782999929.545294,0.0,0.0,10.0,-0.6969649791717529,52.676082611083984,0.06435541808605194,5.12272310256958,-168.233642578125,0.08004210144281387
1782999929.552463,0.0,0.0,10.0,-0.6969649791717529,52.676082611083984,0.06435541808605194,5.12272310256958,-168.233642578125,0.08004210144281387
1782999929.558027,0.0,0.0,10.0,-0.6967663168907166,52.676212310791016,0.06408742815256119,5.12272310256958,-168.233642578125,0.08004210144281387
1782999929.564016,0.0,0.0,10.0,-0.6967663168907166,52.676212310791016,0.06408742815256119,5.12272310256958,-168.233642578125,0.08004210144281387
1782999929.57127,0.0,0.0,10.0,-0.6967663168907166,52.676212310791016,0.06408742815256119,5.12272310256958,-168.233642578125,0.08004210144281387
1782999929.578073,0.0,0.0,10.0,-0.6967663168907166,52.676212310791016,0.06408742815256119,5.12272310256958,-168.233642578125,0.08004210144281387
1782999929.590096,0.0,0.0,10.0,-0.6967663168907166,52.676212310791016,0.06408742815256119,5.12272310256958,-168.233642578125,0.08004210144281387
1782999929.595921,0.0,0.0,10.0,-0.6967663168907166,52.676212310791016,0.06408742815256119,5.12272310256958,-168.233642578125,0.08004210144281387
1782999929.601876,0.0,0.0,10.0,-0.6967663168907166,52.676212310791016,0.06408742815256119,5.12272310256958,-168.233642578125,0.08004210144281387
1782999929.612708,0.0,0.0,10.0,-0.6965712308883667,52.673370361328125,0.0649065151810646,5.12272310256958,-168.233642578125,0.08004210144281387
1782999929.619991,0.0,0.0,10.0,-0.6965712308883667,52.673370361328125,0.0649065151810646,5.12272310256958,-168.233642578125,0.08004210144281387
1782999929.625623,0.0,0.0,10.0,-0.6965712308883667,52.673370361328125,0.0649065151810646,4.914541244506836,-167.684326171875,0.08052121847867966
1782999929.63271,0.0,0.0,10.0,-0.6965712308883667,52.673370361328125,0.0649065151810646,4.914541244506836,-167.684326171875,0.08052121847867966
1782999929.639156,0.0,0.0,10.0,-0.6965712308883667,52.673370361328125,0.0649065151810646,4.914541244506836,-167.684326171875,0.08052121847867966
1782999929.644516,0.0,0.0,10.0,-0.6965712308883667,52.673370361328125,0.0649065151810646,4.914541244506836,-167.684326171875,0.08052121847867966
1782999929.65168,0.0,0.0,10.0,-0.6965712308883667,52.673370361328125,0.0649065151810646,4.914541244506836,-167.684326171875,0.08052121847867966
1782999929.670081,0.0,0.0,10.0,-0.6960854530334473,52.67133712768555,0.06556501984596252,4.914541244506836,-167.684326171875,0.08052121847867966
1782999929.67551,0.0,0.0,10.0,-0.6960854530334473,52.67133712768555,0.06556501984596252,4.914541244506836,-167.684326171875,0.08052121847867966
1782999929.682496,0.0,0.0,10.0,-0.6960854530334473,52.67133712768555,0.06556501984596252,4.914541244506836,-167.684326171875,0.08052121847867966
1782999929.688061,0.0,0.0,10.0,-0.6960854530334473,52.67133712768555,0.06556501984596252,4.914541244506836,-167.684326171875,0.08052121847867966
1782999929.693691,0.0,0.0,10.0,-0.6960854530334473,52.67133712768555,0.06556501984596252,4.914541244506836,-167.684326171875,0.08052121847867966
1782999929.699144,0.0,0.0,10.0,-0.6960854530334473,52.67133712768555,0.06556501984596252,4.914541244506836,-167.684326171875,0.08052121847867966
1782999929.705627,0.0,0.0,10.0,-0.6964056491851807,52.670013427734375,0.06573840975761414,4.914541244506836,-167.684326171875,0.08052121847867966
1782999929.71641,0.0,0.0,10.0,-0.6964056491851807,52.670013427734375,0.06573840975761414,4.914541244506836,-167.684326171875,0.08052121847867966
1782999929.722353,0.0,0.0,10.0,-0.6964056491851807,52.670013427734375,0.06573840975761414,4.706587314605713,-167.113037109375,0.08122672885656357
1782999929.728843,0.0,0.0,10.0,-0.6964056491851807,52.670013427734375,0.06573840975761414,4.706587314605713,-167.113037109375,0.08122672885656357
1782999929.735004,0.0,0.0,10.0,-0.6964056491851807,52.670013427734375,0.06573840975761414,4.706587314605713,-167.113037109375,0.08122672885656357
1782999929.741807,0.0,0.0,10.0,-0.6964056491851807,52.670013427734375,0.06573840975761414,4.706587314605713,-167.113037109375,0.08122672885656357
1782999929.747807,0.0,0.0,10.0,-0.6964056491851807,52.670013427734375,0.06573840975761414,4.706587314605713,-167.113037109375,0.08122672885656357
1782999929.753567,0.0,0.0,10.0,-0.6964056491851807,52.670013427734375,0.06573840975761414,4.706587314605713,-167.113037109375,0.08122672885656357
1782999929.759835,0.0,0.0,10.0,-0.6959035992622375,52.668235778808594,0.06584186106920242,4.706587314605713,-167.113037109375,0.08122672885656357
1782999929.768687,0.0,0.0,10.0,-0.6959035992622375,52.668235778808594,0.06584186106920242,4.706587314605713,-167.113037109375,0.08122672885656357
1782999929.774275,0.0,0.0,10.0,-0.6959035992622375,52.668235778808594,0.06584186106920242,4.706587314605713,-167.113037109375,0.08122672885656357
1782999929.793009,0.0,0.0,10.0,-0.6959035992622375,52.668235778808594,0.06584186106920242,4.706587314605713,-167.113037109375,0.08122672885656357
1782999929.798947,0.0,0.0,10.0,-0.6959035992622375,52.668235778808594,0.06584186106920242,4.706587314605713,-167.113037109375,0.08122672885656357
1782999929.826589,0.0,0.0,10.0,-0.6959035992622375,52.668235778808594,0.06584186106920242,4.706587314605713,-167.113037109375,0.08122672885656357
1782999929.832429,0.0,0.0,10.0,-0.6959995031356812,52.66607666015625,0.0657639130949974,4.706587314605713,-167.113037109375,0.08122672885656357
1782999929.839544,0.0,0.0,10.0,-0.6959995031356812,52.66607666015625,0.0657639130949974,4.49815034866333,-166.563720703125,0.08192982524633408
1782999929.844874,0.0,0.0,10.0,-0.6959995031356812,52.66607666015625,0.0657639130949974,4.49815034866333,-166.563720703125,0.08192982524633408
1782999929.859633,0.0,0.0,10.0,-0.6959995031356812,52.66607666015625,0.0657639130949974,4.49815034866333,-166.563720703125,0.08192982524633408
1782999929.865598,0.0,0.0,10.0,-0.6958109736442566,52.66378402709961,0.06608299911022186,4.49815034866333,-166.563720703125,0.08192982524633408
1782999929.871077,0.0,0.0,10.0,-0.6958109736442566,52.66378402709961,0.06608299911022186,4.49815034866333,-166.563720703125,0.08192982524633408
1782999929.877626,0.0,0.0,10.0,-0.6958109736442566,52.66378402709961,0.06608299911022186,4.49815034866333,-166.563720703125,0.08192982524633408
1782999929.887752,0.0,0.0,10.0,-0.6958109736442566,52.66378402709961,0.06608299911022186,4.49815034866333,-166.563720703125,0.08192982524633408
1782999929.893771,0.0,0.0,10.0,-0.6958109736442566,52.66378402709961,0.06608299911022186,4.49815034866333,-166.563720703125,0.08192982524633408
1782999929.899721,0.0,0.0,10.0,-0.6958109736442566,52.66378402709961,0.06608299911022186,4.49815034866333,-166.563720703125,0.08192982524633408
1782999929.905407,0.0,0.0,10.0,-0.6950933337211609,52.662208557128906,0.06645992398262024,4.49815034866333,-166.563720703125,0.08192982524633408
1782999929.911173,0.0,0.0,10.0,-0.6950933337211609,52.662208557128906,0.06645992398262024,4.49815034866333,-166.563720703125,0.08192982524633408
1782999929.916744,0.0,0.0,10.0,-0.6950933337211609,52.662208557128906,0.06645992398262024,4.49815034866333,-166.563720703125,0.08192982524633408
1782999929.922498,0.0,0.0,10.0,-0.6950933337211609,52.662208557128906,0.06645992398262024,4.49815034866333,-166.563720703125,0.08192982524633408
1782999929.929472,0.0,0.0,10.0,-0.6950933337211609,52.662208557128906,0.06645992398262024,4.2870564460754395,-166.014404296875,0.08305758982896805
1782999929.938465,0.0,0.0,10.0,-0.6950933337211609,52.662208557128906,0.06645992398262024,4.2870564460754395,-166.014404296875,0.08305758982896805
1782999929.945875,0.0,0.0,10.0,-0.6950933337211609,52.662208557128906,0.06645992398262024,4.2870564460754395,-166.014404296875,0.08305758982896805
1782999929.95285,0.0,0.0,10.0,-0.6950933337211609,52.662208557128906,0.06645992398262024,4.2870564460754395,-166.014404296875,0.08305758982896805
1782999929.958381,0.0,0.0,10.0,-0.695077121257782,52.66080856323242,0.06647597998380661,4.2870564460754395,-166.014404296875,0.08305758982896805
1782999929.963862,0.0,0.0,10.0,-0.695077121257782,52.66080856323242,0.06647597998380661,4.2870564460754395,-166.014404296875,0.08305758982896805
1782999929.969739,0.0,0.0,10.0,-0.695077121257782,52.66080856323242,0.06647597998380661,4.2870564460754395,-166.014404296875,0.08305758982896805
1782999929.975414,0.0,0.0,10.0,-0.695077121257782,52.66080856323242,0.06647597998380661,4.2870564460754395,-166.014404296875,0.08305758982896805
1782999929.983649,0.0,0.0,10.0,-0.695077121257782,52.66080856323242,0.06647597998380661,4.2870564460754395,-166.014404296875,0.08305758982896805
1782999929.995805,0.0,0.0,10.0,-0.695077121257782,52.66080856323242,0.06647597998380661,4.2870564460754395,-166.014404296875,0.08305758982896805
1782999930.002541,0.0,0.0,10.0,-0.695077121257782,52.66080856323242,0.06647597998380661,4.2870564460754395,-166.014404296875,0.08305758982896805
1782999930.008541,0.0,0.0,10.0,-0.6945598721504211,52.65938186645508,0.06718707829713821,4.2870564460754395,-166.014404296875,0.08305758982896805
1782999930.014122,0.0,0.0,10.0,-0.6945598721504211,52.65938186645508,0.06718707829713821,4.2870564460754395,-166.014404296875,0.08305758982896805
1782999930.019874,0.0,0.0,10.0,-0.6945598721504211,52.65938186645508,0.06718707829713821,4.2870564460754395,-166.014404296875,0.08305758982896805
1782999930.025994,0.0,0.0,10.0,-0.6945598721504211,52.65938186645508,0.06718707829713821,4.2870564460754395,-166.014404296875,0.08305758982896805
1782999930.031327,0.0,0.0,10.0,-0.6945598721504211,52.65938186645508,0.06718707829713821,4.077484607696533,-165.552978515625,0.08313655853271484
1782999930.068221,0.0,0.0,10.0,-0.6945598721504211,52.65938186645508,0.06718707829713821,4.077484607696533,-165.552978515625,0.08313655853271484
1782999930.074017,0.0,0.0,10.0,-0.693869948387146,52.65827560424805,0.06726434826850891,4.077484607696533,-165.552978515625,0.08313655853271484
1782999930.081474,0.0,0.0,10.0,-0.693869948387146,52.65827560424805,0.06726434826850891,4.077484607696533,-165.552978515625,0.08313655853271484
1782999930.089204,0.0,0.0,10.0,-0.693869948387146,52.65827560424805,0.06726434826850891,4.077484607696533,-165.552978515625,0.08313655853271484
1782999930.095318,0.0,0.0,10.0,-0.693869948387146,52.65827560424805,0.06726434826850891,4.077484607696533,-165.552978515625,0.08313655853271484
1782999930.113096,0.0,0.0,10.0,-0.693869948387146,52.65827560424805,0.06726434826850891,4.077484607696533,-165.552978515625,0.08313655853271484
1782999930.119162,0.0,0.0,10.0,-0.6942060589790344,52.6578369140625,0.06667041033506393,4.077484607696533,-165.552978515625,0.08313655853271484
1782999930.124798,0.0,0.0,10.0,-0.6942060589790344,52.6578369140625,0.06667041033506393,3.9079477787017822,-165.003662109375,0.0846097469329834
1782999930.13019,0.0,0.0,10.0,-0.6942060589790344,52.6578369140625,0.06667041033506393,3.9079477787017822,-165.003662109375,0.0846097469329834
1782999930.136427,0.0,0.0,10.0,-0.6942060589790344,52.6578369140625,0.06667041033506393,3.9079477787017822,-165.003662109375,0.0846097469329834
1782999930.142522,0.0,0.0,10.0,-0.6942060589790344,52.6578369140625,0.06667041033506393,3.9079477787017822,-165.003662109375,0.0846097469329834
1782999930.159765,0.0,0.0,10.0,-0.6942060589790344,52.6578369140625,0.06667041033506393,3.9079477787017822,-165.003662109375,0.0846097469329834
1782999930.166575,0.0,0.0,10.0,-0.693307638168335,52.65746307373047,0.0665624812245369,3.9079477787017822,-165.003662109375,0.0846097469329834
1782999930.17252,0.0,0.0,10.0,-0.693307638168335,52.65746307373047,0.0665624812245369,3.9079477787017822,-165.003662109375,0.0846097469329834
1782999930.17851,0.0,0.0,10.0,-0.693307638168335,52.65746307373047,0.0665624812245369,3.9079477787017822,-165.003662109375,0.0846097469329834
1782999930.18465,0.0,0.0,10.0,-0.693307638168335,52.65746307373047,0.0665624812245369,3.9079477787017822,-165.003662109375,0.0846097469329834
1782999930.190138,0.0,0.0,10.0,-0.693307638168335,52.65746307373047,0.0665624812245369,3.9079477787017822,-165.003662109375,0.0846097469329834
1782999930.200426,0.0,0.0,10.0,-0.693307638168335,52.65746307373047,0.0665624812245369,3.9079477787017822,-165.003662109375,0.0846097469329834
1782999930.206668,0.0,0.0,10.0,-0.6920747756958008,52.657711029052734,0.06756755709648132,3.9079477787017822,-165.003662109375,0.0846097469329834
1782999930.212751,0.0,0.0,10.0,-0.6920747756958008,52.657711029052734,0.06756755709648132,3.9079477787017822,-165.003662109375,0.0846097469329834
1782999930.218266,0.0,0.0,10.0,-0.6920747756958008,52.657711029052734,0.06756755709648132,3.9079477787017822,-165.003662109375,0.0846097469329834
1782999930.223901,0.0,0.0,10.0,-0.6920747756958008,52.657711029052734,0.06756755709648132,3.9079477787017822,-165.003662109375,0.0846097469329834
1782999930.230781,0.0,0.0,10.0,-0.6920747756958008,52.657711029052734,0.06756755709648132,3.8869214057922363,-164.718017578125,0.08482638746500015
1782999930.236818,0.0,0.0,10.0,-0.6920747756958008,52.657711029052734,0.06756755709648132,3.8869214057922363,-164.718017578125,0.08482638746500015
1782999930.242608,0.0,0.0,10.0,-0.6920747756958008,52.657711029052734,0.06756755709648132,3.8869214057922363,-164.718017578125,0.08482638746500015
1782999930.257482,0.0,0.0,10.0,-0.6920747756958008,52.657711029052734,0.06756755709648132,3.8869214057922363,-164.718017578125,0.08482638746500015
1782999930.26345,0.0,0.0,10.0,-0.6923755407333374,52.656715393066406,0.06844279170036316,3.8869214057922363,-164.718017578125,0.08482638746500015
1782999930.270564,0.0,0.0,10.0,-0.6923755407333374,52.656715393066406,0.06844279170036316,3.8869214057922363,-164.718017578125,0.08482638746500015
1782999930.277487,0.0,0.0,10.0,-0.6923755407333374,52.656715393066406,0.06844279170036316,3.8869214057922363,-164.718017578125,0.08482638746500015
1782999930.283578,0.0,0.0,10.0,-0.6923755407333374,52.656715393066406,0.06844279170036316,3.8869214057922363,-164.718017578125,0.08482638746500015
1782999930.289624,0.0,0.0,10.0,-0.6923755407333374,52.656715393066406,0.06844279170036316,3.8869214057922363,-164.718017578125,0.08482638746500015
1782999930.295517,0.0,0.0,10.0,-0.6923755407333374,52.656715393066406,0.06844279170036316,3.8869214057922363,-164.718017578125,0.08482638746500015
1782999930.302291,0.0,0.0,10.0,-0.6923755407333374,52.656715393066406,0.06844279170036316,3.8869214057922363,-164.718017578125,0.08482638746500015
1782999930.308033,0.0,0.0,10.0,-0.6926305294036865,52.65717697143555,0.06892504543066025,3.8869214057922363,-164.718017578125,0.08482638746500015
1782999930.314051,0.0,0.0,10.0,-0.6926305294036865,52.65717697143555,0.06892504543066025,3.8869214057922363,-164.718017578125,0.08482638746500015
1782999930.321792,0.0,0.0,10.0,-0.6926305294036865,52.65717697143555,0.06892504543066025,3.8869214057922363,-164.718017578125,0.08482638746500015
1782999930.328121,0.0,0.0,10.0,-0.6926305294036865,52.65717697143555,0.06892504543066025,3.886338472366333,-164.608154296875,0.08522741496562958
1782999930.333767,0.0,0.0,10.0,-0.6926305294036865,52.65717697143555,0.06892504543066025,3.886338472366333,-164.608154296875,0.08522741496562958
1782999930.340779,0.0,0.0,10.0,-0.6926305294036865,52.65717697143555,0.06892504543066025,3.886338472366333,-164.608154296875,0.08522741496562958
1782999930.34678,0.0,0.0,10.0,-0.6926305294036865,52.65717697143555,0.06892504543066025,3.886338472366333,-164.608154296875,0.08522741496562958
1782999930.363216,0.0,0.0,10.0,-0.6926305294036865,52.65717697143555,0.06892504543066025,3.886338472366333,-164.608154296875,0.08522741496562958
1782999930.370024,0.0,0.0,10.0,-0.6931833624839783,52.65724563598633,0.06938270479440689,3.886338472366333,-164.608154296875,0.08522741496562958
1782999930.375594,0.0,0.0,10.0,-0.6931833624839783,52.65724563598633,0.06938270479440689,3.886338472366333,-164.608154296875,0.08522741496562958
1782999930.382088,0.0,0.0,10.0,-0.6931833624839783,52.65724563598633,0.06938270479440689,3.886338472366333,-164.608154296875,0.08522741496562958
1782999930.388243,0.0,0.0,10.0,-0.6931833624839783,52.65724563598633,0.06938270479440689,3.886338472366333,-164.608154296875,0.08522741496562958
1782999930.394648,0.0,0.0,10.0,-0.6931833624839783,52.65724563598633,0.06938270479440689,3.886338472366333,-164.608154296875,0.08522741496562958
1782999930.407995,0.0,0.0,10.0,-0.6931833624839783,52.65724563598633,0.06938270479440689,3.886338472366333,-164.608154296875,0.08522741496562958
1782999930.414013,0.0,0.0,10.0,-0.6924960017204285,52.656375885009766,0.07047346234321594,3.886338472366333,-164.608154296875,0.08522741496562958
1782999930.420958,0.0,0.0,10.0,-0.6924960017204285,52.656375885009766,0.07047346234321594,3.886338472366333,-164.608154296875,0.08522741496562958
1782999930.427382,0.0,0.0,10.0,-0.6924960017204285,52.656375885009766,0.07047346234321594,3.8884549140930176,-164.630126953125,0.08590958267450333
1782999930.434231,0.0,0.0,10.0,-0.6924960017204285,52.656375885009766,0.07047346234321594,3.8884549140930176,-164.630126953125,0.08590958267450333
1782999930.440743,0.0,0.0,10.0,-0.6924960017204285,52.656375885009766,0.07047346234321594,3.8884549140930176,-164.630126953125,0.08590958267450333
1782999930.446213,0.0,0.0,10.0,-0.6924960017204285,52.656375885009766,0.07047346234321594,3.8884549140930176,-164.630126953125,0.08590958267450333
1782999930.461835,0.0,0.0,10.0,-0.6924960017204285,52.656375885009766,0.07047346234321594,3.8884549140930176,-164.630126953125,0.08590958267450333
1782999930.467585,0.0,0.0,10.0,-0.6932439804077148,52.655029296875,0.06931594759225845,3.8884549140930176,-164.630126953125,0.08590958267450333
1782999930.473233,0.0,0.0,10.0,-0.6932439804077148,52.655029296875,0.06931594759225845,3.8884549140930176,-164.630126953125,0.08590958267450333
1782999930.479156,0.0,0.0,10.0,-0.6932439804077148,52.655029296875,0.06931594759225845,3.8884549140930176,-164.630126953125,0.08590958267450333
1782999930.484686,0.0,0.0,10.0,-0.6932439804077148,52.655029296875,0.06931594759225845,3.8884549140930176,-164.630126953125,0.08590958267450333
1782999930.491732,0.0,0.0,10.0,-0.6932439804077148,52.655029296875,0.06931594759225845,3.8884549140930176,-164.630126953125,0.08590958267450333
1782999930.49724,0.0,0.0,10.0,-0.6932439804077148,52.655029296875,0.06931594759225845,3.8884549140930176,-164.630126953125,0.08590958267450333
1782999930.509323,0.0,0.0,10.0,-0.6932439804077148,52.655029296875,0.06931594759225845,3.8884549140930176,-164.630126953125,0.08590958267450333
1782999930.514821,0.0,0.0,10.0,-0.6930781006813049,52.65376663208008,0.07030031830072403,3.8884549140930176,-164.630126953125,0.08590958267450333
1782999930.522184,0.0,0.0,10.0,-0.6930781006813049,52.65376663208008,0.07030031830072403,3.8884549140930176,-164.630126953125,0.08590958267450333
1782999930.527686,0.0,0.0,10.0,-0.6930781006813049,52.65376663208008,0.07030031830072403,3.889296293258667,-164.586181640625,0.08577148616313934
1782999930.532993,0.0,0.0,10.0,-0.6930781006813049,52.65376663208008,0.07030031830072403,3.889296293258667,-164.586181640625,0.08577148616313934
1782999930.538466,0.0,0.0,10.0,-0.6930781006813049,52.65376663208008,0.07030031830072403,3.889296293258667,-164.586181640625,0.08577148616313934
1782999930.544538,0.0,0.0,10.0,-0.6930781006813049,52.65376663208008,0.07030031830072403,3.889296293258667,-164.586181640625,0.08577148616313934
1782999930.550686,0.0,0.0,10.0,-0.6930781006813049,52.65376663208008,0.07030031830072403,3.889296293258667,-164.586181640625,0.08577148616313934
1782999930.556523,0.0,0.0,10.0,-0.6930781006813049,52.65376663208008,0.07030031830072403,3.889296293258667,-164.586181640625,0.08577148616313934
1782999930.562889,0.0,0.0,10.0,-0.6935020685195923,52.65360641479492,0.0695313811302185,3.889296293258667,-164.586181640625,0.08577148616313934
1782999930.568399,0.0,0.0,10.0,-0.6935020685195923,52.65360641479492,0.0695313811302185,3.889296293258667,-164.586181640625,0.08577148616313934
1782999930.574363,0.0,0.0,10.0,-0.6935020685195923,52.65360641479492,0.0695313811302185,3.889296293258667,-164.586181640625,0.08577148616313934
1782999930.580361,0.0,0.0,10.0,-0.6935020685195923,52.65360641479492,0.0695313811302185,3.889296293258667,-164.586181640625,0.08577148616313934
1782999930.592607,0.0,0.0,10.0,-0.6935020685195923,52.65360641479492,0.0695313811302185,3.889296293258667,-164.586181640625,0.08577148616313934
1782999930.598973,0.0,0.0,10.0,-0.6935020685195923,52.65360641479492,0.0695313811302185,3.889296293258667,-164.586181640625,0.08577148616313934
1782999930.604479,0.0,0.0,10.0,-0.6935020685195923,52.65360641479492,0.0695313811302185,3.889296293258667,-164.586181640625,0.08577148616313934
1782999930.617991,0.0,0.0,10.0,-0.6944262981414795,52.65266036987305,0.06947297602891922,3.889296293258667,-164.586181640625,0.08577148616313934
1782999930.624005,0.0,0.0,10.0,-0.6944262981414795,52.65266036987305,0.06947297602891922,3.889296293258667,-164.586181640625,0.08577148616313934
1782999930.630105,0.0,0.0,10.0,-0.6944262981414795,52.65266036987305,0.06947297602891922,3.8923723697662354,-164.608154296875,0.08718334138393402
1782999930.635872,0.0,0.0,10.0,-0.6944262981414795,52.65266036987305,0.06947297602891922,3.8923723697662354,-164.608154296875,0.08718334138393402
1782999930.641629,0.0,0.0,10.0,-0.6944262981414795,52.65266036987305,0.06947297602891922,3.8923723697662354,-164.608154296875,0.08718334138393402
1782999930.648117,0.0,0.0,10.0,-0.6944262981414795,52.65266036987305,0.06947297602891922,3.8923723697662354,-164.608154296875,0.08718334138393402
1782999930.653652,0.0,0.0,10.0,-0.6944262981414795,52.65266036987305,0.06947297602891922,3.8923723697662354,-164.608154296875,0.08718334138393402
1782999930.665522,0.0,0.0,10.0,-0.6950269937515259,52.65214157104492,0.06987039744853973,3.8923723697662354,-164.608154296875,0.08718334138393402
1782999930.672357,0.0,0.0,10.0,-0.6950269937515259,52.65214157104492,0.06987039744853973,3.8923723697662354,-164.608154296875,0.08718334138393402
1782999930.679416,0.0,0.0,10.0,-0.6950269937515259,52.65214157104492,0.06987039744853973,3.8923723697662354,-164.608154296875,0.08718334138393402
1782999930.71391,0.0,0.0,10.0,-0.6950269937515259,52.65214157104492,0.06987039744853973,3.8923723697662354,-164.608154296875,0.08718334138393402
1782999930.722427,0.0,0.0,10.0,-0.6950269937515259,52.65214157104492,0.06987039744853973,3.8923723697662354,-164.608154296875,0.08718334138393402
1782999930.728469,0.0,0.0,10.0,-0.6965840458869934,52.65101623535156,0.06974922120571136,3.8923723697662354,-164.608154296875,0.08718334138393402
1782999930.740684,0.0,0.0,10.0,-0.6965840458869934,52.65101623535156,0.06974922120571136,3.8925085067749023,-164.586181640625,0.08664079010486603
1782999930.746635,0.0,0.0,10.0,-0.6965840458869934,52.65101623535156,0.06974922120571136,3.8925085067749023,-164.586181640625,0.08664079010486603
1782999930.752588,0.0,0.0,10.0,-0.6965840458869934,52.65101623535156,0.06974922120571136,3.8925085067749023,-164.586181640625,0.08664079010486603
1782999930.758626,0.0,0.0,10.0,-0.6967061161994934,52.650997161865234,0.06903795897960663,3.8925085067749023,-164.586181640625,0.08664079010486603
1782999930.765678,0.0,0.0,10.0,-0.6967061161994934,52.650997161865234,0.06903795897960663,3.8925085067749023,-164.586181640625,0.08664079010486603
1782999930.779531,0.0,0.0,10.0,-0.6967061161994934,52.650997161865234,0.06903795897960663,3.8925085067749023,-164.586181640625,0.08664079010486603
1782999930.786937,0.0,0.0,10.0,-0.6967061161994934,52.650997161865234,0.06903795897960663,3.8925085067749023,-164.586181640625,0.08664079010486603
1782999930.79355,0.0,0.0,10.0,-0.6967061161994934,52.650997161865234,0.06903795897960663,3.8925085067749023,-164.586181640625,0.08664079010486603
1782999930.799399,0.0,0.0,10.0,-0.6967061161994934,52.650997161865234,0.06903795897960663,3.8925085067749023,-164.586181640625,0.08664079010486603
1782999930.805656,0.0,0.0,10.0,-0.6967061161994934,52.650997161865234,0.06903795897960663,3.8925085067749023,-164.586181640625,0.08664079010486603
1782999930.812823,0.0,0.0,10.0,-0.6960538625717163,52.651058197021484,0.06905537843704224,3.8925085067749023,-164.586181640625,0.08664079010486603
1782999930.818583,0.0,0.0,10.0,-0.6960538625717163,52.651058197021484,0.06905537843704224,3.8925085067749023,-164.586181640625,0.08664079010486603
1782999930.833229,0.0,0.0,10.0,-0.6960538625717163,52.651058197021484,0.06905537843704224,3.8925085067749023,-164.586181640625,0.08664079010486603
1782999930.838864,0.0,0.0,10.0,-0.6960538625717163,52.651058197021484,0.06905537843704224,3.89559006690979,-164.608154296875,0.08770804107189178
1782999930.844789,0.0,0.0,10.0,-0.6960538625717163,52.651058197021484,0.06905537843704224,3.89559006690979,-164.608154296875,0.08770804107189178
1782999930.850427,0.0,0.0,10.0,-0.6960538625717163,52.651058197021484,0.06905537843704224,3.89559006690979,-164.608154296875,0.08770804107189178
1782999930.856283,0.0,0.0,10.0,-0.6960538625717163,52.651058197021484,0.06905537843704224,3.89559006690979,-164.608154296875,0.08770804107189178
1782999930.862506,0.0,0.0,10.0,-0.6963356137275696,52.64952087402344,0.0692858174443245,3.89559006690979,-164.608154296875,0.08770804107189178
1782999930.868453,0.0,0.0,10.0,-0.6963356137275696,52.64952087402344,0.0692858174443245,3.89559006690979,-164.608154296875,0.08770804107189178
1782999930.88253,0.0,0.0,10.0,-0.6963356137275696,52.64952087402344,0.0692858174443245,3.89559006690979,-164.608154296875,0.08770804107189178
1782999930.888672,0.0,0.0,10.0,-0.6963356137275696,52.64952087402344,0.0692858174443245,3.89559006690979,-164.608154296875,0.08770804107189178
1782999930.894883,0.0,0.0,10.0,-0.6963356137275696,52.64952087402344,0.0692858174443245,3.89559006690979,-164.608154296875,0.08770804107189178
1782999930.900418,0.0,0.0,10.0,-0.6963356137275696,52.64952087402344,0.0692858174443245,3.89559006690979,-164.608154296875,0.08770804107189178
1782999930.906449,0.0,0.0,10.0,-0.6966701149940491,52.6494255065918,0.06894741207361221,3.89559006690979,-164.608154296875,0.08770804107189178
1782999930.912963,0.0,0.0,10.0,-0.6966701149940491,52.6494255065918,0.06894741207361221,3.89559006690979,-164.608154296875,0.08770804107189178
1782999930.91995,0.0,0.0,10.0,-0.6966701149940491,52.6494255065918,0.06894741207361221,3.89559006690979,-164.608154296875,0.08770804107189178
1782999930.93318,0.0,0.0,10.0,-0.6966701149940491,52.6494255065918,0.06894741207361221,3.89559006690979,-164.608154296875,0.08770804107189178
1782999930.940072,0.0,0.0,10.0,-0.6966701149940491,52.6494255065918,0.06894741207361221,3.89559006690979,-164.608154296875,0.08770804107189178
1782999930.946155,0.0,0.0,10.0,-0.6966701149940491,52.6494255065918,0.06894741207361221,3.863492012023926,-164.542236328125,0.08804696798324585
1782999930.95218,0.0,0.0,10.0,-0.6966701149940491,52.6494255065918,0.06894741207361221,3.863492012023926,-164.542236328125,0.08804696798324585
1782999930.959411,0.0,0.0,10.0,-0.6966701149940491,52.6494255065918,0.06894741207361221,3.863492012023926,-164.542236328125,0.08804696798324585
1782999930.965055,0.0,0.0,10.0,-0.6957563161849976,52.647560119628906,0.06863390654325485,3.863492012023926,-164.542236328125,0.08804696798324585
1782999930.970564,0.0,0.0,10.0,-0.6957563161849976,52.647560119628906,0.06863390654325485,3.863492012023926,-164.542236328125,0.08804696798324585
1782999930.990582,0.0,0.0,10.0,-0.6957563161849976,52.647560119628906,0.06863390654325485,3.863492012023926,-164.542236328125,0.08804696798324585
1782999930.998324,0.0,0.0,10.0,-0.6957563161849976,52.647560119628906,0.06863390654325485,3.863492012023926,-164.542236328125,0.08804696798324585
1782999931.003991,0.0,0.0,10.0,-0.6957563161849976,52.647560119628906,0.06863390654325485,3.863492012023926,-164.542236328125,0.08804696798324585
1782999931.009932,0.0,0.0,10.0,-0.6949724555015564,52.645755767822266,0.06898905336856842,3.863492012023926,-164.542236328125,0.08804696798324585
1782999931.015905,0.0,0.0,10.0,-0.6949724555015564,52.645755767822266,0.06898905336856842,3.863492012023926,-164.542236328125,0.08804696798324585
1782999931.02212,0.0,0.0,10.0,-0.6949724555015564,52.645755767822266,0.06898905336856842,3.863492012023926,-164.542236328125,0.08804696798324585
1782999931.028236,0.0,0.0,10.0,-0.6949724555015564,52.645755767822266,0.06898905336856842,3.863492012023926,-164.542236328125,0.08804696798324585
1782999931.045058,0.0,0.0,10.0,-0.6949724555015564,52.645755767822266,0.06898905336856842,3.863492012023926,-164.542236328125,0.08804696798324585
1782999931.051834,0.0,0.0,10.0,-0.6949724555015564,52.645755767822266,0.06898905336856842,3.790956974029541,-164.344482421875,0.08921463787555695
1782999931.057994,0.0,0.0,10.0,-0.6949253678321838,52.64453887939453,0.06833632290363312,3.790956974029541,-164.344482421875,0.08921463787555695
1782999931.063458,0.0,0.0,10.0,-0.6949253678321838,52.64453887939453,0.06833632290363312,3.790956974029541,-164.344482421875,0.08921463787555695
1782999931.068963,0.0,0.0,10.0,-0.6949253678321838,52.64453887939453,0.06833632290363312,3.790956974029541,-164.344482421875,0.08921463787555695
1782999931.075786,0.0,0.0,10.0,-0.6949253678321838,52.64453887939453,0.06833632290363312,3.790956974029541,-164.344482421875,0.08921463787555695
1782999931.082323,0.0,0.0,10.0,-0.6949253678321838,52.64453887939453,0.06833632290363312,3.790956974029541,-164.344482421875,0.08921463787555695
1782999931.091799,0.0,0.0,10.0,-0.6949253678321838,52.64453887939453,0.06833632290363312,3.790956974029541,-164.344482421875,0.08921463787555695
1782999931.099029,0.0,0.0,10.0,-0.6949253678321838,52.64453887939453,0.06833632290363312,3.790956974029541,-164.344482421875,0.08921463787555695
1782999931.104831,0.0,0.0,10.0,-0.6949253678321838,52.64453887939453,0.06833632290363312,3.790956974029541,-164.344482421875,0.08921463787555695
1782999931.110784,0.0,0.0,10.0,-0.6951917409896851,52.64356231689453,0.06732722371816635,3.790956974029541,-164.344482421875,0.08921463787555695
1782999931.116804,0.0,0.0,10.0,-0.6951917409896851,52.64356231689453,0.06732722371816635,3.790956974029541,-164.344482421875,0.08921463787555695
1782999931.122889,0.0,0.0,10.0,-0.6951917409896851,52.64356231689453,0.06732722371816635,3.790956974029541,-164.344482421875,0.08921463787555695
1782999931.128771,0.0,0.0,10.0,-0.6951917409896851,52.64356231689453,0.06732722371816635,3.790956974029541,-164.344482421875,0.08921463787555695
1782999931.148164,0.0,0.0,10.0,-0.6951917409896851,52.64356231689453,0.06732722371816635,3.790956974029541,-164.344482421875,0.08921463787555695
1782999931.154491,0.0,0.0,10.0,-0.6951917409896851,52.64356231689453,0.06732722371816635,3.713902473449707,-164.014892578125,0.08953855186700821
1782999931.161475,0.0,0.0,10.0,-0.6940552592277527,52.64183807373047,0.06680188328027725,3.713902473449707,-164.014892578125,0.08953855186700821
1782999931.167613,0.0,0.0,10.0,-0.6940552592277527,52.64183807373047,0.06680188328027725,3.713902473449707,-164.014892578125,0.08953855186700821
1782999931.172914,0.0,0.0,10.0,-0.6940552592277527,52.64183807373047,0.06680188328027725,3.713902473449707,-164.014892578125,0.08953855186700821
1782999931.178573,0.0,0.0,10.0,-0.6940552592277527,52.64183807373047,0.06680188328027725,3.713902473449707,-164.014892578125,0.08953855186700821
1782999931.194274,0.0,0.0,10.0,-0.6940552592277527,52.64183807373047,0.06680188328027725,3.713902473449707,-164.014892578125,0.08953855186700821
1782999931.200026,0.0,0.0,10.0,-0.6940552592277527,52.64183807373047,0.06680188328027725,3.713902473449707,-164.014892578125,0.08953855186700821
1782999931.20558,0.0,0.0,10.0,-0.6940552592277527,52.64183807373047,0.06680188328027725,3.713902473449707,-164.014892578125,0.08953855186700821
1782999931.211565,0.0,0.0,10.0,-0.6935343742370605,52.64142990112305,0.06657873839139938,3.713902473449707,-164.014892578125,0.08953855186700821
1782999931.21862,0.0,0.0,10.0,-0.6935343742370605,52.64142990112305,0.06657873839139938,3.713902473449707,-164.014892578125,0.08953855186700821
1782999931.224687,0.0,0.0,10.0,-0.6935343742370605,52.64142990112305,0.06657873839139938,3.713902473449707,-164.014892578125,0.08953855186700821
1782999931.230669,0.0,0.0,10.0,-0.6935343742370605,52.64142990112305,0.06657873839139938,3.713902473449707,-164.014892578125,0.08953855186700821
1782999931.240523,0.0,0.0,10.0,-0.6935343742370605,52.64142990112305,0.06657873839139938,3.6364712715148926,-163.729248046875,0.0889500081539154
1782999931.248097,0.0,0.0,10.0,-0.6935343742370605,52.64142990112305,0.06657873839139938,3.6364712715148926,-163.729248046875,0.0889500081539154
1782999931.253953,0.0,0.0,10.0,-0.6935343742370605,52.64142990112305,0.06657873839139938,3.6364712715148926,-163.729248046875,0.0889500081539154
1782999931.260349,0.0,0.0,10.0,-0.6936056017875671,52.64023208618164,0.06608504056930542,3.6364712715148926,-163.729248046875,0.0889500081539154
1782999931.265726,0.0,0.0,10.0,-0.6936056017875671,52.64023208618164,0.06608504056930542,3.6364712715148926,-163.729248046875,0.0889500081539154
1782999931.272691,0.0,0.0,10.0,-0.6936056017875671,52.64023208618164,0.06608504056930542,3.6364712715148926,-163.729248046875,0.0889500081539154
1782999931.278919,0.0,0.0,10.0,-0.6936056017875671,52.64023208618164,0.06608504056930542,3.6364712715148926,-163.729248046875,0.0889500081539154
1782999931.284592,0.0,0.0,10.0,-0.6936056017875671,52.64023208618164,0.06608504056930542,3.6364712715148926,-163.729248046875,0.0889500081539154
1782999931.294511,0.0,0.0,10.0,-0.6936056017875671,52.64023208618164,0.06608504056930542,3.6364712715148926,-163.729248046875,0.0889500081539154
1782999931.301013,0.0,0.0,10.0,-0.6936056017875671,52.64023208618164,0.06608504056930542,3.6364712715148926,-163.729248046875,0.0889500081539154
1782999931.30814,0.0,0.0,10.0,-0.6931480765342712,52.63934326171875,0.06613215059041977,3.6364712715148926,-163.729248046875,0.0889500081539154
1782999931.314133,0.0,0.0,10.0,-0.6931480765342712,52.63934326171875,0.06613215059041977,3.6364712715148926,-163.729248046875,0.0889500081539154
1782999931.320689,0.0,0.0,10.0,-0.6931480765342712,52.63934326171875,0.06613215059041977,3.6364712715148926,-163.729248046875,0.0889500081539154
1782999931.331292,0.0,0.0,10.0,-0.6931480765342712,52.63934326171875,0.06613215059041977,3.6364712715148926,-163.729248046875,0.0889500081539154
1782999931.337561,0.0,0.0,10.0,-0.6931480765342712,52.63934326171875,0.06613215059041977,3.6364712715148926,-163.729248046875,0.0889500081539154
1782999931.354827,0.0,0.0,10.0,-0.6931480765342712,52.63934326171875,0.06613215059041977,3.5595834255218506,-163.443603515625,0.09144352376461029
1782999931.360517,0.0,0.0,10.0,-0.6931480765342712,52.63934326171875,0.06613215059041977,3.5595834255218506,-163.443603515625,0.09144352376461029
1782999931.366554,0.0,0.0,10.0,-0.6928074359893799,52.638973236083984,0.0669323056936264,3.5595834255218506,-163.443603515625,0.09144352376461029
1782999931.372765,0.0,0.0,10.0,-0.6928074359893799,52.638973236083984,0.0669323056936264,3.5595834255218506,-163.443603515625,0.09144352376461029
1782999931.379185,0.0,0.0,10.0,-0.6928074359893799,52.638973236083984,0.0669323056936264,3.5595834255218506,-163.443603515625,0.09144352376461029
1782999931.385641,0.0,0.0,10.0,-0.6928074359893799,52.638973236083984,0.0669323056936264,3.5595834255218506,-163.443603515625,0.09144352376461029
1782999931.402366,0.0,0.0,10.0,-0.6928074359893799,52.638973236083984,0.0669323056936264,3.5595834255218506,-163.443603515625,0.09144352376461029
1782999931.408595,0.0,0.0,10.0,-0.6926993727684021,52.639549255371094,0.06669625639915466,3.5595834255218506,-163.443603515625,0.09144352376461029
1782999931.414378,0.0,0.0,10.0,-0.6926993727684021,52.639549255371094,0.06669625639915466,3.5595834255218506,-163.443603515625,0.09144352376461029
1782999931.419714,0.0,0.0,10.0,-0.6926993727684021,52.639549255371094,0.06669625639915466,3.5595834255218506,-163.443603515625,0.09144352376461029
1782999931.425498,0.0,0.0,10.0,-0.6926993727684021,52.639549255371094,0.06669625639915466,3.5595834255218506,-163.443603515625,0.09144352376461029
1782999931.432218,0.0,0.0,10.0,-0.6926993727684021,52.639549255371094,0.06669625639915466,3.5595834255218506,-163.443603515625,0.09144352376461029
1782999931.438109,0.0,0.0,10.0,-0.6926993727684021,52.639549255371094,0.06669625639915466,3.483428478240967,-163.179931640625,0.09199907630681992
1782999931.44953,0.0,0.0,10.0,-0.6926993727684021,52.639549255371094,0.06669625639915466,3.483428478240967,-163.179931640625,0.09199907630681992
1782999931.455126,0.0,0.0,10.0,-0.692754328250885,52.638999938964844,0.06700748950242996,3.483428478240967,-163.179931640625,0.09199907630681992
1782999931.461101,0.0,0.0,10.0,-0.692754328250885,52.638999938964844,0.06700748950242996,3.483428478240967,-163.179931640625,0.09199907630681992
1782999931.466605,0.0,0.0,10.0,-0.692754328250885,52.638999938964844,0.06700748950242996,3.483428478240967,-163.179931640625,0.09199907630681992
1782999931.473021,0.0,0.0,10.0,-0.692754328250885,52.638999938964844,0.06700748950242996,3.483428478240967,-163.179931640625,0.09199907630681992
1782999931.479195,0.0,0.0,10.0,-0.692754328250885,52.638999938964844,0.06700748950242996,3.483428478240967,-163.179931640625,0.09199907630681992
1782999931.484719,0.0,0.0,10.0,-0.692754328250885,52.638999938964844,0.06700748950242996,3.483428478240967,-163.179931640625,0.09199907630681992
1782999931.492779,0.0,0.0,10.0,-0.692754328250885,52.638999938964844,0.06700748950242996,3.483428478240967,-163.179931640625,0.09199907630681992
1782999931.501565,0.0,0.0,10.0,-0.692754328250885,52.638999938964844,0.06700748950242996,3.483428478240967,-163.179931640625,0.09199907630681992
1782999931.508067,0.0,0.0,10.0,-0.6929840445518494,52.63813781738281,0.06642197072505951,3.483428478240967,-163.179931640625,0.09199907630681992
1782999931.513871,0.0,0.0,10.0,-0.6929840445518494,52.63813781738281,0.06642197072505951,3.483428478240967,-163.179931640625,0.09199907630681992
1782999931.519781,0.0,0.0,10.0,-0.6929840445518494,52.63813781738281,0.06642197072505951,3.483428478240967,-163.179931640625,0.09199907630681992
1782999931.525645,0.0,0.0,10.0,-0.6929840445518494,52.63813781738281,0.06642197072505951,3.483428478240967,-163.179931640625,0.09199907630681992
1782999931.532423,0.0,0.0,10.0,-0.6929840445518494,52.63813781738281,0.06642197072505951,3.483428478240967,-163.179931640625,0.09199907630681992
1782999931.538622,0.0,0.0,10.0,-0.6929840445518494,52.63813781738281,0.06642197072505951,3.406184673309326,-162.806396484375,0.09261656552553177
1782999931.544683,0.0,0.0,10.0,-0.6929840445518494,52.63813781738281,0.06642197072505951,3.406184673309326,-162.806396484375,0.09261656552553177
1782999931.554581,0.0,0.0,10.0,-0.6929840445518494,52.63813781738281,0.06642197072505951,3.406184673309326,-162.806396484375,0.09261656552553177
1782999931.560728,0.0,0.0,10.0,-0.6932124495506287,52.63767623901367,0.06695936620235443,3.406184673309326,-162.806396484375,0.09261656552553177
1782999931.566287,0.0,0.0,10.0,-0.6932124495506287,52.63767623901367,0.06695936620235443,3.406184673309326,-162.806396484375,0.09261656552553177
1782999931.572922,0.0,0.0,10.0,-0.6932124495506287,52.63767623901367,0.06695936620235443,3.406184673309326,-162.806396484375,0.09261656552553177
1782999931.579451,0.0,0.0,10.0,-0.6932124495506287,52.63767623901367,0.06695936620235443,3.406184673309326,-162.806396484375,0.09261656552553177
1782999931.584793,0.0,0.0,10.0,-0.6932124495506287,52.63767623901367,0.06695936620235443,3.406184673309326,-162.806396484375,0.09261656552553177
1782999931.590781,0.0,0.0,10.0,-0.6932124495506287,52.63767623901367,0.06695936620235443,3.406184673309326,-162.806396484375,0.09261656552553177
1782999931.598632,0.0,0.0,10.0,-0.6932124495506287,52.63767623901367,0.06695936620235443,3.406184673309326,-162.806396484375,0.09261656552553177
1782999931.607606,0.0,0.0,10.0,-0.6932124495506287,52.63767623901367,0.06695936620235443,3.406184673309326,-162.806396484375,0.09261656552553177
1782999931.623459,0.0,0.0,10.0,-0.6924876570701599,52.637916564941406,0.0675443485379219,3.406184673309326,-162.806396484375,0.09261656552553177
1782999931.649004,0.0,0.0,10.0,-0.6924876570701599,52.637916564941406,0.0675443485379219,3.406184673309326,-162.806396484375,0.09261656552553177
1782999931.654753,0.0,0.0,10.0,-0.6924876570701599,52.637916564941406,0.0675443485379219,3.3300814628601074,-162.586669921875,0.09305095672607422
1782999931.660112,0.0,0.0,10.0,-0.6924876570701599,52.637916564941406,0.0675443485379219,3.3300814628601074,-162.586669921875,0.09305095672607422
1782999931.665831,0.0,0.0,10.0,-0.6930776834487915,52.63690948486328,0.06716087460517883,3.3300814628601074,-162.586669921875,0.09305095672607422
1782999931.675144,0.0,0.0,10.0,-0.6930776834487915,52.63690948486328,0.06716087460517883,3.3300814628601074,-162.586669921875,0.09305095672607422
1782999931.682169,0.0,0.0,10.0,-0.6930776834487915,52.63690948486328,0.06716087460517883,3.3300814628601074,-162.586669921875,0.09305095672607422
1782999931.689589,0.0,0.0,10.0,-0.6930776834487915,52.63690948486328,0.06716087460517883,3.3300814628601074,-162.586669921875,0.09305095672607422
1782999931.696627,0.0,0.0,10.0,-0.6930776834487915,52.63690948486328,0.06716087460517883,3.3300814628601074,-162.586669921875,0.09305095672607422
1782999931.70327,0.0,0.0,10.0,-0.6930776834487915,52.63690948486328,0.06716087460517883,3.3300814628601074,-162.586669921875,0.09305095672607422
1782999931.717476,0.0,0.0,10.0,-0.6930776834487915,52.63690948486328,0.06716087460517883,3.3300814628601074,-162.586669921875,0.09305095672607422
1782999931.723811,0.0,0.0,10.0,-0.6928555369377136,52.63710403442383,0.06792310625314713,3.3300814628601074,-162.586669921875,0.09305095672607422
1782999931.729986,0.0,0.0,10.0,-0.6928555369377136,52.63710403442383,0.06792310625314713,3.3300814628601074,-162.586669921875,0.09305095672607422
1782999931.735983,0.0,0.0,10.0,-0.6928555369377136,52.63710403442383,0.06792310625314713,3.252110004425049,-162.301025390625,0.09414484351873398
1782999931.741849,0.0,0.0,10.0,-0.6928555369377136,52.63710403442383,0.06792310625314713,3.252110004425049,-162.301025390625,0.09414484351873398
1782999931.747379,0.0,0.0,10.0,-0.6928555369377136,52.63710403442383,0.06792310625314713,3.252110004425049,-162.301025390625,0.09414484351873398
1782999931.753202,0.0,0.0,10.0,-0.6928555369377136,52.63710403442383,0.06792310625314713,3.252110004425049,-162.301025390625,0.09414484351873398
1782999931.769916,0.0,0.0,10.0,-0.6928555369377136,52.63710403442383,0.06792310625314713,3.252110004425049,-162.301025390625,0.09414484351873398
1782999931.775919,0.0,0.0,10.0,-0.6918855905532837,52.63662338256836,0.06781493872404099,3.252110004425049,-162.301025390625,0.09414484351873398
1782999931.782112,0.0,0.0,10.0,-0.6918855905532837,52.63662338256836,0.06781493872404099,3.252110004425049,-162.301025390625,0.09414484351873398
1782999931.788121,0.0,0.0,10.0,-0.6918855905532837,52.63662338256836,0.06781493872404099,3.252110004425049,-162.301025390625,0.09414484351873398
1782999931.794134,0.0,0.0,10.0,-0.6918855905532837,52.63662338256836,0.06781493872404099,3.252110004425049,-162.301025390625,0.09414484351873398
1782999931.799539,0.0,0.0,10.0,-0.6918855905532837,52.63662338256836,0.06781493872404099,3.252110004425049,-162.301025390625,0.09414484351873398
1782999931.806868,0.0,0.0,10.0,-0.6918855905532837,52.63662338256836,0.06781493872404099,3.252110004425049,-162.301025390625,0.09414484351873398
1782999931.820827,0.0,0.0,10.0,-0.6917765140533447,52.63677978515625,0.06701963394880295,3.252110004425049,-162.301025390625,0.09414484351873398
1782999931.827963,0.0,0.0,10.0,-0.6917765140533447,52.63677978515625,0.06701963394880295,3.252110004425049,-162.301025390625,0.09414484351873398
1782999931.83346,0.0,0.0,10.0,-0.6917765140533447,52.63677978515625,0.06701963394880295,3.252110004425049,-162.301025390625,0.09414484351873398
1782999931.839469,0.0,0.0,10.0,-0.6917765140533447,52.63677978515625,0.06701963394880295,3.173551082611084,-161.971435546875,0.09452664107084274
1782999931.845398,0.0,0.0,10.0,-0.6917765140533447,52.63677978515625,0.06701963394880295,3.173551082611084,-161.971435546875,0.09452664107084274
1782999931.85124,0.0,0.0,10.0,-0.6917765140533447,52.63677978515625,0.06701963394880295,3.173551082611084,-161.971435546875,0.09452664107084274
1782999931.856786,0.0,0.0,10.0,-0.6919156908988953,52.63717269897461,0.06750136613845825,3.173551082611084,-161.971435546875,0.09452664107084274
1782999931.873072,0.0,0.0,10.0,-0.6919156908988953,52.63717269897461,0.06750136613845825,3.173551082611084,-161.971435546875,0.09452664107084274
1782999931.879844,0.0,0.0,10.0,-0.6919156908988953,52.63717269897461,0.06750136613845825,3.173551082611084,-161.971435546875,0.09452664107084274
1782999931.887548,0.0,0.0,10.0,-0.6919156908988953,52.63717269897461,0.06750136613845825,3.173551082611084,-161.971435546875,0.09452664107084274
1782999931.893444,0.0,0.0,10.0,-0.6919156908988953,52.63717269897461,0.06750136613845825,3.173551082611084,-161.971435546875,0.09452664107084274
1782999931.899154,0.0,0.0,10.0,-0.6919156908988953,52.63717269897461,0.06750136613845825,3.173551082611084,-161.971435546875,0.09452664107084274
1782999931.906421,0.0,0.0,10.0,-0.6919156908988953,52.63717269897461,0.06750136613845825,3.173551082611084,-161.971435546875,0.09452664107084274
1782999931.924859,0.0,0.0,10.0,-0.69256192445755,52.63772964477539,0.06868130713701248,3.173551082611084,-161.971435546875,0.09452664107084274
1782999931.931467,0.0,0.0,10.0,-0.69256192445755,52.63772964477539,0.06868130713701248,3.173551082611084,-161.971435546875,0.09452664107084274
1782999931.937294,0.0,0.0,10.0,-0.69256192445755,52.63772964477539,0.06868130713701248,3.1139862537384033,-161.707763671875,0.09527746587991714
1782999931.943621,0.0,0.0,10.0,-0.69256192445755,52.63772964477539,0.06868130713701248,3.1139862537384033,-161.707763671875,0.09527746587991714
1782999931.949393,0.0,0.0,10.0,-0.69256192445755,52.63772964477539,0.06868130713701248,3.1139862537384033,-161.707763671875,0.09527746587991714
1782999931.954776,0.0,0.0,10.0,-0.69256192445755,52.63772964477539,0.06868130713701248,3.1139862537384033,-161.707763671875,0.09527746587991714
1782999931.961327,0.0,0.0,10.0,-0.693023681640625,52.63787078857422,0.0682229995727539,3.1139862537384033,-161.707763671875,0.09527746587991714
1782999931.978938,0.0,0.0,10.0,-0.693023681640625,52.63787078857422,0.0682229995727539,3.1139862537384033,-161.707763671875,0.09527746587991714
1782999931.985487,0.0,0.0,10.0,-0.693023681640625,52.63787078857422,0.0682229995727539,3.1139862537384033,-161.707763671875,0.09527746587991714
1782999931.992814,0.0,0.0,10.0,-0.693023681640625,52.63787078857422,0.0682229995727539,3.1139862537384033,-161.707763671875,0.09527746587991714
1782999931.999608,0.0,0.0,10.0,-0.693023681640625,52.63787078857422,0.0682229995727539,3.1139862537384033,-161.707763671875,0.09527746587991714
1782999932.006015,0.0,0.0,10.0,-0.693023681640625,52.63787078857422,0.0682229995727539,3.1139862537384033,-161.707763671875,0.09527746587991714
1782999932.014157,0.0,0.0,10.0,-0.6934307813644409,52.63726043701172,0.06842859834432602,3.1139862537384033,-161.707763671875,0.09527746587991714
1782999932.030062,0.0,0.0,10.0,-0.6934307813644409,52.63726043701172,0.06842859834432602,3.1139862537384033,-161.707763671875,0.09527746587991714
1782999932.036292,0.0,0.0,10.0,-0.6934307813644409,52.63726043701172,0.06842859834432602,3.1139862537384033,-161.707763671875,0.09527746587991714
1782999932.043024,0.0,0.0,10.0,-0.6934307813644409,52.63726043701172,0.06842859834432602,3.0608530044555664,-161.553955078125,0.09554033726453781
1782999932.048468,0.0,0.0,10.0,-0.6934307813644409,52.63726043701172,0.06842859834432602,3.0608530044555664,-161.553955078125,0.09554033726453781
1782999932.056251,0.0,0.0,10.0,-0.6934307813644409,52.63726043701172,0.06842859834432602,3.0608530044555664,-161.553955078125,0.09554033726453781
1782999932.06261,0.0,0.0,10.0,-0.692612886428833,52.63833999633789,0.06922614574432373,3.0608530044555664,-161.553955078125,0.09554033726453781
1782999932.084889,0.0,0.0,10.0,-0.692612886428833,52.63833999633789,0.06922614574432373,3.0608530044555664,-161.553955078125,0.09554033726453781
1782999932.093058,0.0,0.0,10.0,-0.692612886428833,52.63833999633789,0.06922614574432373,3.0608530044555664,-161.553955078125,0.09554033726453781
1782999932.098822,0.0,0.0,10.0,-0.692612886428833,52.63833999633789,0.06922614574432373,3.0608530044555664,-161.553955078125,0.09554033726453781
1782999932.104676,0.0,0.0,10.0,-0.6937361359596252,52.63853454589844,0.06823263317346573,3.0608530044555664,-161.553955078125,0.09554033726453781
1782999932.110087,0.0,0.0,10.0,-0.6937361359596252,52.63853454589844,0.06823263317346573,3.0608530044555664,-161.553955078125,0.09554033726453781
1782999932.116431,0.0,0.0,10.0,-0.6937361359596252,52.63853454589844,0.06823263317346573,3.0608530044555664,-161.553955078125,0.09554033726453781
1782999932.136092,0.0,0.0,10.0,-0.6937361359596252,52.63853454589844,0.06823263317346573,3.0608530044555664,-161.553955078125,0.09554033726453781
1782999932.145903,0.0,0.0,10.0,-0.6937361359596252,52.63853454589844,0.06823263317346573,3.0079941749572754,-161.334228515625,0.0977981835603714
1782999932.151893,0.0,0.0,10.0,-0.6937361359596252,52.63853454589844,0.06823263317346573,3.0079941749572754,-161.334228515625,0.0977981835603714
1782999932.157766,0.0,0.0,10.0,-0.6935245990753174,52.63764190673828,0.06867405027151108,3.0079941749572754,-161.334228515625,0.0977981835603714
1782999932.16463,0.0,0.0,10.0,-0.6935245990753174,52.63764190673828,0.06867405027151108,3.0079941749572754,-161.334228515625,0.0977981835603714
1782999932.186382,0.0,0.0,10.0,-0.6935245990753174,52.63764190673828,0.06867405027151108,3.0079941749572754,-161.334228515625,0.0977981835603714
1782999932.191935,0.0,0.0,10.0,-0.6935245990753174,52.63764190673828,0.06867405027151108,3.0079941749572754,-161.334228515625,0.0977981835603714
1782999932.197665,0.0,0.0,10.0,-0.6935245990753174,52.63764190673828,0.06867405027151108,3.0079941749572754,-161.334228515625,0.0977981835603714
1782999932.203726,0.0,0.0,10.0,-0.6935245990753174,52.63764190673828,0.06867405027151108,3.0079941749572754,-161.334228515625,0.0977981835603714
1782999932.209693,0.0,0.0,10.0,-0.6939630508422852,52.63709259033203,0.06858986616134644,3.0079941749572754,-161.334228515625,0.0977981835603714
1782999932.216002,0.0,0.0,10.0,-0.6939630508422852,52.63709259033203,0.06858986616134644,3.0079941749572754,-161.334228515625,0.0977981835603714
1782999932.222654,0.0,0.0,10.0,-0.6939630508422852,52.63709259033203,0.06858986616134644,3.0079941749572754,-161.334228515625,0.0977981835603714
1782999932.231879,0.0,0.0,10.0,-0.6939630508422852,52.63709259033203,0.06858986616134644,3.0079941749572754,-161.334228515625,0.0977981835603714
1782999932.237955,0.0,0.0,10.0,-0.6939630508422852,52.63709259033203,0.06858986616134644,3.0079941749572754,-161.334228515625,0.0977981835603714
1782999932.243765,0.0,0.0,10.0,-0.6939630508422852,52.63709259033203,0.06858986616134644,2.9544506072998047,-161.158447265625,0.09754560142755508
1782999932.251016,0.0,0.0,10.0,-0.6939630508422852,52.63709259033203,0.06858986616134644,2.9544506072998047,-161.158447265625,0.09754560142755508
1782999932.257083,0.0,0.0,10.0,-0.6933510303497314,52.63565444946289,0.06992825865745544,2.9544506072998047,-161.158447265625,0.09754560142755508
1782999932.263609,0.0,0.0,10.0,-0.6933510303497314,52.63565444946289,0.06992825865745544,2.9544506072998047,-161.158447265625,0.09754560142755508
1782999932.269017,0.0,0.0,10.0,-0.6933510303497314,52.63565444946289,0.06992825865745544,2.9544506072998047,-161.158447265625,0.09754560142755508
1782999932.281894,0.0,0.0,10.0,-0.6933510303497314,52.63565444946289,0.06992825865745544,2.9544506072998047,-161.158447265625,0.09754560142755508
1782999932.289187,0.0,0.0,10.0,-0.6933510303497314,52.63565444946289,0.06992825865745544,2.9544506072998047,-161.158447265625,0.09754560142755508
1782999932.294585,0.0,0.0,10.0,-0.6933510303497314,52.63565444946289,0.06992825865745544,2.9544506072998047,-161.158447265625,0.09754560142755508
1782999932.301731,0.0,0.0,10.0,-0.6933510303497314,52.63565444946289,0.06992825865745544,2.9544506072998047,-161.158447265625,0.09754560142755508
1782999932.3081,0.0,0.0,10.0,-0.6941282153129578,52.63468933105469,0.07032528519630432,2.9544506072998047,-161.158447265625,0.09754560142755508
1782999932.313666,0.0,0.0,10.0,-0.6941282153129578,52.63468933105469,0.07032528519630432,2.9544506072998047,-161.158447265625,0.09754560142755508
1782999932.31985,0.0,0.0,10.0,-0.6941282153129578,52.63468933105469,0.07032528519630432,2.9544506072998047,-161.158447265625,0.09754560142755508
1782999932.333783,0.0,0.0,10.0,-0.6941282153129578,52.63468933105469,0.07032528519630432,2.9544506072998047,-161.158447265625,0.09754560142755508
1782999932.340315,0.0,0.0,10.0,-0.6941282153129578,52.63468933105469,0.07032528519630432,2.9544506072998047,-161.158447265625,0.09754560142755508
1782999932.346806,0.0,0.0,10.0,-0.6941282153129578,52.63468933105469,0.07032528519630432,2.9005913734436035,-160.960693359375,0.09825151413679123
1782999932.352895,0.0,0.0,10.0,-0.6941282153129578,52.63468933105469,0.07032528519630432,2.9005913734436035,-160.960693359375,0.09825151413679123
1782999932.358621,0.0,0.0,10.0,-0.6921359896659851,52.6330451965332,0.06988426297903061,2.9005913734436035,-160.960693359375,0.09825151413679123
1782999932.364566,0.0,0.0,10.0,-0.6921359896659851,52.6330451965332,0.06988426297903061,2.9005913734436035,-160.960693359375,0.09825151413679123
1782999932.370526,0.0,0.0,10.0,-0.6921359896659851,52.6330451965332,0.06988426297903061,2.9005913734436035,-160.960693359375,0.09825151413679123
1782999932.382378,0.0,0.0,10.0,-0.6921359896659851,52.6330451965332,0.06988426297903061,2.9005913734436035,-160.960693359375,0.09825151413679123
1782999932.389144,0.0,0.0,10.0,-0.6921359896659851,52.6330451965332,0.06988426297903061,2.9005913734436035,-160.960693359375,0.09825151413679123
1782999932.395515,0.0,0.0,10.0,-0.6921359896659851,52.6330451965332,0.06988426297903061,2.9005913734436035,-160.960693359375,0.09825151413679123
1782999932.401664,0.0,0.0,10.0,-0.6921359896659851,52.6330451965332,0.06988426297903061,2.9005913734436035,-160.960693359375,0.09825151413679123
1782999932.407157,0.0,0.0,10.0,-0.6927462220191956,52.63201141357422,0.07036522775888443,2.9005913734436035,-160.960693359375,0.09825151413679123
1782999932.412705,0.0,0.0,10.0,-0.6927462220191956,52.63201141357422,0.07036522775888443,2.9005913734436035,-160.960693359375,0.09825151413679123
1782999932.419246,0.0,0.0,10.0,-0.6927462220191956,52.63201141357422,0.07036522775888443,2.9005913734436035,-160.960693359375,0.09825151413679123
1782999932.425299,0.0,0.0,10.0,-0.6927462220191956,52.63201141357422,0.07036522775888443,2.9005913734436035,-160.960693359375,0.09825151413679123
1782999932.447543,0.0,0.0,10.0,-0.6927462220191956,52.63201141357422,0.07036522775888443,2.9005913734436035,-160.960693359375,0.09825151413679123
1782999932.453424,0.0,0.0,10.0,-0.6927462220191956,52.63201141357422,0.07036522775888443,2.8472046852111816,-160.762939453125,0.09908498823642731
1782999932.459716,0.0,0.0,10.0,-0.6927870512008667,52.630367279052734,0.0698612704873085,2.8472046852111816,-160.762939453125,0.09908498823642731
1782999932.465573,0.0,0.0,10.0,-0.6927870512008667,52.630367279052734,0.0698612704873085,2.8472046852111816,-160.762939453125,0.09908498823642731
1782999932.471067,0.0,0.0,10.0,-0.6927870512008667,52.630367279052734,0.0698612704873085,2.8472046852111816,-160.762939453125,0.09908498823642731
1782999932.476656,0.0,0.0,10.0,-0.6927870512008667,52.630367279052734,0.0698612704873085,2.8472046852111816,-160.762939453125,0.09908498823642731
1782999932.494913,0.0,0.0,10.0,-0.6927870512008667,52.630367279052734,0.0698612704873085,2.8472046852111816,-160.762939453125,0.09908498823642731
1782999932.501759,0.0,0.0,10.0,-0.6927870512008667,52.630367279052734,0.0698612704873085,2.8472046852111816,-160.762939453125,0.09908498823642731
1782999932.508772,0.0,0.0,10.0,-0.6939307451248169,52.6284294128418,0.07049854844808578,2.8472046852111816,-160.762939453125,0.09908498823642731
1782999932.514301,0.0,0.0,10.0,-0.6939307451248169,52.6284294128418,0.07049854844808578,2.8472046852111816,-160.762939453125,0.09908498823642731
1782999932.520459,0.0,0.0,10.0,-0.6939307451248169,52.6284294128418,0.07049854844808578,2.8472046852111816,-160.762939453125,0.09908498823642731
1782999932.526903,0.0,0.0,10.0,-0.6939307451248169,52.6284294128418,0.07049854844808578,2.8472046852111816,-160.762939453125,0.09908498823642731
1782999932.532748,0.0,0.0,10.0,-0.6939307451248169,52.6284294128418,0.07049854844808578,2.8472046852111816,-160.762939453125,0.09908498823642731
1782999932.539651,0.0,0.0,10.0,-0.6939307451248169,52.6284294128418,0.07049854844808578,2.8472046852111816,-160.762939453125,0.09908498823642731
1782999932.545542,0.0,0.0,10.0,-0.6939307451248169,52.6284294128418,0.07049854844808578,2.7939839363098145,-160.609130859375,0.1001247763633728
1782999932.551058,0.0,0.0,10.0,-0.6939307451248169,52.6284294128418,0.07049854844808578,2.7939839363098145,-160.609130859375,0.1001247763633728
1782999932.55709,0.0,0.0,10.0,-0.6926865577697754,52.628780364990234,0.06954912096261978,2.7939839363098145,-160.609130859375,0.1001247763633728
1782999932.562626,0.0,0.0,10.0,-0.6926865577697754,52.628780364990234,0.06954912096261978,2.7939839363098145,-160.609130859375,0.1001247763633728
1782999932.569157,0.0,0.0,10.0,-0.6926865577697754,52.628780364990234,0.06954912096261978,2.7939839363098145,-160.609130859375,0.1001247763633728
1782999932.574756,0.0,0.0,10.0,-0.6926865577697754,52.628780364990234,0.06954912096261978,2.7939839363098145,-160.609130859375,0.1001247763633728
1782999932.580712,0.0,0.0,10.0,-0.6926865577697754,52.628780364990234,0.06954912096261978,2.7939839363098145,-160.609130859375,0.1001247763633728
1782999932.597664,0.0,0.0,10.0,-0.6926865577697754,52.628780364990234,0.06954912096261978,2.7939839363098145,-160.609130859375,0.1001247763633728
1782999932.603713,0.0,0.0,10.0,-0.6926865577697754,52.628780364990234,0.06954912096261978,2.7939839363098145,-160.609130859375,0.1001247763633728
1782999932.610682,0.0,0.0,10.0,-0.6928128004074097,52.62839889526367,0.0700550526380539,2.7939839363098145,-160.609130859375,0.1001247763633728
1782999932.616058,0.0,0.0,10.0,-0.6928128004074097,52.62839889526367,0.0700550526380539,2.7939839363098145,-160.609130859375,0.1001247763633728
1782999932.621898,0.0,0.0,10.0,-0.6928128004074097,52.62839889526367,0.0700550526380539,2.7939839363098145,-160.609130859375,0.1001247763633728
1782999932.627263,0.0,0.0,10.0,-0.6928128004074097,52.62839889526367,0.0700550526380539,2.7939839363098145,-160.609130859375,0.1001247763633728
1782999932.632783,0.0,0.0,10.0,-0.6928128004074097,52.62839889526367,0.0700550526380539,2.7939839363098145,-160.609130859375,0.1001247763633728
1782999932.644398,0.0,0.0,10.0,-0.6928128004074097,52.62839889526367,0.0700550526380539,2.7939839363098145,-160.609130859375,0.1001247763633728
1782999932.650623,0.0,0.0,10.0,-0.6928128004074097,52.62839889526367,0.0700550526380539,2.7409515380859375,-160.411376953125,0.10108654201030731
1782999932.657008,0.0,0.0,10.0,-0.6938350200653076,52.62968826293945,0.07054506987333298,2.7409515380859375,-160.411376953125,0.10108654201030731
1782999932.662731,0.0,0.0,10.0,-0.6938350200653076,52.62968826293945,0.07054506987333298,2.7409515380859375,-160.411376953125,0.10108654201030731
1782999932.669844,0.0,0.0,10.0,-0.6938350200653076,52.62968826293945,0.07054506987333298,2.7409515380859375,-160.411376953125,0.10108654201030731
1782999932.675685,0.0,0.0,10.0,-0.6938350200653076,52.62968826293945,0.07054506987333298,2.7409515380859375,-160.411376953125,0.10108654201030731
1782999932.682661,0.0,0.0,10.0,-0.6938350200653076,52.62968826293945,0.07054506987333298,2.7409515380859375,-160.411376953125,0.10108654201030731
1782999932.697951,0.0,0.0,10.0,-0.6938350200653076,52.62968826293945,0.07054506987333298,2.7409515380859375,-160.411376953125,0.10108654201030731
1782999932.703518,0.0,0.0,10.0,-0.6938350200653076,52.62968826293945,0.07054506987333298,2.7409515380859375,-160.411376953125,0.10108654201030731
1782999932.709337,0.0,0.0,10.0,-0.6947868466377258,52.63019561767578,0.07050292938947678,2.7409515380859375,-160.411376953125,0.10108654201030731
1782999932.715576,0.0,0.0,10.0,-0.6947868466377258,52.63019561767578,0.07050292938947678,2.7409515380859375,-160.411376953125,0.10108654201030731
1782999932.721921,0.0,0.0,10.0,-0.6947868466377258,52.63019561767578,0.07050292938947678,2.7409515380859375,-160.411376953125,0.10108654201030731
1782999932.727469,0.0,0.0,10.0,-0.6947868466377258,52.63019561767578,0.07050292938947678,2.7409515380859375,-160.411376953125,0.10108654201030731
1782999932.73294,0.0,0.0,10.0,-0.6947868466377258,52.63019561767578,0.07050292938947678,2.7409515380859375,-160.411376953125,0.10108654201030731
1782999932.749653,0.0,0.0,10.0,-0.6947868466377258,52.63019561767578,0.07050292938947678,2.7409515380859375,-160.411376953125,0.10108654201030731
1782999932.762686,0.0,0.0,10.0,-0.6947868466377258,52.63019561767578,0.07050292938947678,2.6878676414489746,-160.191650390625,0.10137046873569489
1782999932.788387,0.0,0.0,10.0,-0.693586528301239,52.63191223144531,0.07020535320043564,2.6878676414489746,-160.191650390625,0.10137046873569489
1782999932.79461,0.0,0.0,10.0,-0.693586528301239,52.63191223144531,0.07020535320043564,2.6878676414489746,-160.191650390625,0.10137046873569489
1782999932.800209,0.0,0.0,10.0,-0.693586528301239,52.63191223144531,0.07020535320043564,2.6878676414489746,-160.191650390625,0.10137046873569489
1782999932.806831,0.0,0.0,10.0,-0.694493293762207,52.6334114074707,0.0695115402340889,2.6878676414489746,-160.191650390625,0.10137046873569489
1782999932.813332,0.0,0.0,10.0,-0.694493293762207,52.6334114074707,0.0695115402340889,2.6878676414489746,-160.191650390625,0.10137046873569489
1782999932.827531,0.0,0.0,10.0,-0.694493293762207,52.6334114074707,0.0695115402340889,2.6878676414489746,-160.191650390625,0.10137046873569489
1782999932.833813,0.0,0.0,10.0,-0.694493293762207,52.6334114074707,0.0695115402340889,2.6878676414489746,-160.191650390625,0.10137046873569489
1782999932.839317,0.0,0.0,10.0,-0.694493293762207,52.6334114074707,0.0695115402340889,2.6878676414489746,-160.191650390625,0.10137046873569489
1782999932.855772,0.0,0.0,10.0,-0.694493293762207,52.6334114074707,0.0695115402340889,2.6878676414489746,-160.191650390625,0.10137046873569489
1782999932.862277,0.0,0.0,10.0,-0.6946055293083191,52.634029388427734,0.06861115992069244,2.6347169876098633,-160.059814453125,0.10220277309417725
1782999932.867959,0.0,0.0,10.0,-0.6946055293083191,52.634029388427734,0.06861115992069244,2.6347169876098633,-160.059814453125,0.10220277309417725
1782999932.873485,0.0,0.0,10.0,-0.6946055293083191,52.634029388427734,0.06861115992069244,2.6347169876098633,-160.059814453125,0.10220277309417725
1782999932.880477,0.0,0.0,10.0,-0.6946055293083191,52.634029388427734,0.06861115992069244,2.6347169876098633,-160.059814453125,0.10220277309417725
1782999932.886511,0.0,0.0,10.0,-0.6946055293083191,52.634029388427734,0.06861115992069244,2.6347169876098633,-160.059814453125,0.10220277309417725
1782999932.892584,0.0,0.0,10.0,-0.6946055293083191,52.634029388427734,0.06861115992069244,2.6347169876098633,-160.059814453125,0.10220277309417725
1782999932.903021,0.0,0.0,10.0,-0.6946055293083191,52.634029388427734,0.06861115992069244,2.6347169876098633,-160.059814453125,0.10220277309417725
1782999932.909055,0.0,0.0,10.0,-0.6954880356788635,52.63484191894531,0.0685943067073822,2.6347169876098633,-160.059814453125,0.10220277309417725
1782999932.916186,0.0,0.0,10.0,-0.6954880356788635,52.63484191894531,0.0685943067073822,2.6347169876098633,-160.059814453125,0.10220277309417725
1782999932.922745,0.0,0.0,10.0,-0.6954880356788635,52.63484191894531,0.0685943067073822,2.6347169876098633,-160.059814453125,0.10220277309417725
1782999932.929959,0.0,0.0,10.0,-0.6954880356788635,52.63484191894531,0.0685943067073822,2.6347169876098633,-160.059814453125,0.10220277309417725
1782999932.93551,0.0,0.0,10.0,-0.6954880356788635,52.63484191894531,0.0685943067073822,2.6347169876098633,-160.059814453125,0.10220277309417725
1782999932.942495,0.0,0.0,10.0,-0.6954880356788635,52.63484191894531,0.0685943067073822,2.6347169876098633,-160.059814453125,0.10220277309417725
1782999932.960617,0.0,0.0,10.0,-0.6954880356788635,52.63484191894531,0.0685943067073822,2.590265989303589,-159.840087890625,0.10267597436904907
1782999932.966872,0.0,0.0,10.0,-0.6959918141365051,52.63671875,0.06760872155427933,2.590265989303589,-159.840087890625,0.10267597436904907
1782999932.972547,0.0,0.0,10.0,-0.6959918141365051,52.63671875,0.06760872155427933,2.590265989303589,-159.840087890625,0.10267597436904907
1782999932.97875,0.0,0.0,10.0,-0.6959918141365051,52.63671875,0.06760872155427933,2.590265989303589,-159.840087890625,0.10267597436904907
1782999932.984505,0.0,0.0,10.0,-0.6959918141365051,52.63671875,0.06760872155427933,2.590265989303589,-159.840087890625,0.10267597436904907
1782999932.992724,0.0,0.0,10.0,-0.6959918141365051,52.63671875,0.06760872155427933,2.590265989303589,-159.840087890625,0.10267597436904907
1782999933.008012,0.0,0.0,10.0,-0.6959918141365051,52.63671875,0.06760872155427933,2.590265989303589,-159.840087890625,0.10267597436904907
1782999933.020656,0.0,0.0,10.0,-0.6957461833953857,52.637107849121094,0.06776156276464462,2.590265989303589,-159.840087890625,0.10267597436904907
1782999933.027987,0.0,0.0,10.0,-0.6957461833953857,52.637107849121094,0.06776156276464462,2.590265989303589,-159.840087890625,0.10267597436904907
1782999933.03393,0.0,0.0,10.0,-0.6957461833953857,52.637107849121094,0.06776156276464462,2.590265989303589,-159.840087890625,0.10267597436904907
1782999933.040909,0.0,0.0,10.0,-0.6957461833953857,52.637107849121094,0.06776156276464462,2.590265989303589,-159.840087890625,0.10267597436904907
1782999933.049197,0.0,0.0,10.0,-0.6957461833953857,52.637107849121094,0.06776156276464462,2.590265989303589,-159.840087890625,0.10267597436904907
1782999933.067824,0.0,0.0,10.0,-0.6957461833953857,52.637107849121094,0.06776156276464462,2.545595645904541,-159.664306640625,0.1031193807721138
1782999933.073791,0.0,0.0,10.0,-0.6971704959869385,52.63790512084961,0.06801561266183853,2.545595645904541,-159.664306640625,0.1031193807721138
1782999933.079875,0.0,0.0,10.0,-0.6971704959869385,52.63790512084961,0.06801561266183853,2.545595645904541,-159.664306640625,0.1031193807721138
1782999933.085638,0.0,0.0,10.0,-0.6971704959869385,52.63790512084961,0.06801561266183853,2.545595645904541,-159.664306640625,0.1031193807721138
1782999933.091904,0.0,0.0,10.0,-0.6971704959869385,52.63790512084961,0.06801561266183853,2.545595645904541,-159.664306640625,0.1031193807721138
1782999933.097958,0.0,0.0,10.0,-0.6971704959869385,52.63790512084961,0.06801561266183853,2.545595645904541,-159.664306640625,0.1031193807721138
1782999933.109485,0.0,0.0,10.0,-0.6971704959869385,52.63790512084961,0.06801561266183853,2.545595645904541,-159.664306640625,0.1031193807721138
1782999933.115614,0.0,0.0,10.0,-0.696867048740387,52.637760162353516,0.06759592145681381,2.545595645904541,-159.664306640625,0.1031193807721138
1782999933.122313,0.0,0.0,10.0,-0.696867048740387,52.637760162353516,0.06759592145681381,2.545595645904541,-159.664306640625,0.1031193807721138
1782999933.128729,0.0,0.0,10.0,-0.696867048740387,52.637760162353516,0.06759592145681381,2.545595645904541,-159.664306640625,0.1031193807721138
1782999933.134785,0.0,0.0,10.0,-0.696867048740387,52.637760162353516,0.06759592145681381,2.545595645904541,-159.664306640625,0.1031193807721138
1782999933.143385,0.0,0.0,10.0,-0.696867048740387,52.637760162353516,0.06759592145681381,2.545595645904541,-159.664306640625,0.1031193807721138
1782999933.149219,0.0,0.0,10.0,-0.696867048740387,52.637760162353516,0.06759592145681381,2.5018579959869385,-159.466552734375,0.10361437499523163
1782999933.165599,0.0,0.0,10.0,-0.696867048740387,52.637760162353516,0.06759592145681381,2.5018579959869385,-159.466552734375,0.10361437499523163
1782999933.171695,0.0,0.0,10.0,-0.6966609954833984,52.6382942199707,0.06838692724704742,2.5018579959869385,-159.466552734375,0.10361437499523163
1782999933.177174,0.0,0.0,10.0,-0.6966609954833984,52.6382942199707,0.06838692724704742,2.5018579959869385,-159.466552734375,0.10361437499523163
1782999933.182495,0.0,0.0,10.0,-0.6966609954833984,52.6382942199707,0.06838692724704742,2.5018579959869385,-159.466552734375,0.10361437499523163
1782999933.189214,0.0,0.0,10.0,-0.6966609954833984,52.6382942199707,0.06838692724704742,2.5018579959869385,-159.466552734375,0.10361437499523163
1782999933.196206,0.0,0.0,10.0,-0.6966609954833984,52.6382942199707,0.06838692724704742,2.5018579959869385,-159.466552734375,0.10361437499523163
1782999933.202832,0.0,0.0,10.0,-0.6966609954833984,52.6382942199707,0.06838692724704742,2.5018579959869385,-159.466552734375,0.10361437499523163
1782999933.216266,0.0,0.0,10.0,-0.6974340677261353,52.63795852661133,0.0677342489361763,2.5018579959869385,-159.466552734375,0.10361437499523163
1782999933.222734,0.0,0.0,10.0,-0.6974340677261353,52.63795852661133,0.0677342489361763,2.5018579959869385,-159.466552734375,0.10361437499523163
1782999933.22973,0.0,0.0,10.0,-0.6974340677261353,52.63795852661133,0.0677342489361763,2.5018579959869385,-159.466552734375,0.10361437499523163
1782999933.236742,0.0,0.0,10.0,-0.6974340677261353,52.63795852661133,0.0677342489361763,2.5018579959869385,-159.466552734375,0.10361437499523163
1782999933.242199,0.0,0.0,10.0,-0.6974340677261353,52.63795852661133,0.0677342489361763,2.5018579959869385,-159.466552734375,0.10361437499523163
1782999933.248039,0.0,0.0,10.0,-0.6974340677261353,52.63795852661133,0.0677342489361763,2.4563629627227783,-159.356689453125,0.10577637702226639
1782999933.25408,0.0,0.0,10.0,-0.6974340677261353,52.63795852661133,0.0677342489361763,2.4563629627227783,-159.356689453125,0.10577637702226639
1782999933.268496,0.0,0.0,10.0,-0.6974340677261353,52.63795852661133,0.0677342489361763,2.4563629627227783,-159.356689453125,0.10577637702226639
1782999933.274214,0.0,0.0,10.0,-0.6975274682044983,52.636539459228516,0.06692008674144745,2.4563629627227783,-159.356689453125,0.10577637702226639
1782999933.27996,0.0,0.0,10.0,-0.6975274682044983,52.636539459228516,0.06692008674144745,2.4563629627227783,-159.356689453125,0.10577637702226639
1782999933.285568,0.0,0.0,10.0,-0.6975274682044983,52.636539459228516,0.06692008674144745,2.4563629627227783,-159.356689453125,0.10577637702226639
1782999933.291091,0.0,0.0,10.0,-0.6975274682044983,52.636539459228516,0.06692008674144745,2.4563629627227783,-159.356689453125,0.10577637702226639
1782999933.297638,0.0,0.0,10.0,-0.6975274682044983,52.636539459228516,0.06692008674144745,2.4563629627227783,-159.356689453125,0.10577637702226639
1782999933.304902,0.0,0.0,10.0,-0.6975274682044983,52.636539459228516,0.06692008674144745,2.4563629627227783,-159.356689453125,0.10577637702226639
1782999933.315209,0.0,0.0,10.0,-0.6976380944252014,52.63626480102539,0.0659603402018547,2.4563629627227783,-159.356689453125,0.10577637702226639
1782999933.321294,0.0,0.0,10.0,-0.6976380944252014,52.63626480102539,0.0659603402018547,2.4563629627227783,-159.356689453125,0.10577637702226639
1782999933.326852,0.0,0.0,10.0,-0.6976380944252014,52.63626480102539,0.0659603402018547,2.4563629627227783,-159.356689453125,0.10577637702226639
1782999933.332951,0.0,0.0,10.0,-0.6976380944252014,52.63626480102539,0.0659603402018547,2.4563629627227783,-159.356689453125,0.10577637702226639
1782999933.338955,0.0,0.0,10.0,-0.6976380944252014,52.63626480102539,0.0659603402018547,2.4563629627227783,-159.356689453125,0.10577637702226639
1782999933.344509,0.0,0.0,10.0,-0.6976380944252014,52.63626480102539,0.0659603402018547,2.4563629627227783,-159.356689453125,0.10577637702226639
1782999933.35002,0.0,0.0,10.0,-0.6976380944252014,52.63626480102539,0.0659603402018547,2.4117558002471924,-159.180908203125,0.1062476709485054
1782999933.355526,0.0,0.0,10.0,-0.6976380944252014,52.63626480102539,0.0659603402018547,2.4117558002471924,-159.180908203125,0.1062476709485054
1782999933.377366,0.0,0.0,10.0,-0.6969430446624756,52.634735107421875,0.06614013016223907,2.4117558002471924,-159.180908203125,0.1062476709485054
1782999933.383182,0.0,0.0,10.0,-0.6969430446624756,52.634735107421875,0.06614013016223907,2.4117558002471924,-159.180908203125,0.1062476709485054
1782999933.389537,0.0,0.0,10.0,-0.6969430446624756,52.634735107421875,0.06614013016223907,2.4117558002471924,-159.180908203125,0.1062476709485054
1782999933.395982,0.0,0.0,10.0,-0.6969430446624756,52.634735107421875,0.06614013016223907,2.4117558002471924,-159.180908203125,0.1062476709485054
1782999933.401513,0.0,0.0,10.0,-0.6969430446624756,52.634735107421875,0.06614013016223907,2.4117558002471924,-159.180908203125,0.1062476709485054
1782999933.406894,0.0,0.0,10.0,-0.6977179050445557,52.63397979736328,0.06634833663702011,2.4117558002471924,-159.180908203125,0.1062476709485054
1782999933.424465,0.0,0.0,10.0,-0.6977179050445557,52.63397979736328,0.06634833663702011,2.4117558002471924,-159.180908203125,0.1062476709485054
1782999933.431306,0.0,0.0,10.0,-0.6977179050445557,52.63397979736328,0.06634833663702011,2.4117558002471924,-159.180908203125,0.1062476709485054
1782999933.437247,0.0,0.0,10.0,-0.6977179050445557,52.63397979736328,0.06634833663702011,2.4117558002471924,-159.180908203125,0.1062476709485054
1782999933.442785,0.0,0.0,10.0,-0.6977179050445557,52.63397979736328,0.06634833663702011,2.4117558002471924,-159.180908203125,0.1062476709485054
1782999933.450613,0.0,0.0,10.0,-0.6977179050445557,52.63397979736328,0.06634833663702011,2.4117558002471924,-159.180908203125,0.1062476709485054
1782999933.456381,0.0,0.0,10.0,-0.6971244215965271,52.63210678100586,0.06560594588518143,2.366130828857422,-159.027099609375,0.10693344473838806
1782999933.479811,0.0,0.0,10.0,-0.6971244215965271,52.63210678100586,0.06560594588518143,2.366130828857422,-159.027099609375,0.10693344473838806
1782999933.48527,0.0,0.0,10.0,-0.6971244215965271,52.63210678100586,0.06560594588518143,2.366130828857422,-159.027099609375,0.10693344473838806
1782999933.491768,0.0,0.0,10.0,-0.6971244215965271,52.63210678100586,0.06560594588518143,2.366130828857422,-159.027099609375,0.10693344473838806
1782999933.497818,0.0,0.0,10.0,-0.6971244215965271,52.63210678100586,0.06560594588518143,2.366130828857422,-159.027099609375,0.10693344473838806
1782999933.504743,0.0,0.0,10.0,-0.6971244215965271,52.63210678100586,0.06560594588518143,2.366130828857422,-159.027099609375,0.10693344473838806
1782999933.510157,0.0,0.0,10.0,-0.697126567363739,52.629356384277344,0.06629128754138947,2.366130828857422,-159.027099609375,0.10693344473838806
1782999933.528992,0.0,0.0,10.0,-0.697126567363739,52.629356384277344,0.06629128754138947,2.366130828857422,-159.027099609375,0.10693344473838806
1782999933.535625,0.0,0.0,10.0,-0.697126567363739,52.629356384277344,0.06629128754138947,2.366130828857422,-159.027099609375,0.10693344473838806
1782999933.541284,0.0,0.0,10.0,-0.697126567363739,52.629356384277344,0.06629128754138947,2.366130828857422,-159.027099609375,0.10693344473838806
1782999933.546673,0.0,0.0,10.0,-0.697126567363739,52.629356384277344,0.06629128754138947,2.366130828857422,-159.027099609375,0.10693344473838806
1782999933.553009,0.0,0.0,10.0,-0.697126567363739,52.629356384277344,0.06629128754138947,2.3215324878692627,-158.829345703125,0.10725737363100052
1782999933.559414,0.0,0.0,10.0,-0.6970377564430237,52.627601623535156,0.0672604888677597,2.3215324878692627,-158.829345703125,0.10725737363100052
1782999933.565037,0.0,0.0,10.0,-0.6970377564430237,52.627601623535156,0.0672604888677597,2.3215324878692627,-158.829345703125,0.10725737363100052
1782999933.576812,0.0,0.0,10.0,-0.6970377564430237,52.627601623535156,0.0672604888677597,2.3215324878692627,-158.829345703125,0.10725737363100052
1782999933.583333,0.0,0.0,10.0,-0.6970377564430237,52.627601623535156,0.0672604888677597,2.3215324878692627,-158.829345703125,0.10725737363100052
1782999933.589957,0.0,0.0,10.0,-0.6970377564430237,52.627601623535156,0.0672604888677597,2.3215324878692627,-158.829345703125,0.10725737363100052
1782999933.596103,0.0,0.0,10.0,-0.6970377564430237,52.627601623535156,0.0672604888677597,2.3215324878692627,-158.829345703125,0.10725737363100052
1782999933.601615,0.0,0.0,10.0,-0.6970377564430237,52.627601623535156,0.0672604888677597,2.3215324878692627,-158.829345703125,0.10725737363100052
1782999933.608603,0.0,0.0,10.0,-0.6969043016433716,52.62604522705078,0.06767161935567856,2.3215324878692627,-158.829345703125,0.10725737363100052
1782999933.61522,0.0,0.0,10.0,-0.6969043016433716,52.62604522705078,0.06767161935567856,2.3215324878692627,-158.829345703125,0.10725737363100052
1782999933.629028,0.0,0.0,10.0,-0.6969043016433716,52.62604522705078,0.06767161935567856,2.3215324878692627,-158.829345703125,0.10725737363100052
1782999933.635291,0.0,0.0,10.0,-0.6969043016433716,52.62604522705078,0.06767161935567856,2.3215324878692627,-158.829345703125,0.10725737363100052
1782999933.641381,0.0,0.0,10.0,-0.6969043016433716,52.62604522705078,0.06767161935567856,2.3215324878692627,-158.829345703125,0.10725737363100052
1782999933.647759,0.0,0.0,10.0,-0.6969043016433716,52.62604522705078,0.06767161935567856,2.3215324878692627,-158.829345703125,0.10725737363100052
1782999933.653765,0.0,0.0,10.0,-0.6969043016433716,52.62604522705078,0.06767161935567856,2.275430202484131,-158.653564453125,0.10684570670127869
1782999933.659526,0.0,0.0,10.0,-0.6954126954078674,52.62431335449219,0.06799078732728958,2.275430202484131,-158.653564453125,0.10684570670127869
1782999933.66672,0.0,0.0,10.0,-0.6954126954078674,52.62431335449219,0.06799078732728958,2.275430202484131,-158.653564453125,0.10684570670127869
1782999933.67792,0.0,0.0,10.0,-0.6954126954078674,52.62431335449219,0.06799078732728958,2.275430202484131,-158.653564453125,0.10684570670127869
1782999933.684583,0.0,0.0,10.0,-0.6954126954078674,52.62431335449219,0.06799078732728958,2.275430202484131,-158.653564453125,0.10684570670127869
1782999933.691595,0.0,0.0,10.0,-0.6954126954078674,52.62431335449219,0.06799078732728958,2.275430202484131,-158.653564453125,0.10684570670127869
1782999933.6988,0.0,0.0,10.0,-0.6954126954078674,52.62431335449219,0.06799078732728958,2.275430202484131,-158.653564453125,0.10684570670127869
1782999933.704883,0.0,0.0,10.0,-0.6940350532531738,52.622493743896484,0.06868954747915268,2.275430202484131,-158.653564453125,0.10684570670127869
1782999933.71093,0.0,0.0,10.0,-0.6940350532531738,52.622493743896484,0.06868954747915268,2.275430202484131,-158.653564453125,0.10684570670127869
1782999933.717151,0.0,0.0,10.0,-0.6940350532531738,52.622493743896484,0.06868954747915268,2.275430202484131,-158.653564453125,0.10684570670127869
1782999933.728788,0.0,0.0,10.0,-0.6940350532531738,52.622493743896484,0.06868954747915268,2.275430202484131,-158.653564453125,0.10684570670127869
1782999933.73527,0.0,0.0,10.0,-0.6940350532531738,52.622493743896484,0.06868954747915268,2.275430202484131,-158.653564453125,0.10684570670127869
1782999933.740859,0.0,0.0,10.0,-0.6940350532531738,52.622493743896484,0.06868954747915268,2.275430202484131,-158.653564453125,0.10684570670127869
1782999933.746786,0.0,0.0,10.0,-0.6940350532531738,52.622493743896484,0.06868954747915268,2.275430202484131,-158.653564453125,0.10684570670127869
1782999933.753487,0.0,0.0,10.0,-0.6940350532531738,52.622493743896484,0.06868954747915268,2.2300140857696533,-158.477783203125,0.1072550117969513
1782999933.759501,0.0,0.0,10.0,-0.6948041915893555,52.619869232177734,0.06888192147016525,2.2300140857696533,-158.477783203125,0.1072550117969513
1782999933.764993,0.0,0.0,10.0,-0.6948041915893555,52.619869232177734,0.06888192147016525,2.2300140857696533,-158.477783203125,0.1072550117969513
1782999933.77112,0.0,0.0,10.0,-0.6948041915893555,52.619869232177734,0.06888192147016525,2.2300140857696533,-158.477783203125,0.1072550117969513
1782999933.780245,0.0,0.0,10.0,-0.6948041915893555,52.619869232177734,0.06888192147016525,2.2300140857696533,-158.477783203125,0.1072550117969513
1782999933.79307,0.0,0.0,10.0,-0.6948041915893555,52.619869232177734,0.06888192147016525,2.2300140857696533,-158.477783203125,0.1072550117969513
1782999933.798829,0.0,0.0,10.0,-0.6948041915893555,52.619869232177734,0.06888192147016525,2.2300140857696533,-158.477783203125,0.1072550117969513
1782999933.818963,0.0,0.0,10.0,-0.6948041915893555,52.619869232177734,0.06888192147016525,2.2300140857696533,-158.477783203125,0.1072550117969513
1782999933.826335,0.0,0.0,10.0,-0.6948041915893555,52.619869232177734,0.06888192147016525,2.2300140857696533,-158.477783203125,0.1072550117969513
1782999933.833618,0.0,0.0,10.0,-0.6948041915893555,52.619869232177734,0.06888192147016525,2.2300140857696533,-158.477783203125,0.1072550117969513
1782999933.841744,0.0,0.0,10.0,-0.6953256130218506,52.61709213256836,0.06864058971405029,2.2300140857696533,-158.477783203125,0.1072550117969513
1782999933.847632,0.0,0.0,10.0,-0.6953256130218506,52.61709213256836,0.06864058971405029,2.2300140857696533,-158.477783203125,0.1072550117969513
1782999933.853896,0.0,0.0,10.0,-0.6953256130218506,52.61709213256836,0.06864058971405029,2.1848320960998535,-158.280029296875,0.10710837692022324
1782999933.859899,0.0,0.0,10.0,-0.6949793100357056,52.61536407470703,0.06855249404907227,2.1848320960998535,-158.280029296875,0.10710837692022324
1782999933.866566,0.0,0.0,10.0,-0.6949793100357056,52.61536407470703,0.06855249404907227,2.1848320960998535,-158.280029296875,0.10710837692022324
1782999933.872538,0.0,0.0,10.0,-0.6949793100357056,52.61536407470703,0.06855249404907227,2.1848320960998535,-158.280029296875,0.10710837692022324
1782999933.88657,0.0,0.0,10.0,-0.6949793100357056,52.61536407470703,0.06855249404907227,2.1848320960998535,-158.280029296875,0.10710837692022324
1782999933.892978,0.0,0.0,10.0,-0.6949793100357056,52.61536407470703,0.06855249404907227,2.1848320960998535,-158.280029296875,0.10710837692022324
1782999933.898978,0.0,0.0,10.0,-0.6949793100357056,52.61536407470703,0.06855249404907227,2.1848320960998535,-158.280029296875,0.10710837692022324
1782999933.90437,0.0,0.0,10.0,-0.6949793100357056,52.61536407470703,0.06855249404907227,2.1848320960998535,-158.280029296875,0.10710837692022324
1782999933.909805,0.0,0.0,10.0,-0.6947699785232544,52.6126594543457,0.06847009062767029,2.1848320960998535,-158.280029296875,0.10710837692022324
1782999933.915345,0.0,0.0,10.0,-0.6947699785232544,52.6126594543457,0.06847009062767029,2.1848320960998535,-158.280029296875,0.10710837692022324
1782999933.922675,0.0,0.0,10.0,-0.6947699785232544,52.6126594543457,0.06847009062767029,2.1848320960998535,-158.280029296875,0.10710837692022324
1782999933.929213,0.0,0.0,10.0,-0.6947699785232544,52.6126594543457,0.06847009062767029,2.1848320960998535,-158.280029296875,0.10710837692022324
1782999933.937103,0.0,0.0,10.0,-0.6947699785232544,52.6126594543457,0.06847009062767029,2.1848320960998535,-158.280029296875,0.10710837692022324
1782999933.942976,0.0,0.0,10.0,-0.6947699785232544,52.6126594543457,0.06847009062767029,2.1848320960998535,-158.280029296875,0.10710837692022324
1782999933.948877,0.0,0.0,10.0,-0.6947699785232544,52.6126594543457,0.06847009062767029,2.1848320960998535,-158.280029296875,0.10710837692022324
1782999933.955231,0.0,0.0,10.0,-0.6947699785232544,52.6126594543457,0.06847009062767029,2.1234583854675293,-158.170166015625,0.10773895680904388
1782999933.962473,0.0,0.0,10.0,-0.6945540904998779,52.61187744140625,0.06841444969177246,2.1234583854675293,-158.170166015625,0.10773895680904388
1782999933.968738,0.0,0.0,10.0,-0.6945540904998779,52.61187744140625,0.06841444969177246,2.1234583854675293,-158.170166015625,0.10773895680904388
1782999933.974623,0.0,0.0,10.0,-0.6945540904998779,52.61187744140625,0.06841444969177246,2.1234583854675293,-158.170166015625,0.10773895680904388
1782999933.981745,0.0,0.0,10.0,-0.6945540904998779,52.61187744140625,0.06841444969177246,2.1234583854675293,-158.170166015625,0.10773895680904388
1782999933.995662,0.0,0.0,10.0,-0.6945540904998779,52.61187744140625,0.06841444969177246,2.1234583854675293,-158.170166015625,0.10773895680904388
1782999934.00263,0.0,0.0,10.0,-0.6945540904998779,52.61187744140625,0.06841444969177246,2.1234583854675293,-158.170166015625,0.10773895680904388
1782999934.00814,0.0,0.0,10.0,-0.6948156952857971,52.60993194580078,0.06864243745803833,2.1234583854675293,-158.170166015625,0.10773895680904388
1782999934.013678,0.0,0.0,10.0,-0.6948156952857971,52.60993194580078,0.06864243745803833,2.1234583854675293,-158.170166015625,0.10773895680904388
1782999934.019116,0.0,0.0,10.0,-0.6948156952857971,52.60993194580078,0.06864243745803833,2.1234583854675293,-158.170166015625,0.10773895680904388
1782999934.025445,0.0,0.0,10.0,-0.6948156952857971,52.60993194580078,0.06864243745803833,2.1234583854675293,-158.170166015625,0.10773895680904388
1782999934.031067,0.0,0.0,10.0,-0.6948156952857971,52.60993194580078,0.06864243745803833,2.1234583854675293,-158.170166015625,0.10773895680904388
1782999934.051397,0.0,0.0,10.0,-0.6948156952857971,52.60993194580078,0.06864243745803833,2.1234583854675293,-158.170166015625,0.10773895680904388
1782999934.058265,0.0,0.0,10.0,-0.6948156952857971,52.60993194580078,0.06864243745803833,2.1234583854675293,-158.170166015625,0.10773895680904388
1782999934.064794,0.0,0.0,10.0,-0.6941348314285278,52.609012603759766,0.06866389513015747,2.0584278106689453,-158.016357421875,0.1073586568236351
1782999934.071418,0.0,0.0,10.0,-0.6941348314285278,52.609012603759766,0.06866389513015747,2.0584278106689453,-158.016357421875,0.1073586568236351
1782999934.078251,0.0,0.0,10.0,-0.6941348314285278,52.609012603759766,0.06866389513015747,2.0584278106689453,-158.016357421875,0.1073586568236351
1782999934.0841,0.0,0.0,10.0,-0.6941348314285278,52.609012603759766,0.06866389513015747,2.0584278106689453,-158.016357421875,0.1073586568236351
1782999934.100634,0.0,0.0,10.0,-0.6941348314285278,52.609012603759766,0.06866389513015747,2.0584278106689453,-158.016357421875,0.1073586568236351
1782999934.106198,0.0,0.0,10.0,-0.6950252056121826,52.6087760925293,0.06893891096115112,2.0584278106689453,-158.016357421875,0.1073586568236351
1782999934.112927,0.0,0.0,10.0,-0.6950252056121826,52.6087760925293,0.06893891096115112,2.0584278106689453,-158.016357421875,0.1073586568236351
1782999934.119101,0.0,0.0,10.0,-0.6950252056121826,52.6087760925293,0.06893891096115112,2.0584278106689453,-158.016357421875,0.1073586568236351
1782999934.125038,0.0,0.0,10.0,-0.6950252056121826,52.6087760925293,0.06893891096115112,2.0584278106689453,-158.016357421875,0.1073586568236351
1782999934.13037,0.0,0.0,10.0,-0.6950252056121826,52.6087760925293,0.06893891096115112,2.0584278106689453,-158.016357421875,0.1073586568236351
1782999934.149989,0.0,0.0,10.0,-0.6950252056121826,52.6087760925293,0.06893891096115112,2.0584278106689453,-158.016357421875,0.1073586568236351
1782999934.155946,0.0,0.0,10.0,-0.6950252056121826,52.6087760925293,0.06893891096115112,2.0584278106689453,-158.016357421875,0.1073586568236351
1782999934.162147,0.0,0.0,10.0,-0.6949687600135803,52.607666015625,0.0688367709517479,1.993152141571045,-157.928466796875,0.10816366970539093
1782999934.168222,0.0,0.0,10.0,-0.6949687600135803,52.607666015625,0.0688367709517479,1.993152141571045,-157.928466796875,0.10816366970539093
1782999934.174761,0.0,0.0,10.0,-0.6949687600135803,52.607666015625,0.0688367709517479,1.993152141571045,-157.928466796875,0.10816366970539093
1782999934.181081,0.0,0.0,10.0,-0.6949687600135803,52.607666015625,0.0688367709517479,1.993152141571045,-157.928466796875,0.10816366970539093
1782999934.187183,0.0,0.0,10.0,-0.6949687600135803,52.607666015625,0.0688367709517479,1.993152141571045,-157.928466796875,0.10816366970539093
1782999934.198275,0.0,0.0,10.0,-0.6949687600135803,52.607666015625,0.0688367709517479,1.993152141571045,-157.928466796875,0.10816366970539093
1782999934.205332,0.0,0.0,10.0,-0.6949687600135803,52.607666015625,0.0688367709517479,1.993152141571045,-157.928466796875,0.10816366970539093
1782999934.212092,0.0,0.0,10.0,-0.6958982944488525,52.60789489746094,0.06728379428386688,1.993152141571045,-157.928466796875,0.10816366970539093
1782999934.218147,0.0,0.0,10.0,-0.6958982944488525,52.60789489746094,0.06728379428386688,1.993152141571045,-157.928466796875,0.10816366970539093
1782999934.224229,0.0,0.0,10.0,-0.6958982944488525,52.60789489746094,0.06728379428386688,1.993152141571045,-157.928466796875,0.10816366970539093
1782999934.230306,0.0,0.0,10.0,-0.6958982944488525,52.60789489746094,0.06728379428386688,1.993152141571045,-157.928466796875,0.10816366970539093
1782999934.235766,0.0,0.0,10.0,-0.6958982944488525,52.60789489746094,0.06728379428386688,1.993152141571045,-157.928466796875,0.10816366970539093
1782999934.247162,0.0,0.0,10.0,-0.6958982944488525,52.60789489746094,0.06728379428386688,1.993152141571045,-157.928466796875,0.10816366970539093
1782999934.25445,0.0,0.0,10.0,-0.6958982944488525,52.60789489746094,0.06728379428386688,1.993152141571045,-157.928466796875,0.10816366970539093
1782999934.259932,0.0,0.0,10.0,-0.6960144639015198,52.60900115966797,0.06755934655666351,1.9410173892974854,-157.774658203125,0.10528659075498581
1782999934.265705,0.0,0.0,10.0,-0.6960144639015198,52.60900115966797,0.06755934655666351,1.9410173892974854,-157.774658203125,0.10528659075498581
1782999934.271634,0.0,0.0,10.0,-0.6960144639015198,52.60900115966797,0.06755934655666351,1.9410173892974854,-157.774658203125,0.10528659075498581
1782999934.278763,0.0,0.0,10.0,-0.6960144639015198,52.60900115966797,0.06755934655666351,1.9410173892974854,-157.774658203125,0.10528659075498581
1782999934.285,0.0,0.0,10.0,-0.6960144639015198,52.60900115966797,0.06755934655666351,1.9410173892974854,-157.774658203125,0.10528659075498581
1782999934.298587,0.0,0.0,10.0,-0.6960144639015198,52.60900115966797,0.06755934655666351,1.9410173892974854,-157.774658203125,0.10528659075498581
1782999934.304294,0.0,0.0,10.0,-0.6967383027076721,52.6103630065918,0.06720750033855438,1.9410173892974854,-157.774658203125,0.10528659075498581
1782999934.310878,0.0,0.0,10.0,-0.6967383027076721,52.6103630065918,0.06720750033855438,1.9410173892974854,-157.774658203125,0.10528659075498581
1782999934.31647,0.0,0.0,10.0,-0.6967383027076721,52.6103630065918,0.06720750033855438,1.9410173892974854,-157.774658203125,0.10528659075498581
1782999934.322555,0.0,0.0,10.0,-0.6967383027076721,52.6103630065918,0.06720750033855438,1.9410173892974854,-157.774658203125,0.10528659075498581
1782999934.328562,0.0,0.0,10.0,-0.6967383027076721,52.6103630065918,0.06720750033855438,1.9410173892974854,-157.774658203125,0.10528659075498581
1782999934.334736,0.0,0.0,10.0,-0.6967383027076721,52.6103630065918,0.06720750033855438,1.9410173892974854,-157.774658203125,0.10528659075498581
1782999934.340636,0.0,0.0,10.0,-0.6967383027076721,52.6103630065918,0.06720750033855438,1.9410173892974854,-157.774658203125,0.10528659075498581
1782999934.349397,0.0,0.0,10.0,-0.6967383027076721,52.6103630065918,0.06720750033855438,1.9410173892974854,-157.774658203125,0.10528659075498581
1782999934.355678,0.0,0.0,10.0,-0.6967383027076721,52.6103630065918,0.06720750033855438,1.9410173892974854,-157.774658203125,0.10528659075498581
1782999934.362558,0.0,0.0,10.0,-0.6976193785667419,52.610923767089844,0.0658782571554184,1.8757144212722778,-157.642822265625,0.10549187660217285
1782999934.368745,0.0,0.0,10.0,-0.6976193785667419,52.610923767089844,0.0658782571554184,1.8757144212722778,-157.642822265625,0.10549187660217285
1782999934.374476,0.0,0.0,10.0,-0.6976193785667419,52.610923767089844,0.0658782571554184,1.8757144212722778,-157.642822265625,0.10549187660217285
1782999934.380174,0.0,0.0,10.0,-0.6976193785667419,52.610923767089844,0.0658782571554184,1.8757144212722778,-157.642822265625,0.10549187660217285
1782999934.386386,0.0,0.0,10.0,-0.6976193785667419,52.610923767089844,0.0658782571554184,1.8757144212722778,-157.642822265625,0.10549187660217285
1782999934.402214,0.0,0.0,10.0,-0.6976193785667419,52.610923767089844,0.0658782571554184,1.8757144212722778,-157.642822265625,0.10549187660217285
1782999934.40862,0.0,0.0,10.0,-0.6974611878395081,52.611572265625,0.06588926911354065,1.8757144212722778,-157.642822265625,0.10549187660217285
1782999934.414338,0.0,0.0,10.0,-0.6974611878395081,52.611572265625,0.06588926911354065,1.8757144212722778,-157.642822265625,0.10549187660217285
1782999934.420202,0.0,0.0,10.0,-0.6974611878395081,52.611572265625,0.06588926911354065,1.8757144212722778,-157.642822265625,0.10549187660217285
1782999934.42604,0.0,0.0,10.0,-0.6974611878395081,52.611572265625,0.06588926911354065,1.8757144212722778,-157.642822265625,0.10549187660217285
1782999934.432644,0.0,0.0,10.0,-0.6974611878395081,52.611572265625,0.06588926911354065,1.8757144212722778,-157.642822265625,0.10549187660217285
1782999934.439901,0.0,0.0,10.0,-0.6974611878395081,52.611572265625,0.06588926911354065,1.8757144212722778,-157.642822265625,0.10549187660217285
1782999934.456898,0.0,0.0,10.0,-0.6974611878395081,52.611572265625,0.06588926911354065,1.8757144212722778,-157.642822265625,0.10549187660217285
1782999934.464074,0.0,0.0,10.0,-0.6977550387382507,52.613826751708984,0.06515312939882278,1.8120390176773071,-157.489013671875,0.10567247122526169
1782999934.470919,0.0,0.0,10.0,-0.6977550387382507,52.613826751708984,0.06515312939882278,1.8120390176773071,-157.489013671875,0.10567247122526169
1782999934.476662,0.0,0.0,10.0,-0.6977550387382507,52.613826751708984,0.06515312939882278,1.8120390176773071,-157.489013671875,0.10567247122526169
1782999934.482737,0.0,0.0,10.0,-0.6977550387382507,52.613826751708984,0.06515312939882278,1.8120390176773071,-157.489013671875,0.10567247122526169
1782999934.489312,0.0,0.0,10.0,-0.6977550387382507,52.613826751708984,0.06515312939882278,1.8120390176773071,-157.489013671875,0.10567247122526169
1782999934.495821,0.0,0.0,10.0,-0.6977550387382507,52.613826751708984,0.06515312939882278,1.8120390176773071,-157.489013671875,0.10567247122526169
1782999934.504503,0.0,0.0,10.0,-0.6977550387382507,52.613826751708984,0.06515312939882278,1.8120390176773071,-157.489013671875,0.10567247122526169
1782999934.510506,0.0,0.0,10.0,-0.698580801486969,52.61604690551758,0.06479398906230927,1.8120390176773071,-157.489013671875,0.10567247122526169
1782999934.516018,0.0,0.0,10.0,-0.698580801486969,52.61604690551758,0.06479398906230927,1.8120390176773071,-157.489013671875,0.10567247122526169
1782999934.522905,0.0,0.0,10.0,-0.698580801486969,52.61604690551758,0.06479398906230927,1.8120390176773071,-157.489013671875,0.10567247122526169
1782999934.528655,0.0,0.0,10.0,-0.698580801486969,52.61604690551758,0.06479398906230927,1.8120390176773071,-157.489013671875,0.10567247122526169
1782999934.534168,0.0,0.0,10.0,-0.698580801486969,52.61604690551758,0.06479398906230927,1.8120390176773071,-157.489013671875,0.10567247122526169
1782999934.541184,0.0,0.0,10.0,-0.698580801486969,52.61604690551758,0.06479398906230927,1.8120390176773071,-157.489013671875,0.10567247122526169
1782999934.547339,0.0,0.0,10.0,-0.698580801486969,52.61604690551758,0.06479398906230927,1.8120390176773071,-157.489013671875,0.10567247122526169
1782999934.560465,0.0,0.0,10.0,-0.698580801486969,52.61604690551758,0.06479398906230927,1.8120390176773071,-157.489013671875,0.10567247122526169
1782999934.566307,0.0,0.0,10.0,-0.6989326477050781,52.61838912963867,0.06511997431516647,1.7456215620040894,-157.401123046875,0.10538653284311295
1782999934.572154,0.0,0.0,10.0,-0.6989326477050781,52.61838912963867,0.06511997431516647,1.7456215620040894,-157.401123046875,0.10538653284311295
1782999934.577867,0.0,0.0,10.0,-0.6989326477050781,52.61838912963867,0.06511997431516647,1.7456215620040894,-157.401123046875,0.10538653284311295
1782999934.585317,0.0,0.0,10.0,-0.6989326477050781,52.61838912963867,0.06511997431516647,1.7456215620040894,-157.401123046875,0.10538653284311295
1782999934.591313,0.0,0.0,10.0,-0.6989326477050781,52.61838912963867,0.06511997431516647,1.7456215620040894,-157.401123046875,0.10538653284311295
1782999934.599127,0.0,0.0,10.0,-0.6989326477050781,52.61838912963867,0.06511997431516647,1.7456215620040894,-157.401123046875,0.10538653284311295
1782999934.608618,0.0,0.0,10.0,-0.6989326477050781,52.61838912963867,0.06511997431516647,1.7456215620040894,-157.401123046875,0.10538653284311295
1782999934.614933,0.0,0.0,10.0,-0.6997637748718262,52.620967864990234,0.06544223427772522,1.7456215620040894,-157.401123046875,0.10538653284311295
1782999934.620891,0.0,0.0,10.0,-0.6997637748718262,52.620967864990234,0.06544223427772522,1.7456215620040894,-157.401123046875,0.10538653284311295
1782999934.627724,0.0,0.0,10.0,-0.6997637748718262,52.620967864990234,0.06544223427772522,1.7456215620040894,-157.401123046875,0.10538653284311295
1782999934.633814,0.0,0.0,10.0,-0.6997637748718262,52.620967864990234,0.06544223427772522,1.7456215620040894,-157.401123046875,0.10538653284311295
1782999934.639767,0.0,0.0,10.0,-0.6997637748718262,52.620967864990234,0.06544223427772522,1.7456215620040894,-157.401123046875,0.10538653284311295
1782999934.645257,0.0,0.0,10.0,-0.6997637748718262,52.620967864990234,0.06544223427772522,1.7456215620040894,-157.401123046875,0.10538653284311295
1782999934.651362,0.0,0.0,10.0,-0.6997637748718262,52.620967864990234,0.06544223427772522,1.7456215620040894,-157.401123046875,0.10538653284311295
1782999934.661903,0.0,0.0,10.0,-0.6997637748718262,52.620967864990234,0.06544223427772522,1.7456215620040894,-157.401123046875,0.10538653284311295
1782999934.668793,0.0,0.0,10.0,-0.7001194953918457,52.622398376464844,0.0658247247338295,1.6814168691635132,-157.247314453125,0.1066940650343895
1782999934.674337,0.0,0.0,10.0,-0.7001194953918457,52.622398376464844,0.0658247247338295,1.6814168691635132,-157.247314453125,0.1066940650343895
1782999934.679825,0.0,0.0,10.0,-0.7001194953918457,52.622398376464844,0.0658247247338295,1.6814168691635132,-157.247314453125,0.1066940650343895
1782999934.685352,0.0,0.0,10.0,-0.7001194953918457,52.622398376464844,0.0658247247338295,1.6814168691635132,-157.247314453125,0.1066940650343895
1782999934.691489,0.0,0.0,10.0,-0.7001194953918457,52.622398376464844,0.0658247247338295,1.6814168691635132,-157.247314453125,0.1066940650343895
1782999934.698917,0.0,0.0,10.0,-0.7001194953918457,52.622398376464844,0.0658247247338295,1.6814168691635132,-157.247314453125,0.1066940650343895
1782999934.714569,0.0,0.0,10.0,-0.7001194953918457,52.622398376464844,0.0658247247338295,1.6814168691635132,-157.247314453125,0.1066940650343895
1782999934.720587,0.0,0.0,10.0,-0.7013049721717834,52.62383270263672,0.06643030047416687,1.6814168691635132,-157.247314453125,0.1066940650343895
1782999934.726694,0.0,0.0,10.0,-0.7013049721717834,52.62383270263672,0.06643030047416687,1.6814168691635132,-157.247314453125,0.1066940650343895
1782999934.732246,0.0,0.0,10.0,-0.7013049721717834,52.62383270263672,0.06643030047416687,1.6814168691635132,-157.247314453125,0.1066940650343895
1782999934.738701,0.0,0.0,10.0,-0.7013049721717834,52.62383270263672,0.06643030047416687,1.6814168691635132,-157.247314453125,0.1066940650343895
1782999934.744129,0.0,0.0,10.0,-0.7013049721717834,52.62383270263672,0.06643030047416687,1.6814168691635132,-157.247314453125,0.1066940650343895
1782999934.755932,0.0,0.0,10.0,-0.7013049721717834,52.62383270263672,0.06643030047416687,1.6814168691635132,-157.247314453125,0.1066940650343895
1782999934.783358,0.0,0.0,10.0,-0.7013049721717834,52.62383270263672,0.06643030047416687,1.6814168691635132,-157.247314453125,0.1066940650343895
1782999934.789002,0.0,0.0,10.0,-0.7009113430976868,52.625858306884766,0.0659036859869957,1.617056131362915,-157.137451171875,0.1068960502743721
1782999934.794544,0.0,0.0,10.0,-0.7009113430976868,52.625858306884766,0.0659036859869957,1.617056131362915,-157.137451171875,0.1068960502743721
1782999934.809124,0.0,0.0,10.0,-0.7009113430976868,52.625858306884766,0.0659036859869957,1.617056131362915,-157.137451171875,0.1068960502743721
1782999934.814791,0.0,0.0,10.0,-0.7009113430976868,52.625858306884766,0.0659036859869957,1.617056131362915,-157.137451171875,0.1068960502743721
1782999934.820394,0.0,0.0,10.0,-0.7010884881019592,52.62654495239258,0.06620299816131592,1.617056131362915,-157.137451171875,0.1068960502743721
1782999934.825903,0.0,0.0,10.0,-0.7010884881019592,52.62654495239258,0.06620299816131592,1.617056131362915,-157.137451171875,0.1068960502743721
1782999934.831899,0.0,0.0,10.0,-0.7010884881019592,52.62654495239258,0.06620299816131592,1.617056131362915,-157.137451171875,0.1068960502743721
1782999934.839162,0.0,0.0,10.0,-0.7010884881019592,52.62654495239258,0.06620299816131592,1.617056131362915,-157.137451171875,0.1068960502743721
1782999934.844947,0.0,0.0,10.0,-0.7010884881019592,52.62654495239258,0.06620299816131592,1.617056131362915,-157.137451171875,0.1068960502743721
1782999934.850941,0.0,0.0,10.0,-0.7010884881019592,52.62654495239258,0.06620299816131592,1.617056131362915,-157.137451171875,0.1068960502743721
1782999934.857303,0.0,0.0,10.0,-0.7021259665489197,52.62615966796875,0.0665644034743309,1.5515937805175781,-156.961669921875,0.10667572170495987
1782999934.862959,0.0,0.0,10.0,-0.7021259665489197,52.62615966796875,0.0665644034743309,1.5515937805175781,-156.961669921875,0.10667572170495987
1782999934.868708,0.0,0.0,10.0,-0.7021259665489197,52.62615966796875,0.0665644034743309,1.5515937805175781,-156.961669921875,0.10667572170495987
1782999934.874842,0.0,0.0,10.0,-0.7021259665489197,52.62615966796875,0.0665644034743309,1.5515937805175781,-156.961669921875,0.10667572170495987
1782999934.880885,0.0,0.0,10.0,-0.7021259665489197,52.62615966796875,0.0665644034743309,1.5515937805175781,-156.961669921875,0.10667572170495987
1782999934.893608,0.0,0.0,10.0,-0.7021259665489197,52.62615966796875,0.0665644034743309,1.5515937805175781,-156.961669921875,0.10667572170495987
1782999934.899983,0.0,0.0,10.0,-0.7021259665489197,52.62615966796875,0.0665644034743309,1.5515937805175781,-156.961669921875,0.10667572170495987
1782999934.905699,0.0,0.0,10.0,-0.7017215490341187,52.62588119506836,0.06623687595129013,1.5515937805175781,-156.961669921875,0.10667572170495987
1782999934.911059,0.0,0.0,10.0,-0.7017215490341187,52.62588119506836,0.06623687595129013,1.5515937805175781,-156.961669921875,0.10667572170495987
1782999934.916719,0.0,0.0,10.0,-0.7017215490341187,52.62588119506836,0.06623687595129013,1.5515937805175781,-156.961669921875,0.10667572170495987
1782999934.922802,0.0,0.0,10.0,-0.7017215490341187,52.62588119506836,0.06623687595129013,1.5515937805175781,-156.961669921875,0.10667572170495987
1782999934.928306,0.0,0.0,10.0,-0.7017215490341187,52.62588119506836,0.06623687595129013,1.5515937805175781,-156.961669921875,0.10667572170495987
1782999934.934974,0.0,0.0,10.0,-0.7017215490341187,52.62588119506836,0.06623687595129013,1.5515937805175781,-156.961669921875,0.10667572170495987
1782999934.942855,0.0,0.0,10.0,-0.7017215490341187,52.62588119506836,0.06623687595129013,1.5515937805175781,-156.961669921875,0.10667572170495987
1782999934.948535,0.0,0.0,10.0,-0.7017215490341187,52.62588119506836,0.06623687595129013,1.5515937805175781,-156.961669921875,0.10667572170495987
1782999934.956132,0.0,0.0,10.0,-0.7017215490341187,52.62588119506836,0.06623687595129013,1.5515937805175781,-156.961669921875,0.10667572170495987
1782999934.96262,0.0,0.0,10.0,-0.7012016177177429,52.62599182128906,0.06642137467861176,1.522532343864441,-156.895751953125,0.10765127092599869
1782999934.968201,0.0,0.0,10.0,-0.7012016177177429,52.62599182128906,0.06642137467861176,1.522532343864441,-156.895751953125,0.10765127092599869
1782999934.974201,0.0,0.0,10.0,-0.7012016177177429,52.62599182128906,0.06642137467861176,1.522532343864441,-156.895751953125,0.10765127092599869
1782999934.979633,0.0,0.0,10.0,-0.7012016177177429,52.62599182128906,0.06642137467861176,1.522532343864441,-156.895751953125,0.10765127092599869
1782999934.984941,0.0,0.0,10.0,-0.7012016177177429,52.62599182128906,0.06642137467861176,1.522532343864441,-156.895751953125,0.10765127092599869
1782999935.000436,0.0,0.0,10.0,-0.7012016177177429,52.62599182128906,0.06642137467861176,1.522532343864441,-156.895751953125,0.10765127092599869
1782999935.007892,0.0,0.0,10.0,-0.7023119330406189,52.62651062011719,0.06536096334457397,1.522532343864441,-156.895751953125,0.10765127092599869
1782999935.016883,0.0,0.0,10.0,-0.7023119330406189,52.62651062011719,0.06536096334457397,1.522532343864441,-156.895751953125,0.10765127092599869
1782999935.023032,0.0,0.0,10.0,-0.7023119330406189,52.62651062011719,0.06536096334457397,1.522532343864441,-156.895751953125,0.10765127092599869
1782999935.029304,0.0,0.0,10.0,-0.7023119330406189,52.62651062011719,0.06536096334457397,1.522532343864441,-156.895751953125,0.10765127092599869
1782999935.036223,0.0,0.0,10.0,-0.7023119330406189,52.62651062011719,0.06536096334457397,1.522532343864441,-156.895751953125,0.10765127092599869
1782999935.04773,0.0,0.0,10.0,-0.7023119330406189,52.62651062011719,0.06536096334457397,1.522532343864441,-156.895751953125,0.10765127092599869
1782999935.054352,0.0,0.0,10.0,-0.7023119330406189,52.62651062011719,0.06536096334457397,1.522532343864441,-156.895751953125,0.10765127092599869
1782999935.059877,0.0,0.0,10.0,-0.7026872634887695,52.62400817871094,0.0656241774559021,1.496395230293274,-156.829833984375,0.10825163125991821
1782999935.065723,0.0,0.0,10.0,-0.7026872634887695,52.62400817871094,0.0656241774559021,1.496395230293274,-156.829833984375,0.10825163125991821
1782999935.072257,0.0,0.0,10.0,-0.7026872634887695,52.62400817871094,0.0656241774559021,1.496395230293274,-156.829833984375,0.10825163125991821
1782999935.077911,0.0,0.0,10.0,-0.7026872634887695,52.62400817871094,0.0656241774559021,1.496395230293274,-156.829833984375,0.10825163125991821
1782999935.083804,0.0,0.0,10.0,-0.7026872634887695,52.62400817871094,0.0656241774559021,1.496395230293274,-156.829833984375,0.10825163125991821
1782999935.099439,0.0,0.0,10.0,-0.7026872634887695,52.62400817871094,0.0656241774559021,1.496395230293274,-156.829833984375,0.10825163125991821
1782999935.105388,0.0,0.0,10.0,-0.7026872634887695,52.62400817871094,0.0656241774559021,1.496395230293274,-156.829833984375,0.10825163125991821
1782999935.112204,0.0,0.0,10.0,-0.7029775977134705,52.62384033203125,0.06493797153234482,1.496395230293274,-156.829833984375,0.10825163125991821
1782999935.117754,0.0,0.0,10.0,-0.7029775977134705,52.62384033203125,0.06493797153234482,1.496395230293274,-156.829833984375,0.10825163125991821
1782999935.12401,0.0,0.0,10.0,-0.7029775977134705,52.62384033203125,0.06493797153234482,1.496395230293274,-156.829833984375,0.10825163125991821
1782999935.129827,0.0,0.0,10.0,-0.7029775977134705,52.62384033203125,0.06493797153234482,1.496395230293274,-156.829833984375,0.10825163125991821
1782999935.135562,0.0,0.0,10.0,-0.7029775977134705,52.62384033203125,0.06493797153234482,1.496395230293274,-156.829833984375,0.10825163125991821
1782999935.143808,0.0,0.0,10.0,-0.7029775977134705,52.62384033203125,0.06493797153234482,1.496395230293274,-156.829833984375,0.10825163125991821
1782999935.159328,0.0,0.0,10.0,-0.7029775977134705,52.62384033203125,0.06493797153234482,1.496395230293274,-156.829833984375,0.10825163125991821
1782999935.165255,0.0,0.0,10.0,-0.7022820115089417,52.62330627441406,0.06428993493318558,1.4717522859573364,-156.763916015625,0.10867670178413391
1782999935.171701,0.0,0.0,10.0,-0.7022820115089417,52.62330627441406,0.06428993493318558,1.4717522859573364,-156.763916015625,0.10867670178413391
1782999935.177086,0.0,0.0,10.0,-0.7022820115089417,52.62330627441406,0.06428993493318558,1.4717522859573364,-156.763916015625,0.10867670178413391
1782999935.183383,0.0,0.0,10.0,-0.7022820115089417,52.62330627441406,0.06428993493318558,1.4717522859573364,-156.763916015625,0.10867670178413391
1782999935.188903,0.0,0.0,10.0,-0.7022820115089417,52.62330627441406,0.06428993493318558,1.4717522859573364,-156.763916015625,0.10867670178413391
1782999935.194548,0.0,0.0,10.0,-0.7022820115089417,52.62330627441406,0.06428993493318558,1.4717522859573364,-156.763916015625,0.10867670178413391
1782999935.208359,0.0,0.0,10.0,-0.7022820115089417,52.62330627441406,0.06428993493318558,1.4717522859573364,-156.763916015625,0.10867670178413391
1782999935.214348,0.0,0.0,10.0,-0.7030470371246338,52.621002197265625,0.06402166932821274,1.4717522859573364,-156.763916015625,0.10867670178413391
1782999935.220339,0.0,0.0,10.0,-0.7030470371246338,52.621002197265625,0.06402166932821274,1.4717522859573364,-156.763916015625,0.10867670178413391
1782999935.225886,0.0,0.0,10.0,-0.7030470371246338,52.621002197265625,0.06402166932821274,1.4717522859573364,-156.763916015625,0.10867670178413391
1782999935.231377,0.0,0.0,10.0,-0.7030470371246338,52.621002197265625,0.06402166932821274,1.4717522859573364,-156.763916015625,0.10867670178413391
1782999935.236907,0.0,0.0,10.0,-0.7030470371246338,52.621002197265625,0.06402166932821274,1.4717522859573364,-156.763916015625,0.10867670178413391
1782999935.242737,0.0,0.0,10.0,-0.7030470371246338,52.621002197265625,0.06402166932821274,1.4717522859573364,-156.763916015625,0.10867670178413391
1782999935.257664,0.0,0.0,10.0,-0.7030470371246338,52.621002197265625,0.06402166932821274,1.4717522859573364,-156.763916015625,0.10867670178413391
1782999935.264545,0.0,0.0,10.0,-0.7027938365936279,52.62022399902344,0.06389527022838593,1.4454759359359741,-156.741943359375,0.10888268798589706
1782999935.270921,0.0,0.0,10.0,-0.7027938365936279,52.62022399902344,0.06389527022838593,1.4454759359359741,-156.741943359375,0.10888268798589706
1782999935.276599,0.0,0.0,10.0,-0.7027938365936279,52.62022399902344,0.06389527022838593,1.4454759359359741,-156.741943359375,0.10888268798589706
1782999935.282368,0.0,0.0,10.0,-0.7027938365936279,52.62022399902344,0.06389527022838593,1.4454759359359741,-156.741943359375,0.10888268798589706
1782999935.288174,0.0,0.0,10.0,-0.7027938365936279,52.62022399902344,0.06389527022838593,1.4454759359359741,-156.741943359375,0.10888268798589706
1782999935.294138,0.0,0.0,10.0,-0.7027938365936279,52.62022399902344,0.06389527022838593,1.4454759359359741,-156.741943359375,0.10888268798589706
1782999935.305336,0.0,0.0,10.0,-0.7027938365936279,52.62022399902344,0.06389527022838593,1.4454759359359741,-156.741943359375,0.10888268798589706
1782999935.311809,0.0,0.0,10.0,-0.7036731839179993,52.620025634765625,0.06414541602134705,1.4454759359359741,-156.741943359375,0.10888268798589706
1782999935.317319,0.0,0.0,10.0,-0.7036731839179993,52.620025634765625,0.06414541602134705,1.4454759359359741,-156.741943359375,0.10888268798589706
1782999935.323865,0.0,0.0,10.0,-0.7036731839179993,52.620025634765625,0.06414541602134705,1.4454759359359741,-156.741943359375,0.10888268798589706
1782999935.330819,0.0,0.0,10.0,-0.7036731839179993,52.620025634765625,0.06414541602134705,1.4454759359359741,-156.741943359375,0.10888268798589706
1782999935.336394,0.0,0.0,10.0,-0.7036731839179993,52.620025634765625,0.06414541602134705,1.4454759359359741,-156.741943359375,0.10888268798589706
1782999935.342978,0.0,0.0,10.0,-0.7036731839179993,52.620025634765625,0.06414541602134705,1.4454759359359741,-156.741943359375,0.10888268798589706
1782999935.36016,0.0,0.0,10.0,-0.7036731839179993,52.620025634765625,0.06414541602134705,1.4454759359359741,-156.741943359375,0.10888268798589706
1782999935.36707,0.0,0.0,10.0,-0.7043964266777039,52.61974334716797,0.06430532038211823,1.4200522899627686,-156.654052734375,0.10950181633234024
1782999935.372816,0.0,0.0,10.0,-0.7043964266777039,52.61974334716797,0.06430532038211823,1.4200522899627686,-156.654052734375,0.10950181633234024
1782999935.37909,0.0,0.0,10.0,-0.7043964266777039,52.61974334716797,0.06430532038211823,1.4200522899627686,-156.654052734375,0.10950181633234024
1782999935.385454,0.0,0.0,10.0,-0.7043964266777039,52.61974334716797,0.06430532038211823,1.4200522899627686,-156.654052734375,0.10950181633234024
1782999935.392405,0.0,0.0,10.0,-0.7043964266777039,52.61974334716797,0.06430532038211823,1.4200522899627686,-156.654052734375,0.10950181633234024
1782999935.402927,0.0,0.0,10.0,-0.7043964266777039,52.61974334716797,0.06430532038211823,1.4200522899627686,-156.654052734375,0.10950181633234024
1782999935.426507,0.0,0.0,10.0,-0.7039899826049805,52.620304107666016,0.06383990496397018,1.4200522899627686,-156.654052734375,0.10950181633234024
1782999935.432487,0.0,0.0,10.0,-0.7039899826049805,52.620304107666016,0.06383990496397018,1.4200522899627686,-156.654052734375,0.10950181633234024
1782999935.438524,0.0,0.0,10.0,-0.7039899826049805,52.620304107666016,0.06383990496397018,1.4200522899627686,-156.654052734375,0.10950181633234024
1782999935.444136,0.0,0.0,10.0,-0.7039899826049805,52.620304107666016,0.06383990496397018,1.4200522899627686,-156.654052734375,0.10950181633234024
1782999935.450109,0.0,0.0,10.0,-0.7039899826049805,52.620304107666016,0.06383990496397018,1.4200522899627686,-156.654052734375,0.10950181633234024
1782999935.468026,0.0,0.0,10.0,-0.7039899826049805,52.620304107666016,0.06383990496397018,1.4200522899627686,-156.654052734375,0.10950181633234024
1782999935.473831,0.0,0.0,10.0,-0.7038148641586304,52.62053680419922,0.06347306817770004,1.394580602645874,-156.610107421875,0.10991126298904419
1782999935.480369,0.0,0.0,10.0,-0.7038148641586304,52.62053680419922,0.06347306817770004,1.394580602645874,-156.610107421875,0.10991126298904419
1782999935.48625,0.0,0.0,10.0,-0.7038148641586304,52.62053680419922,0.06347306817770004,1.394580602645874,-156.610107421875,0.10991126298904419
1782999935.491765,0.0,0.0,10.0,-0.7038148641586304,52.62053680419922,0.06347306817770004,1.394580602645874,-156.610107421875,0.10991126298904419
1782999935.497939,0.0,0.0,10.0,-0.7038148641586304,52.62053680419922,0.06347306817770004,1.394580602645874,-156.610107421875,0.10991126298904419
1782999935.503995,0.0,0.0,10.0,-0.7038148641586304,52.62053680419922,0.06347306817770004,1.394580602645874,-156.610107421875,0.10991126298904419
1782999935.515655,0.0,0.0,10.0,-0.7041827440261841,52.621490478515625,0.06339700520038605,1.394580602645874,-156.610107421875,0.10991126298904419
1782999935.52172,0.0,0.0,10.0,-0.7041827440261841,52.621490478515625,0.06339700520038605,1.394580602645874,-156.610107421875,0.10991126298904419
1782999935.527279,0.0,0.0,10.0,-0.7041827440261841,52.621490478515625,0.06339700520038605,1.394580602645874,-156.610107421875,0.10991126298904419
1782999935.533105,0.0,0.0,10.0,-0.7041827440261841,52.621490478515625,0.06339700520038605,1.394580602645874,-156.610107421875,0.10991126298904419
1782999935.538608,0.0,0.0,10.0,-0.7041827440261841,52.621490478515625,0.06339700520038605,1.394580602645874,-156.610107421875,0.10991126298904419
1782999935.544135,0.0,0.0,10.0,-0.7041827440261841,52.621490478515625,0.06339700520038605,1.394580602645874,-156.610107421875,0.10991126298904419
1782999935.551596,0.0,0.0,10.0,-0.7041827440261841,52.621490478515625,0.06339700520038605,1.394580602645874,-156.610107421875,0.10991126298904419
1782999935.557895,0.0,0.0,10.0,-0.7044461369514465,52.621910095214844,0.06361520290374756,1.394580602645874,-156.610107421875,0.10991126298904419
1782999935.563315,0.0,0.0,10.0,-0.7044461369514465,52.621910095214844,0.06361520290374756,1.368727445602417,-156.566162109375,0.10963562875986099
1782999935.570485,0.0,0.0,10.0,-0.7044461369514465,52.621910095214844,0.06361520290374756,1.368727445602417,-156.566162109375,0.10963562875986099
1782999935.576102,0.0,0.0,10.0,-0.7044461369514465,52.621910095214844,0.06361520290374756,1.368727445602417,-156.566162109375,0.10963562875986099
1782999935.582193,0.0,0.0,10.0,-0.7044461369514465,52.621910095214844,0.06361520290374756,1.368727445602417,-156.566162109375,0.10963562875986099
1782999935.591196,0.0,0.0,10.0,-0.7044461369514465,52.621910095214844,0.06361520290374756,1.368727445602417,-156.566162109375,0.10963562875986099
1782999935.596822,0.0,0.0,10.0,-0.7044461369514465,52.621910095214844,0.06361520290374756,1.368727445602417,-156.566162109375,0.10963562875986099
1782999935.602862,0.0,0.0,10.0,-0.7044461369514465,52.621910095214844,0.06361520290374756,1.368727445602417,-156.566162109375,0.10963562875986099
1782999935.609005,0.0,0.0,10.0,-0.7044459581375122,52.62217712402344,0.06393366307020187,1.368727445602417,-156.566162109375,0.10963562875986099
1782999935.618456,0.0,0.0,10.0,-0.7044459581375122,52.62217712402344,0.06393366307020187,1.368727445602417,-156.566162109375,0.10963562875986099
1782999935.625066,0.0,0.0,10.0,-0.7044459581375122,52.62217712402344,0.06393366307020187,1.368727445602417,-156.566162109375,0.10963562875986099
1782999935.632022,0.0,0.0,10.0,-0.7044459581375122,52.62217712402344,0.06393366307020187,1.368727445602417,-156.566162109375,0.10963562875986099
1782999935.637542,0.0,0.0,10.0,-0.7044459581375122,52.62217712402344,0.06393366307020187,1.368727445602417,-156.566162109375,0.10963562875986099
1782999935.643452,0.0,0.0,10.0,-0.7044459581375122,52.62217712402344,0.06393366307020187,1.368727445602417,-156.566162109375,0.10963562875986099
1782999935.649169,0.0,0.0,10.0,-0.7044459581375122,52.62217712402344,0.06393366307020187,1.368727445602417,-156.566162109375,0.10963562875986099
1782999935.655011,0.0,0.0,10.0,-0.7044459581375122,52.62217712402344,0.06393366307020187,1.368727445602417,-156.566162109375,0.10963562875986099
1782999935.668321,0.0,0.0,10.0,-0.7048630118370056,52.6230354309082,0.0635431706905365,1.368727445602417,-156.566162109375,0.10963562875986099
1782999935.673942,0.0,0.0,10.0,-0.7048630118370056,52.6230354309082,0.0635431706905365,1.3437598943710327,-156.500244140625,0.1103520318865776
1782999935.680472,0.0,0.0,10.0,-0.7048630118370056,52.6230354309082,0.0635431706905365,1.3437598943710327,-156.500244140625,0.1103520318865776
1782999935.686293,0.0,0.0,10.0,-0.7048630118370056,52.6230354309082,0.0635431706905365,1.3437598943710327,-156.500244140625,0.1103520318865776
1782999935.692508,0.0,0.0,10.0,-0.7048630118370056,52.6230354309082,0.0635431706905365,1.3437598943710327,-156.500244140625,0.1103520318865776
1782999935.698017,0.0,0.0,10.0,-0.7048630118370056,52.6230354309082,0.0635431706905365,1.3437598943710327,-156.500244140625,0.1103520318865776
1782999935.703653,0.0,0.0,10.0,-0.7048630118370056,52.6230354309082,0.0635431706905365,1.3437598943710327,-156.500244140625,0.1103520318865776
1782999935.709167,0.0,0.0,10.0,-0.7038248181343079,52.623653411865234,0.06331190466880798,1.3437598943710327,-156.500244140625,0.1103520318865776
1782999935.723409,0.0,0.0,10.0,-0.7038248181343079,52.623653411865234,0.06331190466880798,1.3437598943710327,-156.500244140625,0.1103520318865776
1782999935.745473,0.0,0.0,10.0,-0.7038248181343079,52.623653411865234,0.06331190466880798,1.3437598943710327,-156.500244140625,0.1103520318865776
1782999935.751811,0.0,0.0,10.0,-0.7038248181343079,52.623653411865234,0.06331190466880798,1.3437598943710327,-156.500244140625,0.1103520318865776
1782999935.75797,0.0,0.0,10.0,-0.7036500573158264,52.62330627441406,0.06408707797527313,1.3437598943710327,-156.500244140625,0.1103520318865776
1782999935.763511,0.0,0.0,10.0,-0.7036500573158264,52.62330627441406,0.06408707797527313,1.3437598943710327,-156.500244140625,0.1103520318865776
1782999935.776316,0.0,0.0,10.0,-0.7036500573158264,52.62330627441406,0.06408707797527313,1.3179771900177002,-156.412353515625,0.11110120266675949
1782999935.782131,0.0,0.0,10.0,-0.7036500573158264,52.62330627441406,0.06408707797527313,1.3179771900177002,-156.412353515625,0.11110120266675949
1782999935.79745,0.0,0.0,10.0,-0.7036500573158264,52.62330627441406,0.06408707797527313,1.3179771900177002,-156.412353515625,0.11110120266675949
1782999935.802951,0.0,0.0,10.0,-0.7036500573158264,52.62330627441406,0.06408707797527313,1.3179771900177002,-156.412353515625,0.11110120266675949
1782999935.808992,0.0,0.0,10.0,-0.7028754353523254,52.621864318847656,0.0650172010064125,1.3179771900177002,-156.412353515625,0.11110120266675949
1782999935.816049,0.0,0.0,10.0,-0.7028754353523254,52.621864318847656,0.0650172010064125,1.3179771900177002,-156.412353515625,0.11110120266675949
1782999935.822582,0.0,0.0,10.0,-0.7028754353523254,52.621864318847656,0.0650172010064125,1.3179771900177002,-156.412353515625,0.11110120266675949
1782999935.829232,0.0,0.0,10.0,-0.7028754353523254,52.621864318847656,0.0650172010064125,1.3179771900177002,-156.412353515625,0.11110120266675949
1782999935.837291,0.0,0.0,10.0,-0.7028754353523254,52.621864318847656,0.0650172010064125,1.3179771900177002,-156.412353515625,0.11110120266675949
1782999935.844063,0.0,0.0,10.0,-0.7028754353523254,52.621864318847656,0.0650172010064125,1.3179771900177002,-156.412353515625,0.11110120266675949
1782999935.851171,0.0,0.0,10.0,-0.7028754353523254,52.621864318847656,0.0650172010064125,1.3179771900177002,-156.412353515625,0.11110120266675949
1782999935.856655,0.0,0.0,10.0,-0.7022275924682617,52.620906829833984,0.06524699181318283,1.3179771900177002,-156.412353515625,0.11110120266675949
1782999935.8627,0.0,0.0,10.0,-0.7022275924682617,52.620906829833984,0.06524699181318283,1.3179771900177002,-156.412353515625,0.11110120266675949
1782999935.868685,0.0,0.0,10.0,-0.7022275924682617,52.620906829833984,0.06524699181318283,1.2934584617614746,-156.346435546875,0.11128952354192734
1782999935.875229,0.0,0.0,10.0,-0.7022275924682617,52.620906829833984,0.06524699181318283,1.2934584617614746,-156.346435546875,0.11128952354192734
1782999935.888536,0.0,0.0,10.0,-0.7022275924682617,52.620906829833984,0.06524699181318283,1.2934584617614746,-156.346435546875,0.11128952354192734
1782999935.895821,0.0,0.0,10.0,-0.7022275924682617,52.620906829833984,0.06524699181318283,1.2934584617614746,-156.346435546875,0.11128952354192734
1782999935.902829,0.0,0.0,10.0,-0.7022275924682617,52.620906829833984,0.06524699181318283,1.2934584617614746,-156.346435546875,0.11128952354192734
1782999935.909874,0.0,0.0,10.0,-0.7005810141563416,52.619144439697266,0.06514015048742294,1.2934584617614746,-156.346435546875,0.11128952354192734
1782999935.915429,0.0,0.0,10.0,-0.7005810141563416,52.619144439697266,0.06514015048742294,1.2934584617614746,-156.346435546875,0.11128952354192734
1782999935.92137,0.0,0.0,10.0,-0.7005810141563416,52.619144439697266,0.06514015048742294,1.2934584617614746,-156.346435546875,0.11128952354192734
1782999935.927374,0.0,0.0,10.0,-0.7005810141563416,52.619144439697266,0.06514015048742294,1.2934584617614746,-156.346435546875,0.11128952354192734
1782999936.001495,0.0,0.0,10.0,-0.7005810141563416,52.619144439697266,0.06514015048742294,1.2934584617614746,-156.346435546875,0.11128952354192734
1782999936.007679,0.0,0.0,10.0,-0.7009992003440857,52.617740631103516,0.0640186294913292,1.290083646774292,-156.302490234375,0.11159075796604156
1782999936.013502,0.0,0.0,10.0,-0.7009992003440857,52.617740631103516,0.0640186294913292,1.290083646774292,-156.302490234375,0.11159075796604156
1782999936.019209,0.0,0.0,10.0,-0.7000852823257446,52.61714172363281,0.06406277418136597,1.290083646774292,-156.302490234375,0.11159075796604156
1782999936.02507,0.0,0.0,10.0,-0.7000852823257446,52.61714172363281,0.06406277418136597,1.290083646774292,-156.302490234375,0.11159075796604156
1782999936.031067,0.0,0.0,10.0,-0.7000852823257446,52.61714172363281,0.06406277418136597,1.290083646774292,-156.302490234375,0.11159075796604156
1782999936.03658,0.0,0.0,10.0,-0.7000852823257446,52.61714172363281,0.06406277418136597,1.290083646774292,-156.302490234375,0.11159075796604156
1782999936.042668,0.0,0.0,10.0,-0.7000852823257446,52.61714172363281,0.06406277418136597,1.290083646774292,-156.302490234375,0.11159075796604156
1782999936.048923,0.0,0.0,10.0,-0.7000852823257446,52.61714172363281,0.06406277418136597,1.290083646774292,-156.302490234375,0.11159075796604156
1782999936.055378,0.0,0.0,10.0,-0.7000852823257446,52.61714172363281,0.06406277418136597,1.290083646774292,-156.302490234375,0.11159075796604156
1782999936.061315,0.0,0.0,10.0,-0.7000852823257446,52.61714172363281,0.06406277418136597,1.290083646774292,-156.302490234375,0.11159075796604156
1782999936.067139,0.0,0.0,10.0,-0.7000852823257446,52.61714172363281,0.06406277418136597,1.2912086248397827,-156.324462890625,0.11220477521419525
1782999936.072912,0.0,0.0,10.0,-0.7000852823257446,52.61714172363281,0.06406277418136597,1.2912086248397827,-156.324462890625,0.11220477521419525
1782999936.184666,0.0,0.0,10.0,-0.7002171277999878,52.61660385131836,0.06359415501356125,1.2912086248397827,-156.324462890625,0.11220477521419525
1782999936.197874,0.0,0.0,10.0,-0.7002171277999878,52.61660385131836,0.06359415501356125,1.2912086248397827,-156.324462890625,0.11220477521419525
1782999936.236875,0.0,0.0,10.0,-0.7002171277999878,52.61660385131836,0.06359415501356125,1.2912086248397827,-156.324462890625,0.11220477521419525
1782999936.243476,0.0,0.0,10.0,-0.6990952491760254,52.61626052856445,0.06425167620182037,1.2912086248397827,-156.324462890625,0.11220477521419525
1782999936.249282,0.0,0.0,10.0,-0.6982107758522034,52.614009857177734,0.06473882496356964,1.2916940450668335,-156.324462890625,0.11242237687110901
1782999936.256183,0.0,0.0,10.0,-0.6982107758522034,52.614009857177734,0.06473882496356964,1.2916940450668335,-156.324462890625,0.11242237687110901
1782999936.262073,0.0,0.0,10.0,-0.6982107758522034,52.614009857177734,0.06473882496356964,1.2916940450668335,-156.324462890625,0.11242237687110901
1782999936.278639,0.0,0.0,10.0,-0.6980094909667969,52.612648010253906,0.06607019156217575,1.2916940450668335,-156.324462890625,0.11242237687110901
1782999936.291555,0.0,0.0,10.0,-0.6984317898750305,52.611202239990234,0.06685519963502884,1.2928030490875244,-156.324462890625,0.11265339702367783
1782999936.316143,0.0,0.0,10.0,-0.6984317898750305,52.611202239990234,0.06685519963502884,1.2928030490875244,-156.324462890625,0.11265339702367783
1782999936.323486,0.0,0.0,10.0,-0.6977652311325073,52.611900329589844,0.06761004775762558,1.2928030490875244,-156.324462890625,0.11265339702367783
1782999936.329639,0.0,0.0,10.0,-0.6977652311325073,52.611900329589844,0.06761004775762558,1.2928030490875244,-156.324462890625,0.11265339702367783
1782999936.334948,0.0,0.0,10.0,-0.6977652311325073,52.611900329589844,0.06761004775762558,1.2928030490875244,-156.324462890625,0.11265339702367783
1782999936.341274,0.0,0.0,10.0,-0.6977652311325073,52.611900329589844,0.06761004775762558,1.2928030490875244,-156.324462890625,0.11265339702367783
1782999936.353017,0.0,0.0,10.0,-0.6977652311325073,52.611900329589844,0.06761004775762558,1.2928030490875244,-156.324462890625,0.11265339702367783
1782999936.358874,0.0,0.0,10.0,-0.6980823874473572,52.61180877685547,0.06737452000379562,1.2928030490875244,-156.324462890625,0.11265339702367783
1782999936.365054,0.0,0.0,10.0,-0.6980823874473572,52.61180877685547,0.06737452000379562,1.2928030490875244,-156.324462890625,0.11265339702367783
1782999936.371059,0.0,0.0,10.0,-0.6980823874473572,52.61180877685547,0.06737452000379562,1.2934656143188477,-156.302490234375,0.11333063244819641
1782999936.377138,0.0,0.0,10.0,-0.6980823874473572,52.61180877685547,0.06737452000379562,1.2934656143188477,-156.302490234375,0.11333063244819641
1782999936.382544,0.0,0.0,10.0,-0.6980823874473572,52.61180877685547,0.06737452000379562,1.2934656143188477,-156.302490234375,0.11333063244819641
1782999936.389008,0.0,0.0,10.0,-0.6980823874473572,52.61180877685547,0.06737452000379562,1.2934656143188477,-156.302490234375,0.11333063244819641
1782999936.395709,0.0,0.0,10.0,-0.6980823874473572,52.61180877685547,0.06737452000379562,1.2934656143188477,-156.302490234375,0.11333063244819641
1782999936.404394,0.0,0.0,10.0,-0.6980823874473572,52.61180877685547,0.06737452000379562,1.2934656143188477,-156.302490234375,0.11333063244819641
1782999936.410049,0.0,0.0,10.0,-0.6975257992744446,52.6104736328125,0.06725170463323593,1.2934656143188477,-156.302490234375,0.11333063244819641
1782999936.41556,0.0,0.0,10.0,-0.6975257992744446,52.6104736328125,0.06725170463323593,1.2934656143188477,-156.302490234375,0.11333063244819641
1782999936.421155,0.0,0.0,10.0,-0.6975257992744446,52.6104736328125,0.06725170463323593,1.2934656143188477,-156.302490234375,0.11333063244819641
1782999936.426648,0.0,0.0,10.0,-0.6975257992744446,52.6104736328125,0.06725170463323593,1.2934656143188477,-156.302490234375,0.11333063244819641
1782999936.432461,0.0,0.0,10.0,-0.6975257992744446,52.6104736328125,0.06725170463323593,1.2934656143188477,-156.302490234375,0.11333063244819641
1782999936.438698,0.0,0.0,10.0,-0.6975257992744446,52.6104736328125,0.06725170463323593,1.2934656143188477,-156.302490234375,0.11333063244819641
1782999936.444119,0.0,0.0,10.0,-0.6975257992744446,52.6104736328125,0.06725170463323593,1.2934656143188477,-156.302490234375,0.11333063244819641
1782999936.453352,0.0,0.0,10.0,-0.6975257992744446,52.6104736328125,0.06725170463323593,1.2934656143188477,-156.302490234375,0.11333063244819641
1782999936.460121,0.0,0.0,10.0,-0.6978983879089355,52.60970687866211,0.06697535514831543,1.2934656143188477,-156.302490234375,0.11333063244819641
1782999936.465661,0.0,0.0,10.0,-0.6978983879089355,52.60970687866211,0.06697535514831543,1.2934656143188477,-156.302490234375,0.11333063244819641
1782999936.471158,0.0,0.0,10.0,-0.6978983879089355,52.60970687866211,0.06697535514831543,1.2955846786499023,-156.324462890625,0.11322642862796783
1782999936.476703,0.0,0.0,10.0,-0.6978983879089355,52.60970687866211,0.06697535514831543,1.2955846786499023,-156.324462890625,0.11322642862796783
1782999936.482224,0.0,0.0,10.0,-0.6978983879089355,52.60970687866211,0.06697535514831543,1.2955846786499023,-156.324462890625,0.11322642862796783
1782999936.488315,0.0,0.0,10.0,-0.6978983879089355,52.60970687866211,0.06697535514831543,1.2955846786499023,-156.324462890625,0.11322642862796783
1782999936.49395,0.0,0.0,10.0,-0.6978983879089355,52.60970687866211,0.06697535514831543,1.2955846786499023,-156.324462890625,0.11322642862796783
1782999936.504672,0.0,0.0,10.0,-0.6978983879089355,52.60970687866211,0.06697535514831543,1.2955846786499023,-156.324462890625,0.11322642862796783
1782999936.510426,0.0,0.0,10.0,-0.6970340013504028,52.60895919799805,0.06748563051223755,1.2955846786499023,-156.324462890625,0.11322642862796783
1782999936.515948,0.0,0.0,10.0,-0.6970340013504028,52.60895919799805,0.06748563051223755,1.2955846786499023,-156.324462890625,0.11322642862796783
1782999936.522453,0.0,0.0,10.0,-0.6970340013504028,52.60895919799805,0.06748563051223755,1.2955846786499023,-156.324462890625,0.11322642862796783
1782999936.528555,0.0,0.0,10.0,-0.6970340013504028,52.60895919799805,0.06748563051223755,1.2955846786499023,-156.324462890625,0.11322642862796783
1782999936.534775,0.0,0.0,10.0,-0.6970340013504028,52.60895919799805,0.06748563051223755,1.2955846786499023,-156.324462890625,0.11322642862796783
1782999936.540707,0.0,0.0,10.0,-0.6970340013504028,52.60895919799805,0.06748563051223755,1.2955846786499023,-156.324462890625,0.11322642862796783
1782999936.546279,0.0,0.0,10.0,-0.6970340013504028,52.60895919799805,0.06748563051223755,1.2955846786499023,-156.324462890625,0.11322642862796783
1782999936.559709,0.0,0.0,10.0,-0.6970340013504028,52.60895919799805,0.06748563051223755,1.2955846786499023,-156.324462890625,0.11322642862796783
1782999936.565917,0.0,0.0,10.0,-0.6976051926612854,52.609039306640625,0.0661296620965004,1.2955846786499023,-156.324462890625,0.11322642862796783
1782999936.571951,0.0,0.0,10.0,-0.6976051926612854,52.609039306640625,0.0661296620965004,1.295969009399414,-156.324462890625,0.11320225894451141
1782999936.577929,0.0,0.0,10.0,-0.6976051926612854,52.609039306640625,0.0661296620965004,1.295969009399414,-156.324462890625,0.11320225894451141
1782999936.591403,0.0,0.0,10.0,-0.6976051926612854,52.609039306640625,0.0661296620965004,1.295969009399414,-156.324462890625,0.11320225894451141
1782999936.598194,0.0,0.0,10.0,-0.6976051926612854,52.609039306640625,0.0661296620965004,1.295969009399414,-156.324462890625,0.11320225894451141
1782999936.616208,0.0,0.0,10.0,-0.6976051926612854,52.609039306640625,0.0661296620965004,1.295969009399414,-156.324462890625,0.11320225894451141
1782999936.621899,0.0,0.0,10.0,-0.6969138383865356,52.60926055908203,0.06627915054559708,1.295969009399414,-156.324462890625,0.11320225894451141
1782999936.627326,0.0,0.0,10.0,-0.6969138383865356,52.60926055908203,0.06627915054559708,1.295969009399414,-156.324462890625,0.11320225894451141
1782999936.632976,0.0,0.0,10.0,-0.6969138383865356,52.60926055908203,0.06627915054559708,1.295969009399414,-156.324462890625,0.11320225894451141
1782999936.63953,0.0,0.0,10.0,-0.6969138383865356,52.60926055908203,0.06627915054559708,1.295969009399414,-156.324462890625,0.11320225894451141
1782999936.645057,0.0,0.0,10.0,-0.6969138383865356,52.60926055908203,0.06627915054559708,1.295969009399414,-156.324462890625,0.11320225894451141
1782999936.651572,0.0,0.0,10.0,-0.6969138383865356,52.60926055908203,0.06627915054559708,1.295969009399414,-156.324462890625,0.11320225894451141
1782999936.665695,0.0,0.0,10.0,-0.6969138383865356,52.60926055908203,0.06627915054559708,1.295969009399414,-156.324462890625,0.11320225894451141
1782999936.671804,0.0,0.0,10.0,-0.6963139772415161,52.60984420776367,0.0662183165550232,1.297133445739746,-156.324462890625,0.11380095034837723
1782999936.678518,0.0,0.0,10.0,-0.6963139772415161,52.60984420776367,0.0662183165550232,1.297133445739746,-156.324462890625,0.11380095034837723
1782999936.684533,0.0,0.0,10.0,-0.6963139772415161,52.60984420776367,0.0662183165550232,1.297133445739746,-156.324462890625,0.11380095034837723
1782999936.690657,0.0,0.0,10.0,-0.6963139772415161,52.60984420776367,0.0662183165550232,1.297133445739746,-156.324462890625,0.11380095034837723
1782999936.696313,0.0,0.0,10.0,-0.6963139772415161,52.60984420776367,0.0662183165550232,1.297133445739746,-156.324462890625,0.11380095034837723
1782999936.702825,0.0,0.0,10.0,-0.6963139772415161,52.60984420776367,0.0662183165550232,1.297133445739746,-156.324462890625,0.11380095034837723
1782999936.71293,0.0,0.0,10.0,-0.6963139772415161,52.60984420776367,0.0662183165550232,1.297133445739746,-156.324462890625,0.11380095034837723
1782999936.718876,0.0,0.0,10.0,-0.6954910755157471,52.609535217285156,0.06766761094331741,1.297133445739746,-156.324462890625,0.11380095034837723
1782999936.72482,0.0,0.0,10.0,-0.6954910755157471,52.609535217285156,0.06766761094331741,1.297133445739746,-156.324462890625,0.11380095034837723
1782999936.730636,0.0,0.0,10.0,-0.6954910755157471,52.609535217285156,0.06766761094331741,1.297133445739746,-156.324462890625,0.11380095034837723
1782999936.737606,0.0,0.0,10.0,-0.6954910755157471,52.609535217285156,0.06766761094331741,1.297133445739746,-156.324462890625,0.11380095034837723
1782999936.743121,0.0,0.0,10.0,-0.6954910755157471,52.609535217285156,0.06766761094331741,1.297133445739746,-156.324462890625,0.11380095034837723
1782999936.748665,0.0,0.0,10.0,-0.6954910755157471,52.609535217285156,0.06766761094331741,1.297133445739746,-156.324462890625,0.11380095034837723
1782999936.754198,0.0,0.0,10.0,-0.6954910755157471,52.609535217285156,0.06766761094331741,1.297133445739746,-156.324462890625,0.11380095034837723
1782999936.765556,0.0,0.0,10.0,-0.6961020827293396,52.609432220458984,0.06718598306179047,1.297133445739746,-156.324462890625,0.11380095034837723
1782999936.773097,0.0,0.0,10.0,-0.6961020827293396,52.609432220458984,0.06718598306179047,1.3004400730133057,-156.346435546875,0.11363369971513748
1782999936.778943,0.0,0.0,10.0,-0.6961020827293396,52.609432220458984,0.06718598306179047,1.3004400730133057,-156.346435546875,0.11363369971513748
1782999936.785948,0.0,0.0,10.0,-0.6961020827293396,52.609432220458984,0.06718598306179047,1.3004400730133057,-156.346435546875,0.11363369971513748
1782999936.791773,0.0,0.0,10.0,-0.6961020827293396,52.609432220458984,0.06718598306179047,1.3004400730133057,-156.346435546875,0.11363369971513748
1782999936.798517,0.0,0.0,10.0,-0.6961020827293396,52.609432220458984,0.06718598306179047,1.3004400730133057,-156.346435546875,0.11363369971513748
1782999936.80518,0.0,0.0,10.0,-0.6961020827293396,52.609432220458984,0.06718598306179047,1.3004400730133057,-156.346435546875,0.11363369971513748
1782999936.816519,0.0,0.0,10.0,-0.6964377760887146,52.60960388183594,0.06740788370370865,1.3004400730133057,-156.346435546875,0.11363369971513748
1782999936.822155,0.0,0.0,10.0,-0.6964377760887146,52.60960388183594,0.06740788370370865,1.3004400730133057,-156.346435546875,0.11363369971513748
1782999936.827632,0.0,0.0,10.0,-0.6964377760887146,52.60960388183594,0.06740788370370865,1.3004400730133057,-156.346435546875,0.11363369971513748
1782999936.833732,0.0,0.0,10.0,-0.6964377760887146,52.60960388183594,0.06740788370370865,1.3004400730133057,-156.346435546875,0.11363369971513748
1782999936.840347,0.0,0.0,10.0,-0.6964377760887146,52.60960388183594,0.06740788370370865,1.3004400730133057,-156.346435546875,0.11363369971513748
1782999936.845888,0.0,0.0,10.0,-0.6964377760887146,52.60960388183594,0.06740788370370865,1.3004400730133057,-156.346435546875,0.11363369971513748
1782999936.853007,0.0,0.0,10.0,-0.6964377760887146,52.60960388183594,0.06740788370370865,1.3004400730133057,-156.346435546875,0.11363369971513748
1782999936.858705,0.0,0.0,10.0,-0.6956850290298462,52.61054992675781,0.06698183715343475,1.3004400730133057,-156.346435546875,0.11363369971513748
1782999936.866146,0.0,0.0,10.0,-0.6956850290298462,52.61054992675781,0.06698183715343475,1.3004400730133057,-156.346435546875,0.11363369971513748
1782999936.872781,0.0,0.0,10.0,-0.6956850290298462,52.61054992675781,0.06698183715343475,1.3028512001037598,-156.324462890625,0.11481785029172897
1782999936.878456,0.0,0.0,10.0,-0.6956850290298462,52.61054992675781,0.06698183715343475,1.3028512001037598,-156.324462890625,0.11481785029172897
1782999936.884569,0.0,0.0,10.0,-0.6956850290298462,52.61054992675781,0.06698183715343475,1.3028512001037598,-156.324462890625,0.11481785029172897
1782999936.892054,0.0,0.0,10.0,-0.6956850290298462,52.61054992675781,0.06698183715343475,1.3028512001037598,-156.324462890625,0.11481785029172897
1782999936.898044,0.0,0.0,10.0,-0.6956850290298462,52.61054992675781,0.06698183715343475,1.3028512001037598,-156.324462890625,0.11481785029172897
1782999936.903686,0.0,0.0,10.0,-0.6956850290298462,52.61054992675781,0.06698183715343475,1.3028512001037598,-156.324462890625,0.11481785029172897
