Time,PosX,PosY,PosZ,Pitch,Yaw,Roll,PitchCam,YawCam,RollCam
1783008617.852678,0.0,0.0,10.0,-0.6545200943946838,51.719120025634766,0.038559962064027786,9.798673629760742,-176.451416015625,0.06902524083852768
1783008617.858429,0.0,0.0,10.0,-0.6545200943946838,51.719120025634766,0.038559962064027786,9.798673629760742,-176.451416015625,0.06902524083852768
1783008617.882201,0.0,0.0,10.0,-0.6545200943946838,51.719120025634766,0.038559962064027786,9.798673629760742,-176.451416015625,0.06902524083852768
1783008617.88778,0.0,0.0,10.0,-0.6547400951385498,51.720340728759766,0.039298199117183685,9.798283576965332,-176.473388671875,0.06709393858909607
1783008617.893762,0.0,0.0,10.0,-0.6547400951385498,51.720340728759766,0.039298199117183685,9.798283576965332,-176.473388671875,0.06709393858909607
1783008617.900465,0.0,0.0,10.0,-0.6547400951385498,51.720340728759766,0.039298199117183685,9.798283576965332,-176.473388671875,0.06709393858909607
1783008617.906416,0.0,0.0,10.0,-0.6547400951385498,51.720340728759766,0.039298199117183685,9.798283576965332,-176.473388671875,0.06709393858909607
1783008617.915934,0.0,0.0,10.0,-0.6547400951385498,51.720340728759766,0.039298199117183685,9.798283576965332,-176.473388671875,0.06709393858909607
1783008617.921384,0.0,0.0,10.0,-0.6547400951385498,51.720340728759766,0.039298199117183685,9.798283576965332,-176.473388671875,0.06709393858909607
1783008617.926912,0.0,0.0,10.0,-0.6549716591835022,51.72124099731445,0.039733678102493286,9.798283576965332,-176.473388671875,0.06709393858909607
1783008617.932278,0.0,0.0,10.0,-0.6549716591835022,51.72124099731445,0.039733678102493286,9.798283576965332,-176.473388671875,0.06709393858909607
1783008617.938532,0.0,0.0,10.0,-0.6549716591835022,51.72124099731445,0.039733678102493286,9.798283576965332,-176.473388671875,0.06709393858909607
1783008617.944872,0.0,0.0,10.0,-0.6549716591835022,51.72124099731445,0.039733678102493286,9.798283576965332,-176.473388671875,0.06709393858909607
1783008617.950994,0.0,0.0,10.0,-0.6549716591835022,51.72124099731445,0.039733678102493286,9.798283576965332,-176.473388671875,0.06709393858909607
1783008617.956488,0.0,0.0,10.0,-0.6549716591835022,51.72124099731445,0.039733678102493286,9.798283576965332,-176.473388671875,0.06709393858909607
1783008617.968881,0.0,0.0,10.0,-0.6549716591835022,51.72124099731445,0.039733678102493286,9.798283576965332,-176.473388671875,0.06709393858909607
1783008617.974797,0.0,0.0,10.0,-0.653900682926178,51.72223663330078,0.03956413269042969,9.799479484558105,-176.473388671875,0.07057815045118332
1783008617.980278,0.0,0.0,10.0,-0.653900682926178,51.72223663330078,0.03956413269042969,9.799479484558105,-176.473388671875,0.07057815045118332
1783008617.986258,0.0,0.0,10.0,-0.653900682926178,51.72223663330078,0.03956413269042969,9.799479484558105,-176.473388671875,0.07057815045118332
1783008617.992009,0.0,0.0,10.0,-0.653900682926178,51.72223663330078,0.03956413269042969,9.799479484558105,-176.473388671875,0.07057815045118332
1783008617.997662,0.0,0.0,10.0,-0.653900682926178,51.72223663330078,0.03956413269042969,9.799479484558105,-176.473388671875,0.07057815045118332
1783008618.004318,0.0,0.0,10.0,-0.653900682926178,51.72223663330078,0.03956413269042969,9.799479484558105,-176.473388671875,0.07057815045118332
1783008618.017448,0.0,0.0,10.0,-0.653900682926178,51.72223663330078,0.03956413269042969,9.799479484558105,-176.473388671875,0.07057815045118332
1783008618.023685,0.0,0.0,10.0,-0.6550278663635254,51.72215270996094,0.03889313340187073,9.799479484558105,-176.473388671875,0.07057815045118332
1783008618.028934,0.0,0.0,10.0,-0.6550278663635254,51.72215270996094,0.03889313340187073,9.799479484558105,-176.473388671875,0.07057815045118332
1783008618.034662,0.0,0.0,10.0,-0.6550278663635254,51.72215270996094,0.03889313340187073,9.799479484558105,-176.473388671875,0.07057815045118332
1783008618.040794,0.0,0.0,10.0,-0.6550278663635254,51.72215270996094,0.03889313340187073,9.799479484558105,-176.473388671875,0.07057815045118332
1783008618.046284,0.0,0.0,10.0,-0.6550278663635254,51.72215270996094,0.03889313340187073,9.799479484558105,-176.473388671875,0.07057815045118332
1783008618.052266,0.0,0.0,10.0,-0.6550278663635254,51.72215270996094,0.03889313340187073,9.799479484558105,-176.473388671875,0.07057815045118332
1783008618.057947,0.0,0.0,10.0,-0.6550278663635254,51.72215270996094,0.03889313340187073,9.799479484558105,-176.473388671875,0.07057815045118332
1783008618.071447,0.0,0.0,10.0,-0.6550278663635254,51.72215270996094,0.03889313340187073,9.799479484558105,-176.473388671875,0.07057815045118332
1783008618.077696,0.0,0.0,10.0,-0.6560657024383545,51.72149658203125,0.03945421800017357,9.797534942626953,-176.451416015625,0.06793440133333206
1783008618.084152,0.0,0.0,10.0,-0.6560657024383545,51.72149658203125,0.03945421800017357,9.797534942626953,-176.451416015625,0.06793440133333206
1783008618.090056,0.0,0.0,10.0,-0.6560657024383545,51.72149658203125,0.03945421800017357,9.797534942626953,-176.451416015625,0.06793440133333206
1783008618.096436,0.0,0.0,10.0,-0.6560657024383545,51.72149658203125,0.03945421800017357,9.797534942626953,-176.451416015625,0.06793440133333206
1783008618.102629,0.0,0.0,10.0,-0.6560657024383545,51.72149658203125,0.03945421800017357,9.797534942626953,-176.451416015625,0.06793440133333206
1783008618.108372,0.0,0.0,10.0,-0.6560657024383545,51.72149658203125,0.03945421800017357,9.797534942626953,-176.451416015625,0.06793440133333206
1783008618.11887,0.0,0.0,10.0,-0.6560657024383545,51.72149658203125,0.03945421800017357,9.797534942626953,-176.451416015625,0.06793440133333206
1783008618.124014,0.0,0.0,10.0,-0.6559869647026062,51.721221923828125,0.04066836088895798,9.797534942626953,-176.451416015625,0.06793440133333206
1783008618.129662,0.0,0.0,10.0,-0.6559869647026062,51.721221923828125,0.04066836088895798,9.797534942626953,-176.451416015625,0.06793440133333206
1783008618.135063,0.0,0.0,10.0,-0.6559869647026062,51.721221923828125,0.04066836088895798,9.797534942626953,-176.451416015625,0.06793440133333206
1783008618.140841,0.0,0.0,10.0,-0.6559869647026062,51.721221923828125,0.04066836088895798,9.797534942626953,-176.451416015625,0.06793440133333206
1783008618.146493,0.0,0.0,10.0,-0.6559869647026062,51.721221923828125,0.04066836088895798,9.797534942626953,-176.451416015625,0.06793440133333206
1783008618.152588,0.0,0.0,10.0,-0.6559869647026062,51.721221923828125,0.04066836088895798,9.797534942626953,-176.451416015625,0.06793440133333206
1783008618.158817,0.0,0.0,10.0,-0.6559869647026062,51.721221923828125,0.04066836088895798,9.797534942626953,-176.451416015625,0.06793440133333206
1783008618.172201,0.0,0.0,10.0,-0.6559869647026062,51.721221923828125,0.04066836088895798,9.797534942626953,-176.451416015625,0.06793440133333206
1783008618.177754,0.0,0.0,10.0,-0.6560816764831543,51.72016906738281,0.0414649173617363,9.799955368041992,-176.473388671875,0.0696498453617096
1783008618.183457,0.0,0.0,10.0,-0.6560816764831543,51.72016906738281,0.0414649173617363,9.799955368041992,-176.473388671875,0.0696498453617096
1783008618.188871,0.0,0.0,10.0,-0.6560816764831543,51.72016906738281,0.0414649173617363,9.799955368041992,-176.473388671875,0.0696498453617096
1783008618.194677,0.0,0.0,10.0,-0.6560816764831543,51.72016906738281,0.0414649173617363,9.799955368041992,-176.473388671875,0.0696498453617096
1783008618.200062,0.0,0.0,10.0,-0.6560816764831543,51.72016906738281,0.0414649173617363,9.799955368041992,-176.473388671875,0.0696498453617096
1783008618.206468,0.0,0.0,10.0,-0.6560816764831543,51.72016906738281,0.0414649173617363,9.799955368041992,-176.473388671875,0.0696498453617096
1783008618.213041,0.0,0.0,10.0,-0.6560816764831543,51.72016906738281,0.0414649173617363,9.799955368041992,-176.473388671875,0.0696498453617096
1783008618.225609,0.0,0.0,10.0,-0.6560816764831543,51.72016906738281,0.0414649173617363,9.799955368041992,-176.473388671875,0.0696498453617096
1783008618.231395,0.0,0.0,10.0,-0.657283365726471,51.719635009765625,0.04005316272377968,9.799955368041992,-176.473388671875,0.0696498453617096
1783008618.238056,0.0,0.0,10.0,-0.657283365726471,51.719635009765625,0.04005316272377968,9.799955368041992,-176.473388671875,0.0696498453617096
1783008618.243571,0.0,0.0,10.0,-0.657283365726471,51.719635009765625,0.04005316272377968,9.799955368041992,-176.473388671875,0.0696498453617096
1783008618.250014,0.0,0.0,10.0,-0.657283365726471,51.719635009765625,0.04005316272377968,9.799955368041992,-176.473388671875,0.0696498453617096
1783008618.256391,0.0,0.0,10.0,-0.657283365726471,51.719635009765625,0.04005316272377968,9.799955368041992,-176.473388671875,0.0696498453617096
1783008618.262764,0.0,0.0,10.0,-0.657283365726471,51.719635009765625,0.04005316272377968,9.799955368041992,-176.473388671875,0.0696498453617096
1783008618.277954,0.0,0.0,10.0,-0.657283365726471,51.719635009765625,0.04005316272377968,9.799955368041992,-176.473388671875,0.0696498453617096
1783008618.283602,0.0,0.0,10.0,-0.6575145721435547,51.71987533569336,0.04150174930691719,9.797675132751465,-176.473388671875,0.069857656955719
1783008618.28939,0.0,0.0,10.0,-0.6575145721435547,51.71987533569336,0.04150174930691719,9.797675132751465,-176.473388671875,0.069857656955719
1783008618.294623,0.0,0.0,10.0,-0.6575145721435547,51.71987533569336,0.04150174930691719,9.797675132751465,-176.473388671875,0.069857656955719
1783008618.300995,0.0,0.0,10.0,-0.6575145721435547,51.71987533569336,0.04150174930691719,9.797675132751465,-176.473388671875,0.069857656955719
1783008618.307564,0.0,0.0,10.0,-0.6575145721435547,51.71987533569336,0.04150174930691719,9.797675132751465,-176.473388671875,0.069857656955719
1783008618.314375,0.0,0.0,10.0,-0.6575145721435547,51.71987533569336,0.04150174930691719,9.797675132751465,-176.473388671875,0.069857656955719
1783008618.330191,0.0,0.0,10.0,-0.6575145721435547,51.71987533569336,0.04150174930691719,9.797675132751465,-176.473388671875,0.069857656955719
1783008618.336001,0.0,0.0,10.0,-0.6572414636611938,51.719181060791016,0.04252603277564049,9.797675132751465,-176.473388671875,0.069857656955719
1783008618.34183,0.0,0.0,10.0,-0.6572414636611938,51.719181060791016,0.04252603277564049,9.797675132751465,-176.473388671875,0.069857656955719
1783008618.347265,0.0,0.0,10.0,-0.6572414636611938,51.719181060791016,0.04252603277564049,9.797675132751465,-176.473388671875,0.069857656955719
1783008618.353995,0.0,0.0,10.0,-0.6572414636611938,51.719181060791016,0.04252603277564049,9.797675132751465,-176.473388671875,0.069857656955719
1783008618.359712,0.0,0.0,10.0,-0.6572414636611938,51.719181060791016,0.04252603277564049,9.797675132751465,-176.473388671875,0.069857656955719
1783008618.366213,0.0,0.0,10.0,-0.6572414636611938,51.719181060791016,0.04252603277564049,9.797675132751465,-176.473388671875,0.069857656955719
1783008618.379239,0.0,0.0,10.0,-0.6572414636611938,51.719181060791016,0.04252603277564049,9.799989700317383,-176.429443359375,0.07198245078325272
1783008618.385283,0.0,0.0,10.0,-0.6570208072662354,51.72005844116211,0.04120590537786484,9.799989700317383,-176.429443359375,0.07198245078325272
1783008618.391436,0.0,0.0,10.0,-0.6570208072662354,51.72005844116211,0.04120590537786484,9.799989700317383,-176.429443359375,0.07198245078325272
1783008618.397021,0.0,0.0,10.0,-0.6570208072662354,51.72005844116211,0.04120590537786484,9.799989700317383,-176.429443359375,0.07198245078325272
1783008618.402301,0.0,0.0,10.0,-0.6570208072662354,51.72005844116211,0.04120590537786484,9.799989700317383,-176.429443359375,0.07198245078325272
1783008618.408555,0.0,0.0,10.0,-0.6570208072662354,51.72005844116211,0.04120590537786484,9.799989700317383,-176.429443359375,0.07198245078325272
1783008618.414091,0.0,0.0,10.0,-0.6570208072662354,51.72005844116211,0.04120590537786484,9.799989700317383,-176.429443359375,0.07198245078325272
1783008618.41956,0.0,0.0,10.0,-0.6570208072662354,51.72005844116211,0.04120590537786484,9.799989700317383,-176.429443359375,0.07198245078325272
1783008618.432514,0.0,0.0,10.0,-0.6574881672859192,51.72006607055664,0.040680401027202606,9.799989700317383,-176.429443359375,0.07198245078325272
1783008618.437861,0.0,0.0,10.0,-0.6574881672859192,51.72006607055664,0.040680401027202606,9.799989700317383,-176.429443359375,0.07198245078325272
1783008618.443627,0.0,0.0,10.0,-0.6574881672859192,51.72006607055664,0.040680401027202606,9.799989700317383,-176.429443359375,0.07198245078325272
1783008618.449693,0.0,0.0,10.0,-0.6574881672859192,51.72006607055664,0.040680401027202606,9.799989700317383,-176.429443359375,0.07198245078325272
1783008618.455087,0.0,0.0,10.0,-0.6574881672859192,51.72006607055664,0.040680401027202606,9.799989700317383,-176.429443359375,0.07198245078325272
1783008618.467172,0.0,0.0,10.0,-0.6574881672859192,51.72006607055664,0.040680401027202606,9.799989700317383,-176.429443359375,0.07198245078325272
1783008618.473772,0.0,0.0,10.0,-0.6569443345069885,51.720218658447266,0.041544634848833084,9.798090934753418,-176.451416015625,0.0711917132139206
1783008618.491763,0.0,0.0,10.0,-0.6569443345069885,51.720218658447266,0.041544634848833084,9.798090934753418,-176.451416015625,0.0711917132139206
1783008618.497945,0.0,0.0,10.0,-0.6569443345069885,51.720218658447266,0.041544634848833084,9.798090934753418,-176.451416015625,0.0711917132139206
1783008618.503364,0.0,0.0,10.0,-0.6569443345069885,51.720218658447266,0.041544634848833084,9.798090934753418,-176.451416015625,0.0711917132139206
1783008618.510446,0.0,0.0,10.0,-0.6569443345069885,51.720218658447266,0.041544634848833084,9.798090934753418,-176.451416015625,0.0711917132139206
1783008618.516561,0.0,0.0,10.0,-0.6569443345069885,51.720218658447266,0.041544634848833084,9.798090934753418,-176.451416015625,0.0711917132139206
1783008618.523615,0.0,0.0,10.0,-0.6551441550254822,51.720947265625,0.04192797839641571,9.798090934753418,-176.451416015625,0.0711917132139206
1783008618.545051,0.0,0.0,10.0,-0.6551441550254822,51.720947265625,0.04192797839641571,9.798090934753418,-176.451416015625,0.0711917132139206
1783008618.550781,0.0,0.0,10.0,-0.6551441550254822,51.720947265625,0.04192797839641571,9.798090934753418,-176.451416015625,0.0711917132139206
1783008618.556828,0.0,0.0,10.0,-0.6551441550254822,51.720947265625,0.04192797839641571,9.798090934753418,-176.451416015625,0.0711917132139206
1783008618.562426,0.0,0.0,10.0,-0.6551441550254822,51.720947265625,0.04192797839641571,9.798090934753418,-176.451416015625,0.0711917132139206
1783008618.56836,0.0,0.0,10.0,-0.6551441550254822,51.720947265625,0.04192797839641571,9.798090934753418,-176.451416015625,0.0711917132139206
1783008618.573882,0.0,0.0,10.0,-0.6547973155975342,51.72031784057617,0.04064007103443146,9.799816131591797,-176.495361328125,0.070887491106987
1783008618.587917,0.0,0.0,10.0,-0.6547973155975342,51.72031784057617,0.04064007103443146,9.799816131591797,-176.495361328125,0.070887491106987
1783008618.593565,0.0,0.0,10.0,-0.6547973155975342,51.72031784057617,0.04064007103443146,9.799816131591797,-176.495361328125,0.070887491106987
1783008618.599482,0.0,0.0,10.0,-0.6547973155975342,51.72031784057617,0.04064007103443146,9.799816131591797,-176.495361328125,0.070887491106987
1783008618.606665,0.0,0.0,10.0,-0.6547973155975342,51.72031784057617,0.04064007103443146,9.799816131591797,-176.495361328125,0.070887491106987
1783008618.612109,0.0,0.0,10.0,-0.6547973155975342,51.72031784057617,0.04064007103443146,9.799816131591797,-176.495361328125,0.070887491106987
1783008618.618138,0.0,0.0,10.0,-0.6547973155975342,51.72031784057617,0.04064007103443146,9.799816131591797,-176.495361328125,0.070887491106987
1783008618.623951,0.0,0.0,10.0,-0.6538799405097961,51.72003936767578,0.04062630981206894,9.799816131591797,-176.495361328125,0.070887491106987
1783008618.638636,0.0,0.0,10.0,-0.6538799405097961,51.72003936767578,0.04062630981206894,9.799816131591797,-176.495361328125,0.070887491106987
1783008618.645275,0.0,0.0,10.0,-0.6538799405097961,51.72003936767578,0.04062630981206894,9.799816131591797,-176.495361328125,0.070887491106987
1783008618.65083,0.0,0.0,10.0,-0.6538799405097961,51.72003936767578,0.04062630981206894,9.799816131591797,-176.495361328125,0.070887491106987
1783008618.656283,0.0,0.0,10.0,-0.6538799405097961,51.72003936767578,0.04062630981206894,9.799816131591797,-176.495361328125,0.070887491106987
1783008618.661867,0.0,0.0,10.0,-0.6538799405097961,51.72003936767578,0.04062630981206894,9.799816131591797,-176.495361328125,0.070887491106987
1783008618.667912,0.0,0.0,10.0,-0.6538799405097961,51.72003936767578,0.04062630981206894,9.799816131591797,-176.495361328125,0.070887491106987
1783008618.673876,0.0,0.0,10.0,-0.6533893346786499,51.72029495239258,0.04094967246055603,9.799542427062988,-176.407470703125,0.07122629880905151
1783008618.67998,0.0,0.0,10.0,-0.6533893346786499,51.72029495239258,0.04094967246055603,9.799542427062988,-176.407470703125,0.07122629880905151
1783008618.69084,0.0,0.0,10.0,-0.6533893346786499,51.72029495239258,0.04094967246055603,9.799542427062988,-176.407470703125,0.07122629880905151
1783008618.696031,0.0,0.0,10.0,-0.6533893346786499,51.72029495239258,0.04094967246055603,9.799542427062988,-176.407470703125,0.07122629880905151
1783008618.703621,0.0,0.0,10.0,-0.6533893346786499,51.72029495239258,0.04094967246055603,9.799542427062988,-176.407470703125,0.07122629880905151
1783008618.712398,0.0,0.0,10.0,-0.6533893346786499,51.72029495239258,0.04094967246055603,9.799542427062988,-176.407470703125,0.07122629880905151
1783008618.71967,0.0,0.0,10.0,-0.6533893346786499,51.72029495239258,0.04094967246055603,9.799542427062988,-176.407470703125,0.07122629880905151
1783008618.72518,0.0,0.0,10.0,-0.653731644153595,51.71978759765625,0.040766265243291855,9.799542427062988,-176.407470703125,0.07122629880905151
1783008618.731744,0.0,0.0,10.0,-0.653731644153595,51.71978759765625,0.040766265243291855,9.799542427062988,-176.407470703125,0.07122629880905151
1783008618.740677,0.0,0.0,10.0,-0.653731644153595,51.71978759765625,0.040766265243291855,9.799542427062988,-176.407470703125,0.07122629880905151
1783008618.746068,0.0,0.0,10.0,-0.653731644153595,51.71978759765625,0.040766265243291855,9.799542427062988,-176.407470703125,0.07122629880905151
1783008618.75287,0.0,0.0,10.0,-0.653731644153595,51.71978759765625,0.040766265243291855,9.799542427062988,-176.407470703125,0.07122629880905151
1783008618.758706,0.0,0.0,10.0,-0.653731644153595,51.71978759765625,0.040766265243291855,9.799542427062988,-176.407470703125,0.07122629880905151
1783008618.765617,0.0,0.0,10.0,-0.653731644153595,51.71978759765625,0.040766265243291855,9.799542427062988,-176.407470703125,0.07122629880905151
1783008618.771165,0.0,0.0,10.0,-0.653731644153595,51.71978759765625,0.040766265243291855,9.799542427062988,-176.407470703125,0.07122629880905151
1783008618.776913,0.0,0.0,10.0,-0.6545191407203674,51.720855712890625,0.03963127359747887,9.799578666687012,-176.473388671875,0.07165177911520004
1783008618.784563,0.0,0.0,10.0,-0.6545191407203674,51.720855712890625,0.03963127359747887,9.799578666687012,-176.473388671875,0.07165177911520004
1783008618.801671,0.0,0.0,10.0,-0.6545191407203674,51.720855712890625,0.03963127359747887,9.799578666687012,-176.473388671875,0.07165177911520004
1783008618.807118,0.0,0.0,10.0,-0.6545191407203674,51.720855712890625,0.03963127359747887,9.799578666687012,-176.473388671875,0.07165177911520004
1783008618.81365,0.0,0.0,10.0,-0.6545191407203674,51.720855712890625,0.03963127359747887,9.799578666687012,-176.473388671875,0.07165177911520004
1783008618.818862,0.0,0.0,10.0,-0.6545191407203674,51.720855712890625,0.03963127359747887,9.799578666687012,-176.473388671875,0.07165177911520004
1783008618.824533,0.0,0.0,10.0,-0.6535361409187317,51.71980667114258,0.04052010551095009,9.799578666687012,-176.473388671875,0.07165177911520004
1783008618.830045,0.0,0.0,10.0,-0.6535361409187317,51.71980667114258,0.04052010551095009,9.799578666687012,-176.473388671875,0.07165177911520004
1783008618.836912,0.0,0.0,10.0,-0.6535361409187317,51.71980667114258,0.04052010551095009,9.799578666687012,-176.473388671875,0.07165177911520004
1783008618.849945,0.0,0.0,10.0,-0.6535361409187317,51.71980667114258,0.04052010551095009,9.799578666687012,-176.473388671875,0.07165177911520004
1783008618.855292,0.0,0.0,10.0,-0.6535361409187317,51.71980667114258,0.04052010551095009,9.799578666687012,-176.473388671875,0.07165177911520004
1783008618.862252,0.0,0.0,10.0,-0.6535361409187317,51.71980667114258,0.04052010551095009,9.799578666687012,-176.473388671875,0.07165177911520004
1783008618.867574,0.0,0.0,10.0,-0.6535361409187317,51.71980667114258,0.04052010551095009,9.799578666687012,-176.473388671875,0.07165177911520004
1783008618.876456,0.0,0.0,10.0,-0.6531821489334106,51.7196159362793,0.04175834357738495,9.800008773803711,-176.429443359375,0.07224435359239578
1783008618.881881,0.0,0.0,10.0,-0.6531821489334106,51.7196159362793,0.04175834357738495,9.800008773803711,-176.429443359375,0.07224435359239578
1783008618.888878,0.0,0.0,10.0,-0.6531821489334106,51.7196159362793,0.04175834357738495,9.800008773803711,-176.429443359375,0.07224435359239578
1783008618.906997,0.0,0.0,10.0,-0.6531821489334106,51.7196159362793,0.04175834357738495,9.800008773803711,-176.429443359375,0.07224435359239578
1783008618.912658,0.0,0.0,10.0,-0.6531821489334106,51.7196159362793,0.04175834357738495,9.800008773803711,-176.429443359375,0.07224435359239578
1783008618.917861,0.0,0.0,10.0,-0.6531821489334106,51.7196159362793,0.04175834357738495,9.800008773803711,-176.429443359375,0.07224435359239578
1783008618.924245,0.0,0.0,10.0,-0.6527076363563538,51.72058868408203,0.0416296012699604,9.800008773803711,-176.429443359375,0.07224435359239578
1783008618.930714,0.0,0.0,10.0,-0.6527076363563538,51.72058868408203,0.0416296012699604,9.800008773803711,-176.429443359375,0.07224435359239578
1783008618.937325,0.0,0.0,10.0,-0.6527076363563538,51.72058868408203,0.0416296012699604,9.800008773803711,-176.429443359375,0.07224435359239578
1783008618.947939,0.0,0.0,10.0,-0.6527076363563538,51.72058868408203,0.0416296012699604,9.800008773803711,-176.429443359375,0.07224435359239578
1783008618.95389,0.0,0.0,10.0,-0.6527076363563538,51.72058868408203,0.0416296012699604,9.800008773803711,-176.429443359375,0.07224435359239578
1783008618.959981,0.0,0.0,10.0,-0.6527076363563538,51.72058868408203,0.0416296012699604,9.800008773803711,-176.429443359375,0.07224435359239578
1783008618.965451,0.0,0.0,10.0,-0.6527076363563538,51.72058868408203,0.0416296012699604,9.800008773803711,-176.429443359375,0.07224435359239578
1783008618.970951,0.0,0.0,10.0,-0.6531514525413513,51.72128677368164,0.04230917990207672,9.800008773803711,-176.429443359375,0.07224435359239578
1783008618.977985,0.0,0.0,10.0,-0.6531514525413513,51.72128677368164,0.04230917990207672,9.798903465270996,-176.407470703125,0.07120144367218018
1783008618.983507,0.0,0.0,10.0,-0.6531514525413513,51.72128677368164,0.04230917990207672,9.798903465270996,-176.407470703125,0.07120144367218018
1783008618.989246,0.0,0.0,10.0,-0.6531514525413513,51.72128677368164,0.04230917990207672,9.798903465270996,-176.407470703125,0.07120144367218018
1783008619.005369,0.0,0.0,10.0,-0.6531514525413513,51.72128677368164,0.04230917990207672,9.798903465270996,-176.407470703125,0.07120144367218018
1783008619.011293,0.0,0.0,10.0,-0.6531514525413513,51.72128677368164,0.04230917990207672,9.798903465270996,-176.407470703125,0.07120144367218018
1783008619.016847,0.0,0.0,10.0,-0.6531514525413513,51.72128677368164,0.04230917990207672,9.798903465270996,-176.407470703125,0.07120144367218018
1783008619.021989,0.0,0.0,10.0,-0.6523556113243103,51.721595764160156,0.04293014854192734,9.798903465270996,-176.407470703125,0.07120144367218018
1783008619.027861,0.0,0.0,10.0,-0.6523556113243103,51.721595764160156,0.04293014854192734,9.798903465270996,-176.407470703125,0.07120144367218018
1783008619.034043,0.0,0.0,10.0,-0.6523556113243103,51.721595764160156,0.04293014854192734,9.798903465270996,-176.407470703125,0.07120144367218018
1783008619.039417,0.0,0.0,10.0,-0.6523556113243103,51.721595764160156,0.04293014854192734,9.798903465270996,-176.407470703125,0.07120144367218018
1783008619.065325,0.0,0.0,10.0,-0.6523556113243103,51.721595764160156,0.04293014854192734,9.798903465270996,-176.407470703125,0.07120144367218018
1783008619.072791,0.0,0.0,10.0,-0.6523556113243103,51.721595764160156,0.04293014854192734,9.798903465270996,-176.407470703125,0.07120144367218018
1783008619.078699,0.0,0.0,10.0,-0.652647852897644,51.72217559814453,0.04399022459983826,9.79910659790039,-176.429443359375,0.07356692105531693
1783008619.084758,0.0,0.0,10.0,-0.652647852897644,51.72217559814453,0.04399022459983826,9.79910659790039,-176.429443359375,0.07356692105531693
1783008619.090781,0.0,0.0,10.0,-0.652647852897644,51.72217559814453,0.04399022459983826,9.79910659790039,-176.429443359375,0.07356692105531693
1783008619.111903,0.0,0.0,10.0,-0.652647852897644,51.72217559814453,0.04399022459983826,9.79910659790039,-176.429443359375,0.07356692105531693
1783008619.117916,0.0,0.0,10.0,-0.652647852897644,51.72217559814453,0.04399022459983826,9.79910659790039,-176.429443359375,0.07356692105531693
1783008619.123714,0.0,0.0,10.0,-0.6529309749603271,51.721839904785156,0.043426766991615295,9.79910659790039,-176.429443359375,0.07356692105531693
1783008619.129834,0.0,0.0,10.0,-0.6529309749603271,51.721839904785156,0.043426766991615295,9.79910659790039,-176.429443359375,0.07356692105531693
1783008619.135367,0.0,0.0,10.0,-0.6529309749603271,51.721839904785156,0.043426766991615295,9.79910659790039,-176.429443359375,0.07356692105531693
1783008619.140894,0.0,0.0,10.0,-0.6529309749603271,51.721839904785156,0.043426766991615295,9.79910659790039,-176.429443359375,0.07356692105531693
1783008619.147283,0.0,0.0,10.0,-0.6529309749603271,51.721839904785156,0.043426766991615295,9.79910659790039,-176.429443359375,0.07356692105531693
1783008619.16372,0.0,0.0,10.0,-0.6529309749603271,51.721839904785156,0.043426766991615295,9.79910659790039,-176.429443359375,0.07356692105531693
1783008619.169234,0.0,0.0,10.0,-0.6529309749603271,51.721839904785156,0.043426766991615295,9.79910659790039,-176.429443359375,0.07356692105531693
1783008619.174873,0.0,0.0,10.0,-0.6524726748466492,51.7230339050293,0.0438297837972641,9.799978256225586,-176.451416015625,0.0711745172739029
1783008619.181022,0.0,0.0,10.0,-0.6524726748466492,51.7230339050293,0.0438297837972641,9.799978256225586,-176.451416015625,0.0711745172739029
1783008619.187658,0.0,0.0,10.0,-0.6524726748466492,51.7230339050293,0.0438297837972641,9.799978256225586,-176.451416015625,0.0711745172739029
1783008619.1937,0.0,0.0,10.0,-0.6524726748466492,51.7230339050293,0.0438297837972641,9.799978256225586,-176.451416015625,0.0711745172739029
1783008619.211962,0.0,0.0,10.0,-0.6524726748466492,51.7230339050293,0.0438297837972641,9.799978256225586,-176.451416015625,0.0711745172739029
1783008619.217964,0.0,0.0,10.0,-0.6524726748466492,51.7230339050293,0.0438297837972641,9.799978256225586,-176.451416015625,0.0711745172739029
1783008619.227791,0.0,0.0,10.0,-0.6520329117774963,51.72291564941406,0.04340239241719246,9.799978256225586,-176.451416015625,0.0711745172739029
1783008619.234061,0.0,0.0,10.0,-0.6520329117774963,51.72291564941406,0.04340239241719246,9.799978256225586,-176.451416015625,0.0711745172739029
1783008619.239634,0.0,0.0,10.0,-0.6520329117774963,51.72291564941406,0.04340239241719246,9.799978256225586,-176.451416015625,0.0711745172739029
1783008619.246347,0.0,0.0,10.0,-0.6520329117774963,51.72291564941406,0.04340239241719246,9.799978256225586,-176.451416015625,0.0711745172739029
1783008619.252004,0.0,0.0,10.0,-0.6520329117774963,51.72291564941406,0.04340239241719246,9.799978256225586,-176.451416015625,0.0711745172739029
1783008619.257256,0.0,0.0,10.0,-0.6520329117774963,51.72291564941406,0.04340239241719246,9.799978256225586,-176.451416015625,0.0711745172739029
1783008619.274015,0.0,0.0,10.0,-0.6520329117774963,51.72291564941406,0.04340239241719246,9.799978256225586,-176.451416015625,0.0711745172739029
1783008619.279295,0.0,0.0,10.0,-0.6529060006141663,51.72300720214844,0.04200511425733566,9.800271034240723,-176.429443359375,0.07334807515144348
1783008619.284911,0.0,0.0,10.0,-0.6529060006141663,51.72300720214844,0.04200511425733566,9.800271034240723,-176.429443359375,0.07334807515144348
1783008619.291074,0.0,0.0,10.0,-0.6529060006141663,51.72300720214844,0.04200511425733566,9.800271034240723,-176.429443359375,0.07334807515144348
1783008619.296618,0.0,0.0,10.0,-0.6529060006141663,51.72300720214844,0.04200511425733566,9.800271034240723,-176.429443359375,0.07334807515144348
1783008619.3128,0.0,0.0,10.0,-0.6529060006141663,51.72300720214844,0.04200511425733566,9.800271034240723,-176.429443359375,0.07334807515144348
1783008619.318282,0.0,0.0,10.0,-0.6529060006141663,51.72300720214844,0.04200511425733566,9.800271034240723,-176.429443359375,0.07334807515144348
1783008619.323749,0.0,0.0,10.0,-0.6531559824943542,51.723758697509766,0.04147172346711159,9.800271034240723,-176.429443359375,0.07334807515144348
1783008619.330303,0.0,0.0,10.0,-0.6531559824943542,51.723758697509766,0.04147172346711159,9.800271034240723,-176.429443359375,0.07334807515144348
1783008619.336945,0.0,0.0,10.0,-0.6531559824943542,51.723758697509766,0.04147172346711159,9.800271034240723,-176.429443359375,0.07334807515144348
1783008619.342368,0.0,0.0,10.0,-0.6531559824943542,51.723758697509766,0.04147172346711159,9.800271034240723,-176.429443359375,0.07334807515144348
1783008619.347964,0.0,0.0,10.0,-0.6531559824943542,51.723758697509766,0.04147172346711159,9.800271034240723,-176.429443359375,0.07334807515144348
1783008619.353941,0.0,0.0,10.0,-0.6531559824943542,51.723758697509766,0.04147172346711159,9.800271034240723,-176.429443359375,0.07334807515144348
1783008619.366935,0.0,0.0,10.0,-0.6531559824943542,51.723758697509766,0.04147172346711159,9.800271034240723,-176.429443359375,0.07334807515144348
1783008619.372439,0.0,0.0,10.0,-0.6526433229446411,51.722869873046875,0.04184788465499878,9.800271034240723,-176.429443359375,0.07334807515144348
1783008619.379224,0.0,0.0,10.0,-0.6526433229446411,51.722869873046875,0.04184788465499878,9.80025577545166,-176.407470703125,0.07266762852668762
1783008619.384481,0.0,0.0,10.0,-0.6526433229446411,51.722869873046875,0.04184788465499878,9.80025577545166,-176.407470703125,0.07266762852668762
1783008619.390668,0.0,0.0,10.0,-0.6526433229446411,51.722869873046875,0.04184788465499878,9.80025577545166,-176.407470703125,0.07266762852668762
1783008619.39643,0.0,0.0,10.0,-0.6526433229446411,51.722869873046875,0.04184788465499878,9.80025577545166,-176.407470703125,0.07266762852668762
1783008619.403434,0.0,0.0,10.0,-0.6526433229446411,51.722869873046875,0.04184788465499878,9.80025577545166,-176.407470703125,0.07266762852668762
1783008619.414834,0.0,0.0,10.0,-0.6526433229446411,51.722869873046875,0.04184788465499878,9.80025577545166,-176.407470703125,0.07266762852668762
1783008619.420313,0.0,0.0,10.0,-0.6539434194564819,51.7232551574707,0.04262617975473404,9.80025577545166,-176.407470703125,0.07266762852668762
1783008619.427177,0.0,0.0,10.0,-0.6539434194564819,51.7232551574707,0.04262617975473404,9.80025577545166,-176.407470703125,0.07266762852668762
1783008619.43259,0.0,0.0,10.0,-0.6539434194564819,51.7232551574707,0.04262617975473404,9.80025577545166,-176.407470703125,0.07266762852668762
1783008619.439116,0.0,0.0,10.0,-0.6539434194564819,51.7232551574707,0.04262617975473404,9.80025577545166,-176.407470703125,0.07266762852668762
1783008619.444691,0.0,0.0,10.0,-0.6539434194564819,51.7232551574707,0.04262617975473404,9.80025577545166,-176.407470703125,0.07266762852668762
1783008619.450449,0.0,0.0,10.0,-0.6539434194564819,51.7232551574707,0.04262617975473404,9.80025577545166,-176.407470703125,0.07266762852668762
1783008619.45655,0.0,0.0,10.0,-0.6539434194564819,51.7232551574707,0.04262617975473404,9.80025577545166,-176.407470703125,0.07266762852668762
1783008619.471143,0.0,0.0,10.0,-0.6539434194564819,51.7232551574707,0.04262617975473404,9.80025577545166,-176.407470703125,0.07266762852668762
1783008619.476597,0.0,0.0,10.0,-0.6530253291130066,51.72429656982422,0.04235713928937912,9.80025577545166,-176.407470703125,0.07266762852668762
1783008619.482761,0.0,0.0,10.0,-0.6530253291130066,51.72429656982422,0.04235713928937912,9.800237655639648,-176.429443359375,0.07381954044103622
1783008619.488159,0.0,0.0,10.0,-0.6530253291130066,51.72429656982422,0.04235713928937912,9.800237655639648,-176.429443359375,0.07381954044103622
1783008619.493717,0.0,0.0,10.0,-0.6530253291130066,51.72429656982422,0.04235713928937912,9.800237655639648,-176.429443359375,0.07381954044103622
1783008619.499204,0.0,0.0,10.0,-0.6530253291130066,51.72429656982422,0.04235713928937912,9.800237655639648,-176.429443359375,0.07381954044103622
1783008619.504755,0.0,0.0,10.0,-0.6530253291130066,51.72429656982422,0.04235713928937912,9.800237655639648,-176.429443359375,0.07381954044103622
1783008619.518426,0.0,0.0,10.0,-0.6530253291130066,51.72429656982422,0.04235713928937912,9.800237655639648,-176.429443359375,0.07381954044103622
1783008619.523988,0.0,0.0,10.0,-0.6534877419471741,51.72509765625,0.040853820741176605,9.800237655639648,-176.429443359375,0.07381954044103622
1783008619.530692,0.0,0.0,10.0,-0.6534877419471741,51.72509765625,0.040853820741176605,9.800237655639648,-176.429443359375,0.07381954044103622
1783008619.536667,0.0,0.0,10.0,-0.6534877419471741,51.72509765625,0.040853820741176605,9.800237655639648,-176.429443359375,0.07381954044103622
1783008619.542703,0.0,0.0,10.0,-0.6534877419471741,51.72509765625,0.040853820741176605,9.800237655639648,-176.429443359375,0.07381954044103622
1783008619.548263,0.0,0.0,10.0,-0.6534877419471741,51.72509765625,0.040853820741176605,9.800237655639648,-176.429443359375,0.07381954044103622
1783008619.553747,0.0,0.0,10.0,-0.6534877419471741,51.72509765625,0.040853820741176605,9.800237655639648,-176.429443359375,0.07381954044103622
1783008619.559316,0.0,0.0,10.0,-0.6534877419471741,51.72509765625,0.040853820741176605,9.800237655639648,-176.429443359375,0.07381954044103622
1783008619.574011,0.0,0.0,10.0,-0.6534877419471741,51.72509765625,0.040853820741176605,9.800237655639648,-176.429443359375,0.07381954044103622
1783008619.579827,0.0,0.0,10.0,-0.6527064442634583,51.725746154785156,0.04165821149945259,9.801545143127441,-176.473388671875,0.07423141598701477
1783008619.585833,0.0,0.0,10.0,-0.6527064442634583,51.725746154785156,0.04165821149945259,9.801545143127441,-176.473388671875,0.07423141598701477
1783008619.591929,0.0,0.0,10.0,-0.6527064442634583,51.725746154785156,0.04165821149945259,9.801545143127441,-176.473388671875,0.07423141598701477
1783008619.598493,0.0,0.0,10.0,-0.6527064442634583,51.725746154785156,0.04165821149945259,9.801545143127441,-176.473388671875,0.07423141598701477
1783008619.60396,0.0,0.0,10.0,-0.6527064442634583,51.725746154785156,0.04165821149945259,9.801545143127441,-176.473388671875,0.07423141598701477
1783008619.610022,0.0,0.0,10.0,-0.6527064442634583,51.725746154785156,0.04165821149945259,9.801545143127441,-176.473388671875,0.07423141598701477
1783008619.623015,0.0,0.0,10.0,-0.6527064442634583,51.725746154785156,0.04165821149945259,9.801545143127441,-176.473388671875,0.07423141598701477
1783008619.629157,0.0,0.0,10.0,-0.6527368426322937,51.72618865966797,0.041840508580207825,9.801545143127441,-176.473388671875,0.07423141598701477
1783008619.634612,0.0,0.0,10.0,-0.6527368426322937,51.72618865966797,0.041840508580207825,9.801545143127441,-176.473388671875,0.07423141598701477
1783008619.640648,0.0,0.0,10.0,-0.6527368426322937,51.72618865966797,0.041840508580207825,9.801545143127441,-176.473388671875,0.07423141598701477
1783008619.646982,0.0,0.0,10.0,-0.6527368426322937,51.72618865966797,0.041840508580207825,9.801545143127441,-176.473388671875,0.07423141598701477
1783008619.652695,0.0,0.0,10.0,-0.6527368426322937,51.72618865966797,0.041840508580207825,9.801545143127441,-176.473388671875,0.07423141598701477
1783008619.659244,0.0,0.0,10.0,-0.6527368426322937,51.72618865966797,0.041840508580207825,9.801545143127441,-176.473388671875,0.07423141598701477
1783008619.675527,0.0,0.0,10.0,-0.6527368426322937,51.72618865966797,0.041840508580207825,9.801545143127441,-176.473388671875,0.07423141598701477
1783008619.6807,0.0,0.0,10.0,-0.6530537009239197,51.7258415222168,0.04239527881145477,9.798905372619629,-176.451416015625,0.07510370761156082
1783008619.685928,0.0,0.0,10.0,-0.6530537009239197,51.7258415222168,0.04239527881145477,9.798905372619629,-176.451416015625,0.07510370761156082
1783008619.691943,0.0,0.0,10.0,-0.6530537009239197,51.7258415222168,0.04239527881145477,9.798905372619629,-176.451416015625,0.07510370761156082
1783008619.701275,0.0,0.0,10.0,-0.6530537009239197,51.7258415222168,0.04239527881145477,9.798905372619629,-176.451416015625,0.07510370761156082
1783008619.70682,0.0,0.0,10.0,-0.6530537009239197,51.7258415222168,0.04239527881145477,9.798905372619629,-176.451416015625,0.07510370761156082
1783008619.734033,0.0,0.0,10.0,-0.6530537009239197,51.7258415222168,0.04239527881145477,9.798905372619629,-176.451416015625,0.07510370761156082
1783008619.739792,0.0,0.0,10.0,-0.6527859568595886,51.726112365722656,0.04055182263255119,9.798905372619629,-176.451416015625,0.07510370761156082
1783008619.7451,0.0,0.0,10.0,-0.6527859568595886,51.726112365722656,0.04055182263255119,9.798905372619629,-176.451416015625,0.07510370761156082
1783008619.751146,0.0,0.0,10.0,-0.6527859568595886,51.726112365722656,0.04055182263255119,9.798905372619629,-176.451416015625,0.07510370761156082
1783008619.756438,0.0,0.0,10.0,-0.6527859568595886,51.726112365722656,0.04055182263255119,9.798905372619629,-176.451416015625,0.07510370761156082
1783008619.77156,0.0,0.0,10.0,-0.6527859568595886,51.726112365722656,0.04055182263255119,9.798905372619629,-176.451416015625,0.07510370761156082
1783008619.776894,0.0,0.0,10.0,-0.6524091958999634,51.72649002075195,0.04043637961149216,9.798905372619629,-176.451416015625,0.07510370761156082
1783008619.782081,0.0,0.0,10.0,-0.6524091958999634,51.72649002075195,0.04043637961149216,9.799689292907715,-176.473388671875,0.0750766173005104
1783008619.799396,0.0,0.0,10.0,-0.6524091958999634,51.72649002075195,0.04043637961149216,9.799689292907715,-176.473388671875,0.0750766173005104
1783008619.804925,0.0,0.0,10.0,-0.6524091958999634,51.72649002075195,0.04043637961149216,9.799689292907715,-176.473388671875,0.0750766173005104
1783008619.810932,0.0,0.0,10.0,-0.6524091958999634,51.72649002075195,0.04043637961149216,9.799689292907715,-176.473388671875,0.0750766173005104
1783008619.816504,0.0,0.0,10.0,-0.6524091958999634,51.72649002075195,0.04043637961149216,9.799689292907715,-176.473388671875,0.0750766173005104
1783008619.823505,0.0,0.0,10.0,-0.6526100039482117,51.728275299072266,0.04039851203560829,9.799689292907715,-176.473388671875,0.0750766173005104
1783008619.82961,0.0,0.0,10.0,-0.6526100039482117,51.728275299072266,0.04039851203560829,9.799689292907715,-176.473388671875,0.0750766173005104
1783008619.83576,0.0,0.0,10.0,-0.6526100039482117,51.728275299072266,0.04039851203560829,9.799689292907715,-176.473388671875,0.0750766173005104
1783008619.844634,0.0,0.0,10.0,-0.6526100039482117,51.728275299072266,0.04039851203560829,9.799689292907715,-176.473388671875,0.0750766173005104
1783008619.850489,0.0,0.0,10.0,-0.6526100039482117,51.728275299072266,0.04039851203560829,9.799689292907715,-176.473388671875,0.0750766173005104
1783008619.856034,0.0,0.0,10.0,-0.6526100039482117,51.728275299072266,0.04039851203560829,9.799689292907715,-176.473388671875,0.0750766173005104
1783008619.862017,0.0,0.0,10.0,-0.6526100039482117,51.728275299072266,0.04039851203560829,9.799689292907715,-176.473388671875,0.0750766173005104
1783008619.867467,0.0,0.0,10.0,-0.6526100039482117,51.728275299072266,0.04039851203560829,9.799689292907715,-176.473388671875,0.0750766173005104
1783008619.873537,0.0,0.0,10.0,-0.6534093618392944,51.72952651977539,0.04027945175766945,9.799689292907715,-176.473388671875,0.0750766173005104
1783008619.879118,0.0,0.0,10.0,-0.6534093618392944,51.72952651977539,0.04027945175766945,9.799689292907715,-176.473388671875,0.0750766173005104
1783008619.885834,0.0,0.0,10.0,-0.6534093618392944,51.72952651977539,0.04027945175766945,9.799988746643066,-176.429443359375,0.07547769695520401
1783008619.90363,0.0,0.0,10.0,-0.6534093618392944,51.72952651977539,0.04027945175766945,9.799988746643066,-176.429443359375,0.07547769695520401
1783008619.909454,0.0,0.0,10.0,-0.6534093618392944,51.72952651977539,0.04027945175766945,9.799988746643066,-176.429443359375,0.07547769695520401
1783008619.915349,0.0,0.0,10.0,-0.6534093618392944,51.72952651977539,0.04027945175766945,9.799988746643066,-176.429443359375,0.07547769695520401
1783008619.921182,0.0,0.0,10.0,-0.6534093618392944,51.72952651977539,0.04027945175766945,9.799988746643066,-176.429443359375,0.07547769695520401
1783008619.927609,0.0,0.0,10.0,-0.6524573564529419,51.730865478515625,0.04120015352964401,9.799988746643066,-176.429443359375,0.07547769695520401
1783008619.933327,0.0,0.0,10.0,-0.6524573564529419,51.730865478515625,0.04120015352964401,9.799988746643066,-176.429443359375,0.07547769695520401
1783008619.938978,0.0,0.0,10.0,-0.6524573564529419,51.730865478515625,0.04120015352964401,9.799988746643066,-176.429443359375,0.07547769695520401
1783008619.9509,0.0,0.0,10.0,-0.6524573564529419,51.730865478515625,0.04120015352964401,9.799988746643066,-176.429443359375,0.07547769695520401
1783008619.956877,0.0,0.0,10.0,-0.6524573564529419,51.730865478515625,0.04120015352964401,9.799988746643066,-176.429443359375,0.07547769695520401
1783008619.964301,0.0,0.0,10.0,-0.6524573564529419,51.730865478515625,0.04120015352964401,9.799988746643066,-176.429443359375,0.07547769695520401
1783008619.969862,0.0,0.0,10.0,-0.6524573564529419,51.730865478515625,0.04120015352964401,9.799988746643066,-176.429443359375,0.07547769695520401
1783008619.977375,0.0,0.0,10.0,-0.6526892185211182,51.73149871826172,0.041018176823854446,9.799988746643066,-176.429443359375,0.07547769695520401
1783008619.982727,0.0,0.0,10.0,-0.6526892185211182,51.73149871826172,0.041018176823854446,9.757986068725586,-176.407470703125,0.07618474215269089
1783008619.98846,0.0,0.0,10.0,-0.6526892185211182,51.73149871826172,0.041018176823854446,9.757986068725586,-176.407470703125,0.07618474215269089
1783008620.005804,0.0,0.0,10.0,-0.6526892185211182,51.73149871826172,0.041018176823854446,9.757986068725586,-176.407470703125,0.07618474215269089
1783008620.011307,0.0,0.0,10.0,-0.6526892185211182,51.73149871826172,0.041018176823854446,9.757986068725586,-176.407470703125,0.07618474215269089
1783008620.017418,0.0,0.0,10.0,-0.6526892185211182,51.73149871826172,0.041018176823854446,9.757986068725586,-176.407470703125,0.07618474215269089
1783008620.022659,0.0,0.0,10.0,-0.6529163718223572,51.73246383666992,0.04033191129565239,9.757986068725586,-176.407470703125,0.07618474215269089
1783008620.029261,0.0,0.0,10.0,-0.6529163718223572,51.73246383666992,0.04033191129565239,9.757986068725586,-176.407470703125,0.07618474215269089
1783008620.035785,0.0,0.0,10.0,-0.6529163718223572,51.73246383666992,0.04033191129565239,9.757986068725586,-176.407470703125,0.07618474215269089
1783008620.041371,0.0,0.0,10.0,-0.6529163718223572,51.73246383666992,0.04033191129565239,9.757986068725586,-176.407470703125,0.07618474215269089
1783008620.059708,0.0,0.0,10.0,-0.6529163718223572,51.73246383666992,0.04033191129565239,9.757986068725586,-176.407470703125,0.07618474215269089
1783008620.065195,0.0,0.0,10.0,-0.6529163718223572,51.73246383666992,0.04033191129565239,9.757986068725586,-176.407470703125,0.07618474215269089
1783008620.07075,0.0,0.0,10.0,-0.6529163718223572,51.73246383666992,0.04033191129565239,9.757986068725586,-176.407470703125,0.07618474215269089
1783008620.076098,0.0,0.0,10.0,-0.6524220108985901,51.73341369628906,0.039962973445653915,9.757986068725586,-176.407470703125,0.07618474215269089
1783008620.081994,0.0,0.0,10.0,-0.6524220108985901,51.73341369628906,0.039962973445653915,9.621041297912598,-176.143798828125,0.07578189671039581
1783008620.088253,0.0,0.0,10.0,-0.6524220108985901,51.73341369628906,0.039962973445653915,9.621041297912598,-176.143798828125,0.07578189671039581
1783008620.097557,0.0,0.0,10.0,-0.6524220108985901,51.73341369628906,0.039962973445653915,9.621041297912598,-176.143798828125,0.07578189671039581
1783008620.114153,0.0,0.0,10.0,-0.6524220108985901,51.73341369628906,0.039962973445653915,9.621041297912598,-176.143798828125,0.07578189671039581
1783008620.120389,0.0,0.0,10.0,-0.6524220108985901,51.73341369628906,0.039962973445653915,9.621041297912598,-176.143798828125,0.07578189671039581
1783008620.126572,0.0,0.0,10.0,-0.6523298025131226,51.732696533203125,0.039140958338975906,9.621041297912598,-176.143798828125,0.07578189671039581
1783008620.133168,0.0,0.0,10.0,-0.6523298025131226,51.732696533203125,0.039140958338975906,9.621041297912598,-176.143798828125,0.07578189671039581
1783008620.138505,0.0,0.0,10.0,-0.6523298025131226,51.732696533203125,0.039140958338975906,9.621041297912598,-176.143798828125,0.07578189671039581
1783008620.14368,0.0,0.0,10.0,-0.6523298025131226,51.732696533203125,0.039140958338975906,9.621041297912598,-176.143798828125,0.07578189671039581
1783008620.14958,0.0,0.0,10.0,-0.6523298025131226,51.732696533203125,0.039140958338975906,9.621041297912598,-176.143798828125,0.07578189671039581
1783008620.157712,0.0,0.0,10.0,-0.6523298025131226,51.732696533203125,0.039140958338975906,9.621041297912598,-176.143798828125,0.07578189671039581
1783008620.165072,0.0,0.0,10.0,-0.6523298025131226,51.732696533203125,0.039140958338975906,9.621041297912598,-176.143798828125,0.07578189671039581
1783008620.172078,0.0,0.0,10.0,-0.6529912352561951,51.73141860961914,0.03929973393678665,9.621041297912598,-176.143798828125,0.07578189671039581
1783008620.178111,0.0,0.0,10.0,-0.6529912352561951,51.73141860961914,0.03929973393678665,9.621041297912598,-176.143798828125,0.07578189671039581
1783008620.184125,0.0,0.0,10.0,-0.6529912352561951,51.73141860961914,0.03929973393678665,9.476934432983398,-175.748291015625,0.07686914503574371
1783008620.18954,0.0,0.0,10.0,-0.6529912352561951,51.73141860961914,0.03929973393678665,9.476934432983398,-175.748291015625,0.07686914503574371
1783008620.194886,0.0,0.0,10.0,-0.6529912352561951,51.73141860961914,0.03929973393678665,9.476934432983398,-175.748291015625,0.07686914503574371
1783008620.200807,0.0,0.0,10.0,-0.6529912352561951,51.73141860961914,0.03929973393678665,9.476934432983398,-175.748291015625,0.07686914503574371
1783008620.208698,0.0,0.0,10.0,-0.6529912352561951,51.73141860961914,0.03929973393678665,9.476934432983398,-175.748291015625,0.07686914503574371
1783008620.215352,0.0,0.0,10.0,-0.6529912352561951,51.73141860961914,0.03929973393678665,9.476934432983398,-175.748291015625,0.07686914503574371
1783008620.221851,0.0,0.0,10.0,-0.6534256339073181,51.73056411743164,0.03750962018966675,9.476934432983398,-175.748291015625,0.07686914503574371
1783008620.228384,0.0,0.0,10.0,-0.6534256339073181,51.73056411743164,0.03750962018966675,9.476934432983398,-175.748291015625,0.07686914503574371
1783008620.234316,0.0,0.0,10.0,-0.6534256339073181,51.73056411743164,0.03750962018966675,9.476934432983398,-175.748291015625,0.07686914503574371
1783008620.240941,0.0,0.0,10.0,-0.6534256339073181,51.73056411743164,0.03750962018966675,9.476934432983398,-175.748291015625,0.07686914503574371
1783008620.24645,0.0,0.0,10.0,-0.6534256339073181,51.73056411743164,0.03750962018966675,9.476934432983398,-175.748291015625,0.07686914503574371
1783008620.251938,0.0,0.0,10.0,-0.6534256339073181,51.73056411743164,0.03750962018966675,9.476934432983398,-175.748291015625,0.07686914503574371
1783008620.257496,0.0,0.0,10.0,-0.6534256339073181,51.73056411743164,0.03750962018966675,9.476934432983398,-175.748291015625,0.07686914503574371
1783008620.267883,0.0,0.0,10.0,-0.6534256339073181,51.73056411743164,0.03750962018966675,9.476934432983398,-175.748291015625,0.07686914503574371
1783008620.273737,0.0,0.0,10.0,-0.6510398983955383,51.72966003417969,0.03646739572286606,9.476934432983398,-175.748291015625,0.07686914503574371
1783008620.279177,0.0,0.0,10.0,-0.6510398983955383,51.72966003417969,0.03646739572286606,9.476934432983398,-175.748291015625,0.07686914503574371
1783008620.284456,0.0,0.0,10.0,-0.6510398983955383,51.72966003417969,0.03646739572286606,9.311681747436523,-175.286865234375,0.07687517255544662
1783008620.290057,0.0,0.0,10.0,-0.6510398983955383,51.72966003417969,0.03646739572286606,9.311681747436523,-175.286865234375,0.07687517255544662
1783008620.295783,0.0,0.0,10.0,-0.6510398983955383,51.72966003417969,0.03646739572286606,9.311681747436523,-175.286865234375,0.07687517255544662
1783008620.301023,0.0,0.0,10.0,-0.6510398983955383,51.72966003417969,0.03646739572286606,9.311681747436523,-175.286865234375,0.07687517255544662
1783008620.31752,0.0,0.0,10.0,-0.6510398983955383,51.72966003417969,0.03646739572286606,9.311681747436523,-175.286865234375,0.07687517255544662
1783008620.322879,0.0,0.0,10.0,-0.651718020439148,51.72892761230469,0.03596692159771919,9.311681747436523,-175.286865234375,0.07687517255544662
1783008620.32943,0.0,0.0,10.0,-0.651718020439148,51.72892761230469,0.03596692159771919,9.311681747436523,-175.286865234375,0.07687517255544662
1783008620.335477,0.0,0.0,10.0,-0.651718020439148,51.72892761230469,0.03596692159771919,9.311681747436523,-175.286865234375,0.07687517255544662
1783008620.340738,0.0,0.0,10.0,-0.651718020439148,51.72892761230469,0.03596692159771919,9.311681747436523,-175.286865234375,0.07687517255544662
1783008620.346557,0.0,0.0,10.0,-0.651718020439148,51.72892761230469,0.03596692159771919,9.311681747436523,-175.286865234375,0.07687517255544662
1783008620.352266,0.0,0.0,10.0,-0.651718020439148,51.72892761230469,0.03596692159771919,9.311681747436523,-175.286865234375,0.07687517255544662
1783008620.36875,0.0,0.0,10.0,-0.651718020439148,51.72892761230469,0.03596692159771919,9.311681747436523,-175.286865234375,0.07687517255544662
1783008620.376406,0.0,0.0,10.0,-0.651718020439148,51.72892761230469,0.03596692159771919,9.311681747436523,-175.286865234375,0.07687517255544662
1783008620.381801,0.0,0.0,10.0,-0.6522229909896851,51.728302001953125,0.035955760627985,9.137802124023438,-174.847412109375,0.07797838002443314
1783008620.3876,0.0,0.0,10.0,-0.6522229909896851,51.728302001953125,0.035955760627985,9.137802124023438,-174.847412109375,0.07797838002443314
1783008620.392816,0.0,0.0,10.0,-0.6522229909896851,51.728302001953125,0.035955760627985,9.137802124023438,-174.847412109375,0.07797838002443314
1783008620.398399,0.0,0.0,10.0,-0.6522229909896851,51.728302001953125,0.035955760627985,9.137802124023438,-174.847412109375,0.07797838002443314
1783008620.404424,0.0,0.0,10.0,-0.6522229909896851,51.728302001953125,0.035955760627985,9.137802124023438,-174.847412109375,0.07797838002443314
1783008620.422237,0.0,0.0,10.0,-0.6522229909896851,51.728302001953125,0.035955760627985,9.137802124023438,-174.847412109375,0.07797838002443314
1783008620.429196,0.0,0.0,10.0,-0.6538411974906921,51.72819519042969,0.03507141023874283,9.137802124023438,-174.847412109375,0.07797838002443314
1783008620.43492,0.0,0.0,10.0,-0.6538411974906921,51.72819519042969,0.03507141023874283,9.137802124023438,-174.847412109375,0.07797838002443314
1783008620.44098,0.0,0.0,10.0,-0.6538411974906921,51.72819519042969,0.03507141023874283,9.137802124023438,-174.847412109375,0.07797838002443314
1783008620.447163,0.0,0.0,10.0,-0.6538411974906921,51.72819519042969,0.03507141023874283,9.137802124023438,-174.847412109375,0.07797838002443314
1783008620.45368,0.0,0.0,10.0,-0.6538411974906921,51.72819519042969,0.03507141023874283,9.137802124023438,-174.847412109375,0.07797838002443314
1783008620.461547,0.0,0.0,10.0,-0.6538411974906921,51.72819519042969,0.03507141023874283,9.137802124023438,-174.847412109375,0.07797838002443314
1783008620.471848,0.0,0.0,10.0,-0.6538411974906921,51.72819519042969,0.03507141023874283,9.137802124023438,-174.847412109375,0.07797838002443314
1783008620.477792,0.0,0.0,10.0,-0.6519162654876709,51.72758102416992,0.03598592430353165,9.137802124023438,-174.847412109375,0.07797838002443314
1783008620.483756,0.0,0.0,10.0,-0.6519162654876709,51.72758102416992,0.03598592430353165,9.137802124023438,-174.847412109375,0.07797838002443314
1783008620.489232,0.0,0.0,10.0,-0.6519162654876709,51.72758102416992,0.03598592430353165,8.963038444519043,-174.385986328125,0.07814197987318039
1783008620.494833,0.0,0.0,10.0,-0.6519162654876709,51.72758102416992,0.03598592430353165,8.963038444519043,-174.385986328125,0.07814197987318039
1783008620.501851,0.0,0.0,10.0,-0.6519162654876709,51.72758102416992,0.03598592430353165,8.963038444519043,-174.385986328125,0.07814197987318039
1783008620.507402,0.0,0.0,10.0,-0.6519162654876709,51.72758102416992,0.03598592430353165,8.963038444519043,-174.385986328125,0.07814197987318039
1783008620.518954,0.0,0.0,10.0,-0.6519162654876709,51.72758102416992,0.03598592430353165,8.963038444519043,-174.385986328125,0.07814197987318039
1783008620.524522,0.0,0.0,10.0,-0.6536105275154114,51.72561264038086,0.03712178394198418,8.963038444519043,-174.385986328125,0.07814197987318039
1783008620.530511,0.0,0.0,10.0,-0.6536105275154114,51.72561264038086,0.03712178394198418,8.963038444519043,-174.385986328125,0.07814197987318039
1783008620.536021,0.0,0.0,10.0,-0.6536105275154114,51.72561264038086,0.03712178394198418,8.963038444519043,-174.385986328125,0.07814197987318039
1783008620.541522,0.0,0.0,10.0,-0.6536105275154114,51.72561264038086,0.03712178394198418,8.963038444519043,-174.385986328125,0.07814197987318039
1783008620.54706,0.0,0.0,10.0,-0.6536105275154114,51.72561264038086,0.03712178394198418,8.963038444519043,-174.385986328125,0.07814197987318039
1783008620.553566,0.0,0.0,10.0,-0.6536105275154114,51.72561264038086,0.03712178394198418,8.963038444519043,-174.385986328125,0.07814197987318039
1783008620.558979,0.0,0.0,10.0,-0.6536105275154114,51.72561264038086,0.03712178394198418,8.963038444519043,-174.385986328125,0.07814197987318039
1783008620.565179,0.0,0.0,10.0,-0.6536105275154114,51.72561264038086,0.03712178394198418,8.963038444519043,-174.385986328125,0.07814197987318039
1783008620.580012,0.0,0.0,10.0,-0.6536105275154114,51.72561264038086,0.03712178394198418,8.963038444519043,-174.385986328125,0.07814197987318039
1783008620.585987,0.0,0.0,10.0,-0.6540141105651855,51.72321701049805,0.0372309610247612,8.963038444519043,-174.385986328125,0.07814197987318039
1783008620.59132,0.0,0.0,10.0,-0.6540141105651855,51.72321701049805,0.0372309610247612,8.784747123718262,-173.902587890625,0.0788235068321228
1783008620.596854,0.0,0.0,10.0,-0.6540141105651855,51.72321701049805,0.0372309610247612,8.784747123718262,-173.902587890625,0.0788235068321228
1783008620.602884,0.0,0.0,10.0,-0.6540141105651855,51.72321701049805,0.0372309610247612,8.784747123718262,-173.902587890625,0.0788235068321228
1783008620.608858,0.0,0.0,10.0,-0.6540141105651855,51.72321701049805,0.0372309610247612,8.784747123718262,-173.902587890625,0.0788235068321228
1783008620.614351,0.0,0.0,10.0,-0.6540141105651855,51.72321701049805,0.0372309610247612,8.784747123718262,-173.902587890625,0.0788235068321228
1783008620.623322,0.0,0.0,10.0,-0.6540141105651855,51.72321701049805,0.0372309610247612,8.784747123718262,-173.902587890625,0.0788235068321228
1783008620.629513,0.0,0.0,10.0,-0.6527755260467529,51.72258758544922,0.036311373114585876,8.784747123718262,-173.902587890625,0.0788235068321228
1783008620.634991,0.0,0.0,10.0,-0.6527755260467529,51.72258758544922,0.036311373114585876,8.784747123718262,-173.902587890625,0.0788235068321228
1783008620.642526,0.0,0.0,10.0,-0.6527755260467529,51.72258758544922,0.036311373114585876,8.784747123718262,-173.902587890625,0.0788235068321228
1783008620.648527,0.0,0.0,10.0,-0.6527755260467529,51.72258758544922,0.036311373114585876,8.784747123718262,-173.902587890625,0.0788235068321228
1783008620.654555,0.0,0.0,10.0,-0.6527755260467529,51.72258758544922,0.036311373114585876,8.784747123718262,-173.902587890625,0.0788235068321228
1783008620.660579,0.0,0.0,10.0,-0.6527755260467529,51.72258758544922,0.036311373114585876,8.784747123718262,-173.902587890625,0.0788235068321228
1783008620.667117,0.0,0.0,10.0,-0.6527755260467529,51.72258758544922,0.036311373114585876,8.784747123718262,-173.902587890625,0.0788235068321228
1783008620.67681,0.0,0.0,10.0,-0.6527755260467529,51.72258758544922,0.036311373114585876,8.784747123718262,-173.902587890625,0.0788235068321228
1783008620.683992,0.0,0.0,10.0,-0.651942253112793,51.7215690612793,0.03605366125702858,8.784747123718262,-173.902587890625,0.0788235068321228
1783008620.69088,0.0,0.0,10.0,-0.651942253112793,51.7215690612793,0.03605366125702858,8.606921195983887,-173.463134765625,0.07817147672176361
1783008620.696596,0.0,0.0,10.0,-0.651942253112793,51.7215690612793,0.03605366125702858,8.606921195983887,-173.463134765625,0.07817147672176361
1783008620.702972,0.0,0.0,10.0,-0.651942253112793,51.7215690612793,0.03605366125702858,8.606921195983887,-173.463134765625,0.07817147672176361
1783008620.710088,0.0,0.0,10.0,-0.651942253112793,51.7215690612793,0.03605366125702858,8.606921195983887,-173.463134765625,0.07817147672176361
1783008620.716005,0.0,0.0,10.0,-0.651942253112793,51.7215690612793,0.03605366125702858,8.606921195983887,-173.463134765625,0.07817147672176361
1783008620.722245,0.0,0.0,10.0,-0.6531662940979004,51.720191955566406,0.03589534014463425,8.606921195983887,-173.463134765625,0.07817147672176361
1783008620.73822,0.0,0.0,10.0,-0.6531662940979004,51.720191955566406,0.03589534014463425,8.606921195983887,-173.463134765625,0.07817147672176361
1783008620.743576,0.0,0.0,10.0,-0.6531662940979004,51.720191955566406,0.03589534014463425,8.606921195983887,-173.463134765625,0.07817147672176361
1783008620.749007,0.0,0.0,10.0,-0.6531662940979004,51.720191955566406,0.03589534014463425,8.606921195983887,-173.463134765625,0.07817147672176361
1783008620.754532,0.0,0.0,10.0,-0.6531662940979004,51.720191955566406,0.03589534014463425,8.606921195983887,-173.463134765625,0.07817147672176361
1783008620.759785,0.0,0.0,10.0,-0.6531662940979004,51.720191955566406,0.03589534014463425,8.606921195983887,-173.463134765625,0.07817147672176361
1783008620.765608,0.0,0.0,10.0,-0.6531662940979004,51.720191955566406,0.03589534014463425,8.606921195983887,-173.463134765625,0.07817147672176361
1783008620.772166,0.0,0.0,10.0,-0.6536436080932617,51.71907424926758,0.03697136789560318,8.606921195983887,-173.463134765625,0.07817147672176361
1783008620.781114,0.0,0.0,10.0,-0.6536436080932617,51.71907424926758,0.03697136789560318,8.606921195983887,-173.463134765625,0.07817147672176361
1783008620.786498,0.0,0.0,10.0,-0.6536436080932617,51.71907424926758,0.03697136789560318,8.606921195983887,-173.463134765625,0.07817147672176361
1783008620.791982,0.0,0.0,10.0,-0.6536436080932617,51.71907424926758,0.03697136789560318,8.42825984954834,-172.979736328125,0.07953210920095444
1783008620.797369,0.0,0.0,10.0,-0.6536436080932617,51.71907424926758,0.03697136789560318,8.42825984954834,-172.979736328125,0.07953210920095444
1783008620.803466,0.0,0.0,10.0,-0.6536436080932617,51.71907424926758,0.03697136789560318,8.42825984954834,-172.979736328125,0.07953210920095444
1783008620.809007,0.0,0.0,10.0,-0.6536436080932617,51.71907424926758,0.03697136789560318,8.42825984954834,-172.979736328125,0.07953210920095444
1783008620.815047,0.0,0.0,10.0,-0.6536436080932617,51.71907424926758,0.03697136789560318,8.42825984954834,-172.979736328125,0.07953210920095444
1783008620.820255,0.0,0.0,10.0,-0.6535376310348511,51.718360900878906,0.03622356429696083,8.42825984954834,-172.979736328125,0.07953210920095444
1783008620.836109,0.0,0.0,10.0,-0.6535376310348511,51.718360900878906,0.03622356429696083,8.42825984954834,-172.979736328125,0.07953210920095444
1783008620.84252,0.0,0.0,10.0,-0.6535376310348511,51.718360900878906,0.03622356429696083,8.42825984954834,-172.979736328125,0.07953210920095444
1783008620.848054,0.0,0.0,10.0,-0.6535376310348511,51.718360900878906,0.03622356429696083,8.42825984954834,-172.979736328125,0.07953210920095444
1783008620.853601,0.0,0.0,10.0,-0.6535376310348511,51.718360900878906,0.03622356429696083,8.42825984954834,-172.979736328125,0.07953210920095444
1783008620.860119,0.0,0.0,10.0,-0.6535376310348511,51.718360900878906,0.03622356429696083,8.42825984954834,-172.979736328125,0.07953210920095444
1783008620.891124,0.0,0.0,10.0,-0.6535376310348511,51.718360900878906,0.03622356429696083,8.42825984954834,-172.979736328125,0.07953210920095444
1783008620.896961,0.0,0.0,10.0,-0.6535376310348511,51.718360900878906,0.03622356429696083,8.42825984954834,-172.979736328125,0.07953210920095444
1783008620.903799,0.0,0.0,10.0,-0.6531611084938049,51.71876907348633,0.037021491676568985,8.251646995544434,-172.540283203125,0.07923226058483124
1783008620.936791,0.0,0.0,10.0,-0.6531611084938049,51.71876907348633,0.037021491676568985,8.251646995544434,-172.540283203125,0.07923226058483124
1783008620.942811,0.0,0.0,10.0,-0.6548457741737366,51.71759796142578,0.037711482495069504,8.251646995544434,-172.540283203125,0.07923226058483124
1783008620.948805,0.0,0.0,10.0,-0.6548457741737366,51.71759796142578,0.037711482495069504,8.251646995544434,-172.540283203125,0.07923226058483124
1783008620.954315,0.0,0.0,10.0,-0.6548457741737366,51.71759796142578,0.037711482495069504,8.251646995544434,-172.540283203125,0.07923226058483124
1783008620.968221,0.0,0.0,10.0,-0.6548457741737366,51.71759796142578,0.037711482495069504,8.251646995544434,-172.540283203125,0.07923226058483124
1783008620.973661,0.0,0.0,10.0,-0.654478132724762,51.71799850463867,0.03684719279408455,8.251646995544434,-172.540283203125,0.07923226058483124
1783008620.979109,0.0,0.0,10.0,-0.654478132724762,51.71799850463867,0.03684719279408455,8.251646995544434,-172.540283203125,0.07923226058483124
1783008620.985823,0.0,0.0,10.0,-0.654478132724762,51.71799850463867,0.03684719279408455,8.251646995544434,-172.540283203125,0.07923226058483124
1783008620.991363,0.0,0.0,10.0,-0.654478132724762,51.71799850463867,0.03684719279408455,8.251646995544434,-172.540283203125,0.07923226058483124
1783008621.008109,0.0,0.0,10.0,-0.654478132724762,51.71799850463867,0.03684719279408455,8.251646995544434,-172.540283203125,0.07923226058483124
1783008621.01387,0.0,0.0,10.0,-0.654478132724762,51.71799850463867,0.03684719279408455,8.093494415283203,-172.078857421875,0.07883443683385849
1783008621.019378,0.0,0.0,10.0,-0.654478132724762,51.71799850463867,0.03684719279408455,8.093494415283203,-172.078857421875,0.07883443683385849
1783008621.024955,0.0,0.0,10.0,-0.6549813151359558,51.71805191040039,0.03671840578317642,8.093494415283203,-172.078857421875,0.07883443683385849
1783008621.031071,0.0,0.0,10.0,-0.6549813151359558,51.71805191040039,0.03671840578317642,8.093494415283203,-172.078857421875,0.07883443683385849
1783008621.036549,0.0,0.0,10.0,-0.6549813151359558,51.71805191040039,0.03671840578317642,8.093494415283203,-172.078857421875,0.07883443683385849
1783008621.042019,0.0,0.0,10.0,-0.6549813151359558,51.71805191040039,0.03671840578317642,8.093494415283203,-172.078857421875,0.07883443683385849
1783008621.047434,0.0,0.0,10.0,-0.6549813151359558,51.71805191040039,0.03671840578317642,8.093494415283203,-172.078857421875,0.07883443683385849
1783008621.056335,0.0,0.0,10.0,-0.6549813151359558,51.71805191040039,0.03671840578317642,8.093494415283203,-172.078857421875,0.07883443683385849
1783008621.062748,0.0,0.0,10.0,-0.6549813151359558,51.71805191040039,0.03671840578317642,8.093494415283203,-172.078857421875,0.07883443683385849
1783008621.068802,0.0,0.0,10.0,-0.6549813151359558,51.71805191040039,0.03671840578317642,8.093494415283203,-172.078857421875,0.07883443683385849
1783008621.07448,0.0,0.0,10.0,-0.6567872762680054,51.717803955078125,0.037552788853645325,8.093494415283203,-172.078857421875,0.07883443683385849
1783008621.081194,0.0,0.0,10.0,-0.6567872762680054,51.717803955078125,0.037552788853645325,8.093494415283203,-172.078857421875,0.07883443683385849
1783008621.086717,0.0,0.0,10.0,-0.6567872762680054,51.717803955078125,0.037552788853645325,8.093494415283203,-172.078857421875,0.07883443683385849
1783008621.093751,0.0,0.0,10.0,-0.6567872762680054,51.717803955078125,0.037552788853645325,7.923913955688477,-171.573486328125,0.08067911118268967
1783008621.100638,0.0,0.0,10.0,-0.6567872762680054,51.717803955078125,0.037552788853645325,7.923913955688477,-171.573486328125,0.08067911118268967
1783008621.113495,0.0,0.0,10.0,-0.6567872762680054,51.717803955078125,0.037552788853645325,7.923913955688477,-171.573486328125,0.08067911118268967
1783008621.119087,0.0,0.0,10.0,-0.6567872762680054,51.717803955078125,0.037552788853645325,7.923913955688477,-171.573486328125,0.08067911118268967
1783008621.126022,0.0,0.0,10.0,-0.657200276851654,51.717437744140625,0.0372801348567009,7.923913955688477,-171.573486328125,0.08067911118268967
1783008621.132922,0.0,0.0,10.0,-0.657200276851654,51.717437744140625,0.0372801348567009,7.923913955688477,-171.573486328125,0.08067911118268967
1783008621.138373,0.0,0.0,10.0,-0.657200276851654,51.717437744140625,0.0372801348567009,7.923913955688477,-171.573486328125,0.08067911118268967
1783008621.144153,0.0,0.0,10.0,-0.657200276851654,51.717437744140625,0.0372801348567009,7.923913955688477,-171.573486328125,0.08067911118268967
1783008621.15176,0.0,0.0,10.0,-0.657200276851654,51.717437744140625,0.0372801348567009,7.923913955688477,-171.573486328125,0.08067911118268967
1783008621.162418,0.0,0.0,10.0,-0.657200276851654,51.717437744140625,0.0372801348567009,7.923913955688477,-171.573486328125,0.08067911118268967
1783008621.168174,0.0,0.0,10.0,-0.657200276851654,51.717437744140625,0.0372801348567009,7.923913955688477,-171.573486328125,0.08067911118268967
1783008621.17426,0.0,0.0,10.0,-0.6566773056983948,51.71681213378906,0.036402974277734756,7.923913955688477,-171.573486328125,0.08067911118268967
1783008621.181256,0.0,0.0,10.0,-0.6566773056983948,51.71681213378906,0.036402974277734756,7.923913955688477,-171.573486328125,0.08067911118268967
1783008621.186944,0.0,0.0,10.0,-0.6566773056983948,51.71681213378906,0.036402974277734756,7.923913955688477,-171.573486328125,0.08067911118268967
1783008621.192399,0.0,0.0,10.0,-0.6566773056983948,51.71681213378906,0.036402974277734756,7.794063091278076,-171.199951171875,0.07952680438756943
1783008621.197906,0.0,0.0,10.0,-0.6566773056983948,51.71681213378906,0.036402974277734756,7.794063091278076,-171.199951171875,0.07952680438756943
1783008621.205026,0.0,0.0,10.0,-0.6566773056983948,51.71681213378906,0.036402974277734756,7.794063091278076,-171.199951171875,0.07952680438756943
1783008621.217096,0.0,0.0,10.0,-0.6566773056983948,51.71681213378906,0.036402974277734756,7.794063091278076,-171.199951171875,0.07952680438756943
1783008621.223737,0.0,0.0,10.0,-0.6579017043113708,51.716552734375,0.036677416414022446,7.794063091278076,-171.199951171875,0.07952680438756943
1783008621.22923,0.0,0.0,10.0,-0.6579017043113708,51.716552734375,0.036677416414022446,7.794063091278076,-171.199951171875,0.07952680438756943
1783008621.234775,0.0,0.0,10.0,-0.6579017043113708,51.716552734375,0.036677416414022446,7.794063091278076,-171.199951171875,0.07952680438756943
1783008621.241119,0.0,0.0,10.0,-0.6579017043113708,51.716552734375,0.036677416414022446,7.794063091278076,-171.199951171875,0.07952680438756943
1783008621.246949,0.0,0.0,10.0,-0.6579017043113708,51.716552734375,0.036677416414022446,7.794063091278076,-171.199951171875,0.07952680438756943
1783008621.253478,0.0,0.0,10.0,-0.6579017043113708,51.716552734375,0.036677416414022446,7.794063091278076,-171.199951171875,0.07952680438756943
1783008621.272793,0.0,0.0,10.0,-0.6579017043113708,51.716552734375,0.036677416414022446,7.794063091278076,-171.199951171875,0.07952680438756943
1783008621.278258,0.0,0.0,10.0,-0.659228503704071,51.715938568115234,0.03737926110625267,7.794063091278076,-171.199951171875,0.07952680438756943
1783008621.28381,0.0,0.0,10.0,-0.659228503704071,51.715938568115234,0.03737926110625267,7.794063091278076,-171.199951171875,0.07952680438756943
1783008621.29082,0.0,0.0,10.0,-0.659228503704071,51.715938568115234,0.03737926110625267,7.663952350616455,-170.760498046875,0.08183714002370834
1783008621.297375,0.0,0.0,10.0,-0.659228503704071,51.715938568115234,0.03737926110625267,7.663952350616455,-170.760498046875,0.08183714002370834
1783008621.303862,0.0,0.0,10.0,-0.659228503704071,51.715938568115234,0.03737926110625267,7.663952350616455,-170.760498046875,0.08183714002370834
1783008621.317694,0.0,0.0,10.0,-0.659228503704071,51.715938568115234,0.03737926110625267,7.663952350616455,-170.760498046875,0.08183714002370834
1783008621.3239,0.0,0.0,10.0,-0.6586109399795532,51.71562194824219,0.03675856068730354,7.663952350616455,-170.760498046875,0.08183714002370834
1783008621.329093,0.0,0.0,10.0,-0.6586109399795532,51.71562194824219,0.03675856068730354,7.663952350616455,-170.760498046875,0.08183714002370834
1783008621.334593,0.0,0.0,10.0,-0.6586109399795532,51.71562194824219,0.03675856068730354,7.663952350616455,-170.760498046875,0.08183714002370834
1783008621.341096,0.0,0.0,10.0,-0.6586109399795532,51.71562194824219,0.03675856068730354,7.663952350616455,-170.760498046875,0.08183714002370834
1783008621.347018,0.0,0.0,10.0,-0.6586109399795532,51.71562194824219,0.03675856068730354,7.663952350616455,-170.760498046875,0.08183714002370834
1783008621.353403,0.0,0.0,10.0,-0.6586109399795532,51.71562194824219,0.03675856068730354,7.663952350616455,-170.760498046875,0.08183714002370834
1783008621.36895,0.0,0.0,10.0,-0.6586109399795532,51.71562194824219,0.03675856068730354,7.663952350616455,-170.760498046875,0.08183714002370834
1783008621.375533,0.0,0.0,10.0,-0.6590026617050171,51.71749496459961,0.03591790422797203,7.663952350616455,-170.760498046875,0.08183714002370834
1783008621.382011,0.0,0.0,10.0,-0.6590026617050171,51.71749496459961,0.03591790422797203,7.663952350616455,-170.760498046875,0.08183714002370834
1783008621.387598,0.0,0.0,10.0,-0.6590026617050171,51.71749496459961,0.03591790422797203,7.663952350616455,-170.760498046875,0.08183714002370834
1783008621.392897,0.0,0.0,10.0,-0.6590026617050171,51.71749496459961,0.03591790422797203,7.534313201904297,-170.364990234375,0.08118876069784164
1783008621.398405,0.0,0.0,10.0,-0.6590026617050171,51.71749496459961,0.03591790422797203,7.534313201904297,-170.364990234375,0.08118876069784164
1783008621.404421,0.0,0.0,10.0,-0.6590026617050171,51.71749496459961,0.03591790422797203,7.534313201904297,-170.364990234375,0.08118876069784164
1783008621.410013,0.0,0.0,10.0,-0.6590026617050171,51.71749496459961,0.03591790422797203,7.534313201904297,-170.364990234375,0.08118876069784164
1783008621.41975,0.0,0.0,10.0,-0.6590026617050171,51.71749496459961,0.03591790422797203,7.534313201904297,-170.364990234375,0.08118876069784164
1783008621.426887,0.0,0.0,10.0,-0.6583817005157471,51.71735382080078,0.036035697907209396,7.534313201904297,-170.364990234375,0.08118876069784164
1783008621.432693,0.0,0.0,10.0,-0.6583817005157471,51.71735382080078,0.036035697907209396,7.534313201904297,-170.364990234375,0.08118876069784164
1783008621.438422,0.0,0.0,10.0,-0.6583817005157471,51.71735382080078,0.036035697907209396,7.534313201904297,-170.364990234375,0.08118876069784164
1783008621.443598,0.0,0.0,10.0,-0.6583817005157471,51.71735382080078,0.036035697907209396,7.534313201904297,-170.364990234375,0.08118876069784164
1783008621.44925,0.0,0.0,10.0,-0.6583817005157471,51.71735382080078,0.036035697907209396,7.534313201904297,-170.364990234375,0.08118876069784164
1783008621.455691,0.0,0.0,10.0,-0.6583817005157471,51.71735382080078,0.036035697907209396,7.534313201904297,-170.364990234375,0.08118876069784164
1783008621.461733,0.0,0.0,10.0,-0.6583817005157471,51.71735382080078,0.036035697907209396,7.534313201904297,-170.364990234375,0.08118876069784164
1783008621.470607,0.0,0.0,10.0,-0.6583817005157471,51.71735382080078,0.036035697907209396,7.534313201904297,-170.364990234375,0.08118876069784164
1783008621.476743,0.0,0.0,10.0,-0.6594420671463013,51.717987060546875,0.037269506603479385,7.534313201904297,-170.364990234375,0.08118876069784164
1783008621.482758,0.0,0.0,10.0,-0.6594420671463013,51.717987060546875,0.037269506603479385,7.534313201904297,-170.364990234375,0.08118876069784164
1783008621.488353,0.0,0.0,10.0,-0.6594420671463013,51.717987060546875,0.037269506603479385,7.534313201904297,-170.364990234375,0.08118876069784164
1783008621.493966,0.0,0.0,10.0,-0.6594420671463013,51.717987060546875,0.037269506603479385,7.404181957244873,-169.969482421875,0.08138350397348404
1783008621.49916,0.0,0.0,10.0,-0.6594420671463013,51.717987060546875,0.037269506603479385,7.404181957244873,-169.969482421875,0.08138350397348404
1783008621.504581,0.0,0.0,10.0,-0.6594420671463013,51.717987060546875,0.037269506603479385,7.404181957244873,-169.969482421875,0.08138350397348404
1783008621.510237,0.0,0.0,10.0,-0.6594420671463013,51.717987060546875,0.037269506603479385,7.404181957244873,-169.969482421875,0.08138350397348404
1783008621.526584,0.0,0.0,10.0,-0.6594420671463013,51.717987060546875,0.037269506603479385,7.404181957244873,-169.969482421875,0.08138350397348404
1783008621.533637,0.0,0.0,10.0,-0.660293698310852,51.718379974365234,0.036203064024448395,7.404181957244873,-169.969482421875,0.08138350397348404
1783008621.539061,0.0,0.0,10.0,-0.660293698310852,51.718379974365234,0.036203064024448395,7.404181957244873,-169.969482421875,0.08138350397348404
1783008621.545168,0.0,0.0,10.0,-0.660293698310852,51.718379974365234,0.036203064024448395,7.404181957244873,-169.969482421875,0.08138350397348404
1783008621.551729,0.0,0.0,10.0,-0.660293698310852,51.718379974365234,0.036203064024448395,7.404181957244873,-169.969482421875,0.08138350397348404
1783008621.55728,0.0,0.0,10.0,-0.660293698310852,51.718379974365234,0.036203064024448395,7.404181957244873,-169.969482421875,0.08138350397348404
1783008621.564778,0.0,0.0,10.0,-0.660293698310852,51.718379974365234,0.036203064024448395,7.404181957244873,-169.969482421875,0.08138350397348404
1783008621.573858,0.0,0.0,10.0,-0.660293698310852,51.718379974365234,0.036203064024448395,7.404181957244873,-169.969482421875,0.08138350397348404
1783008621.579379,0.0,0.0,10.0,-0.6605840921401978,51.71866226196289,0.03506510332226753,7.404181957244873,-169.969482421875,0.08138350397348404
1783008621.584849,0.0,0.0,10.0,-0.6605840921401978,51.71866226196289,0.03506510332226753,7.404181957244873,-169.969482421875,0.08138350397348404
1783008621.590948,0.0,0.0,10.0,-0.6605840921401978,51.71866226196289,0.03506510332226753,7.404181957244873,-169.969482421875,0.08138350397348404
1783008621.596479,0.0,0.0,10.0,-0.6605840921401978,51.71866226196289,0.03506510332226753,7.274603843688965,-169.552001953125,0.08058428019285202
1783008621.602507,0.0,0.0,10.0,-0.6605840921401978,51.71866226196289,0.03506510332226753,7.274603843688965,-169.552001953125,0.08058428019285202
1783008621.608681,0.0,0.0,10.0,-0.6605840921401978,51.71866226196289,0.03506510332226753,7.274603843688965,-169.552001953125,0.08058428019285202
1783008621.613986,0.0,0.0,10.0,-0.6605840921401978,51.71866226196289,0.03506510332226753,7.274603843688965,-169.552001953125,0.08058428019285202
1783008621.623507,0.0,0.0,10.0,-0.6605840921401978,51.71866226196289,0.03506510332226753,7.274603843688965,-169.552001953125,0.08058428019285202
1783008621.62965,0.0,0.0,10.0,-0.6599452495574951,51.720848083496094,0.0358981229364872,7.274603843688965,-169.552001953125,0.08058428019285202
1783008621.634847,0.0,0.0,10.0,-0.6599452495574951,51.720848083496094,0.0358981229364872,7.274603843688965,-169.552001953125,0.08058428019285202
1783008621.640864,0.0,0.0,10.0,-0.6599452495574951,51.720848083496094,0.0358981229364872,7.274603843688965,-169.552001953125,0.08058428019285202
1783008621.647896,0.0,0.0,10.0,-0.6599452495574951,51.720848083496094,0.0358981229364872,7.274603843688965,-169.552001953125,0.08058428019285202
1783008621.654442,0.0,0.0,10.0,-0.6599452495574951,51.720848083496094,0.0358981229364872,7.274603843688965,-169.552001953125,0.08058428019285202
1783008621.659992,0.0,0.0,10.0,-0.6599452495574951,51.720848083496094,0.0358981229364872,7.274603843688965,-169.552001953125,0.08058428019285202
1783008621.66559,0.0,0.0,10.0,-0.6599452495574951,51.720848083496094,0.0358981229364872,7.274603843688965,-169.552001953125,0.08058428019285202
1783008621.67769,0.0,0.0,10.0,-0.6599452495574951,51.720848083496094,0.0358981229364872,7.274603843688965,-169.552001953125,0.08058428019285202
1783008621.683122,0.0,0.0,10.0,-0.6599299311637878,51.722023010253906,0.03628287464380264,7.274603843688965,-169.552001953125,0.08058428019285202
1783008621.688657,0.0,0.0,10.0,-0.6599299311637878,51.722023010253906,0.03628287464380264,7.274603843688965,-169.552001953125,0.08058428019285202
1783008621.695293,0.0,0.0,10.0,-0.6599299311637878,51.722023010253906,0.03628287464380264,7.1449809074401855,-169.156494140625,0.08245006203651428
1783008621.701198,0.0,0.0,10.0,-0.6599299311637878,51.722023010253906,0.03628287464380264,7.1449809074401855,-169.156494140625,0.08245006203651428
1783008621.707653,0.0,0.0,10.0,-0.6599299311637878,51.722023010253906,0.03628287464380264,7.1449809074401855,-169.156494140625,0.08245006203651428
1783008621.714014,0.0,0.0,10.0,-0.6599299311637878,51.722023010253906,0.03628287464380264,7.1449809074401855,-169.156494140625,0.08245006203651428
1783008621.719505,0.0,0.0,10.0,-0.6599299311637878,51.722023010253906,0.03628287464380264,7.1449809074401855,-169.156494140625,0.08245006203651428
1783008621.736613,0.0,0.0,10.0,-0.6598454117774963,51.723270416259766,0.03742314502596855,7.1449809074401855,-169.156494140625,0.08245006203651428
1783008621.74254,0.0,0.0,10.0,-0.6598454117774963,51.723270416259766,0.03742314502596855,7.1449809074401855,-169.156494140625,0.08245006203651428
1783008621.748165,0.0,0.0,10.0,-0.6598454117774963,51.723270416259766,0.03742314502596855,7.1449809074401855,-169.156494140625,0.08245006203651428
1783008621.753685,0.0,0.0,10.0,-0.6598454117774963,51.723270416259766,0.03742314502596855,7.1449809074401855,-169.156494140625,0.08245006203651428
1783008621.760061,0.0,0.0,10.0,-0.6598454117774963,51.723270416259766,0.03742314502596855,7.1449809074401855,-169.156494140625,0.08245006203651428
1783008621.765482,0.0,0.0,10.0,-0.6598454117774963,51.723270416259766,0.03742314502596855,7.1449809074401855,-169.156494140625,0.08245006203651428
1783008621.776864,0.0,0.0,10.0,-0.6606391668319702,51.72494888305664,0.037851911038160324,7.1449809074401855,-169.156494140625,0.08245006203651428
1783008621.783421,0.0,0.0,10.0,-0.6606391668319702,51.72494888305664,0.037851911038160324,7.1449809074401855,-169.156494140625,0.08245006203651428
1783008621.789937,0.0,0.0,10.0,-0.6606391668319702,51.72494888305664,0.037851911038160324,7.1449809074401855,-169.156494140625,0.08245006203651428
1783008621.795503,0.0,0.0,10.0,-0.6606391668319702,51.72494888305664,0.037851911038160324,7.014721870422363,-168.739013671875,0.08212005347013474
1783008621.802039,0.0,0.0,10.0,-0.6606391668319702,51.72494888305664,0.037851911038160324,7.014721870422363,-168.739013671875,0.08212005347013474
1783008621.807284,0.0,0.0,10.0,-0.6606391668319702,51.72494888305664,0.037851911038160324,7.014721870422363,-168.739013671875,0.08212005347013474
1783008621.813606,0.0,0.0,10.0,-0.6606391668319702,51.72494888305664,0.037851911038160324,7.014721870422363,-168.739013671875,0.08212005347013474
1783008621.818827,0.0,0.0,10.0,-0.6611425280570984,51.725433349609375,0.0394066758453846,7.014721870422363,-168.739013671875,0.08212005347013474
1783008621.840657,0.0,0.0,10.0,-0.6611425280570984,51.725433349609375,0.0394066758453846,7.014721870422363,-168.739013671875,0.08212005347013474
1783008621.851133,0.0,0.0,10.0,-0.6611425280570984,51.725433349609375,0.0394066758453846,7.014721870422363,-168.739013671875,0.08212005347013474
1783008621.857431,0.0,0.0,10.0,-0.6611425280570984,51.725433349609375,0.0394066758453846,7.014721870422363,-168.739013671875,0.08212005347013474
1783008621.881109,0.0,0.0,10.0,-0.6611425280570984,51.725433349609375,0.0394066758453846,7.014721870422363,-168.739013671875,0.08212005347013474
1783008621.887155,0.0,0.0,10.0,-0.6601223349571228,51.726619720458984,0.04074329882860184,7.014721870422363,-168.739013671875,0.08212005347013474
1783008621.893875,0.0,0.0,10.0,-0.6601223349571228,51.726619720458984,0.04074329882860184,7.014721870422363,-168.739013671875,0.08212005347013474
1783008621.899459,0.0,0.0,10.0,-0.6601223349571228,51.726619720458984,0.04074329882860184,6.896891117095947,-168.321533203125,0.08399172872304916
1783008621.906425,0.0,0.0,10.0,-0.6601223349571228,51.726619720458984,0.04074329882860184,6.896891117095947,-168.321533203125,0.08399172872304916
1783008621.915787,0.0,0.0,10.0,-0.6601223349571228,51.726619720458984,0.04074329882860184,6.896891117095947,-168.321533203125,0.08399172872304916
1783008621.923398,0.0,0.0,10.0,-0.6612270474433899,51.728179931640625,0.0412365160882473,6.896891117095947,-168.321533203125,0.08399172872304916
1783008621.928998,0.0,0.0,10.0,-0.6612270474433899,51.728179931640625,0.0412365160882473,6.896891117095947,-168.321533203125,0.08399172872304916
1783008621.941525,0.0,0.0,10.0,-0.6612270474433899,51.728179931640625,0.0412365160882473,6.896891117095947,-168.321533203125,0.08399172872304916
1783008621.947253,0.0,0.0,10.0,-0.6612270474433899,51.728179931640625,0.0412365160882473,6.896891117095947,-168.321533203125,0.08399172872304916
1783008621.952748,0.0,0.0,10.0,-0.6612270474433899,51.728179931640625,0.0412365160882473,6.896891117095947,-168.321533203125,0.08399172872304916
1783008621.959264,0.0,0.0,10.0,-0.6612270474433899,51.728179931640625,0.0412365160882473,6.896891117095947,-168.321533203125,0.08399172872304916
1783008621.964873,0.0,0.0,10.0,-0.6612270474433899,51.728179931640625,0.0412365160882473,6.896891117095947,-168.321533203125,0.08399172872304916
1783008621.971331,0.0,0.0,10.0,-0.662772536277771,51.72980880737305,0.040890563279390335,6.896891117095947,-168.321533203125,0.08399172872304916
1783008621.976863,0.0,0.0,10.0,-0.662772536277771,51.72980880737305,0.040890563279390335,6.896891117095947,-168.321533203125,0.08399172872304916
1783008621.984536,0.0,0.0,10.0,-0.662772536277771,51.72980880737305,0.040890563279390335,6.896891117095947,-168.321533203125,0.08399172872304916
1783008621.996178,0.0,0.0,10.0,-0.662772536277771,51.72980880737305,0.040890563279390335,6.896891117095947,-168.321533203125,0.08399172872304916
1783008622.00157,0.0,0.0,10.0,-0.662772536277771,51.72980880737305,0.040890563279390335,6.896891117095947,-168.321533203125,0.08399172872304916
1783008622.007191,0.0,0.0,10.0,-0.662772536277771,51.72980880737305,0.040890563279390335,6.896891117095947,-168.321533203125,0.08399172872304916
1783008622.013867,0.0,0.0,10.0,-0.662772536277771,51.72980880737305,0.040890563279390335,6.765260219573975,-167.904052734375,0.08485548198223114
1783008622.019818,0.0,0.0,10.0,-0.662772536277771,51.72980880737305,0.040890563279390335,6.765260219573975,-167.904052734375,0.08485548198223114
1783008622.028745,0.0,0.0,10.0,-0.6630153656005859,51.73155975341797,0.041369952261447906,6.765260219573975,-167.904052734375,0.08485548198223114
1783008622.034548,0.0,0.0,10.0,-0.6630153656005859,51.73155975341797,0.041369952261447906,6.765260219573975,-167.904052734375,0.08485548198223114
1783008622.044642,0.0,0.0,10.0,-0.6630153656005859,51.73155975341797,0.041369952261447906,6.765260219573975,-167.904052734375,0.08485548198223114
1783008622.050597,0.0,0.0,10.0,-0.6630153656005859,51.73155975341797,0.041369952261447906,6.765260219573975,-167.904052734375,0.08485548198223114
1783008622.057566,0.0,0.0,10.0,-0.6630153656005859,51.73155975341797,0.041369952261447906,6.765260219573975,-167.904052734375,0.08485548198223114
1783008622.063827,0.0,0.0,10.0,-0.6630153656005859,51.73155975341797,0.041369952261447906,6.765260219573975,-167.904052734375,0.08485548198223114
1783008622.069782,0.0,0.0,10.0,-0.6630153656005859,51.73155975341797,0.041369952261447906,6.765260219573975,-167.904052734375,0.08485548198223114
1783008622.07516,0.0,0.0,10.0,-0.6636536121368408,51.733619689941406,0.041941601783037186,6.765260219573975,-167.904052734375,0.08485548198223114
1783008622.081731,0.0,0.0,10.0,-0.6636536121368408,51.733619689941406,0.041941601783037186,6.765260219573975,-167.904052734375,0.08485548198223114
1783008622.089623,0.0,0.0,10.0,-0.6636536121368408,51.733619689941406,0.041941601783037186,6.765260219573975,-167.904052734375,0.08485548198223114
1783008622.115985,0.0,0.0,10.0,-0.6636536121368408,51.733619689941406,0.041941601783037186,6.765260219573975,-167.904052734375,0.08485548198223114
1783008622.122535,0.0,0.0,10.0,-0.6652684211730957,51.73529052734375,0.04125508666038513,6.638143539428711,-167.486572265625,0.08492647856473923
1783008622.130667,0.0,0.0,10.0,-0.6652684211730957,51.73529052734375,0.04125508666038513,6.638143539428711,-167.486572265625,0.08492647856473923
1783008622.135868,0.0,0.0,10.0,-0.6652684211730957,51.73529052734375,0.04125508666038513,6.638143539428711,-167.486572265625,0.08492647856473923
1783008622.141223,0.0,0.0,10.0,-0.6652684211730957,51.73529052734375,0.04125508666038513,6.638143539428711,-167.486572265625,0.08492647856473923
1783008622.16478,0.0,0.0,10.0,-0.6652684211730957,51.73529052734375,0.04125508666038513,6.638143539428711,-167.486572265625,0.08492647856473923
1783008622.172364,0.0,0.0,10.0,-0.6660807728767395,51.735450744628906,0.04221351444721222,6.638143539428711,-167.486572265625,0.08492647856473923
1783008622.183367,0.0,0.0,10.0,-0.6660807728767395,51.735450744628906,0.04221351444721222,6.638143539428711,-167.486572265625,0.08492647856473923
1783008622.189263,0.0,0.0,10.0,-0.6660807728767395,51.735450744628906,0.04221351444721222,6.638143539428711,-167.486572265625,0.08492647856473923
1783008622.195489,0.0,0.0,10.0,-0.6660807728767395,51.735450744628906,0.04221351444721222,6.638143539428711,-167.486572265625,0.08492647856473923
1783008622.208781,0.0,0.0,10.0,-0.6660807728767395,51.735450744628906,0.04221351444721222,6.638143539428711,-167.486572265625,0.08492647856473923
1783008622.217981,0.0,0.0,10.0,-0.6660807728767395,51.735450744628906,0.04221351444721222,6.624238014221191,-167.244873046875,0.08223739266395569
1783008622.223557,0.0,0.0,10.0,-0.6663530468940735,51.736228942871094,0.042648833245038986,6.624238014221191,-167.244873046875,0.08223739266395569
1783008622.229212,0.0,0.0,10.0,-0.6663530468940735,51.736228942871094,0.042648833245038986,6.624238014221191,-167.244873046875,0.08223739266395569
1783008622.234476,0.0,0.0,10.0,-0.6663530468940735,51.736228942871094,0.042648833245038986,6.624238014221191,-167.244873046875,0.08223739266395569
1783008622.240678,0.0,0.0,10.0,-0.6663530468940735,51.736228942871094,0.042648833245038986,6.624238014221191,-167.244873046875,0.08223739266395569
1783008622.24737,0.0,0.0,10.0,-0.6663530468940735,51.736228942871094,0.042648833245038986,6.624238014221191,-167.244873046875,0.08223739266395569
1783008622.257265,0.0,0.0,10.0,-0.6663530468940735,51.736228942871094,0.042648833245038986,6.624238014221191,-167.244873046875,0.08223739266395569
1783008622.263811,0.0,0.0,10.0,-0.6663530468940735,51.736228942871094,0.042648833245038986,6.624238014221191,-167.244873046875,0.08223739266395569
1783008622.269562,0.0,0.0,10.0,-0.6663530468940735,51.736228942871094,0.042648833245038986,6.624238014221191,-167.244873046875,0.08223739266395569
1783008622.274985,0.0,0.0,10.0,-0.6652337908744812,51.736270904541016,0.04265053570270538,6.624238014221191,-167.244873046875,0.08223739266395569
1783008622.28192,0.0,0.0,10.0,-0.6652337908744812,51.736270904541016,0.04265053570270538,6.624238014221191,-167.244873046875,0.08223739266395569
1783008622.288268,0.0,0.0,10.0,-0.6652337908744812,51.736270904541016,0.04265053570270538,6.624238014221191,-167.244873046875,0.08223739266395569
1783008622.29351,0.0,0.0,10.0,-0.6652337908744812,51.736270904541016,0.04265053570270538,6.624238014221191,-167.244873046875,0.08223739266395569
1783008622.300112,0.0,0.0,10.0,-0.6652337908744812,51.736270904541016,0.04265053570270538,6.673194885253906,-167.156982421875,0.08449810743331909
1783008622.310924,0.0,0.0,10.0,-0.6652337908744812,51.736270904541016,0.04265053570270538,6.673194885253906,-167.156982421875,0.08449810743331909
1783008622.31659,0.0,0.0,10.0,-0.6652337908744812,51.736270904541016,0.04265053570270538,6.673194885253906,-167.156982421875,0.08449810743331909
1783008622.321743,0.0,0.0,10.0,-0.6652337908744812,51.736270904541016,0.04265053570270538,6.673194885253906,-167.156982421875,0.08449810743331909
1783008622.327189,0.0,0.0,10.0,-0.6661757230758667,51.736385345458984,0.04270356521010399,6.673194885253906,-167.156982421875,0.08449810743331909
1783008622.332608,0.0,0.0,10.0,-0.6661757230758667,51.736385345458984,0.04270356521010399,6.673194885253906,-167.156982421875,0.08449810743331909
1783008622.337808,0.0,0.0,10.0,-0.6661757230758667,51.736385345458984,0.04270356521010399,6.673194885253906,-167.156982421875,0.08449810743331909
1783008622.343828,0.0,0.0,10.0,-0.6661757230758667,51.736385345458984,0.04270356521010399,6.673194885253906,-167.156982421875,0.08449810743331909
1783008622.349846,0.0,0.0,10.0,-0.6661757230758667,51.736385345458984,0.04270356521010399,6.673194885253906,-167.156982421875,0.08449810743331909
1783008622.362742,0.0,0.0,10.0,-0.6661757230758667,51.736385345458984,0.04270356521010399,6.673194885253906,-167.156982421875,0.08449810743331909
1783008622.369434,0.0,0.0,10.0,-0.6661757230758667,51.736385345458984,0.04270356521010399,6.673194885253906,-167.156982421875,0.08449810743331909
1783008622.375451,0.0,0.0,10.0,-0.6653758883476257,51.735694885253906,0.043002039194107056,6.673194885253906,-167.156982421875,0.08449810743331909
1783008622.381439,0.0,0.0,10.0,-0.6653758883476257,51.735694885253906,0.043002039194107056,6.673194885253906,-167.156982421875,0.08449810743331909
1783008622.387015,0.0,0.0,10.0,-0.6653758883476257,51.735694885253906,0.043002039194107056,6.673194885253906,-167.156982421875,0.08449810743331909
1783008622.392632,0.0,0.0,10.0,-0.6653758883476257,51.735694885253906,0.043002039194107056,6.673194885253906,-167.156982421875,0.08449810743331909
1783008622.399402,0.0,0.0,10.0,-0.6653758883476257,51.735694885253906,0.043002039194107056,6.711676597595215,-167.244873046875,0.08516077697277069
1783008622.412115,0.0,0.0,10.0,-0.6653758883476257,51.735694885253906,0.043002039194107056,6.711676597595215,-167.244873046875,0.08516077697277069
1783008622.41854,0.0,0.0,10.0,-0.6653758883476257,51.735694885253906,0.043002039194107056,6.711676597595215,-167.244873046875,0.08516077697277069
1783008622.424979,0.0,0.0,10.0,-0.665347695350647,51.73460006713867,0.04434649273753166,6.711676597595215,-167.244873046875,0.08516077697277069
1783008622.430484,0.0,0.0,10.0,-0.665347695350647,51.73460006713867,0.04434649273753166,6.711676597595215,-167.244873046875,0.08516077697277069
1783008622.435654,0.0,0.0,10.0,-0.665347695350647,51.73460006713867,0.04434649273753166,6.711676597595215,-167.244873046875,0.08516077697277069
1783008622.441061,0.0,0.0,10.0,-0.665347695350647,51.73460006713867,0.04434649273753166,6.711676597595215,-167.244873046875,0.08516077697277069
1783008622.447019,0.0,0.0,10.0,-0.665347695350647,51.73460006713867,0.04434649273753166,6.711676597595215,-167.244873046875,0.08516077697277069
1783008622.455376,0.0,0.0,10.0,-0.665347695350647,51.73460006713867,0.04434649273753166,6.711676597595215,-167.244873046875,0.08516077697277069
1783008622.471194,0.0,0.0,10.0,-0.665347695350647,51.73460006713867,0.04434649273753166,6.711676597595215,-167.244873046875,0.08516077697277069
1783008622.477297,0.0,0.0,10.0,-0.665347695350647,51.73460006713867,0.04434649273753166,6.711676597595215,-167.244873046875,0.08516077697277069
1783008622.482726,0.0,0.0,10.0,-0.6666374802589417,51.733299255371094,0.04459235072135925,6.711676597595215,-167.244873046875,0.08516077697277069
1783008622.487975,0.0,0.0,10.0,-0.6666374802589417,51.733299255371094,0.04459235072135925,6.711676597595215,-167.244873046875,0.08516077697277069
1783008622.49389,0.0,0.0,10.0,-0.6666374802589417,51.733299255371094,0.04459235072135925,6.711676597595215,-167.244873046875,0.08516077697277069
1783008622.499573,0.0,0.0,10.0,-0.6666374802589417,51.733299255371094,0.04459235072135925,6.769543647766113,-167.398681640625,0.08580900728702545
1783008622.505977,0.0,0.0,10.0,-0.6666374802589417,51.733299255371094,0.04459235072135925,6.769543647766113,-167.398681640625,0.08580900728702545
1783008622.51509,0.0,0.0,10.0,-0.6666374802589417,51.733299255371094,0.04459235072135925,6.769543647766113,-167.398681640625,0.08580900728702545
1783008622.520722,0.0,0.0,10.0,-0.6659773588180542,51.73220443725586,0.04485864192247391,6.769543647766113,-167.398681640625,0.08580900728702545
1783008622.528131,0.0,0.0,10.0,-0.6659773588180542,51.73220443725586,0.04485864192247391,6.769543647766113,-167.398681640625,0.08580900728702545
1783008622.533492,0.0,0.0,10.0,-0.6659773588180542,51.73220443725586,0.04485864192247391,6.769543647766113,-167.398681640625,0.08580900728702545
1783008622.539463,0.0,0.0,10.0,-0.6659773588180542,51.73220443725586,0.04485864192247391,6.769543647766113,-167.398681640625,0.08580900728702545
1783008622.54505,0.0,0.0,10.0,-0.6659773588180542,51.73220443725586,0.04485864192247391,6.769543647766113,-167.398681640625,0.08580900728702545
1783008622.551428,0.0,0.0,10.0,-0.6659773588180542,51.73220443725586,0.04485864192247391,6.769543647766113,-167.398681640625,0.08580900728702545
1783008622.559243,0.0,0.0,10.0,-0.6659773588180542,51.73220443725586,0.04485864192247391,6.769543647766113,-167.398681640625,0.08580900728702545
1783008622.574337,0.0,0.0,10.0,-0.6659773588180542,51.73220443725586,0.04485864192247391,6.769543647766113,-167.398681640625,0.08580900728702545
1783008622.58027,0.0,0.0,10.0,-0.665668785572052,51.73173904418945,0.04495786130428314,6.769543647766113,-167.398681640625,0.08580900728702545
1783008622.586265,0.0,0.0,10.0,-0.665668785572052,51.73173904418945,0.04495786130428314,6.769543647766113,-167.398681640625,0.08580900728702545
1783008622.591824,0.0,0.0,10.0,-0.665668785572052,51.73173904418945,0.04495786130428314,6.769543647766113,-167.398681640625,0.08580900728702545
1783008622.598128,0.0,0.0,10.0,-0.665668785572052,51.73173904418945,0.04495786130428314,6.769543647766113,-167.398681640625,0.08580900728702545
1783008622.603845,0.0,0.0,10.0,-0.665668785572052,51.73173904418945,0.04495786130428314,6.832158088684082,-167.508544921875,0.08527831733226776
1783008622.610365,0.0,0.0,10.0,-0.665668785572052,51.73173904418945,0.04495786130428314,6.832158088684082,-167.508544921875,0.08527831733226776
1783008622.618018,0.0,0.0,10.0,-0.665668785572052,51.73173904418945,0.04495786130428314,6.832158088684082,-167.508544921875,0.08527831733226776
1783008622.623859,0.0,0.0,10.0,-0.6651216745376587,51.73182678222656,0.04506446421146393,6.832158088684082,-167.508544921875,0.08527831733226776
1783008622.629647,0.0,0.0,10.0,-0.6651216745376587,51.73182678222656,0.04506446421146393,6.832158088684082,-167.508544921875,0.08527831733226776
1783008622.634891,0.0,0.0,10.0,-0.6651216745376587,51.73182678222656,0.04506446421146393,6.832158088684082,-167.508544921875,0.08527831733226776
1783008622.640906,0.0,0.0,10.0,-0.6651216745376587,51.73182678222656,0.04506446421146393,6.832158088684082,-167.508544921875,0.08527831733226776
1783008622.646414,0.0,0.0,10.0,-0.6651216745376587,51.73182678222656,0.04506446421146393,6.832158088684082,-167.508544921875,0.08527831733226776
1783008622.65242,0.0,0.0,10.0,-0.6651216745376587,51.73182678222656,0.04506446421146393,6.832158088684082,-167.508544921875,0.08527831733226776
1783008622.657945,0.0,0.0,10.0,-0.6651216745376587,51.73182678222656,0.04506446421146393,6.832158088684082,-167.508544921875,0.08527831733226776
1783008622.663636,0.0,0.0,10.0,-0.6651216745376587,51.73182678222656,0.04506446421146393,6.832158088684082,-167.508544921875,0.08527831733226776
1783008622.673391,0.0,0.0,10.0,-0.6651216745376587,51.73182678222656,0.04506446421146393,6.832158088684082,-167.508544921875,0.08527831733226776
1783008622.679041,0.0,0.0,10.0,-0.6647264361381531,51.73189926147461,0.04531257227063179,6.832158088684082,-167.508544921875,0.08527831733226776
1783008622.684558,0.0,0.0,10.0,-0.6647264361381531,51.73189926147461,0.04531257227063179,6.832158088684082,-167.508544921875,0.08527831733226776
1783008622.690559,0.0,0.0,10.0,-0.6647264361381531,51.73189926147461,0.04531257227063179,6.832158088684082,-167.508544921875,0.08527831733226776
1783008622.695918,0.0,0.0,10.0,-0.6647264361381531,51.73189926147461,0.04531257227063179,6.832158088684082,-167.508544921875,0.08527831733226776
1783008622.701712,0.0,0.0,10.0,-0.6647264361381531,51.73189926147461,0.04531257227063179,6.894569396972656,-167.640380859375,0.08534503728151321
1783008622.71,0.0,0.0,10.0,-0.6647264361381531,51.73189926147461,0.04531257227063179,6.894569396972656,-167.640380859375,0.08534503728151321
1783008622.715335,0.0,0.0,10.0,-0.6647264361381531,51.73189926147461,0.04531257227063179,6.894569396972656,-167.640380859375,0.08534503728151321
1783008622.721728,0.0,0.0,10.0,-0.6648108959197998,51.73131561279297,0.0447307713329792,6.894569396972656,-167.640380859375,0.08534503728151321
1783008622.727341,0.0,0.0,10.0,-0.6648108959197998,51.73131561279297,0.0447307713329792,6.894569396972656,-167.640380859375,0.08534503728151321
1783008622.732585,0.0,0.0,10.0,-0.6648108959197998,51.73131561279297,0.0447307713329792,6.894569396972656,-167.640380859375,0.08534503728151321
1783008622.737808,0.0,0.0,10.0,-0.6648108959197998,51.73131561279297,0.0447307713329792,6.894569396972656,-167.640380859375,0.08534503728151321
1783008622.749023,0.0,0.0,10.0,-0.6648108959197998,51.73131561279297,0.0447307713329792,6.894569396972656,-167.640380859375,0.08534503728151321
1783008622.754534,0.0,0.0,10.0,-0.6648108959197998,51.73131561279297,0.0447307713329792,6.894569396972656,-167.640380859375,0.08534503728151321
1783008622.761062,0.0,0.0,10.0,-0.6648108959197998,51.73131561279297,0.0447307713329792,6.894569396972656,-167.640380859375,0.08534503728151321
1783008622.767055,0.0,0.0,10.0,-0.6648108959197998,51.73131561279297,0.0447307713329792,6.894569396972656,-167.640380859375,0.08534503728151321
1783008622.777122,0.0,0.0,10.0,-0.6648108959197998,51.73131561279297,0.0447307713329792,6.894569396972656,-167.640380859375,0.08534503728151321
1783008622.784451,0.0,0.0,10.0,-0.66473388671875,51.72932815551758,0.04499651491641998,6.894569396972656,-167.640380859375,0.08534503728151321
1783008622.794507,0.0,0.0,10.0,-0.66473388671875,51.72932815551758,0.04499651491641998,6.894569396972656,-167.640380859375,0.08534503728151321
1783008622.800439,0.0,0.0,10.0,-0.66473388671875,51.72932815551758,0.04499651491641998,6.958822727203369,-167.816162109375,0.08587412536144257
1783008622.80744,0.0,0.0,10.0,-0.66473388671875,51.72932815551758,0.04499651491641998,6.958822727203369,-167.816162109375,0.08587412536144257
1783008622.83188,0.0,0.0,10.0,-0.66473388671875,51.72932815551758,0.04499651491641998,6.958822727203369,-167.816162109375,0.08587412536144257
1783008622.837163,0.0,0.0,10.0,-0.6645448803901672,51.72864532470703,0.04503454640507698,6.958822727203369,-167.816162109375,0.08587412536144257
1783008622.850021,0.0,0.0,10.0,-0.6645448803901672,51.72864532470703,0.04503454640507698,6.958822727203369,-167.816162109375,0.08587412536144257
1783008622.855939,0.0,0.0,10.0,-0.6645448803901672,51.72864532470703,0.04503454640507698,6.958822727203369,-167.816162109375,0.08587412536144257
1783008622.861486,0.0,0.0,10.0,-0.6645448803901672,51.72864532470703,0.04503454640507698,6.958822727203369,-167.816162109375,0.08587412536144257
1783008622.867644,0.0,0.0,10.0,-0.6645448803901672,51.72864532470703,0.04503454640507698,6.958822727203369,-167.816162109375,0.08587412536144257
1783008622.873534,0.0,0.0,10.0,-0.664259135723114,51.7276611328125,0.044333718717098236,6.958822727203369,-167.816162109375,0.08587412536144257
1783008622.87954,0.0,0.0,10.0,-0.664259135723114,51.7276611328125,0.044333718717098236,6.958822727203369,-167.816162109375,0.08587412536144257
1783008622.895887,0.0,0.0,10.0,-0.664259135723114,51.7276611328125,0.044333718717098236,6.958822727203369,-167.816162109375,0.08587412536144257
1783008622.901126,0.0,0.0,10.0,-0.664259135723114,51.7276611328125,0.044333718717098236,7.021617412567139,-167.926025390625,0.08637519925832748
1783008622.90665,0.0,0.0,10.0,-0.664259135723114,51.7276611328125,0.044333718717098236,7.021617412567139,-167.926025390625,0.08637519925832748
1783008622.91215,0.0,0.0,10.0,-0.664259135723114,51.7276611328125,0.044333718717098236,7.021617412567139,-167.926025390625,0.08637519925832748
1783008622.917689,0.0,0.0,10.0,-0.664259135723114,51.7276611328125,0.044333718717098236,7.021617412567139,-167.926025390625,0.08637519925832748
1783008622.923705,0.0,0.0,10.0,-0.6647107601165771,51.72588348388672,0.0437503419816494,7.021617412567139,-167.926025390625,0.08637519925832748
1783008622.929753,0.0,0.0,10.0,-0.6647107601165771,51.72588348388672,0.0437503419816494,7.021617412567139,-167.926025390625,0.08637519925832748
1783008622.93626,0.0,0.0,10.0,-0.6647107601165771,51.72588348388672,0.0437503419816494,7.021617412567139,-167.926025390625,0.08637519925832748
1783008622.946109,0.0,0.0,10.0,-0.6647107601165771,51.72588348388672,0.0437503419816494,7.021617412567139,-167.926025390625,0.08637519925832748
1783008622.952797,0.0,0.0,10.0,-0.6647107601165771,51.72588348388672,0.0437503419816494,7.021617412567139,-167.926025390625,0.08637519925832748
1783008622.958278,0.0,0.0,10.0,-0.6647107601165771,51.72588348388672,0.0437503419816494,7.021617412567139,-167.926025390625,0.08637519925832748
1783008622.963828,0.0,0.0,10.0,-0.6647107601165771,51.72588348388672,0.0437503419816494,7.021617412567139,-167.926025390625,0.08637519925832748
1783008622.970765,0.0,0.0,10.0,-0.6647107601165771,51.72588348388672,0.0437503419816494,7.021617412567139,-167.926025390625,0.08637519925832748
1783008622.975945,0.0,0.0,10.0,-0.6654291749000549,51.724998474121094,0.043536581099033356,7.021617412567139,-167.926025390625,0.08637519925832748
1783008622.98265,0.0,0.0,10.0,-0.6654291749000549,51.724998474121094,0.043536581099033356,7.021617412567139,-167.926025390625,0.08637519925832748
1783008622.988719,0.0,0.0,10.0,-0.6654291749000549,51.724998474121094,0.043536581099033356,7.021617412567139,-167.926025390625,0.08637519925832748
1783008623.000204,0.0,0.0,10.0,-0.6654291749000549,51.724998474121094,0.043536581099033356,7.021617412567139,-167.926025390625,0.08637519925832748
1783008623.005649,0.0,0.0,10.0,-0.6654291749000549,51.724998474121094,0.043536581099033356,7.021617412567139,-167.926025390625,0.08637519925832748
1783008623.011865,0.0,0.0,10.0,-0.6654291749000549,51.724998474121094,0.043536581099033356,7.001757621765137,-167.969970703125,0.08630972355604172
1783008623.017032,0.0,0.0,10.0,-0.6654291749000549,51.724998474121094,0.043536581099033356,7.001757621765137,-167.969970703125,0.08630972355604172
1783008623.022566,0.0,0.0,10.0,-0.664607048034668,51.725223541259766,0.04365508630871773,7.001757621765137,-167.969970703125,0.08630972355604172
1783008623.028259,0.0,0.0,10.0,-0.664607048034668,51.725223541259766,0.04365508630871773,7.001757621765137,-167.969970703125,0.08630972355604172
1783008623.033835,0.0,0.0,10.0,-0.664607048034668,51.725223541259766,0.04365508630871773,7.001757621765137,-167.969970703125,0.08630972355604172
1783008623.041856,0.0,0.0,10.0,-0.664607048034668,51.725223541259766,0.04365508630871773,7.001757621765137,-167.969970703125,0.08630972355604172
1783008623.06375,0.0,0.0,10.0,-0.664607048034668,51.725223541259766,0.04365508630871773,7.001757621765137,-167.969970703125,0.08630972355604172
1783008623.069207,0.0,0.0,10.0,-0.664607048034668,51.725223541259766,0.04365508630871773,7.001757621765137,-167.969970703125,0.08630972355604172
1783008623.07526,0.0,0.0,10.0,-0.6645795702934265,51.724544525146484,0.04372137039899826,7.001757621765137,-167.969970703125,0.08630972355604172
1783008623.080711,0.0,0.0,10.0,-0.6645795702934265,51.724544525146484,0.04372137039899826,7.001757621765137,-167.969970703125,0.08630972355604172
1783008623.08688,0.0,0.0,10.0,-0.6645795702934265,51.724544525146484,0.04372137039899826,7.001757621765137,-167.969970703125,0.08630972355604172
1783008623.095741,0.0,0.0,10.0,-0.6645795702934265,51.724544525146484,0.04372137039899826,7.001757621765137,-167.969970703125,0.08630972355604172
1783008623.112748,0.0,0.0,10.0,-0.6645795702934265,51.724544525146484,0.04372137039899826,7.001757621765137,-167.969970703125,0.08630972355604172
1783008623.118742,0.0,0.0,10.0,-0.6645795702934265,51.724544525146484,0.04372137039899826,6.964443206787109,-167.794189453125,0.0860653668642044
1783008623.125438,0.0,0.0,10.0,-0.6636785864830017,51.724029541015625,0.04242290183901787,6.964443206787109,-167.794189453125,0.0860653668642044
1783008623.13076,0.0,0.0,10.0,-0.6636785864830017,51.724029541015625,0.04242290183901787,6.964443206787109,-167.794189453125,0.0860653668642044
1783008623.137017,0.0,0.0,10.0,-0.6636785864830017,51.724029541015625,0.04242290183901787,6.964443206787109,-167.794189453125,0.0860653668642044
1783008623.143431,0.0,0.0,10.0,-0.6636785864830017,51.724029541015625,0.04242290183901787,6.964443206787109,-167.794189453125,0.0860653668642044
1783008623.153169,0.0,0.0,10.0,-0.6636785864830017,51.724029541015625,0.04242290183901787,6.964443206787109,-167.794189453125,0.0860653668642044
1783008623.175046,0.0,0.0,10.0,-0.6636785864830017,51.724029541015625,0.04242290183901787,6.964443206787109,-167.794189453125,0.0860653668642044
1783008623.181147,0.0,0.0,10.0,-0.6634978652000427,51.72407150268555,0.04208654537796974,6.964443206787109,-167.794189453125,0.0860653668642044
1783008623.186731,0.0,0.0,10.0,-0.6634978652000427,51.72407150268555,0.04208654537796974,6.964443206787109,-167.794189453125,0.0860653668642044
1783008623.19223,0.0,0.0,10.0,-0.6634978652000427,51.72407150268555,0.04208654537796974,6.964443206787109,-167.794189453125,0.0860653668642044
1783008623.198382,0.0,0.0,10.0,-0.6634978652000427,51.72407150268555,0.04208654537796974,6.964443206787109,-167.794189453125,0.0860653668642044
1783008623.212658,0.0,0.0,10.0,-0.6634978652000427,51.72407150268555,0.04208654537796974,6.925511837005615,-167.662353515625,0.08828205615282059
1783008623.218911,0.0,0.0,10.0,-0.6634978652000427,51.72407150268555,0.04208654537796974,6.925511837005615,-167.662353515625,0.08828205615282059
1783008623.224976,0.0,0.0,10.0,-0.6625609993934631,51.72554397583008,0.042893894016742706,6.925511837005615,-167.662353515625,0.08828205615282059
1783008623.230979,0.0,0.0,10.0,-0.6625609993934631,51.72554397583008,0.042893894016742706,6.925511837005615,-167.662353515625,0.08828205615282059
1783008623.237035,0.0,0.0,10.0,-0.6625609993934631,51.72554397583008,0.042893894016742706,6.925511837005615,-167.662353515625,0.08828205615282059
1783008623.244408,0.0,0.0,10.0,-0.6625609993934631,51.72554397583008,0.042893894016742706,6.925511837005615,-167.662353515625,0.08828205615282059
1783008623.251214,0.0,0.0,10.0,-0.6625609993934631,51.72554397583008,0.042893894016742706,6.925511837005615,-167.662353515625,0.08828205615282059
1783008623.257233,0.0,0.0,10.0,-0.6625609993934631,51.72554397583008,0.042893894016742706,6.925511837005615,-167.662353515625,0.08828205615282059
1783008623.267405,0.0,0.0,10.0,-0.6625609993934631,51.72554397583008,0.042893894016742706,6.925511837005615,-167.662353515625,0.08828205615282059
1783008623.273491,0.0,0.0,10.0,-0.6626490950584412,51.72694396972656,0.04200829192996025,6.925511837005615,-167.662353515625,0.08828205615282059
1783008623.279034,0.0,0.0,10.0,-0.6626490950584412,51.72694396972656,0.04200829192996025,6.925511837005615,-167.662353515625,0.08828205615282059
1783008623.284577,0.0,0.0,10.0,-0.6626490950584412,51.72694396972656,0.04200829192996025,6.925511837005615,-167.662353515625,0.08828205615282059
1783008623.291333,0.0,0.0,10.0,-0.6626490950584412,51.72694396972656,0.04200829192996025,6.925511837005615,-167.662353515625,0.08828205615282059
1783008623.296677,0.0,0.0,10.0,-0.6626490950584412,51.72694396972656,0.04200829192996025,6.925511837005615,-167.662353515625,0.08828205615282059
1783008623.303154,0.0,0.0,10.0,-0.6626490950584412,51.72694396972656,0.04200829192996025,6.925511837005615,-167.662353515625,0.08828205615282059
1783008623.313156,0.0,0.0,10.0,-0.6626490950584412,51.72694396972656,0.04200829192996025,6.895046710968018,-167.464599609375,0.0873597264289856
1783008623.318831,0.0,0.0,10.0,-0.6626490950584412,51.72694396972656,0.04200829192996025,6.895046710968018,-167.464599609375,0.0873597264289856
1783008623.325041,0.0,0.0,10.0,-0.6611273884773254,51.729095458984375,0.04268436133861542,6.895046710968018,-167.464599609375,0.0873597264289856
1783008623.330361,0.0,0.0,10.0,-0.6611273884773254,51.729095458984375,0.04268436133861542,6.895046710968018,-167.464599609375,0.0873597264289856
1783008623.336905,0.0,0.0,10.0,-0.6611273884773254,51.729095458984375,0.04268436133861542,6.895046710968018,-167.464599609375,0.0873597264289856
1783008623.3429,0.0,0.0,10.0,-0.6611273884773254,51.729095458984375,0.04268436133861542,6.895046710968018,-167.464599609375,0.0873597264289856
1783008623.349462,0.0,0.0,10.0,-0.6611273884773254,51.729095458984375,0.04268436133861542,6.895046710968018,-167.464599609375,0.0873597264289856
1783008623.354796,0.0,0.0,10.0,-0.6611273884773254,51.729095458984375,0.04268436133861542,6.895046710968018,-167.464599609375,0.0873597264289856
1783008623.369419,0.0,0.0,10.0,-0.6611273884773254,51.729095458984375,0.04268436133861542,6.895046710968018,-167.464599609375,0.0873597264289856
1783008623.374856,0.0,0.0,10.0,-0.6605238914489746,51.730045318603516,0.04321856051683426,6.895046710968018,-167.464599609375,0.0873597264289856
1783008623.380413,0.0,0.0,10.0,-0.6605238914489746,51.730045318603516,0.04321856051683426,6.895046710968018,-167.464599609375,0.0873597264289856
1783008623.386137,0.0,0.0,10.0,-0.6605238914489746,51.730045318603516,0.04321856051683426,6.895046710968018,-167.464599609375,0.0873597264289856
1783008623.391409,0.0,0.0,10.0,-0.6605238914489746,51.730045318603516,0.04321856051683426,6.895046710968018,-167.464599609375,0.0873597264289856
1783008623.397025,0.0,0.0,10.0,-0.6605238914489746,51.730045318603516,0.04321856051683426,6.895046710968018,-167.464599609375,0.0873597264289856
1783008623.402525,0.0,0.0,10.0,-0.6605238914489746,51.730045318603516,0.04321856051683426,6.895046710968018,-167.464599609375,0.0873597264289856
1783008623.409196,0.0,0.0,10.0,-0.6605238914489746,51.730045318603516,0.04321856051683426,6.850449085235596,-167.332763671875,0.08908163756132126
1783008623.418597,0.0,0.0,10.0,-0.6605238914489746,51.730045318603516,0.04321856051683426,6.850449085235596,-167.332763671875,0.08908163756132126
1783008623.427842,0.0,0.0,10.0,-0.6603212952613831,51.73122024536133,0.043288763612508774,6.850449085235596,-167.332763671875,0.08908163756132126
1783008623.433386,0.0,0.0,10.0,-0.6603212952613831,51.73122024536133,0.043288763612508774,6.850449085235596,-167.332763671875,0.08908163756132126
1783008623.439018,0.0,0.0,10.0,-0.6603212952613831,51.73122024536133,0.043288763612508774,6.850449085235596,-167.332763671875,0.08908163756132126
1783008623.444795,0.0,0.0,10.0,-0.6603212952613831,51.73122024536133,0.043288763612508774,6.850449085235596,-167.332763671875,0.08908163756132126
1783008623.450161,0.0,0.0,10.0,-0.6603212952613831,51.73122024536133,0.043288763612508774,6.850449085235596,-167.332763671875,0.08908163756132126
1783008623.455734,0.0,0.0,10.0,-0.6603212952613831,51.73122024536133,0.043288763612508774,6.850449085235596,-167.332763671875,0.08908163756132126
1783008623.462214,0.0,0.0,10.0,-0.6603212952613831,51.73122024536133,0.043288763612508774,6.850449085235596,-167.332763671875,0.08908163756132126
1783008623.477037,0.0,0.0,10.0,-0.6603212952613831,51.73122024536133,0.043288763612508774,6.850449085235596,-167.332763671875,0.08908163756132126
1783008623.4828,0.0,0.0,10.0,-0.660241961479187,51.731422424316406,0.04167475551366806,6.850449085235596,-167.332763671875,0.08908163756132126
1783008623.489742,0.0,0.0,10.0,-0.660241961479187,51.731422424316406,0.04167475551366806,6.850449085235596,-167.332763671875,0.08908163756132126
1783008623.495775,0.0,0.0,10.0,-0.660241961479187,51.731422424316406,0.04167475551366806,6.850449085235596,-167.332763671875,0.08908163756132126
1783008623.501747,0.0,0.0,10.0,-0.660241961479187,51.731422424316406,0.04167475551366806,6.850449085235596,-167.332763671875,0.08908163756132126
1783008623.507147,0.0,0.0,10.0,-0.660241961479187,51.731422424316406,0.04167475551366806,6.80263614654541,-167.135009765625,0.08898813277482986
1783008623.513,0.0,0.0,10.0,-0.660241961479187,51.731422424316406,0.04167475551366806,6.80263614654541,-167.135009765625,0.08898813277482986
1783008623.520353,0.0,0.0,10.0,-0.660241961479187,51.731422424316406,0.04167475551366806,6.80263614654541,-167.135009765625,0.08898813277482986
1783008623.525964,0.0,0.0,10.0,-0.6596664786338806,51.73261260986328,0.04266299679875374,6.80263614654541,-167.135009765625,0.08898813277482986
1783008623.532985,0.0,0.0,10.0,-0.6596664786338806,51.73261260986328,0.04266299679875374,6.80263614654541,-167.135009765625,0.08898813277482986
1783008623.538423,0.0,0.0,10.0,-0.6596664786338806,51.73261260986328,0.04266299679875374,6.80263614654541,-167.135009765625,0.08898813277482986
1783008623.544935,0.0,0.0,10.0,-0.6596664786338806,51.73261260986328,0.04266299679875374,6.80263614654541,-167.135009765625,0.08898813277482986
1783008623.550966,0.0,0.0,10.0,-0.6596664786338806,51.73261260986328,0.04266299679875374,6.80263614654541,-167.135009765625,0.08898813277482986
1783008623.556979,0.0,0.0,10.0,-0.6596664786338806,51.73261260986328,0.04266299679875374,6.80263614654541,-167.135009765625,0.08898813277482986
1783008623.563679,0.0,0.0,10.0,-0.6596664786338806,51.73261260986328,0.04266299679875374,6.80263614654541,-167.135009765625,0.08898813277482986
1783008623.572326,0.0,0.0,10.0,-0.6596664786338806,51.73261260986328,0.04266299679875374,6.80263614654541,-167.135009765625,0.08898813277482986
1783008623.57789,0.0,0.0,10.0,-0.6595210433006287,51.733760833740234,0.043669186532497406,6.80263614654541,-167.135009765625,0.08898813277482986
1783008623.584574,0.0,0.0,10.0,-0.6595210433006287,51.733760833740234,0.043669186532497406,6.80263614654541,-167.135009765625,0.08898813277482986
1783008623.590739,0.0,0.0,10.0,-0.6595210433006287,51.733760833740234,0.043669186532497406,6.80263614654541,-167.135009765625,0.08898813277482986
1783008623.596259,0.0,0.0,10.0,-0.6595210433006287,51.733760833740234,0.043669186532497406,6.80263614654541,-167.135009765625,0.08898813277482986
1783008623.602254,0.0,0.0,10.0,-0.6595210433006287,51.733760833740234,0.043669186532497406,6.80263614654541,-167.135009765625,0.08898813277482986
1783008623.607407,0.0,0.0,10.0,-0.6595210433006287,51.733760833740234,0.043669186532497406,6.755079746246338,-167.003173828125,0.09000154584646225
1783008623.613427,0.0,0.0,10.0,-0.6595210433006287,51.733760833740234,0.043669186532497406,6.755079746246338,-167.003173828125,0.09000154584646225
1783008623.626376,0.0,0.0,10.0,-0.6595210433006287,51.733760833740234,0.043669186532497406,6.755079746246338,-167.003173828125,0.09000154584646225
1783008623.632397,0.0,0.0,10.0,-0.6598440408706665,51.733734130859375,0.0439036525785923,6.755079746246338,-167.003173828125,0.09000154584646225
1783008623.637657,0.0,0.0,10.0,-0.6598440408706665,51.733734130859375,0.0439036525785923,6.755079746246338,-167.003173828125,0.09000154584646225
1783008623.643764,0.0,0.0,10.0,-0.6598440408706665,51.733734130859375,0.0439036525785923,6.755079746246338,-167.003173828125,0.09000154584646225
1783008623.649704,0.0,0.0,10.0,-0.6598440408706665,51.733734130859375,0.0439036525785923,6.755079746246338,-167.003173828125,0.09000154584646225
1783008623.657073,0.0,0.0,10.0,-0.6598440408706665,51.733734130859375,0.0439036525785923,6.755079746246338,-167.003173828125,0.09000154584646225
1783008623.662725,0.0,0.0,10.0,-0.6598440408706665,51.733734130859375,0.0439036525785923,6.755079746246338,-167.003173828125,0.09000154584646225
1783008623.668105,0.0,0.0,10.0,-0.6598440408706665,51.733734130859375,0.0439036525785923,6.755079746246338,-167.003173828125,0.09000154584646225
1783008623.676243,0.0,0.0,10.0,-0.6598440408706665,51.733734130859375,0.0439036525785923,6.755079746246338,-167.003173828125,0.09000154584646225
1783008623.682351,0.0,0.0,10.0,-0.6595759391784668,51.73375701904297,0.04410157352685928,6.755079746246338,-167.003173828125,0.09000154584646225
1783008623.68773,0.0,0.0,10.0,-0.6595759391784668,51.73375701904297,0.04410157352685928,6.755079746246338,-167.003173828125,0.09000154584646225
1783008623.692868,0.0,0.0,10.0,-0.6595759391784668,51.73375701904297,0.04410157352685928,6.755079746246338,-167.003173828125,0.09000154584646225
1783008623.698429,0.0,0.0,10.0,-0.6595759391784668,51.73375701904297,0.04410157352685928,6.755079746246338,-167.003173828125,0.09000154584646225
1783008623.703939,0.0,0.0,10.0,-0.6595759391784668,51.73375701904297,0.04410157352685928,6.755079746246338,-167.003173828125,0.09000154584646225
1783008623.711034,0.0,0.0,10.0,-0.6595759391784668,51.73375701904297,0.04410157352685928,6.755079746246338,-167.003173828125,0.09000154584646225
1783008623.716622,0.0,0.0,10.0,-0.6595759391784668,51.73375701904297,0.04410157352685928,6.707667350769043,-166.783447265625,0.09018508344888687
1783008623.72275,0.0,0.0,10.0,-0.6594019532203674,51.734291076660156,0.04423048719763756,6.707667350769043,-166.783447265625,0.09018508344888687
1783008623.728299,0.0,0.0,10.0,-0.6594019532203674,51.734291076660156,0.04423048719763756,6.707667350769043,-166.783447265625,0.09018508344888687
1783008623.734704,0.0,0.0,10.0,-0.6594019532203674,51.734291076660156,0.04423048719763756,6.707667350769043,-166.783447265625,0.09018508344888687
1783008623.740866,0.0,0.0,10.0,-0.6594019532203674,51.734291076660156,0.04423048719763756,6.707667350769043,-166.783447265625,0.09018508344888687
1783008623.751461,0.0,0.0,10.0,-0.6594019532203674,51.734291076660156,0.04423048719763756,6.707667350769043,-166.783447265625,0.09018508344888687
1783008623.758929,0.0,0.0,10.0,-0.6594019532203674,51.734291076660156,0.04423048719763756,6.707667350769043,-166.783447265625,0.09018508344888687
1783008623.786835,0.0,0.0,10.0,-0.6594019532203674,51.734291076660156,0.04423048719763756,6.707667350769043,-166.783447265625,0.09018508344888687
1783008623.797623,0.0,0.0,10.0,-0.6597864031791687,51.734466552734375,0.044926952570676804,6.707667350769043,-166.783447265625,0.09018508344888687
1783008623.803921,0.0,0.0,10.0,-0.6597864031791687,51.734466552734375,0.044926952570676804,6.707667350769043,-166.783447265625,0.09018508344888687
1783008623.831535,0.0,0.0,10.0,-0.6597864031791687,51.734466552734375,0.044926952570676804,6.659135818481445,-166.585693359375,0.09057433903217316
1783008623.83709,0.0,0.0,10.0,-0.6600193381309509,51.7355842590332,0.044644422829151154,6.659135818481445,-166.585693359375,0.09057433903217316
1783008623.843461,0.0,0.0,10.0,-0.6600193381309509,51.7355842590332,0.044644422829151154,6.659135818481445,-166.585693359375,0.09057433903217316
1783008623.848818,0.0,0.0,10.0,-0.6600193381309509,51.7355842590332,0.044644422829151154,6.659135818481445,-166.585693359375,0.09057433903217316
1783008623.854539,0.0,0.0,10.0,-0.6600193381309509,51.7355842590332,0.044644422829151154,6.659135818481445,-166.585693359375,0.09057433903217316
1783008623.870581,0.0,0.0,10.0,-0.6600193381309509,51.7355842590332,0.044644422829151154,6.659135818481445,-166.585693359375,0.09057433903217316
1783008623.876099,0.0,0.0,10.0,-0.6603705883026123,51.73631286621094,0.04468897357583046,6.659135818481445,-166.585693359375,0.09057433903217316
1783008623.882135,0.0,0.0,10.0,-0.6603705883026123,51.73631286621094,0.04468897357583046,6.659135818481445,-166.585693359375,0.09057433903217316
1783008623.888452,0.0,0.0,10.0,-0.6603705883026123,51.73631286621094,0.04468897357583046,6.659135818481445,-166.585693359375,0.09057433903217316
1783008623.903594,0.0,0.0,10.0,-0.6603705883026123,51.73631286621094,0.04468897357583046,6.659135818481445,-166.585693359375,0.09057433903217316
1783008623.90897,0.0,0.0,10.0,-0.6603705883026123,51.73631286621094,0.04468897357583046,6.659135818481445,-166.585693359375,0.09057433903217316
1783008623.914243,0.0,0.0,10.0,-0.6603705883026123,51.73631286621094,0.04468897357583046,6.611301898956299,-166.409912109375,0.09099653363227844
1783008623.920657,0.0,0.0,10.0,-0.6603705883026123,51.73631286621094,0.04468897357583046,6.611301898956299,-166.409912109375,0.09099653363227844
1783008623.926869,0.0,0.0,10.0,-0.6599985361099243,51.736812591552734,0.04447769373655319,6.611301898956299,-166.409912109375,0.09099653363227844
1783008623.932675,0.0,0.0,10.0,-0.6599985361099243,51.736812591552734,0.04447769373655319,6.611301898956299,-166.409912109375,0.09099653363227844
1783008623.938831,0.0,0.0,10.0,-0.6599985361099243,51.736812591552734,0.04447769373655319,6.611301898956299,-166.409912109375,0.09099653363227844
1783008623.955401,0.0,0.0,10.0,-0.6599985361099243,51.736812591552734,0.04447769373655319,6.611301898956299,-166.409912109375,0.09099653363227844
1783008623.961083,0.0,0.0,10.0,-0.6599985361099243,51.736812591552734,0.04447769373655319,6.611301898956299,-166.409912109375,0.09099653363227844
1783008623.966685,0.0,0.0,10.0,-0.6599985361099243,51.736812591552734,0.04447769373655319,6.611301898956299,-166.409912109375,0.09099653363227844
1783008623.973657,0.0,0.0,10.0,-0.6596558690071106,51.73744201660156,0.0442097932100296,6.611301898956299,-166.409912109375,0.09099653363227844
1783008623.97975,0.0,0.0,10.0,-0.6596558690071106,51.73744201660156,0.0442097932100296,6.611301898956299,-166.409912109375,0.09099653363227844
1783008623.986155,0.0,0.0,10.0,-0.6596558690071106,51.73744201660156,0.0442097932100296,6.611301898956299,-166.409912109375,0.09099653363227844
1783008623.991889,0.0,0.0,10.0,-0.6596558690071106,51.73744201660156,0.0442097932100296,6.611301898956299,-166.409912109375,0.09099653363227844
1783008624.008033,0.0,0.0,10.0,-0.6596558690071106,51.73744201660156,0.0442097932100296,6.611301898956299,-166.409912109375,0.09099653363227844
1783008624.013328,0.0,0.0,10.0,-0.6596558690071106,51.73744201660156,0.0442097932100296,6.606649875640869,-166.365966796875,0.09183352440595627
1783008624.024454,0.0,0.0,10.0,-0.6596558690071106,51.73744201660156,0.0442097932100296,6.606649875640869,-166.365966796875,0.09183352440595627
1783008624.031386,0.0,0.0,10.0,-0.6602718234062195,51.73769760131836,0.04411322623491287,6.606649875640869,-166.365966796875,0.09183352440595627
1783008624.036786,0.0,0.0,10.0,-0.6602718234062195,51.73769760131836,0.04411322623491287,6.606649875640869,-166.365966796875,0.09183352440595627
1783008624.042803,0.0,0.0,10.0,-0.6602718234062195,51.73769760131836,0.04411322623491287,6.606649875640869,-166.365966796875,0.09183352440595627
1783008624.060911,0.0,0.0,10.0,-0.6602718234062195,51.73769760131836,0.04411322623491287,6.606649875640869,-166.365966796875,0.09183352440595627
1783008624.066735,0.0,0.0,10.0,-0.6602718234062195,51.73769760131836,0.04411322623491287,6.606649875640869,-166.365966796875,0.09183352440595627
1783008624.072231,0.0,0.0,10.0,-0.6593648791313171,51.73723220825195,0.04264538362622261,6.606649875640869,-166.365966796875,0.09183352440595627
1783008624.077874,0.0,0.0,10.0,-0.6593648791313171,51.73723220825195,0.04264538362622261,6.606649875640869,-166.365966796875,0.09183352440595627
1783008624.083701,0.0,0.0,10.0,-0.6593648791313171,51.73723220825195,0.04264538362622261,6.606649875640869,-166.365966796875,0.09183352440595627
1783008624.090462,0.0,0.0,10.0,-0.6593648791313171,51.73723220825195,0.04264538362622261,6.606649875640869,-166.365966796875,0.09183352440595627
1783008624.095997,0.0,0.0,10.0,-0.6593648791313171,51.73723220825195,0.04264538362622261,6.606649875640869,-166.365966796875,0.09183352440595627
1783008624.116002,0.0,0.0,10.0,-0.6593648791313171,51.73723220825195,0.04264538362622261,6.606649875640869,-166.365966796875,0.09183352440595627
1783008624.121411,0.0,0.0,10.0,-0.6592100858688354,51.73626708984375,0.04379695653915405,6.6068243980407715,-166.278076171875,0.09182138741016388
1783008624.127612,0.0,0.0,10.0,-0.6592100858688354,51.73626708984375,0.04379695653915405,6.6068243980407715,-166.278076171875,0.09182138741016388
1783008624.132835,0.0,0.0,10.0,-0.6592100858688354,51.73626708984375,0.04379695653915405,6.6068243980407715,-166.278076171875,0.09182138741016388
1783008624.140091,0.0,0.0,10.0,-0.6592100858688354,51.73626708984375,0.04379695653915405,6.6068243980407715,-166.278076171875,0.09182138741016388
1783008624.145932,0.0,0.0,10.0,-0.6592100858688354,51.73626708984375,0.04379695653915405,6.6068243980407715,-166.278076171875,0.09182138741016388
1783008624.153345,0.0,0.0,10.0,-0.6592100858688354,51.73626708984375,0.04379695653915405,6.6068243980407715,-166.278076171875,0.09182138741016388
1783008624.16597,0.0,0.0,10.0,-0.6592100858688354,51.73626708984375,0.04379695653915405,6.6068243980407715,-166.278076171875,0.09182138741016388
1783008624.172131,0.0,0.0,10.0,-0.6592100858688354,51.73626708984375,0.04379695653915405,6.6068243980407715,-166.278076171875,0.09182138741016388
1783008624.177546,0.0,0.0,10.0,-0.6588525772094727,51.73671340942383,0.04380055144429207,6.6068243980407715,-166.278076171875,0.09182138741016388
1783008624.182847,0.0,0.0,10.0,-0.6588525772094727,51.73671340942383,0.04380055144429207,6.6068243980407715,-166.278076171875,0.09182138741016388
1783008624.189607,0.0,0.0,10.0,-0.6588525772094727,51.73671340942383,0.04380055144429207,6.6068243980407715,-166.278076171875,0.09182138741016388
1783008624.195261,0.0,0.0,10.0,-0.6588525772094727,51.73671340942383,0.04380055144429207,6.6068243980407715,-166.278076171875,0.09182138741016388
1783008624.201282,0.0,0.0,10.0,-0.6588525772094727,51.73671340942383,0.04380055144429207,6.6068243980407715,-166.278076171875,0.09182138741016388
1783008624.216652,0.0,0.0,10.0,-0.6588525772094727,51.73671340942383,0.04380055144429207,6.6068243980407715,-166.278076171875,0.09182138741016388
1783008624.2224,0.0,0.0,10.0,-0.6593999862670898,51.737396240234375,0.04300433769822121,6.606781482696533,-166.300048828125,0.09255238622426987
1783008624.227899,0.0,0.0,10.0,-0.6593999862670898,51.737396240234375,0.04300433769822121,6.606781482696533,-166.300048828125,0.09255238622426987
1783008624.234274,0.0,0.0,10.0,-0.6593999862670898,51.737396240234375,0.04300433769822121,6.606781482696533,-166.300048828125,0.09255238622426987
1783008624.239601,0.0,0.0,10.0,-0.6593999862670898,51.737396240234375,0.04300433769822121,6.606781482696533,-166.300048828125,0.09255238622426987
1783008624.244978,0.0,0.0,10.0,-0.6593999862670898,51.737396240234375,0.04300433769822121,6.606781482696533,-166.300048828125,0.09255238622426987
1783008624.251004,0.0,0.0,10.0,-0.6593999862670898,51.737396240234375,0.04300433769822121,6.606781482696533,-166.300048828125,0.09255238622426987
1783008624.256275,0.0,0.0,10.0,-0.6593999862670898,51.737396240234375,0.04300433769822121,6.606781482696533,-166.300048828125,0.09255238622426987
1783008624.267139,0.0,0.0,10.0,-0.6593999862670898,51.737396240234375,0.04300433769822121,6.606781482696533,-166.300048828125,0.09255238622426987
1783008624.272776,0.0,0.0,10.0,-0.6596119999885559,51.73727035522461,0.04307393729686737,6.606781482696533,-166.300048828125,0.09255238622426987
1783008624.278242,0.0,0.0,10.0,-0.6596119999885559,51.73727035522461,0.04307393729686737,6.606781482696533,-166.300048828125,0.09255238622426987
1783008624.283529,0.0,0.0,10.0,-0.6596119999885559,51.73727035522461,0.04307393729686737,6.606781482696533,-166.300048828125,0.09255238622426987
1783008624.289754,0.0,0.0,10.0,-0.6596119999885559,51.73727035522461,0.04307393729686737,6.606781482696533,-166.300048828125,0.09255238622426987
1783008624.295514,0.0,0.0,10.0,-0.6596119999885559,51.73727035522461,0.04307393729686737,6.606781482696533,-166.300048828125,0.09255238622426987
1783008624.302489,0.0,0.0,10.0,-0.6596119999885559,51.73727035522461,0.04307393729686737,6.606781482696533,-166.300048828125,0.09255238622426987
1783008624.308982,0.0,0.0,10.0,-0.6596119999885559,51.73727035522461,0.04307393729686737,6.606781482696533,-166.300048828125,0.09255238622426987
1783008624.318806,0.0,0.0,10.0,-0.6596119999885559,51.73727035522461,0.04307393729686737,6.606781482696533,-166.300048828125,0.09255238622426987
1783008624.324725,0.0,0.0,10.0,-0.6605845093727112,51.73739242553711,0.04305968061089516,6.607972621917725,-166.190185546875,0.09287333488464355
1783008624.330211,0.0,0.0,10.0,-0.6605845093727112,51.73739242553711,0.04305968061089516,6.607972621917725,-166.190185546875,0.09287333488464355
1783008624.335829,0.0,0.0,10.0,-0.6605845093727112,51.73739242553711,0.04305968061089516,6.607972621917725,-166.190185546875,0.09287333488464355
1783008624.341073,0.0,0.0,10.0,-0.6605845093727112,51.73739242553711,0.04305968061089516,6.607972621917725,-166.190185546875,0.09287333488464355
1783008624.346547,0.0,0.0,10.0,-0.6605845093727112,51.73739242553711,0.04305968061089516,6.607972621917725,-166.190185546875,0.09287333488464355
1783008624.352473,0.0,0.0,10.0,-0.6605845093727112,51.73739242553711,0.04305968061089516,6.607972621917725,-166.190185546875,0.09287333488464355
1783008624.358108,0.0,0.0,10.0,-0.6605845093727112,51.73739242553711,0.04305968061089516,6.607972621917725,-166.190185546875,0.09287333488464355
1783008624.369343,0.0,0.0,10.0,-0.6605845093727112,51.73739242553711,0.04305968061089516,6.607972621917725,-166.190185546875,0.09287333488464355
1783008624.374611,0.0,0.0,10.0,-0.6607540845870972,51.738059997558594,0.04350854456424713,6.607972621917725,-166.190185546875,0.09287333488464355
1783008624.380619,0.0,0.0,10.0,-0.6607540845870972,51.738059997558594,0.04350854456424713,6.607972621917725,-166.190185546875,0.09287333488464355
1783008624.386168,0.0,0.0,10.0,-0.6607540845870972,51.738059997558594,0.04350854456424713,6.607972621917725,-166.190185546875,0.09287333488464355
1783008624.391673,0.0,0.0,10.0,-0.6607540845870972,51.738059997558594,0.04350854456424713,6.607972621917725,-166.190185546875,0.09287333488464355
1783008624.397227,0.0,0.0,10.0,-0.6607540845870972,51.738059997558594,0.04350854456424713,6.607972621917725,-166.190185546875,0.09287333488464355
1783008624.403765,0.0,0.0,10.0,-0.6607540845870972,51.738059997558594,0.04350854456424713,6.607972621917725,-166.190185546875,0.09287333488464355
1783008624.409336,0.0,0.0,10.0,-0.6607540845870972,51.738059997558594,0.04350854456424713,6.607972621917725,-166.190185546875,0.09287333488464355
1783008624.425804,0.0,0.0,10.0,-0.6607540845870972,51.738059997558594,0.04350854456424713,6.607972621917725,-166.190185546875,0.09287333488464355
1783008624.431424,0.0,0.0,10.0,-0.6606199741363525,51.7378044128418,0.042648907750844955,6.608268737792969,-166.146240234375,0.09224943071603775
1783008624.437025,0.0,0.0,10.0,-0.6606199741363525,51.7378044128418,0.042648907750844955,6.608268737792969,-166.146240234375,0.09224943071603775
1783008624.44256,0.0,0.0,10.0,-0.6606199741363525,51.7378044128418,0.042648907750844955,6.608268737792969,-166.146240234375,0.09224943071603775
1783008624.448598,0.0,0.0,10.0,-0.6606199741363525,51.7378044128418,0.042648907750844955,6.608268737792969,-166.146240234375,0.09224943071603775
1783008624.455174,0.0,0.0,10.0,-0.6606199741363525,51.7378044128418,0.042648907750844955,6.608268737792969,-166.146240234375,0.09224943071603775
1783008624.461258,0.0,0.0,10.0,-0.6606199741363525,51.7378044128418,0.042648907750844955,6.608268737792969,-166.146240234375,0.09224943071603775
1783008624.475252,0.0,0.0,10.0,-0.6606199741363525,51.7378044128418,0.042648907750844955,6.608268737792969,-166.146240234375,0.09224943071603775
1783008624.482347,0.0,0.0,10.0,-0.660047173500061,51.73746871948242,0.04281126707792282,6.608268737792969,-166.146240234375,0.09224943071603775
1783008624.487906,0.0,0.0,10.0,-0.660047173500061,51.73746871948242,0.04281126707792282,6.608268737792969,-166.146240234375,0.09224943071603775
1783008624.493509,0.0,0.0,10.0,-0.660047173500061,51.73746871948242,0.04281126707792282,6.608268737792969,-166.146240234375,0.09224943071603775
1783008624.499567,0.0,0.0,10.0,-0.660047173500061,51.73746871948242,0.04281126707792282,6.608268737792969,-166.146240234375,0.09224943071603775
1783008624.505029,0.0,0.0,10.0,-0.660047173500061,51.73746871948242,0.04281126707792282,6.608268737792969,-166.146240234375,0.09224943071603775
1783008624.511696,0.0,0.0,10.0,-0.660047173500061,51.73746871948242,0.04281126707792282,6.608268737792969,-166.146240234375,0.09224943071603775
1783008624.522104,0.0,0.0,10.0,-0.660047173500061,51.73746871948242,0.04281126707792282,6.610292911529541,-166.102294921875,0.09371855109930038
1783008624.52973,0.0,0.0,10.0,-0.6602586507797241,51.73805236816406,0.04333355650305748,6.610292911529541,-166.102294921875,0.09371855109930038
1783008624.536227,0.0,0.0,10.0,-0.6602586507797241,51.73805236816406,0.04333355650305748,6.610292911529541,-166.102294921875,0.09371855109930038
1783008624.541711,0.0,0.0,10.0,-0.6602586507797241,51.73805236816406,0.04333355650305748,6.610292911529541,-166.102294921875,0.09371855109930038
1783008624.548801,0.0,0.0,10.0,-0.6602586507797241,51.73805236816406,0.04333355650305748,6.610292911529541,-166.102294921875,0.09371855109930038
1783008624.554304,0.0,0.0,10.0,-0.6602586507797241,51.73805236816406,0.04333355650305748,6.610292911529541,-166.102294921875,0.09371855109930038
1783008624.560253,0.0,0.0,10.0,-0.6602586507797241,51.73805236816406,0.04333355650305748,6.610292911529541,-166.102294921875,0.09371855109930038
1783008624.565947,0.0,0.0,10.0,-0.6602586507797241,51.73805236816406,0.04333355650305748,6.610292911529541,-166.102294921875,0.09371855109930038
1783008624.57493,0.0,0.0,10.0,-0.6602586507797241,51.73805236816406,0.04333355650305748,6.610292911529541,-166.102294921875,0.09371855109930038
1783008624.580963,0.0,0.0,10.0,-0.6605585813522339,51.73738479614258,0.04275059700012207,6.610292911529541,-166.102294921875,0.09371855109930038
1783008624.587357,0.0,0.0,10.0,-0.6605585813522339,51.73738479614258,0.04275059700012207,6.610292911529541,-166.102294921875,0.09371855109930038
1783008624.592645,0.0,0.0,10.0,-0.6605585813522339,51.73738479614258,0.04275059700012207,6.610292911529541,-166.102294921875,0.09371855109930038
1783008624.598156,0.0,0.0,10.0,-0.6605585813522339,51.73738479614258,0.04275059700012207,6.610292911529541,-166.102294921875,0.09371855109930038
1783008624.603737,0.0,0.0,10.0,-0.6605585813522339,51.73738479614258,0.04275059700012207,6.610292911529541,-166.102294921875,0.09371855109930038
1783008624.610272,0.0,0.0,10.0,-0.6605585813522339,51.73738479614258,0.04275059700012207,6.610292911529541,-166.102294921875,0.09371855109930038
1783008624.615771,0.0,0.0,10.0,-0.6605585813522339,51.73738479614258,0.04275059700012207,6.610778331756592,-166.080322265625,0.0938410684466362
1783008624.626837,0.0,0.0,10.0,-0.6605585813522339,51.73738479614258,0.04275059700012207,6.610778331756592,-166.080322265625,0.0938410684466362
1783008624.633866,0.0,0.0,10.0,-0.660254955291748,51.73753356933594,0.042638909071683884,6.610778331756592,-166.080322265625,0.0938410684466362
1783008624.639853,0.0,0.0,10.0,-0.660254955291748,51.73753356933594,0.042638909071683884,6.610778331756592,-166.080322265625,0.0938410684466362
1783008624.645375,0.0,0.0,10.0,-0.660254955291748,51.73753356933594,0.042638909071683884,6.610778331756592,-166.080322265625,0.0938410684466362
1783008624.651413,0.0,0.0,10.0,-0.660254955291748,51.73753356933594,0.042638909071683884,6.610778331756592,-166.080322265625,0.0938410684466362
1783008624.656701,0.0,0.0,10.0,-0.660254955291748,51.73753356933594,0.042638909071683884,6.610778331756592,-166.080322265625,0.0938410684466362
1783008624.661919,0.0,0.0,10.0,-0.660254955291748,51.73753356933594,0.042638909071683884,6.610778331756592,-166.080322265625,0.0938410684466362
1783008624.668053,0.0,0.0,10.0,-0.660254955291748,51.73753356933594,0.042638909071683884,6.610778331756592,-166.080322265625,0.0938410684466362
1783008624.680829,0.0,0.0,10.0,-0.6603071093559265,51.7371711730957,0.04234159737825394,6.610778331756592,-166.080322265625,0.0938410684466362
1783008624.68656,0.0,0.0,10.0,-0.6603071093559265,51.7371711730957,0.04234159737825394,6.610778331756592,-166.080322265625,0.0938410684466362
1783008624.692607,0.0,0.0,10.0,-0.6603071093559265,51.7371711730957,0.04234159737825394,6.610778331756592,-166.080322265625,0.0938410684466362
1783008624.698115,0.0,0.0,10.0,-0.6603071093559265,51.7371711730957,0.04234159737825394,6.610778331756592,-166.080322265625,0.0938410684466362
1783008624.704618,0.0,0.0,10.0,-0.6603071093559265,51.7371711730957,0.04234159737825394,6.610778331756592,-166.080322265625,0.0938410684466362
1783008624.710569,0.0,0.0,10.0,-0.6603071093559265,51.7371711730957,0.04234159737825394,6.610778331756592,-166.080322265625,0.0938410684466362
1783008624.716693,0.0,0.0,10.0,-0.6603071093559265,51.7371711730957,0.04234159737825394,6.612555027008057,-166.036376953125,0.09329967945814133
1783008624.721905,0.0,0.0,10.0,-0.6602515578269958,51.73788833618164,0.04096272215247154,6.612555027008057,-166.036376953125,0.09329967945814133
1783008624.736306,0.0,0.0,10.0,-0.6602515578269958,51.73788833618164,0.04096272215247154,6.612555027008057,-166.036376953125,0.09329967945814133
1783008624.741866,0.0,0.0,10.0,-0.6602515578269958,51.73788833618164,0.04096272215247154,6.612555027008057,-166.036376953125,0.09329967945814133
1783008624.747376,0.0,0.0,10.0,-0.6602515578269958,51.73788833618164,0.04096272215247154,6.612555027008057,-166.036376953125,0.09329967945814133
1783008624.75342,0.0,0.0,10.0,-0.6602515578269958,51.73788833618164,0.04096272215247154,6.612555027008057,-166.036376953125,0.09329967945814133
1783008624.779763,0.0,0.0,10.0,-0.6602515578269958,51.73788833618164,0.04096272215247154,6.612555027008057,-166.036376953125,0.09329967945814133
1783008624.787904,0.0,0.0,10.0,-0.6602515578269958,51.73788833618164,0.04096272215247154,6.612555027008057,-166.036376953125,0.09329967945814133
1783008624.795391,0.0,0.0,10.0,-0.6609682440757751,51.738094329833984,0.04057561978697777,6.612555027008057,-166.036376953125,0.09329967945814133
1783008624.801247,0.0,0.0,10.0,-0.6609682440757751,51.738094329833984,0.04057561978697777,6.612555027008057,-166.036376953125,0.09329967945814133
1783008624.806761,0.0,0.0,10.0,-0.6609682440757751,51.738094329833984,0.04057561978697777,6.612555027008057,-166.036376953125,0.09329967945814133
1783008624.829245,0.0,0.0,10.0,-0.6609682440757751,51.738094329833984,0.04057561978697777,6.612555027008057,-166.036376953125,0.09329967945814133
1783008624.834519,0.0,0.0,10.0,-0.6609682440757751,51.738094329833984,0.04057561978697777,6.614086151123047,-165.926513671875,0.09358932077884674
1783008624.841431,0.0,0.0,10.0,-0.660932719707489,51.737606048583984,0.0406385101377964,6.614086151123047,-165.926513671875,0.09358932077884674
1783008624.846765,0.0,0.0,10.0,-0.660932719707489,51.737606048583984,0.0406385101377964,6.614086151123047,-165.926513671875,0.09358932077884674
1783008624.852276,0.0,0.0,10.0,-0.660932719707489,51.737606048583984,0.0406385101377964,6.614086151123047,-165.926513671875,0.09358932077884674
1783008624.85762,0.0,0.0,10.0,-0.660932719707489,51.737606048583984,0.0406385101377964,6.614086151123047,-165.926513671875,0.09358932077884674
1783008624.868756,0.0,0.0,10.0,-0.660932719707489,51.737606048583984,0.0406385101377964,6.614086151123047,-165.926513671875,0.09358932077884674
1783008624.874275,0.0,0.0,10.0,-0.6601022481918335,51.73613739013672,0.04042476415634155,6.614086151123047,-165.926513671875,0.09358932077884674
1783008624.879998,0.0,0.0,10.0,-0.6601022481918335,51.73613739013672,0.04042476415634155,6.614086151123047,-165.926513671875,0.09358932077884674
1783008624.886386,0.0,0.0,10.0,-0.6601022481918335,51.73613739013672,0.04042476415634155,6.614086151123047,-165.926513671875,0.09358932077884674
1783008624.901165,0.0,0.0,10.0,-0.6601022481918335,51.73613739013672,0.04042476415634155,6.614086151123047,-165.926513671875,0.09358932077884674
1783008624.907238,0.0,0.0,10.0,-0.6601022481918335,51.73613739013672,0.04042476415634155,6.614086151123047,-165.926513671875,0.09358932077884674
1783008624.913685,0.0,0.0,10.0,-0.6601022481918335,51.73613739013672,0.04042476415634155,6.614086151123047,-165.926513671875,0.09358932077884674
1783008624.920358,0.0,0.0,10.0,-0.6601022481918335,51.73613739013672,0.04042476415634155,6.611165523529053,-165.882568359375,0.09421682357788086
1783008624.926837,0.0,0.0,10.0,-0.6613286137580872,51.736106872558594,0.04043044149875641,6.611165523529053,-165.882568359375,0.09421682357788086
1783008624.932695,0.0,0.0,10.0,-0.6613286137580872,51.736106872558594,0.04043044149875641,6.611165523529053,-165.882568359375,0.09421682357788086
1783008624.950451,0.0,0.0,10.0,-0.6613286137580872,51.736106872558594,0.04043044149875641,6.611165523529053,-165.882568359375,0.09421682357788086
1783008624.956816,0.0,0.0,10.0,-0.6613286137580872,51.736106872558594,0.04043044149875641,6.611165523529053,-165.882568359375,0.09421682357788086
1783008624.963033,0.0,0.0,10.0,-0.6613286137580872,51.736106872558594,0.04043044149875641,6.611165523529053,-165.882568359375,0.09421682357788086
1783008624.969323,0.0,0.0,10.0,-0.6613286137580872,51.736106872558594,0.04043044149875641,6.611165523529053,-165.882568359375,0.09421682357788086
1783008624.974981,0.0,0.0,10.0,-0.6620851755142212,51.73634338378906,0.04018314182758331,6.611165523529053,-165.882568359375,0.09421682357788086
1783008624.982015,0.0,0.0,10.0,-0.6620851755142212,51.73634338378906,0.04018314182758331,6.611165523529053,-165.882568359375,0.09421682357788086
1783008624.989362,0.0,0.0,10.0,-0.6620851755142212,51.73634338378906,0.04018314182758331,6.611165523529053,-165.882568359375,0.09421682357788086
1783008625.003806,0.0,0.0,10.0,-0.6620851755142212,51.73634338378906,0.04018314182758331,6.611165523529053,-165.882568359375,0.09421682357788086
1783008625.009813,0.0,0.0,10.0,-0.6620851755142212,51.73634338378906,0.04018314182758331,6.611165523529053,-165.882568359375,0.09421682357788086
1783008625.015263,0.0,0.0,10.0,-0.6620851755142212,51.73634338378906,0.04018314182758331,6.611165523529053,-165.882568359375,0.09421682357788086
1783008625.021751,0.0,0.0,10.0,-0.6626918911933899,51.736846923828125,0.039643917232751846,6.515650272369385,-165.662841796875,0.0950622409582138
1783008625.027914,0.0,0.0,10.0,-0.6626918911933899,51.736846923828125,0.039643917232751846,6.515650272369385,-165.662841796875,0.0950622409582138
1783008625.034905,0.0,0.0,10.0,-0.6626918911933899,51.736846923828125,0.039643917232751846,6.515650272369385,-165.662841796875,0.0950622409582138
1783008625.040763,0.0,0.0,10.0,-0.6626918911933899,51.736846923828125,0.039643917232751846,6.515650272369385,-165.662841796875,0.0950622409582138
1783008625.055333,0.0,0.0,10.0,-0.6626918911933899,51.736846923828125,0.039643917232751846,6.515650272369385,-165.662841796875,0.0950622409582138
1783008625.061506,0.0,0.0,10.0,-0.6626918911933899,51.736846923828125,0.039643917232751846,6.515650272369385,-165.662841796875,0.0950622409582138
1783008625.067429,0.0,0.0,10.0,-0.6626918911933899,51.736846923828125,0.039643917232751846,6.515650272369385,-165.662841796875,0.0950622409582138
1783008625.073958,0.0,0.0,10.0,-0.6633731126785278,51.736839294433594,0.04028397053480148,6.515650272369385,-165.662841796875,0.0950622409582138
1783008625.079256,0.0,0.0,10.0,-0.6633731126785278,51.736839294433594,0.04028397053480148,6.515650272369385,-165.662841796875,0.0950622409582138
1783008625.084989,0.0,0.0,10.0,-0.6633731126785278,51.736839294433594,0.04028397053480148,6.515650272369385,-165.662841796875,0.0950622409582138
1783008625.090683,0.0,0.0,10.0,-0.6633731126785278,51.736839294433594,0.04028397053480148,6.515650272369385,-165.662841796875,0.0950622409582138
1783008625.111009,0.0,0.0,10.0,-0.6633731126785278,51.736839294433594,0.04028397053480148,6.515650272369385,-165.662841796875,0.0950622409582138
1783008625.118049,0.0,0.0,10.0,-0.6633731126785278,51.736839294433594,0.04028397053480148,6.515650272369385,-165.662841796875,0.0950622409582138
1783008625.123928,0.0,0.0,10.0,-0.6629654169082642,51.73753356933594,0.04025101661682129,6.387812614440918,-165.421142578125,0.095932237803936
1783008625.130241,0.0,0.0,10.0,-0.6629654169082642,51.73753356933594,0.04025101661682129,6.387812614440918,-165.421142578125,0.095932237803936
1783008625.136551,0.0,0.0,10.0,-0.6629654169082642,51.73753356933594,0.04025101661682129,6.387812614440918,-165.421142578125,0.095932237803936
1783008625.142061,0.0,0.0,10.0,-0.6629654169082642,51.73753356933594,0.04025101661682129,6.387812614440918,-165.421142578125,0.095932237803936
1783008625.159713,0.0,0.0,10.0,-0.6629654169082642,51.73753356933594,0.04025101661682129,6.387812614440918,-165.421142578125,0.095932237803936
1783008625.165941,0.0,0.0,10.0,-0.6629654169082642,51.73753356933594,0.04025101661682129,6.387812614440918,-165.421142578125,0.095932237803936
1783008625.17147,0.0,0.0,10.0,-0.6633057594299316,51.737998962402344,0.0396144837141037,6.387812614440918,-165.421142578125,0.095932237803936
1783008625.176881,0.0,0.0,10.0,-0.6633057594299316,51.737998962402344,0.0396144837141037,6.387812614440918,-165.421142578125,0.095932237803936
1783008625.183437,0.0,0.0,10.0,-0.6633057594299316,51.737998962402344,0.0396144837141037,6.387812614440918,-165.421142578125,0.095932237803936
1783008625.189469,0.0,0.0,10.0,-0.6633057594299316,51.737998962402344,0.0396144837141037,6.387812614440918,-165.421142578125,0.095932237803936
1783008625.196288,0.0,0.0,10.0,-0.6633057594299316,51.737998962402344,0.0396144837141037,6.387812614440918,-165.421142578125,0.095932237803936
1783008625.217983,0.0,0.0,10.0,-0.6633057594299316,51.737998962402344,0.0396144837141037,6.387812614440918,-165.421142578125,0.095932237803936
1783008625.223903,0.0,0.0,10.0,-0.6634475588798523,51.737518310546875,0.040556445717811584,6.257821559906006,-165.201416015625,0.09602835029363632
1783008625.23041,0.0,0.0,10.0,-0.6634475588798523,51.737518310546875,0.040556445717811584,6.257821559906006,-165.201416015625,0.09602835029363632
1783008625.237717,0.0,0.0,10.0,-0.6634475588798523,51.737518310546875,0.040556445717811584,6.257821559906006,-165.201416015625,0.09602835029363632
1783008625.248906,0.0,0.0,10.0,-0.6634475588798523,51.737518310546875,0.040556445717811584,6.257821559906006,-165.201416015625,0.09602835029363632
1783008625.255156,0.0,0.0,10.0,-0.6634475588798523,51.737518310546875,0.040556445717811584,6.257821559906006,-165.201416015625,0.09602835029363632
1783008625.272825,0.0,0.0,10.0,-0.6634475588798523,51.737518310546875,0.040556445717811584,6.257821559906006,-165.201416015625,0.09602835029363632
1783008625.278739,0.0,0.0,10.0,-0.6625634431838989,51.73756408691406,0.040813859552145004,6.257821559906006,-165.201416015625,0.09602835029363632
1783008625.284757,0.0,0.0,10.0,-0.6625634431838989,51.73756408691406,0.040813859552145004,6.257821559906006,-165.201416015625,0.09602835029363632
1783008625.290807,0.0,0.0,10.0,-0.6625634431838989,51.73756408691406,0.040813859552145004,6.257821559906006,-165.201416015625,0.09602835029363632
1783008625.298245,0.0,0.0,10.0,-0.6625634431838989,51.73756408691406,0.040813859552145004,6.257821559906006,-165.201416015625,0.09602835029363632
1783008625.317682,0.0,0.0,10.0,-0.6625634431838989,51.73756408691406,0.040813859552145004,6.257821559906006,-165.201416015625,0.09602835029363632
1783008625.323292,0.0,0.0,10.0,-0.6625634431838989,51.73756408691406,0.040813859552145004,6.128262519836426,-164.959716796875,0.09639297425746918
1783008625.329116,0.0,0.0,10.0,-0.6636053919792175,51.73681640625,0.04046255350112915,6.128262519836426,-164.959716796875,0.09639297425746918
1783008625.334647,0.0,0.0,10.0,-0.6636053919792175,51.73681640625,0.04046255350112915,6.128262519836426,-164.959716796875,0.09639297425746918
1783008625.340706,0.0,0.0,10.0,-0.6636053919792175,51.73681640625,0.04046255350112915,6.128262519836426,-164.959716796875,0.09639297425746918
1783008625.347822,0.0,0.0,10.0,-0.6636053919792175,51.73681640625,0.04046255350112915,6.128262519836426,-164.959716796875,0.09639297425746918
1783008625.353783,0.0,0.0,10.0,-0.6636053919792175,51.73681640625,0.04046255350112915,6.128262519836426,-164.959716796875,0.09639297425746918
1783008625.366282,0.0,0.0,10.0,-0.6636053919792175,51.73681640625,0.04046255350112915,6.128262519836426,-164.959716796875,0.09639297425746918
1783008625.373588,0.0,0.0,10.0,-0.6629542112350464,51.73786163330078,0.04005489498376846,6.128262519836426,-164.959716796875,0.09639297425746918
1783008625.379131,0.0,0.0,10.0,-0.6629542112350464,51.73786163330078,0.04005489498376846,6.128262519836426,-164.959716796875,0.09639297425746918
1783008625.384677,0.0,0.0,10.0,-0.6629542112350464,51.73786163330078,0.04005489498376846,6.128262519836426,-164.959716796875,0.09639297425746918
1783008625.39073,0.0,0.0,10.0,-0.6629542112350464,51.73786163330078,0.04005489498376846,6.128262519836426,-164.959716796875,0.09639297425746918
1783008625.396302,0.0,0.0,10.0,-0.6629542112350464,51.73786163330078,0.04005489498376846,6.128262519836426,-164.959716796875,0.09639297425746918
1783008625.402274,0.0,0.0,10.0,-0.6629542112350464,51.73786163330078,0.04005489498376846,6.128262519836426,-164.959716796875,0.09639297425746918
1783008625.416014,0.0,0.0,10.0,-0.6629542112350464,51.73786163330078,0.04005489498376846,6.128262519836426,-164.959716796875,0.09639297425746918
1783008625.42139,0.0,0.0,10.0,-0.66281658411026,51.73749923706055,0.0403856486082077,5.998793125152588,-164.739990234375,0.09703483432531357
1783008625.426969,0.0,0.0,10.0,-0.66281658411026,51.73749923706055,0.0403856486082077,5.998793125152588,-164.739990234375,0.09703483432531357
1783008625.432961,0.0,0.0,10.0,-0.66281658411026,51.73749923706055,0.0403856486082077,5.998793125152588,-164.739990234375,0.09703483432531357
1783008625.438568,0.0,0.0,10.0,-0.66281658411026,51.73749923706055,0.0403856486082077,5.998793125152588,-164.739990234375,0.09703483432531357
1783008625.444635,0.0,0.0,10.0,-0.66281658411026,51.73749923706055,0.0403856486082077,5.998793125152588,-164.739990234375,0.09703483432531357
1783008625.450165,0.0,0.0,10.0,-0.66281658411026,51.73749923706055,0.0403856486082077,5.998793125152588,-164.739990234375,0.09703483432531357
1783008625.455719,0.0,0.0,10.0,-0.66281658411026,51.73749923706055,0.0403856486082077,5.998793125152588,-164.739990234375,0.09703483432531357
1783008625.468233,0.0,0.0,10.0,-0.66281658411026,51.73749923706055,0.0403856486082077,5.998793125152588,-164.739990234375,0.09703483432531357
1783008625.473835,0.0,0.0,10.0,-0.6626513004302979,51.73610305786133,0.04011935740709305,5.998793125152588,-164.739990234375,0.09703483432531357
1783008625.479335,0.0,0.0,10.0,-0.6626513004302979,51.73610305786133,0.04011935740709305,5.998793125152588,-164.739990234375,0.09703483432531357
1783008625.484852,0.0,0.0,10.0,-0.6626513004302979,51.73610305786133,0.04011935740709305,5.998793125152588,-164.739990234375,0.09703483432531357
1783008625.491222,0.0,0.0,10.0,-0.6626513004302979,51.73610305786133,0.04011935740709305,5.998793125152588,-164.739990234375,0.09703483432531357
1783008625.498465,0.0,0.0,10.0,-0.6626513004302979,51.73610305786133,0.04011935740709305,5.998793125152588,-164.739990234375,0.09703483432531357
1783008625.504464,0.0,0.0,10.0,-0.6626513004302979,51.73610305786133,0.04011935740709305,5.998793125152588,-164.739990234375,0.09703483432531357
1783008625.517519,0.0,0.0,10.0,-0.6626513004302979,51.73610305786133,0.04011935740709305,5.998793125152588,-164.739990234375,0.09703483432531357
1783008625.524087,0.0,0.0,10.0,-0.6633632183074951,51.736244201660156,0.04006706923246384,5.869345664978027,-164.476318359375,0.09740963578224182
1783008625.531178,0.0,0.0,10.0,-0.6633632183074951,51.736244201660156,0.04006706923246384,5.869345664978027,-164.476318359375,0.09740963578224182
1783008625.536701,0.0,0.0,10.0,-0.6633632183074951,51.736244201660156,0.04006706923246384,5.869345664978027,-164.476318359375,0.09740963578224182
1783008625.54218,0.0,0.0,10.0,-0.6633632183074951,51.736244201660156,0.04006706923246384,5.869345664978027,-164.476318359375,0.09740963578224182
1783008625.552283,0.0,0.0,10.0,-0.6633632183074951,51.736244201660156,0.04006706923246384,5.869345664978027,-164.476318359375,0.09740963578224182
1783008625.558155,0.0,0.0,10.0,-0.6633632183074951,51.736244201660156,0.04006706923246384,5.869345664978027,-164.476318359375,0.09740963578224182
1783008625.581967,0.0,0.0,10.0,-0.6633632183074951,51.736244201660156,0.04006706923246384,5.869345664978027,-164.476318359375,0.09740963578224182
1783008625.588271,0.0,0.0,10.0,-0.6638160943984985,51.73545455932617,0.03943055123090744,5.869345664978027,-164.476318359375,0.09740963578224182
1783008625.594159,0.0,0.0,10.0,-0.6638160943984985,51.73545455932617,0.03943055123090744,5.869345664978027,-164.476318359375,0.09740963578224182
1783008625.59967,0.0,0.0,10.0,-0.6638160943984985,51.73545455932617,0.03943055123090744,5.869345664978027,-164.476318359375,0.09740963578224182
1783008625.605372,0.0,0.0,10.0,-0.6638160943984985,51.73545455932617,0.03943055123090744,5.869345664978027,-164.476318359375,0.09740963578224182
1783008625.611226,0.0,0.0,10.0,-0.6638160943984985,51.73545455932617,0.03943055123090744,5.869345664978027,-164.476318359375,0.09740963578224182
1783008625.620667,0.0,0.0,10.0,-0.6638160943984985,51.73545455932617,0.03943055123090744,5.869345664978027,-164.476318359375,0.09740963578224182
1783008625.627129,0.0,0.0,10.0,-0.6640750169754028,51.73482894897461,0.03850390762090683,5.74110221862793,-164.190673828125,0.09858255833387375
1783008625.633605,0.0,0.0,10.0,-0.6640750169754028,51.73482894897461,0.03850390762090683,5.74110221862793,-164.190673828125,0.09858255833387375
1783008625.639651,0.0,0.0,10.0,-0.6640750169754028,51.73482894897461,0.03850390762090683,5.74110221862793,-164.190673828125,0.09858255833387375
1783008625.645618,0.0,0.0,10.0,-0.6640750169754028,51.73482894897461,0.03850390762090683,5.74110221862793,-164.190673828125,0.09858255833387375
1783008625.651053,0.0,0.0,10.0,-0.6640750169754028,51.73482894897461,0.03850390762090683,5.74110221862793,-164.190673828125,0.09858255833387375
1783008625.656672,0.0,0.0,10.0,-0.6640750169754028,51.73482894897461,0.03850390762090683,5.74110221862793,-164.190673828125,0.09858255833387375
1783008625.662656,0.0,0.0,10.0,-0.6640750169754028,51.73482894897461,0.03850390762090683,5.74110221862793,-164.190673828125,0.09858255833387375
1783008625.670676,0.0,0.0,10.0,-0.6640750169754028,51.73482894897461,0.03850390762090683,5.74110221862793,-164.190673828125,0.09858255833387375
1783008625.676667,0.0,0.0,10.0,-0.6627979278564453,51.73468017578125,0.03865936025977135,5.74110221862793,-164.190673828125,0.09858255833387375
1783008625.682273,0.0,0.0,10.0,-0.6627979278564453,51.73468017578125,0.03865936025977135,5.74110221862793,-164.190673828125,0.09858255833387375
1783008625.688806,0.0,0.0,10.0,-0.6627979278564453,51.73468017578125,0.03865936025977135,5.74110221862793,-164.190673828125,0.09858255833387375
1783008625.694529,0.0,0.0,10.0,-0.6627979278564453,51.73468017578125,0.03865936025977135,5.74110221862793,-164.190673828125,0.09858255833387375
1783008625.70115,0.0,0.0,10.0,-0.6627979278564453,51.73468017578125,0.03865936025977135,5.74110221862793,-164.190673828125,0.09858255833387375
1783008625.706495,0.0,0.0,10.0,-0.6627979278564453,51.73468017578125,0.03865936025977135,5.74110221862793,-164.190673828125,0.09858255833387375
1783008625.71162,0.0,0.0,10.0,-0.6627979278564453,51.73468017578125,0.03865936025977135,5.74110221862793,-164.190673828125,0.09858255833387375
1783008625.717677,0.0,0.0,10.0,-0.6627979278564453,51.73468017578125,0.03865936025977135,5.74110221862793,-164.190673828125,0.09858255833387375
1783008625.725024,0.0,0.0,10.0,-0.6628997325897217,51.73485565185547,0.03880498558282852,5.610541343688965,-163.970947265625,0.0989164188504219
1783008625.731868,0.0,0.0,10.0,-0.6628997325897217,51.73485565185547,0.03880498558282852,5.610541343688965,-163.970947265625,0.0989164188504219
1783008625.738355,0.0,0.0,10.0,-0.6628997325897217,51.73485565185547,0.03880498558282852,5.610541343688965,-163.970947265625,0.0989164188504219
1783008625.749667,0.0,0.0,10.0,-0.6628997325897217,51.73485565185547,0.03880498558282852,5.610541343688965,-163.970947265625,0.0989164188504219
1783008625.754871,0.0,0.0,10.0,-0.6628997325897217,51.73485565185547,0.03880498558282852,5.610541343688965,-163.970947265625,0.0989164188504219
1783008625.760438,0.0,0.0,10.0,-0.6628997325897217,51.73485565185547,0.03880498558282852,5.610541343688965,-163.970947265625,0.0989164188504219
1783008625.771733,0.0,0.0,10.0,-0.6628997325897217,51.73485565185547,0.03880498558282852,5.610541343688965,-163.970947265625,0.0989164188504219
1783008625.777002,0.0,0.0,10.0,-0.6626991629600525,51.73594665527344,0.038342732936143875,5.610541343688965,-163.970947265625,0.0989164188504219
1783008625.782533,0.0,0.0,10.0,-0.6626991629600525,51.73594665527344,0.038342732936143875,5.610541343688965,-163.970947265625,0.0989164188504219
1783008625.789072,0.0,0.0,10.0,-0.6626991629600525,51.73594665527344,0.038342732936143875,5.610541343688965,-163.970947265625,0.0989164188504219
1783008625.795601,0.0,0.0,10.0,-0.6626991629600525,51.73594665527344,0.038342732936143875,5.610541343688965,-163.970947265625,0.0989164188504219
1783008625.802069,0.0,0.0,10.0,-0.6626991629600525,51.73594665527344,0.038342732936143875,5.610541343688965,-163.970947265625,0.0989164188504219
1783008625.8076,0.0,0.0,10.0,-0.6626991629600525,51.73594665527344,0.038342732936143875,5.610541343688965,-163.970947265625,0.0989164188504219
1783008625.813598,0.0,0.0,10.0,-0.6626991629600525,51.73594665527344,0.038342732936143875,5.610541343688965,-163.970947265625,0.0989164188504219
1783008625.822364,0.0,0.0,10.0,-0.6626991629600525,51.73594665527344,0.038342732936143875,5.610541343688965,-163.970947265625,0.0989164188504219
1783008625.827711,0.0,0.0,10.0,-0.6621761918067932,51.7362060546875,0.03842194378376007,5.480271339416504,-163.663330078125,0.09979861974716187
1783008625.83368,0.0,0.0,10.0,-0.6621761918067932,51.7362060546875,0.03842194378376007,5.480271339416504,-163.663330078125,0.09979861974716187
1783008625.839255,0.0,0.0,10.0,-0.6621761918067932,51.7362060546875,0.03842194378376007,5.480271339416504,-163.663330078125,0.09979861974716187
1783008625.845243,0.0,0.0,10.0,-0.6621761918067932,51.7362060546875,0.03842194378376007,5.480271339416504,-163.663330078125,0.09979861974716187
1783008625.851221,0.0,0.0,10.0,-0.6621761918067932,51.7362060546875,0.03842194378376007,5.480271339416504,-163.663330078125,0.09979861974716187
1783008625.857461,0.0,0.0,10.0,-0.6621761918067932,51.7362060546875,0.03842194378376007,5.480271339416504,-163.663330078125,0.09979861974716187
1783008625.863892,0.0,0.0,10.0,-0.6621761918067932,51.7362060546875,0.03842194378376007,5.480271339416504,-163.663330078125,0.09979861974716187
1783008625.875613,0.0,0.0,10.0,-0.6621761918067932,51.7362060546875,0.03842194378376007,5.480271339416504,-163.663330078125,0.09979861974716187
1783008625.881576,0.0,0.0,10.0,-0.663023829460144,51.73537826538086,0.03832260146737099,5.480271339416504,-163.663330078125,0.09979861974716187
1783008625.887111,0.0,0.0,10.0,-0.663023829460144,51.73537826538086,0.03832260146737099,5.480271339416504,-163.663330078125,0.09979861974716187
1783008625.892605,0.0,0.0,10.0,-0.663023829460144,51.73537826538086,0.03832260146737099,5.480271339416504,-163.663330078125,0.09979861974716187
1783008625.898139,0.0,0.0,10.0,-0.663023829460144,51.73537826538086,0.03832260146737099,5.480271339416504,-163.663330078125,0.09979861974716187
1783008625.92665,0.0,0.0,10.0,-0.663023829460144,51.73537826538086,0.03832260146737099,5.480271339416504,-163.663330078125,0.09979861974716187
1783008625.936733,0.0,0.0,10.0,-0.663023829460144,51.73537826538086,0.03832260146737099,5.480271339416504,-163.663330078125,0.09979861974716187
1783008625.964673,0.0,0.0,10.0,-0.6634895205497742,51.7359619140625,0.03742493689060211,5.350059986114502,-163.421630859375,0.10022103041410446
1783008625.97072,0.0,0.0,10.0,-0.6634895205497742,51.7359619140625,0.03742493689060211,5.350059986114502,-163.421630859375,0.10022103041410446
1783008625.976026,0.0,0.0,10.0,-0.6627300977706909,51.73656463623047,0.03775738924741745,5.350059986114502,-163.421630859375,0.10022103041410446
1783008625.981721,0.0,0.0,10.0,-0.6627300977706909,51.73656463623047,0.03775738924741745,5.350059986114502,-163.421630859375,0.10022103041410446
1783008625.988347,0.0,0.0,10.0,-0.6627300977706909,51.73656463623047,0.03775738924741745,5.350059986114502,-163.421630859375,0.10022103041410446
1783008626.008498,0.0,0.0,10.0,-0.6627300977706909,51.73656463623047,0.03775738924741745,5.350059986114502,-163.421630859375,0.10022103041410446
1783008626.013701,0.0,0.0,10.0,-0.6627300977706909,51.73656463623047,0.03775738924741745,5.350059986114502,-163.421630859375,0.10022103041410446
1783008626.019118,0.0,0.0,10.0,-0.662528932094574,51.73802947998047,0.03808199614286423,5.350059986114502,-163.421630859375,0.10022103041410446
1783008626.025285,0.0,0.0,10.0,-0.662528932094574,51.73802947998047,0.03808199614286423,5.2210211753845215,-163.157958984375,0.1010822057723999
1783008626.037916,0.0,0.0,10.0,-0.662528932094574,51.73802947998047,0.03808199614286423,5.2210211753845215,-163.157958984375,0.1010822057723999
1783008626.043682,0.0,0.0,10.0,-0.662528932094574,51.73802947998047,0.03808199614286423,5.2210211753845215,-163.157958984375,0.1010822057723999
1783008626.050667,0.0,0.0,10.0,-0.662528932094574,51.73802947998047,0.03808199614286423,5.2210211753845215,-163.157958984375,0.1010822057723999
1783008626.05623,0.0,0.0,10.0,-0.662528932094574,51.73802947998047,0.03808199614286423,5.2210211753845215,-163.157958984375,0.1010822057723999
1783008626.062344,0.0,0.0,10.0,-0.662528932094574,51.73802947998047,0.03808199614286423,5.2210211753845215,-163.157958984375,0.1010822057723999
1783008626.068842,0.0,0.0,10.0,-0.662528932094574,51.73802947998047,0.03808199614286423,5.2210211753845215,-163.157958984375,0.1010822057723999
1783008626.074964,0.0,0.0,10.0,-0.6630105376243591,51.73870086669922,0.03796058148145676,5.2210211753845215,-163.157958984375,0.1010822057723999
1783008626.080915,0.0,0.0,10.0,-0.6630105376243591,51.73870086669922,0.03796058148145676,5.2210211753845215,-163.157958984375,0.1010822057723999
1783008626.091595,0.0,0.0,10.0,-0.6630105376243591,51.73870086669922,0.03796058148145676,5.2210211753845215,-163.157958984375,0.1010822057723999
1783008626.09872,0.0,0.0,10.0,-0.6630105376243591,51.73870086669922,0.03796058148145676,5.2210211753845215,-163.157958984375,0.1010822057723999
1783008626.104708,0.0,0.0,10.0,-0.6630105376243591,51.73870086669922,0.03796058148145676,5.2210211753845215,-163.157958984375,0.1010822057723999
1783008626.110499,0.0,0.0,10.0,-0.6630105376243591,51.73870086669922,0.03796058148145676,5.2210211753845215,-163.157958984375,0.1010822057723999
1783008626.117094,0.0,0.0,10.0,-0.6630105376243591,51.73870086669922,0.03796058148145676,5.2210211753845215,-163.157958984375,0.1010822057723999
1783008626.122783,0.0,0.0,10.0,-0.6631065607070923,51.738800048828125,0.037058860063552856,5.1125168800354,-162.894287109375,0.1000562384724617
1783008626.128653,0.0,0.0,10.0,-0.6631065607070923,51.738800048828125,0.037058860063552856,5.1125168800354,-162.894287109375,0.1000562384724617
1783008626.143363,0.0,0.0,10.0,-0.6631065607070923,51.738800048828125,0.037058860063552856,5.1125168800354,-162.894287109375,0.1000562384724617
1783008626.148972,0.0,0.0,10.0,-0.6631065607070923,51.738800048828125,0.037058860063552856,5.1125168800354,-162.894287109375,0.1000562384724617
1783008626.155808,0.0,0.0,10.0,-0.6631065607070923,51.738800048828125,0.037058860063552856,5.1125168800354,-162.894287109375,0.1000562384724617
1783008626.162806,0.0,0.0,10.0,-0.6631065607070923,51.738800048828125,0.037058860063552856,5.1125168800354,-162.894287109375,0.1000562384724617
1783008626.169374,0.0,0.0,10.0,-0.6631065607070923,51.738800048828125,0.037058860063552856,5.1125168800354,-162.894287109375,0.1000562384724617
1783008626.174723,0.0,0.0,10.0,-0.662400484085083,51.739105224609375,0.03712831437587738,5.1125168800354,-162.894287109375,0.1000562384724617
1783008626.180214,0.0,0.0,10.0,-0.662400484085083,51.739105224609375,0.03712831437587738,5.1125168800354,-162.894287109375,0.1000562384724617
1783008626.186847,0.0,0.0,10.0,-0.662400484085083,51.739105224609375,0.03712831437587738,5.1125168800354,-162.894287109375,0.1000562384724617
1783008626.204128,0.0,0.0,10.0,-0.662400484085083,51.739105224609375,0.03712831437587738,5.1125168800354,-162.894287109375,0.1000562384724617
1783008626.209976,0.0,0.0,10.0,-0.662400484085083,51.739105224609375,0.03712831437587738,5.1125168800354,-162.894287109375,0.1000562384724617
1783008626.216012,0.0,0.0,10.0,-0.662400484085083,51.739105224609375,0.03712831437587738,5.1125168800354,-162.894287109375,0.1000562384724617
1783008626.221612,0.0,0.0,10.0,-0.6627331972122192,51.7402229309082,0.038697823882102966,5.1125168800354,-162.894287109375,0.1000562384724617
1783008626.227564,0.0,0.0,10.0,-0.6627331972122192,51.7402229309082,0.038697823882102966,5.083251953125,-162.850341796875,0.1011161208152771
1783008626.233662,0.0,0.0,10.0,-0.6627331972122192,51.7402229309082,0.038697823882102966,5.083251953125,-162.850341796875,0.1011161208152771
1783008626.239754,0.0,0.0,10.0,-0.6627331972122192,51.7402229309082,0.038697823882102966,5.083251953125,-162.850341796875,0.1011161208152771
1783008626.257243,0.0,0.0,10.0,-0.6627331972122192,51.7402229309082,0.038697823882102966,5.083251953125,-162.850341796875,0.1011161208152771
1783008626.263498,0.0,0.0,10.0,-0.6627331972122192,51.7402229309082,0.038697823882102966,5.083251953125,-162.850341796875,0.1011161208152771
1783008626.268959,0.0,0.0,10.0,-0.6627331972122192,51.7402229309082,0.038697823882102966,5.083251953125,-162.850341796875,0.1011161208152771
1783008626.275079,0.0,0.0,10.0,-0.6650694608688354,51.73957061767578,0.038886696100234985,5.083251953125,-162.850341796875,0.1011161208152771
1783008626.281627,0.0,0.0,10.0,-0.6650694608688354,51.73957061767578,0.038886696100234985,5.083251953125,-162.850341796875,0.1011161208152771
1783008626.288648,0.0,0.0,10.0,-0.6650694608688354,51.73957061767578,0.038886696100234985,5.083251953125,-162.850341796875,0.1011161208152771
1783008626.303624,0.0,0.0,10.0,-0.6650694608688354,51.73957061767578,0.038886696100234985,5.083251953125,-162.850341796875,0.1011161208152771
1783008626.309794,0.0,0.0,10.0,-0.6650694608688354,51.73957061767578,0.038886696100234985,5.083251953125,-162.850341796875,0.1011161208152771
1783008626.315407,0.0,0.0,10.0,-0.6650694608688354,51.73957061767578,0.038886696100234985,5.083251953125,-162.850341796875,0.1011161208152771
1783008626.320892,0.0,0.0,10.0,-0.6655160784721375,51.738643646240234,0.039562903344631195,5.083251953125,-162.850341796875,0.1011161208152771
1783008626.326552,0.0,0.0,10.0,-0.6655160784721375,51.738643646240234,0.039562903344631195,5.0514984130859375,-162.762451171875,0.09929823130369186
1783008626.332454,0.0,0.0,10.0,-0.6655160784721375,51.738643646240234,0.039562903344631195,5.0514984130859375,-162.762451171875,0.09929823130369186
1783008626.33896,0.0,0.0,10.0,-0.6655160784721375,51.738643646240234,0.039562903344631195,5.0514984130859375,-162.762451171875,0.09929823130369186
1783008626.34982,0.0,0.0,10.0,-0.6655160784721375,51.738643646240234,0.039562903344631195,5.0514984130859375,-162.762451171875,0.09929823130369186
1783008626.355597,0.0,0.0,10.0,-0.6655160784721375,51.738643646240234,0.039562903344631195,5.0514984130859375,-162.762451171875,0.09929823130369186
1783008626.36112,0.0,0.0,10.0,-0.6655160784721375,51.738643646240234,0.039562903344631195,5.0514984130859375,-162.762451171875,0.09929823130369186
1783008626.366649,0.0,0.0,10.0,-0.6655160784721375,51.738643646240234,0.039562903344631195,5.0514984130859375,-162.762451171875,0.09929823130369186
1783008626.37261,0.0,0.0,10.0,-0.6646393537521362,51.73839569091797,0.03941989317536354,5.0514984130859375,-162.762451171875,0.09929823130369186
1783008626.379643,0.0,0.0,10.0,-0.6646393537521362,51.73839569091797,0.03941989317536354,5.0514984130859375,-162.762451171875,0.09929823130369186
1783008626.385718,0.0,0.0,10.0,-0.6646393537521362,51.73839569091797,0.03941989317536354,5.0514984130859375,-162.762451171875,0.09929823130369186
1783008626.392039,0.0,0.0,10.0,-0.6646393537521362,51.73839569091797,0.03941989317536354,5.0514984130859375,-162.762451171875,0.09929823130369186
1783008626.403526,0.0,0.0,10.0,-0.6646393537521362,51.73839569091797,0.03941989317536354,5.0514984130859375,-162.762451171875,0.09929823130369186
1783008626.409924,0.0,0.0,10.0,-0.6646393537521362,51.73839569091797,0.03941989317536354,5.0514984130859375,-162.762451171875,0.09929823130369186
1783008626.416033,0.0,0.0,10.0,-0.6646393537521362,51.73839569091797,0.03941989317536354,5.0514984130859375,-162.762451171875,0.09929823130369186
1783008626.421549,0.0,0.0,10.0,-0.6646002531051636,51.738121032714844,0.03999047353863716,5.0514984130859375,-162.762451171875,0.09929823130369186
1783008626.427129,0.0,0.0,10.0,-0.6646002531051636,51.738121032714844,0.03999047353863716,5.020723342895508,-162.652587890625,0.09970442205667496
1783008626.432592,0.0,0.0,10.0,-0.6646002531051636,51.738121032714844,0.03999047353863716,5.020723342895508,-162.652587890625,0.09970442205667496
1783008626.437895,0.0,0.0,10.0,-0.6646002531051636,51.738121032714844,0.03999047353863716,5.020723342895508,-162.652587890625,0.09970442205667496
1783008626.443994,0.0,0.0,10.0,-0.6646002531051636,51.738121032714844,0.03999047353863716,5.020723342895508,-162.652587890625,0.09970442205667496
1783008626.451097,0.0,0.0,10.0,-0.6646002531051636,51.738121032714844,0.03999047353863716,5.020723342895508,-162.652587890625,0.09970442205667496
1783008626.457067,0.0,0.0,10.0,-0.6646002531051636,51.738121032714844,0.03999047353863716,5.020723342895508,-162.652587890625,0.09970442205667496
1783008626.462503,0.0,0.0,10.0,-0.6646002531051636,51.738121032714844,0.03999047353863716,5.020723342895508,-162.652587890625,0.09970442205667496
1783008626.469812,0.0,0.0,10.0,-0.6646002531051636,51.738121032714844,0.03999047353863716,5.020723342895508,-162.652587890625,0.09970442205667496
1783008626.47502,0.0,0.0,10.0,-0.6644778847694397,51.73856735229492,0.03895673528313637,5.020723342895508,-162.652587890625,0.09970442205667496
1783008626.482018,0.0,0.0,10.0,-0.6644778847694397,51.73856735229492,0.03895673528313637,5.020723342895508,-162.652587890625,0.09970442205667496
1783008626.487742,0.0,0.0,10.0,-0.6644778847694397,51.73856735229492,0.03895673528313637,5.020723342895508,-162.652587890625,0.09970442205667496
1783008626.493583,0.0,0.0,10.0,-0.6644778847694397,51.73856735229492,0.03895673528313637,5.020723342895508,-162.652587890625,0.09970442205667496
1783008626.505282,0.0,0.0,10.0,-0.6644778847694397,51.73856735229492,0.03895673528313637,5.020723342895508,-162.652587890625,0.09970442205667496
1783008626.510753,0.0,0.0,10.0,-0.6644778847694397,51.73856735229492,0.03895673528313637,5.020723342895508,-162.652587890625,0.09970442205667496
1783008626.516218,0.0,0.0,10.0,-0.6644778847694397,51.73856735229492,0.03895673528313637,5.020723342895508,-162.652587890625,0.09970442205667496
1783008626.521689,0.0,0.0,10.0,-0.665330708026886,51.73894119262695,0.03913780674338341,5.020723342895508,-162.652587890625,0.09970442205667496
1783008626.527009,0.0,0.0,10.0,-0.665330708026886,51.73894119262695,0.03913780674338341,4.989089012145996,-162.542724609375,0.0986795425415039
1783008626.533361,0.0,0.0,10.0,-0.665330708026886,51.73894119262695,0.03913780674338341,4.989089012145996,-162.542724609375,0.0986795425415039
1783008626.540303,0.0,0.0,10.0,-0.665330708026886,51.73894119262695,0.03913780674338341,4.989089012145996,-162.542724609375,0.0986795425415039
1783008626.545551,0.0,0.0,10.0,-0.665330708026886,51.73894119262695,0.03913780674338341,4.989089012145996,-162.542724609375,0.0986795425415039
1783008626.563052,0.0,0.0,10.0,-0.665330708026886,51.73894119262695,0.03913780674338341,4.989089012145996,-162.542724609375,0.0986795425415039
1783008626.569917,0.0,0.0,10.0,-0.665330708026886,51.73894119262695,0.03913780674338341,4.989089012145996,-162.542724609375,0.0986795425415039
1783008626.575252,0.0,0.0,10.0,-0.6642163991928101,51.739444732666016,0.03913955017924309,4.989089012145996,-162.542724609375,0.0986795425415039
1783008626.581285,0.0,0.0,10.0,-0.6642163991928101,51.739444732666016,0.03913955017924309,4.989089012145996,-162.542724609375,0.0986795425415039
1783008626.586957,0.0,0.0,10.0,-0.6642163991928101,51.739444732666016,0.03913955017924309,4.989089012145996,-162.542724609375,0.0986795425415039
1783008626.592644,0.0,0.0,10.0,-0.6642163991928101,51.739444732666016,0.03913955017924309,4.989089012145996,-162.542724609375,0.0986795425415039
1783008626.599765,0.0,0.0,10.0,-0.6642163991928101,51.739444732666016,0.03913955017924309,4.989089012145996,-162.542724609375,0.0986795425415039
1783008626.608491,0.0,0.0,10.0,-0.6642163991928101,51.739444732666016,0.03913955017924309,4.989089012145996,-162.542724609375,0.0986795425415039
1783008626.61458,0.0,0.0,10.0,-0.6642163991928101,51.739444732666016,0.03913955017924309,4.989089012145996,-162.542724609375,0.0986795425415039
1783008626.620834,0.0,0.0,10.0,-0.6642163991928101,51.739444732666016,0.03913955017924309,4.989089012145996,-162.542724609375,0.0986795425415039
1783008626.626773,0.0,0.0,10.0,-0.6648095846176147,51.7400016784668,0.038004033267498016,4.989089012145996,-162.542724609375,0.0986795425415039
1783008626.633549,0.0,0.0,10.0,-0.6648095846176147,51.7400016784668,0.038004033267498016,4.958319664001465,-162.476806640625,0.09890290349721909
1783008626.638767,0.0,0.0,10.0,-0.6648095846176147,51.7400016784668,0.038004033267498016,4.958319664001465,-162.476806640625,0.09890290349721909
1783008626.645292,0.0,0.0,10.0,-0.6648095846176147,51.7400016784668,0.038004033267498016,4.958319664001465,-162.476806640625,0.09890290349721909
1783008626.651875,0.0,0.0,10.0,-0.6648095846176147,51.7400016784668,0.038004033267498016,4.958319664001465,-162.476806640625,0.09890290349721909
1783008626.665078,0.0,0.0,10.0,-0.6648095846176147,51.7400016784668,0.038004033267498016,4.958319664001465,-162.476806640625,0.09890290349721909
1783008626.671018,0.0,0.0,10.0,-0.6648095846176147,51.7400016784668,0.038004033267498016,4.958319664001465,-162.476806640625,0.09890290349721909
1783008626.676197,0.0,0.0,10.0,-0.6637963652610779,51.741172790527344,0.03626364469528198,4.958319664001465,-162.476806640625,0.09890290349721909
1783008626.682203,0.0,0.0,10.0,-0.6637963652610779,51.741172790527344,0.03626364469528198,4.958319664001465,-162.476806640625,0.09890290349721909
1783008626.68877,0.0,0.0,10.0,-0.6637963652610779,51.741172790527344,0.03626364469528198,4.958319664001465,-162.476806640625,0.09890290349721909
1783008626.694438,0.0,0.0,10.0,-0.6637963652610779,51.741172790527344,0.03626364469528198,4.958319664001465,-162.476806640625,0.09890290349721909
1783008626.699842,0.0,0.0,10.0,-0.6637963652610779,51.741172790527344,0.03626364469528198,4.958319664001465,-162.476806640625,0.09890290349721909
1783008626.710921,0.0,0.0,10.0,-0.6637963652610779,51.741172790527344,0.03626364469528198,4.958319664001465,-162.476806640625,0.09890290349721909
1783008626.717024,0.0,0.0,10.0,-0.6637963652610779,51.741172790527344,0.03626364469528198,4.958319664001465,-162.476806640625,0.09890290349721909
1783008626.723602,0.0,0.0,10.0,-0.6633857488632202,51.742122650146484,0.037158407270908356,4.958319664001465,-162.476806640625,0.09890290349721909
1783008626.729591,0.0,0.0,10.0,-0.6633857488632202,51.742122650146484,0.037158407270908356,4.928189277648926,-162.366943359375,0.09853840619325638
1783008626.736495,0.0,0.0,10.0,-0.6633857488632202,51.742122650146484,0.037158407270908356,4.928189277648926,-162.366943359375,0.09853840619325638
1783008626.743042,0.0,0.0,10.0,-0.6633857488632202,51.742122650146484,0.037158407270908356,4.928189277648926,-162.366943359375,0.09853840619325638
1783008626.749783,0.0,0.0,10.0,-0.6633857488632202,51.742122650146484,0.037158407270908356,4.928189277648926,-162.366943359375,0.09853840619325638
1783008626.755654,0.0,0.0,10.0,-0.6633857488632202,51.742122650146484,0.037158407270908356,4.928189277648926,-162.366943359375,0.09853840619325638
1783008626.772508,0.0,0.0,10.0,-0.6633857488632202,51.742122650146484,0.037158407270908356,4.928189277648926,-162.366943359375,0.09853840619325638
1783008626.779524,0.0,0.0,10.0,-0.6633818745613098,51.74302673339844,0.03705807402729988,4.928189277648926,-162.366943359375,0.09853840619325638
1783008626.785352,0.0,0.0,10.0,-0.6633818745613098,51.74302673339844,0.03705807402729988,4.928189277648926,-162.366943359375,0.09853840619325638
1783008626.79057,0.0,0.0,10.0,-0.6633818745613098,51.74302673339844,0.03705807402729988,4.928189277648926,-162.366943359375,0.09853840619325638
1783008626.796244,0.0,0.0,10.0,-0.6633818745613098,51.74302673339844,0.03705807402729988,4.928189277648926,-162.366943359375,0.09853840619325638
1783008626.803636,0.0,0.0,10.0,-0.6633818745613098,51.74302673339844,0.03705807402729988,4.928189277648926,-162.366943359375,0.09853840619325638
1783008626.815505,0.0,0.0,10.0,-0.6633818745613098,51.74302673339844,0.03705807402729988,4.928189277648926,-162.366943359375,0.09853840619325638
1783008626.82118,0.0,0.0,10.0,-0.6633818745613098,51.74302673339844,0.03705807402729988,4.928189277648926,-162.366943359375,0.09853840619325638
1783008626.827186,0.0,0.0,10.0,-0.6635165214538574,51.74372100830078,0.0353972353041172,4.897820472717285,-162.257080078125,0.09845295548439026
1783008626.832721,0.0,0.0,10.0,-0.6635165214538574,51.74372100830078,0.0353972353041172,4.897820472717285,-162.257080078125,0.09845295548439026
1783008626.839243,0.0,0.0,10.0,-0.6635165214538574,51.74372100830078,0.0353972353041172,4.897820472717285,-162.257080078125,0.09845295548439026
1783008626.845265,0.0,0.0,10.0,-0.6635165214538574,51.74372100830078,0.0353972353041172,4.897820472717285,-162.257080078125,0.09845295548439026
1783008626.851247,0.0,0.0,10.0,-0.6635165214538574,51.74372100830078,0.0353972353041172,4.897820472717285,-162.257080078125,0.09845295548439026
1783008626.856764,0.0,0.0,10.0,-0.6635165214538574,51.74372100830078,0.0353972353041172,4.897820472717285,-162.257080078125,0.09845295548439026
1783008626.871646,0.0,0.0,10.0,-0.6635165214538574,51.74372100830078,0.0353972353041172,4.897820472717285,-162.257080078125,0.09845295548439026
1783008626.876852,0.0,0.0,10.0,-0.6646880507469177,51.74603271484375,0.03575639799237251,4.897820472717285,-162.257080078125,0.09845295548439026
1783008626.882409,0.0,0.0,10.0,-0.6646880507469177,51.74603271484375,0.03575639799237251,4.897820472717285,-162.257080078125,0.09845295548439026
1783008626.888592,0.0,0.0,10.0,-0.6646880507469177,51.74603271484375,0.03575639799237251,4.897820472717285,-162.257080078125,0.09845295548439026
1783008626.89454,0.0,0.0,10.0,-0.6646880507469177,51.74603271484375,0.03575639799237251,4.897820472717285,-162.257080078125,0.09845295548439026
1783008626.900946,0.0,0.0,10.0,-0.6646880507469177,51.74603271484375,0.03575639799237251,4.897820472717285,-162.257080078125,0.09845295548439026
1783008626.924308,0.0,0.0,10.0,-0.6646880507469177,51.74603271484375,0.03575639799237251,4.897820472717285,-162.257080078125,0.09845295548439026
1783008626.936443,0.0,0.0,10.0,-0.6646880507469177,51.74603271484375,0.03575639799237251,4.897820472717285,-162.257080078125,0.09845295548439026
1783008626.96325,0.0,0.0,10.0,-0.6639325618743896,51.74831771850586,0.03636353462934494,4.867486476898193,-162.169189453125,0.098394475877285
1783008626.969317,0.0,0.0,10.0,-0.6639325618743896,51.74831771850586,0.03636353462934494,4.867486476898193,-162.169189453125,0.098394475877285
1783008626.975054,0.0,0.0,10.0,-0.6641994714736938,51.750946044921875,0.03652345389127731,4.867486476898193,-162.169189453125,0.098394475877285
1783008626.980936,0.0,0.0,10.0,-0.6641994714736938,51.750946044921875,0.03652345389127731,4.867486476898193,-162.169189453125,0.098394475877285
1783008626.986567,0.0,0.0,10.0,-0.6641994714736938,51.750946044921875,0.03652345389127731,4.867486476898193,-162.169189453125,0.098394475877285
1783008627.001167,0.0,0.0,10.0,-0.6641994714736938,51.750946044921875,0.03652345389127731,4.867486476898193,-162.169189453125,0.098394475877285
1783008627.006587,0.0,0.0,10.0,-0.6641994714736938,51.750946044921875,0.03652345389127731,4.867486476898193,-162.169189453125,0.098394475877285
1783008627.012279,0.0,0.0,10.0,-0.6641994714736938,51.750946044921875,0.03652345389127731,4.867486476898193,-162.169189453125,0.098394475877285
1783008627.017805,0.0,0.0,10.0,-0.6641994714736938,51.750946044921875,0.03652345389127731,4.867486476898193,-162.169189453125,0.098394475877285
1783008627.023841,0.0,0.0,10.0,-0.6653319001197815,51.75251388549805,0.03634628653526306,4.867486476898193,-162.169189453125,0.098394475877285
1783008627.030569,0.0,0.0,10.0,-0.6653319001197815,51.75251388549805,0.03634628653526306,4.837385654449463,-162.059326171875,0.09908218681812286
1783008627.042978,0.0,0.0,10.0,-0.6653319001197815,51.75251388549805,0.03634628653526306,4.837385654449463,-162.059326171875,0.09908218681812286
1783008627.050071,0.0,0.0,10.0,-0.6653319001197815,51.75251388549805,0.03634628653526306,4.837385654449463,-162.059326171875,0.09908218681812286
1783008627.055455,0.0,0.0,10.0,-0.6653319001197815,51.75251388549805,0.03634628653526306,4.837385654449463,-162.059326171875,0.09908218681812286
1783008627.061966,0.0,0.0,10.0,-0.6653319001197815,51.75251388549805,0.03634628653526306,4.837385654449463,-162.059326171875,0.09908218681812286
1783008627.067221,0.0,0.0,10.0,-0.6653319001197815,51.75251388549805,0.03634628653526306,4.837385654449463,-162.059326171875,0.09908218681812286
1783008627.073548,0.0,0.0,10.0,-0.6653857231140137,51.75426483154297,0.03697006031870842,4.837385654449463,-162.059326171875,0.09908218681812286
1783008627.079071,0.0,0.0,10.0,-0.6653857231140137,51.75426483154297,0.03697006031870842,4.837385654449463,-162.059326171875,0.09908218681812286
1783008627.084742,0.0,0.0,10.0,-0.6653857231140137,51.75426483154297,0.03697006031870842,4.837385654449463,-162.059326171875,0.09908218681812286
1783008627.093804,0.0,0.0,10.0,-0.6653857231140137,51.75426483154297,0.03697006031870842,4.837385654449463,-162.059326171875,0.09908218681812286
1783008627.100195,0.0,0.0,10.0,-0.6653857231140137,51.75426483154297,0.03697006031870842,4.837385654449463,-162.059326171875,0.09908218681812286
1783008627.105731,0.0,0.0,10.0,-0.6653857231140137,51.75426483154297,0.03697006031870842,4.837385654449463,-162.059326171875,0.09908218681812286
1783008627.111434,0.0,0.0,10.0,-0.6653857231140137,51.75426483154297,0.03697006031870842,4.837385654449463,-162.059326171875,0.09908218681812286
1783008627.117306,0.0,0.0,10.0,-0.6653857231140137,51.75426483154297,0.03697006031870842,4.837385654449463,-162.059326171875,0.09908218681812286
1783008627.122794,0.0,0.0,10.0,-0.6659168601036072,51.75607681274414,0.03792513534426689,4.837385654449463,-162.059326171875,0.09908218681812286
1783008627.128055,0.0,0.0,10.0,-0.6659168601036072,51.75607681274414,0.03792513534426689,4.837385654449463,-162.059326171875,0.09908218681812286
1783008627.134001,0.0,0.0,10.0,-0.6659168601036072,51.75607681274414,0.03792513534426689,4.825868606567383,-161.993408203125,0.0987263023853302
1783008627.147313,0.0,0.0,10.0,-0.6659168601036072,51.75607681274414,0.03792513534426689,4.825868606567383,-161.993408203125,0.0987263023853302
1783008627.153017,0.0,0.0,10.0,-0.6659168601036072,51.75607681274414,0.03792513534426689,4.825868606567383,-161.993408203125,0.0987263023853302
1783008627.158226,0.0,0.0,10.0,-0.6659168601036072,51.75607681274414,0.03792513534426689,4.825868606567383,-161.993408203125,0.0987263023853302
1783008627.163834,0.0,0.0,10.0,-0.6659168601036072,51.75607681274414,0.03792513534426689,4.825868606567383,-161.993408203125,0.0987263023853302
1783008627.172613,0.0,0.0,10.0,-0.6659168601036072,51.75607681274414,0.03792513534426689,4.825868606567383,-161.993408203125,0.0987263023853302
1783008627.178705,0.0,0.0,10.0,-0.6668019890785217,51.75577163696289,0.03788129985332489,4.825868606567383,-161.993408203125,0.0987263023853302
1783008627.185477,0.0,0.0,10.0,-0.6668019890785217,51.75577163696289,0.03788129985332489,4.825868606567383,-161.993408203125,0.0987263023853302
1783008627.203928,0.0,0.0,10.0,-0.6668019890785217,51.75577163696289,0.03788129985332489,4.825868606567383,-161.993408203125,0.0987263023853302
1783008627.209276,0.0,0.0,10.0,-0.6668019890785217,51.75577163696289,0.03788129985332489,4.825868606567383,-161.993408203125,0.0987263023853302
1783008627.215084,0.0,0.0,10.0,-0.6668019890785217,51.75577163696289,0.03788129985332489,4.825868606567383,-161.993408203125,0.0987263023853302
1783008627.220985,0.0,0.0,10.0,-0.6674360036849976,51.75510025024414,0.037736665457487106,4.825868606567383,-161.993408203125,0.0987263023853302
1783008627.228526,0.0,0.0,10.0,-0.6674360036849976,51.75510025024414,0.037736665457487106,4.825868606567383,-161.993408203125,0.0987263023853302
1783008627.23536,0.0,0.0,10.0,-0.6674360036849976,51.75510025024414,0.037736665457487106,4.851031303405762,-161.993408203125,0.09815557301044464
1783008627.240896,0.0,0.0,10.0,-0.6674360036849976,51.75510025024414,0.037736665457487106,4.851031303405762,-161.993408203125,0.09815557301044464
1783008627.256345,0.0,0.0,10.0,-0.6674360036849976,51.75510025024414,0.037736665457487106,4.851031303405762,-161.993408203125,0.09815557301044464
1783008627.261868,0.0,0.0,10.0,-0.6674360036849976,51.75510025024414,0.037736665457487106,4.851031303405762,-161.993408203125,0.09815557301044464
1783008627.267342,0.0,0.0,10.0,-0.6674360036849976,51.75510025024414,0.037736665457487106,4.851031303405762,-161.993408203125,0.09815557301044464
1783008627.27388,0.0,0.0,10.0,-0.6681917905807495,51.754371643066406,0.037375304847955704,4.851031303405762,-161.993408203125,0.09815557301044464
1783008627.279882,0.0,0.0,10.0,-0.6681917905807495,51.754371643066406,0.037375304847955704,4.851031303405762,-161.993408203125,0.09815557301044464
1783008627.287871,0.0,0.0,10.0,-0.6681917905807495,51.754371643066406,0.037375304847955704,4.851031303405762,-161.993408203125,0.09815557301044464
1783008627.314808,0.0,0.0,10.0,-0.6681917905807495,51.754371643066406,0.037375304847955704,4.851031303405762,-161.993408203125,0.09815557301044464
1783008627.321427,0.0,0.0,10.0,-0.6681917905807495,51.754371643066406,0.037375304847955704,4.851031303405762,-161.993408203125,0.09815557301044464
1783008627.328312,0.0,0.0,10.0,-0.6680324077606201,51.75465774536133,0.03831071779131889,4.851031303405762,-161.993408203125,0.09815557301044464
1783008627.33451,0.0,0.0,10.0,-0.6680324077606201,51.75465774536133,0.03831071779131889,4.884697914123535,-161.949462890625,0.09925186634063721
1783008627.340465,0.0,0.0,10.0,-0.6680324077606201,51.75465774536133,0.03831071779131889,4.884697914123535,-161.949462890625,0.09925186634063721
1783008627.35726,0.0,0.0,10.0,-0.6680324077606201,51.75465774536133,0.03831071779131889,4.884697914123535,-161.949462890625,0.09925186634063721
1783008627.363611,0.0,0.0,10.0,-0.6680324077606201,51.75465774536133,0.03831071779131889,4.884697914123535,-161.949462890625,0.09925186634063721
1783008627.37047,0.0,0.0,10.0,-0.6680324077606201,51.75465774536133,0.03831071779131889,4.884697914123535,-161.949462890625,0.09925186634063721
1783008627.376287,0.0,0.0,10.0,-0.6687989234924316,51.753849029541016,0.0386231392621994,4.884697914123535,-161.949462890625,0.09925186634063721
1783008627.382507,0.0,0.0,10.0,-0.6687989234924316,51.753849029541016,0.0386231392621994,4.884697914123535,-161.949462890625,0.09925186634063721
1783008627.387755,0.0,0.0,10.0,-0.6687989234924316,51.753849029541016,0.0386231392621994,4.884697914123535,-161.949462890625,0.09925186634063721
1783008627.395488,0.0,0.0,10.0,-0.6687989234924316,51.753849029541016,0.0386231392621994,4.884697914123535,-161.949462890625,0.09925186634063721
1783008627.404724,0.0,0.0,10.0,-0.6687989234924316,51.753849029541016,0.0386231392621994,4.884697914123535,-161.949462890625,0.09925186634063721
1783008627.411273,0.0,0.0,10.0,-0.6687989234924316,51.753849029541016,0.0386231392621994,4.884697914123535,-161.949462890625,0.09925186634063721
1783008627.417342,0.0,0.0,10.0,-0.6687989234924316,51.753849029541016,0.0386231392621994,4.884697914123535,-161.949462890625,0.09925186634063721
1783008627.422825,0.0,0.0,10.0,-0.6699281930923462,51.75464630126953,0.038053154945373535,4.884697914123535,-161.949462890625,0.09925186634063721
1783008627.428409,0.0,0.0,10.0,-0.6699281930923462,51.75464630126953,0.038053154945373535,4.884697914123535,-161.949462890625,0.09925186634063721
1783008627.434721,0.0,0.0,10.0,-0.6699281930923462,51.75464630126953,0.038053154945373535,4.920960426330566,-161.971435546875,0.09857358038425446
1783008627.440457,0.0,0.0,10.0,-0.6699281930923462,51.75464630126953,0.038053154945373535,4.920960426330566,-161.971435546875,0.09857358038425446
1783008627.446643,0.0,0.0,10.0,-0.6699281930923462,51.75464630126953,0.038053154945373535,4.920960426330566,-161.971435546875,0.09857358038425446
1783008627.456128,0.0,0.0,10.0,-0.6699281930923462,51.75464630126953,0.038053154945373535,4.920960426330566,-161.971435546875,0.09857358038425446
1783008627.46215,0.0,0.0,10.0,-0.6699281930923462,51.75464630126953,0.038053154945373535,4.920960426330566,-161.971435546875,0.09857358038425446
1783008627.468733,0.0,0.0,10.0,-0.6699281930923462,51.75464630126953,0.038053154945373535,4.920960426330566,-161.971435546875,0.09857358038425446
1783008627.474135,0.0,0.0,10.0,-0.6702516078948975,51.753448486328125,0.038574423640966415,4.920960426330566,-161.971435546875,0.09857358038425446
1783008627.479568,0.0,0.0,10.0,-0.6702516078948975,51.753448486328125,0.038574423640966415,4.920960426330566,-161.971435546875,0.09857358038425446
1783008627.486021,0.0,0.0,10.0,-0.6702516078948975,51.753448486328125,0.038574423640966415,4.920960426330566,-161.971435546875,0.09857358038425446
1783008627.492099,0.0,0.0,10.0,-0.6702516078948975,51.753448486328125,0.038574423640966415,4.920960426330566,-161.971435546875,0.09857358038425446
1783008627.498714,0.0,0.0,10.0,-0.6702516078948975,51.753448486328125,0.038574423640966415,4.920960426330566,-161.971435546875,0.09857358038425446
1783008627.506237,0.0,0.0,10.0,-0.6702516078948975,51.753448486328125,0.038574423640966415,4.920960426330566,-161.971435546875,0.09857358038425446
1783008627.512649,0.0,0.0,10.0,-0.6702516078948975,51.753448486328125,0.038574423640966415,4.920960426330566,-161.971435546875,0.09857358038425446
1783008627.518173,0.0,0.0,10.0,-0.6702516078948975,51.753448486328125,0.038574423640966415,4.920960426330566,-161.971435546875,0.09857358038425446
1783008627.523612,0.0,0.0,10.0,-0.6695824861526489,51.75246810913086,0.038001637905836105,4.920960426330566,-161.971435546875,0.09857358038425446
1783008627.529205,0.0,0.0,10.0,-0.6695824861526489,51.75246810913086,0.038001637905836105,4.920960426330566,-161.971435546875,0.09857358038425446
1783008627.535126,0.0,0.0,10.0,-0.6695824861526489,51.75246810913086,0.038001637905836105,4.945991039276123,-161.971435546875,0.09922817349433899
1783008627.54216,0.0,0.0,10.0,-0.6695824861526489,51.75246810913086,0.038001637905836105,4.945991039276123,-161.971435546875,0.09922817349433899
1783008627.547576,0.0,0.0,10.0,-0.6695824861526489,51.75246810913086,0.038001637905836105,4.945991039276123,-161.971435546875,0.09922817349433899
1783008627.563387,0.0,0.0,10.0,-0.6695824861526489,51.75246810913086,0.038001637905836105,4.945991039276123,-161.971435546875,0.09922817349433899
1783008627.56994,0.0,0.0,10.0,-0.6695824861526489,51.75246810913086,0.038001637905836105,4.945991039276123,-161.971435546875,0.09922817349433899
1783008627.576285,0.0,0.0,10.0,-0.6693257689476013,51.750579833984375,0.036903224885463715,4.945991039276123,-161.971435546875,0.09922817349433899
1783008627.582277,0.0,0.0,10.0,-0.6693257689476013,51.750579833984375,0.036903224885463715,4.945991039276123,-161.971435546875,0.09922817349433899
1783008627.58786,0.0,0.0,10.0,-0.6693257689476013,51.750579833984375,0.036903224885463715,4.945991039276123,-161.971435546875,0.09922817349433899
1783008627.598366,0.0,0.0,10.0,-0.6693257689476013,51.750579833984375,0.036903224885463715,4.945991039276123,-161.971435546875,0.09922817349433899
1783008627.62283,0.0,0.0,10.0,-0.6693257689476013,51.750579833984375,0.036903224885463715,4.945991039276123,-161.971435546875,0.09922817349433899
1783008627.628748,0.0,0.0,10.0,-0.6694705486297607,51.74993133544922,0.037097543478012085,4.945991039276123,-161.971435546875,0.09922817349433899
1783008627.635645,0.0,0.0,10.0,-0.6694705486297607,51.74993133544922,0.037097543478012085,4.945991039276123,-161.971435546875,0.09922817349433899
1783008627.640873,0.0,0.0,10.0,-0.6694705486297607,51.74993133544922,0.037097543478012085,4.980172634124756,-161.971435546875,0.09781036525964737
1783008627.646445,0.0,0.0,10.0,-0.6694705486297607,51.74993133544922,0.037097543478012085,4.980172634124756,-161.971435546875,0.09781036525964737
1783008627.653265,0.0,0.0,10.0,-0.6694705486297607,51.74993133544922,0.037097543478012085,4.980172634124756,-161.971435546875,0.09781036525964737
1783008627.66377,0.0,0.0,10.0,-0.6694705486297607,51.74993133544922,0.037097543478012085,4.980172634124756,-161.971435546875,0.09781036525964737
1783008627.669122,0.0,0.0,10.0,-0.6694705486297607,51.74993133544922,0.037097543478012085,4.980172634124756,-161.971435546875,0.09781036525964737
1783008627.675151,0.0,0.0,10.0,-0.6677167415618896,51.74980545043945,0.037462420761585236,4.980172634124756,-161.971435546875,0.09781036525964737
1783008627.682126,0.0,0.0,10.0,-0.6677167415618896,51.74980545043945,0.037462420761585236,4.980172634124756,-161.971435546875,0.09781036525964737
1783008627.687622,0.0,0.0,10.0,-0.6677167415618896,51.74980545043945,0.037462420761585236,4.980172634124756,-161.971435546875,0.09781036525964737
1783008627.693825,0.0,0.0,10.0,-0.6677167415618896,51.74980545043945,0.037462420761585236,4.980172634124756,-161.971435546875,0.09781036525964737
1783008627.699763,0.0,0.0,10.0,-0.6677167415618896,51.74980545043945,0.037462420761585236,4.980172634124756,-161.971435546875,0.09781036525964737
1783008627.706251,0.0,0.0,10.0,-0.6677167415618896,51.74980545043945,0.037462420761585236,4.980172634124756,-161.971435546875,0.09781036525964737
1783008627.716082,0.0,0.0,10.0,-0.6677167415618896,51.74980545043945,0.037462420761585236,4.980172634124756,-161.971435546875,0.09781036525964737
1783008627.722587,0.0,0.0,10.0,-0.6663476228713989,51.74987030029297,0.038051605224609375,4.980172634124756,-161.971435546875,0.09781036525964737
1783008627.728166,0.0,0.0,10.0,-0.6663476228713989,51.74987030029297,0.038051605224609375,4.980172634124756,-161.971435546875,0.09781036525964737
1783008627.734059,0.0,0.0,10.0,-0.6663476228713989,51.74987030029297,0.038051605224609375,4.980172634124756,-161.971435546875,0.09781036525964737
1783008627.739246,0.0,0.0,10.0,-0.6663476228713989,51.74987030029297,0.038051605224609375,5.020536422729492,-161.949462890625,0.09997808188199997
1783008627.745264,0.0,0.0,10.0,-0.6663476228713989,51.74987030029297,0.038051605224609375,5.020536422729492,-161.949462890625,0.09997808188199997
1783008627.75228,0.0,0.0,10.0,-0.6663476228713989,51.74987030029297,0.038051605224609375,5.020536422729492,-161.949462890625,0.09997808188199997
1783008627.757438,0.0,0.0,10.0,-0.6663476228713989,51.74987030029297,0.038051605224609375,5.020536422729492,-161.949462890625,0.09997808188199997
1783008627.768321,0.0,0.0,10.0,-0.6663476228713989,51.74987030029297,0.038051605224609375,5.020536422729492,-161.949462890625,0.09997808188199997
1783008627.774163,0.0,0.0,10.0,-0.6672989130020142,51.750274658203125,0.038119126111269,5.020536422729492,-161.949462890625,0.09997808188199997
1783008627.780998,0.0,0.0,10.0,-0.6672989130020142,51.750274658203125,0.038119126111269,5.020536422729492,-161.949462890625,0.09997808188199997
1783008627.786529,0.0,0.0,10.0,-0.6672989130020142,51.750274658203125,0.038119126111269,5.020536422729492,-161.949462890625,0.09997808188199997
1783008627.792043,0.0,0.0,10.0,-0.6672989130020142,51.750274658203125,0.038119126111269,5.020536422729492,-161.949462890625,0.09997808188199997
1783008627.797584,0.0,0.0,10.0,-0.6672989130020142,51.750274658203125,0.038119126111269,5.020536422729492,-161.949462890625,0.09997808188199997
1783008627.803579,0.0,0.0,10.0,-0.6672989130020142,51.750274658203125,0.038119126111269,5.020536422729492,-161.949462890625,0.09997808188199997
1783008627.818108,0.0,0.0,10.0,-0.6672989130020142,51.750274658203125,0.038119126111269,5.020536422729492,-161.949462890625,0.09997808188199997
1783008627.823752,0.0,0.0,10.0,-0.6658831238746643,51.75038528442383,0.03856940194964409,5.020536422729492,-161.949462890625,0.09997808188199997
1783008627.829635,0.0,0.0,10.0,-0.6658831238746643,51.75038528442383,0.03856940194964409,5.020536422729492,-161.949462890625,0.09997808188199997
1783008627.836347,0.0,0.0,10.0,-0.6658831238746643,51.75038528442383,0.03856940194964409,5.020536422729492,-161.949462890625,0.09997808188199997
1783008627.842404,0.0,0.0,10.0,-0.6658831238746643,51.75038528442383,0.03856940194964409,5.05802583694458,-161.905517578125,0.09987970441579819
1783008627.848482,0.0,0.0,10.0,-0.6658831238746643,51.75038528442383,0.03856940194964409,5.05802583694458,-161.905517578125,0.09987970441579819
1783008627.85396,0.0,0.0,10.0,-0.6658831238746643,51.75038528442383,0.03856940194964409,5.05802583694458,-161.905517578125,0.09987970441579819
1783008627.859814,0.0,0.0,10.0,-0.6658831238746643,51.75038528442383,0.03856940194964409,5.05802583694458,-161.905517578125,0.09987970441579819
1783008627.872093,0.0,0.0,10.0,-0.6658831238746643,51.75038528442383,0.03856940194964409,5.05802583694458,-161.905517578125,0.09987970441579819
1783008627.877557,0.0,0.0,10.0,-0.6655373573303223,51.750518798828125,0.03944823518395424,5.05802583694458,-161.905517578125,0.09987970441579819
1783008627.883524,0.0,0.0,10.0,-0.6655373573303223,51.750518798828125,0.03944823518395424,5.05802583694458,-161.905517578125,0.09987970441579819
1783008627.89082,0.0,0.0,10.0,-0.6655373573303223,51.750518798828125,0.03944823518395424,5.05802583694458,-161.905517578125,0.09987970441579819
1783008627.896146,0.0,0.0,10.0,-0.6655373573303223,51.750518798828125,0.03944823518395424,5.05802583694458,-161.905517578125,0.09987970441579819
1783008627.902104,0.0,0.0,10.0,-0.6655373573303223,51.750518798828125,0.03944823518395424,5.05802583694458,-161.905517578125,0.09987970441579819
1783008627.908049,0.0,0.0,10.0,-0.6655373573303223,51.750518798828125,0.03944823518395424,5.05802583694458,-161.905517578125,0.09987970441579819
1783008627.918961,0.0,0.0,10.0,-0.6655373573303223,51.750518798828125,0.03944823518395424,5.05802583694458,-161.905517578125,0.09987970441579819
1783008627.92511,0.0,0.0,10.0,-0.6662010550498962,51.75193405151367,0.03952081501483917,5.05802583694458,-161.905517578125,0.09987970441579819
1783008627.931823,0.0,0.0,10.0,-0.6662010550498962,51.75193405151367,0.03952081501483917,5.05802583694458,-161.905517578125,0.09987970441579819
1783008627.938161,0.0,0.0,10.0,-0.6662010550498962,51.75193405151367,0.03952081501483917,5.0946221351623535,-161.905517578125,0.10058706998825073
1783008627.943791,0.0,0.0,10.0,-0.6662010550498962,51.75193405151367,0.03952081501483917,5.0946221351623535,-161.905517578125,0.10058706998825073
1783008627.949832,0.0,0.0,10.0,-0.6662010550498962,51.75193405151367,0.03952081501483917,5.0946221351623535,-161.905517578125,0.10058706998825073
1783008627.955333,0.0,0.0,10.0,-0.6662010550498962,51.75193405151367,0.03952081501483917,5.0946221351623535,-161.905517578125,0.10058706998825073
1783008627.962879,0.0,0.0,10.0,-0.6662010550498962,51.75193405151367,0.03952081501483917,5.0946221351623535,-161.905517578125,0.10058706998825073
1783008627.970913,0.0,0.0,10.0,-0.6662010550498962,51.75193405151367,0.03952081501483917,5.0946221351623535,-161.905517578125,0.10058706998825073
1783008627.97876,0.0,0.0,10.0,-0.6646286845207214,51.752647399902344,0.03936437517404556,5.0946221351623535,-161.905517578125,0.10058706998825073
1783008627.984315,0.0,0.0,10.0,-0.6646286845207214,51.752647399902344,0.03936437517404556,5.0946221351623535,-161.905517578125,0.10058706998825073
1783008627.991768,0.0,0.0,10.0,-0.6646286845207214,51.752647399902344,0.03936437517404556,5.0946221351623535,-161.905517578125,0.10058706998825073
1783008628.015538,0.0,0.0,10.0,-0.6646286845207214,51.752647399902344,0.03936437517404556,5.0946221351623535,-161.905517578125,0.10058706998825073
1783008628.021246,0.0,0.0,10.0,-0.6646286845207214,51.752647399902344,0.03936437517404556,5.0946221351623535,-161.905517578125,0.10058706998825073
1783008628.029534,0.0,0.0,10.0,-0.6646286845207214,51.752647399902344,0.03936437517404556,5.0946221351623535,-161.905517578125,0.10058706998825073
1783008628.035456,0.0,0.0,10.0,-0.6637169718742371,51.7535285949707,0.03950533643364906,5.0946221351623535,-161.905517578125,0.10058706998825073
1783008628.040646,0.0,0.0,10.0,-0.6637169718742371,51.7535285949707,0.03950533643364906,5.131448745727539,-161.927490234375,0.09928685426712036
1783008628.051695,0.0,0.0,10.0,-0.6637169718742371,51.7535285949707,0.03950533643364906,5.131448745727539,-161.927490234375,0.09928685426712036
1783008628.057402,0.0,0.0,10.0,-0.6637169718742371,51.7535285949707,0.03950533643364906,5.131448745727539,-161.927490234375,0.09928685426712036
1783008628.063724,0.0,0.0,10.0,-0.6637169718742371,51.7535285949707,0.03950533643364906,5.131448745727539,-161.927490234375,0.09928685426712036
1783008628.077642,0.0,0.0,10.0,-0.6637169718742371,51.7535285949707,0.03950533643364906,5.131448745727539,-161.927490234375,0.09928685426712036
1783008628.083998,0.0,0.0,10.0,-0.664116382598877,51.75511169433594,0.038733791559934616,5.131448745727539,-161.927490234375,0.09928685426712036
1783008628.090213,0.0,0.0,10.0,-0.664116382598877,51.75511169433594,0.038733791559934616,5.131448745727539,-161.927490234375,0.09928685426712036
1783008628.095753,0.0,0.0,10.0,-0.664116382598877,51.75511169433594,0.038733791559934616,5.131448745727539,-161.927490234375,0.09928685426712036
1783008628.101243,0.0,0.0,10.0,-0.664116382598877,51.75511169433594,0.038733791559934616,5.131448745727539,-161.927490234375,0.09928685426712036
1783008628.106697,0.0,0.0,10.0,-0.664116382598877,51.75511169433594,0.038733791559934616,5.131448745727539,-161.927490234375,0.09928685426712036
1783008628.113811,0.0,0.0,10.0,-0.664116382598877,51.75511169433594,0.038733791559934616,5.131448745727539,-161.927490234375,0.09928685426712036
1783008628.121184,0.0,0.0,10.0,-0.664116382598877,51.75511169433594,0.038733791559934616,5.131448745727539,-161.927490234375,0.09928685426712036
1783008628.133696,0.0,0.0,10.0,-0.6640978455543518,51.75627517700195,0.03830482438206673,5.131448745727539,-161.927490234375,0.09928685426712036
1783008628.139891,0.0,0.0,10.0,-0.6640978455543518,51.75627517700195,0.03830482438206673,5.151305198669434,-161.905517578125,0.10079971700906754
1783008628.146268,0.0,0.0,10.0,-0.6640978455543518,51.75627517700195,0.03830482438206673,5.151305198669434,-161.905517578125,0.10079971700906754
1783008628.151863,0.0,0.0,10.0,-0.6640978455543518,51.75627517700195,0.03830482438206673,5.151305198669434,-161.905517578125,0.10079971700906754
1783008628.157719,0.0,0.0,10.0,-0.6640978455543518,51.75627517700195,0.03830482438206673,5.151305198669434,-161.905517578125,0.10079971700906754
1783008628.163927,0.0,0.0,10.0,-0.6640978455543518,51.75627517700195,0.03830482438206673,5.151305198669434,-161.905517578125,0.10079971700906754
1783008628.169656,0.0,0.0,10.0,-0.6640978455543518,51.75627517700195,0.03830482438206673,5.151305198669434,-161.905517578125,0.10079971700906754
1783008628.182023,0.0,0.0,10.0,-0.6643514633178711,51.756690979003906,0.03889854624867439,5.151305198669434,-161.905517578125,0.10079971700906754
1783008628.187861,0.0,0.0,10.0,-0.6643514633178711,51.756690979003906,0.03889854624867439,5.151305198669434,-161.905517578125,0.10079971700906754
1783008628.19373,0.0,0.0,10.0,-0.6643514633178711,51.756690979003906,0.03889854624867439,5.151305198669434,-161.905517578125,0.10079971700906754
1783008628.200727,0.0,0.0,10.0,-0.6643514633178711,51.756690979003906,0.03889854624867439,5.151305198669434,-161.905517578125,0.10079971700906754
1783008628.206313,0.0,0.0,10.0,-0.6643514633178711,51.756690979003906,0.03889854624867439,5.151305198669434,-161.905517578125,0.10079971700906754
1783008628.211837,0.0,0.0,10.0,-0.6643514633178711,51.756690979003906,0.03889854624867439,5.151305198669434,-161.905517578125,0.10079971700906754
1783008628.217395,0.0,0.0,10.0,-0.6643514633178711,51.756690979003906,0.03889854624867439,5.151305198669434,-161.905517578125,0.10079971700906754
1783008628.222515,0.0,0.0,10.0,-0.6641197800636292,51.75759506225586,0.03926554322242737,5.151305198669434,-161.905517578125,0.10079971700906754
1783008628.245093,0.0,0.0,10.0,-0.6641197800636292,51.75759506225586,0.03926554322242737,5.151305198669434,-161.905517578125,0.10079971700906754
1783008628.250663,0.0,0.0,10.0,-0.6641197800636292,51.75759506225586,0.03926554322242737,5.155045032501221,-161.839599609375,0.10125009715557098
1783008628.25703,0.0,0.0,10.0,-0.6641197800636292,51.75759506225586,0.03926554322242737,5.155045032501221,-161.839599609375,0.10125009715557098
1783008628.26263,0.0,0.0,10.0,-0.6641197800636292,51.75759506225586,0.03926554322242737,5.155045032501221,-161.839599609375,0.10125009715557098
1783008628.268183,0.0,0.0,10.0,-0.6641197800636292,51.75759506225586,0.03926554322242737,5.155045032501221,-161.839599609375,0.10125009715557098
1783008628.273686,0.0,0.0,10.0,-0.6633192896842957,51.757503509521484,0.039780937135219574,5.155045032501221,-161.839599609375,0.10125009715557098
1783008628.296114,0.0,0.0,10.0,-0.6633192896842957,51.757503509521484,0.039780937135219574,5.155045032501221,-161.839599609375,0.10125009715557098
1783008628.302864,0.0,0.0,10.0,-0.6633192896842957,51.757503509521484,0.039780937135219574,5.155045032501221,-161.839599609375,0.10125009715557098
1783008628.308865,0.0,0.0,10.0,-0.6633192896842957,51.757503509521484,0.039780937135219574,5.155045032501221,-161.839599609375,0.10125009715557098
1783008628.314511,0.0,0.0,10.0,-0.6633192896842957,51.757503509521484,0.039780937135219574,5.155045032501221,-161.839599609375,0.10125009715557098
1783008628.319948,0.0,0.0,10.0,-0.6633192896842957,51.757503509521484,0.039780937135219574,5.155045032501221,-161.839599609375,0.10125009715557098
1783008628.325497,0.0,0.0,10.0,-0.6630880832672119,51.758018493652344,0.03956717625260353,5.155045032501221,-161.839599609375,0.10125009715557098
1783008628.343451,0.0,0.0,10.0,-0.6630880832672119,51.758018493652344,0.03956717625260353,5.155045032501221,-161.839599609375,0.10125009715557098
1783008628.349836,0.0,0.0,10.0,-0.6630880832672119,51.758018493652344,0.03956717625260353,5.155375003814697,-161.773681640625,0.10107387602329254
1783008628.355982,0.0,0.0,10.0,-0.6630880832672119,51.758018493652344,0.03956717625260353,5.155375003814697,-161.773681640625,0.10107387602329254
1783008628.361991,0.0,0.0,10.0,-0.6630880832672119,51.758018493652344,0.03956717625260353,5.155375003814697,-161.773681640625,0.10107387602329254
1783008628.368153,0.0,0.0,10.0,-0.6630880832672119,51.758018493652344,0.03956717625260353,5.155375003814697,-161.773681640625,0.10107387602329254
1783008628.373731,0.0,0.0,10.0,-0.662480890750885,51.757789611816406,0.03910178318619728,5.155375003814697,-161.773681640625,0.10107387602329254
1783008628.382519,0.0,0.0,10.0,-0.662480890750885,51.757789611816406,0.03910178318619728,5.155375003814697,-161.773681640625,0.10107387602329254
1783008628.397675,0.0,0.0,10.0,-0.662480890750885,51.757789611816406,0.03910178318619728,5.155375003814697,-161.773681640625,0.10107387602329254
1783008628.403877,0.0,0.0,10.0,-0.662480890750885,51.757789611816406,0.03910178318619728,5.155375003814697,-161.773681640625,0.10107387602329254
1783008628.409386,0.0,0.0,10.0,-0.662480890750885,51.757789611816406,0.03910178318619728,5.155375003814697,-161.773681640625,0.10107387602329254
1783008628.414934,0.0,0.0,10.0,-0.662480890750885,51.757789611816406,0.03910178318619728,5.155375003814697,-161.773681640625,0.10107387602329254
1783008628.421708,0.0,0.0,10.0,-0.6626768112182617,51.75591278076172,0.03871963545680046,5.155375003814697,-161.773681640625,0.10107387602329254
1783008628.427018,0.0,0.0,10.0,-0.6626768112182617,51.75591278076172,0.03871963545680046,5.155375003814697,-161.773681640625,0.10107387602329254
1783008628.433584,0.0,0.0,10.0,-0.6626768112182617,51.75591278076172,0.03871963545680046,5.155375003814697,-161.773681640625,0.10107387602329254
1783008628.443018,0.0,0.0,10.0,-0.6626768112182617,51.75591278076172,0.03871963545680046,5.155375003814697,-161.773681640625,0.10107387602329254
1783008628.449576,0.0,0.0,10.0,-0.6626768112182617,51.75591278076172,0.03871963545680046,5.156689643859863,-161.707763671875,0.10195530951023102
1783008628.455584,0.0,0.0,10.0,-0.6626768112182617,51.75591278076172,0.03871963545680046,5.156689643859863,-161.707763671875,0.10195530951023102
1783008628.462619,0.0,0.0,10.0,-0.6626768112182617,51.75591278076172,0.03871963545680046,5.156689643859863,-161.707763671875,0.10195530951023102
1783008628.467836,0.0,0.0,10.0,-0.6626768112182617,51.75591278076172,0.03871963545680046,5.156689643859863,-161.707763671875,0.10195530951023102
1783008628.473839,0.0,0.0,10.0,-0.6620060205459595,51.75558090209961,0.03846791014075279,5.156689643859863,-161.707763671875,0.10195530951023102
1783008628.47918,0.0,0.0,10.0,-0.6620060205459595,51.75558090209961,0.03846791014075279,5.156689643859863,-161.707763671875,0.10195530951023102
1783008628.484729,0.0,0.0,10.0,-0.6620060205459595,51.75558090209961,0.03846791014075279,5.156689643859863,-161.707763671875,0.10195530951023102
1783008628.499064,0.0,0.0,10.0,-0.6620060205459595,51.75558090209961,0.03846791014075279,5.156689643859863,-161.707763671875,0.10195530951023102
1783008628.504894,0.0,0.0,10.0,-0.6620060205459595,51.75558090209961,0.03846791014075279,5.156689643859863,-161.707763671875,0.10195530951023102
1783008628.510839,0.0,0.0,10.0,-0.6620060205459595,51.75558090209961,0.03846791014075279,5.156689643859863,-161.707763671875,0.10195530951023102
1783008628.51863,0.0,0.0,10.0,-0.6620060205459595,51.75558090209961,0.03846791014075279,5.156689643859863,-161.707763671875,0.10195530951023102
1783008628.524745,0.0,0.0,10.0,-0.6622554063796997,51.75545120239258,0.03909525275230408,5.156689643859863,-161.707763671875,0.10195530951023102
1783008628.529944,0.0,0.0,10.0,-0.6622554063796997,51.75545120239258,0.03909525275230408,5.156689643859863,-161.707763671875,0.10195530951023102
1783008628.536906,0.0,0.0,10.0,-0.6622554063796997,51.75545120239258,0.03909525275230408,5.156689643859863,-161.707763671875,0.10195530951023102
1783008628.546113,0.0,0.0,10.0,-0.6622554063796997,51.75545120239258,0.03909525275230408,5.156689643859863,-161.707763671875,0.10195530951023102
1783008628.552581,0.0,0.0,10.0,-0.6622554063796997,51.75545120239258,0.03909525275230408,5.1568684577941895,-161.619873046875,0.10259785503149033
1783008628.558541,0.0,0.0,10.0,-0.6622554063796997,51.75545120239258,0.03909525275230408,5.1568684577941895,-161.619873046875,0.10259785503149033
1783008628.564639,0.0,0.0,10.0,-0.6622554063796997,51.75545120239258,0.03909525275230408,5.1568684577941895,-161.619873046875,0.10259785503149033
1783008628.57001,0.0,0.0,10.0,-0.6619110107421875,51.755340576171875,0.03919399902224541,5.1568684577941895,-161.619873046875,0.10259785503149033
1783008628.575599,0.0,0.0,10.0,-0.6619110107421875,51.755340576171875,0.03919399902224541,5.1568684577941895,-161.619873046875,0.10259785503149033
1783008628.582726,0.0,0.0,10.0,-0.6619110107421875,51.755340576171875,0.03919399902224541,5.1568684577941895,-161.619873046875,0.10259785503149033
1783008628.588562,0.0,0.0,10.0,-0.6619110107421875,51.755340576171875,0.03919399902224541,5.1568684577941895,-161.619873046875,0.10259785503149033
1783008628.600148,0.0,0.0,10.0,-0.6619110107421875,51.755340576171875,0.03919399902224541,5.1568684577941895,-161.619873046875,0.10259785503149033
1783008628.605361,0.0,0.0,10.0,-0.6619110107421875,51.755340576171875,0.03919399902224541,5.1568684577941895,-161.619873046875,0.10259785503149033
1783008628.612352,0.0,0.0,10.0,-0.6619110107421875,51.755340576171875,0.03919399902224541,5.1568684577941895,-161.619873046875,0.10259785503149033
1783008628.618552,0.0,0.0,10.0,-0.6619110107421875,51.755340576171875,0.03919399902224541,5.1568684577941895,-161.619873046875,0.10259785503149033
1783008628.623966,0.0,0.0,10.0,-0.6605022549629211,51.75602722167969,0.03869284316897392,5.1568684577941895,-161.619873046875,0.10259785503149033
1783008628.629348,0.0,0.0,10.0,-0.6605022549629211,51.75602722167969,0.03869284316897392,5.1568684577941895,-161.619873046875,0.10259785503149033
1783008628.635053,0.0,0.0,10.0,-0.6605022549629211,51.75602722167969,0.03869284316897392,5.1568684577941895,-161.619873046875,0.10259785503149033
1783008628.640784,0.0,0.0,10.0,-0.6605022549629211,51.75602722167969,0.03869284316897392,5.1568684577941895,-161.619873046875,0.10259785503149033
1783008628.665389,0.0,0.0,10.0,-0.6605022549629211,51.75602722167969,0.03869284316897392,5.1568684577941895,-161.619873046875,0.10259785503149033
1783008628.671885,0.0,0.0,10.0,-0.6598295569419861,51.757225036621094,0.0391666479408741,5.1586198806762695,-161.531982421875,0.10236809402704239
1783008628.677505,0.0,0.0,10.0,-0.6598295569419861,51.757225036621094,0.0391666479408741,5.1586198806762695,-161.531982421875,0.10236809402704239
1783008628.683313,0.0,0.0,10.0,-0.6598295569419861,51.757225036621094,0.0391666479408741,5.1586198806762695,-161.531982421875,0.10236809402704239
1783008628.689525,0.0,0.0,10.0,-0.6598295569419861,51.757225036621094,0.0391666479408741,5.1586198806762695,-161.531982421875,0.10236809402704239
1783008628.703796,0.0,0.0,10.0,-0.6598295569419861,51.757225036621094,0.0391666479408741,5.1586198806762695,-161.531982421875,0.10236809402704239
1783008628.71024,0.0,0.0,10.0,-0.6598295569419861,51.757225036621094,0.0391666479408741,5.1586198806762695,-161.531982421875,0.10236809402704239
1783008628.715816,0.0,0.0,10.0,-0.6598295569419861,51.757225036621094,0.0391666479408741,5.1586198806762695,-161.531982421875,0.10236809402704239
1783008628.721829,0.0,0.0,10.0,-0.6598295569419861,51.757225036621094,0.0391666479408741,5.1586198806762695,-161.531982421875,0.10236809402704239
1783008628.728009,0.0,0.0,10.0,-0.6590700149536133,51.7578010559082,0.040182434022426605,5.1586198806762695,-161.531982421875,0.10236809402704239
1783008628.733761,0.0,0.0,10.0,-0.6590700149536133,51.7578010559082,0.040182434022426605,5.1586198806762695,-161.531982421875,0.10236809402704239
1783008628.739445,0.0,0.0,10.0,-0.6590700149536133,51.7578010559082,0.040182434022426605,5.1586198806762695,-161.531982421875,0.10236809402704239
1783008628.753989,0.0,0.0,10.0,-0.6590700149536133,51.7578010559082,0.040182434022426605,5.158009052276611,-161.466064453125,0.10210059583187103
1783008628.759425,0.0,0.0,10.0,-0.6590700149536133,51.7578010559082,0.040182434022426605,5.158009052276611,-161.466064453125,0.10210059583187103
1783008628.765125,0.0,0.0,10.0,-0.6590700149536133,51.7578010559082,0.040182434022426605,5.158009052276611,-161.466064453125,0.10210059583187103
1783008628.772363,0.0,0.0,10.0,-0.6583918333053589,51.75818634033203,0.03941171616315842,5.158009052276611,-161.466064453125,0.10210059583187103
1783008628.779531,0.0,0.0,10.0,-0.6583918333053589,51.75818634033203,0.03941171616315842,5.158009052276611,-161.466064453125,0.10210059583187103
1783008628.785132,0.0,0.0,10.0,-0.6583918333053589,51.75818634033203,0.03941171616315842,5.158009052276611,-161.466064453125,0.10210059583187103
1783008628.791372,0.0,0.0,10.0,-0.6583918333053589,51.75818634033203,0.03941171616315842,5.158009052276611,-161.466064453125,0.10210059583187103
1783008628.811286,0.0,0.0,10.0,-0.6583918333053589,51.75818634033203,0.03941171616315842,5.158009052276611,-161.466064453125,0.10210059583187103
1783008628.816962,0.0,0.0,10.0,-0.6583918333053589,51.75818634033203,0.03941171616315842,5.158009052276611,-161.466064453125,0.10210059583187103
1783008628.822822,0.0,0.0,10.0,-0.6581982970237732,51.75872802734375,0.039946410804986954,5.158009052276611,-161.466064453125,0.10210059583187103
1783008628.829066,0.0,0.0,10.0,-0.6581982970237732,51.75872802734375,0.039946410804986954,5.158009052276611,-161.466064453125,0.10210059583187103
1783008628.834622,0.0,0.0,10.0,-0.6581982970237732,51.75872802734375,0.039946410804986954,5.158009052276611,-161.466064453125,0.10210059583187103
1783008628.840668,0.0,0.0,10.0,-0.6581982970237732,51.75872802734375,0.039946410804986954,5.158009052276611,-161.466064453125,0.10210059583187103
1783008628.847249,0.0,0.0,10.0,-0.6581982970237732,51.75872802734375,0.039946410804986954,5.159240245819092,-161.378173828125,0.10259220004081726
1783008628.860516,0.0,0.0,10.0,-0.6581982970237732,51.75872802734375,0.039946410804986954,5.159240245819092,-161.378173828125,0.10259220004081726
1783008628.866863,0.0,0.0,10.0,-0.6581982970237732,51.75872802734375,0.039946410804986954,5.159240245819092,-161.378173828125,0.10259220004081726
1783008628.872206,0.0,0.0,10.0,-0.6584553122520447,51.75893783569336,0.040451060980558395,5.159240245819092,-161.378173828125,0.10259220004081726
1783008628.877636,0.0,0.0,10.0,-0.6584553122520447,51.75893783569336,0.040451060980558395,5.159240245819092,-161.378173828125,0.10259220004081726
1783008628.884316,0.0,0.0,10.0,-0.6584553122520447,51.75893783569336,0.040451060980558395,5.159240245819092,-161.378173828125,0.10259220004081726
1783008628.890761,0.0,0.0,10.0,-0.6584553122520447,51.75893783569336,0.040451060980558395,5.159240245819092,-161.378173828125,0.10259220004081726
1783008628.896252,0.0,0.0,10.0,-0.6584553122520447,51.75893783569336,0.040451060980558395,5.159240245819092,-161.378173828125,0.10259220004081726
1783008628.907334,0.0,0.0,10.0,-0.6584553122520447,51.75893783569336,0.040451060980558395,5.159240245819092,-161.378173828125,0.10259220004081726
1783008628.912848,0.0,0.0,10.0,-0.6584553122520447,51.75893783569336,0.040451060980558395,5.159240245819092,-161.378173828125,0.10259220004081726
1783008628.918969,0.0,0.0,10.0,-0.6584553122520447,51.75893783569336,0.040451060980558395,5.159240245819092,-161.378173828125,0.10259220004081726
1783008628.92566,0.0,0.0,10.0,-0.6594941020011902,51.758419036865234,0.040990374982357025,5.159240245819092,-161.378173828125,0.10259220004081726
1783008628.933319,0.0,0.0,10.0,-0.6594941020011902,51.758419036865234,0.040990374982357025,5.159240245819092,-161.378173828125,0.10259220004081726
1783008628.939202,0.0,0.0,10.0,-0.6594941020011902,51.758419036865234,0.040990374982357025,5.159240245819092,-161.378173828125,0.10259220004081726
1783008628.944716,0.0,0.0,10.0,-0.6594941020011902,51.758419036865234,0.040990374982357025,5.1587443351745605,-161.290283203125,0.1025078222155571
1783008628.957013,0.0,0.0,10.0,-0.6594941020011902,51.758419036865234,0.040990374982357025,5.1587443351745605,-161.290283203125,0.1025078222155571
1783008628.962829,0.0,0.0,10.0,-0.6594941020011902,51.758419036865234,0.040990374982357025,5.1587443351745605,-161.290283203125,0.1025078222155571
1783008628.968856,0.0,0.0,10.0,-0.6594941020011902,51.758419036865234,0.040990374982357025,5.1587443351745605,-161.290283203125,0.1025078222155571
1783008628.974094,0.0,0.0,10.0,-0.657976508140564,51.75955581665039,0.0407547689974308,5.1587443351745605,-161.290283203125,0.1025078222155571
1783008628.979312,0.0,0.0,10.0,-0.657976508140564,51.75955581665039,0.0407547689974308,5.1587443351745605,-161.290283203125,0.1025078222155571
1783008628.985167,0.0,0.0,10.0,-0.657976508140564,51.75955581665039,0.0407547689974308,5.1587443351745605,-161.290283203125,0.1025078222155571
1783008628.991127,0.0,0.0,10.0,-0.657976508140564,51.75955581665039,0.0407547689974308,5.1587443351745605,-161.290283203125,0.1025078222155571
1783008628.996699,0.0,0.0,10.0,-0.657976508140564,51.75955581665039,0.0407547689974308,5.1587443351745605,-161.290283203125,0.1025078222155571
1783008629.009561,0.0,0.0,10.0,-0.657976508140564,51.75955581665039,0.0407547689974308,5.1587443351745605,-161.290283203125,0.1025078222155571
1783008629.015458,0.0,0.0,10.0,-0.657976508140564,51.75955581665039,0.0407547689974308,5.1587443351745605,-161.290283203125,0.1025078222155571
1783008629.021967,0.0,0.0,10.0,-0.6573424935340881,51.76072692871094,0.041038189083337784,5.1587443351745605,-161.290283203125,0.1025078222155571
1783008629.029616,0.0,0.0,10.0,-0.6573424935340881,51.76072692871094,0.041038189083337784,5.1587443351745605,-161.290283203125,0.1025078222155571
1783008629.035248,0.0,0.0,10.0,-0.6573424935340881,51.76072692871094,0.041038189083337784,5.1587443351745605,-161.290283203125,0.1025078222155571
1783008629.040751,0.0,0.0,10.0,-0.6573424935340881,51.76072692871094,0.041038189083337784,5.1587443351745605,-161.290283203125,0.1025078222155571
1783008629.047525,0.0,0.0,10.0,-0.6573424935340881,51.76072692871094,0.041038189083337784,5.152853965759277,-161.202392578125,0.10273535549640656
1783008629.072355,0.0,0.0,10.0,-0.6573424935340881,51.76072692871094,0.041038189083337784,5.152853965759277,-161.202392578125,0.10273535549640656
1783008629.077884,0.0,0.0,10.0,-0.6573424935340881,51.76072692871094,0.041038189083337784,5.152853965759277,-161.202392578125,0.10273535549640656
1783008629.085276,0.0,0.0,10.0,-0.6573424935340881,51.76072692871094,0.041038189083337784,5.152853965759277,-161.202392578125,0.10273535549640656
1783008629.090719,0.0,0.0,10.0,-0.6580321788787842,51.760955810546875,0.041476521641016006,5.152853965759277,-161.202392578125,0.10273535549640656
1783008629.107628,0.0,0.0,10.0,-0.6580321788787842,51.760955810546875,0.041476521641016006,5.152853965759277,-161.202392578125,0.10273535549640656
1783008629.125687,0.0,0.0,10.0,-0.6580321788787842,51.760955810546875,0.041476521641016006,5.152853965759277,-161.202392578125,0.10273535549640656
1783008629.131915,0.0,0.0,10.0,-0.6583319902420044,51.762168884277344,0.041262391954660416,5.152853965759277,-161.202392578125,0.10273535549640656
1783008629.138856,0.0,0.0,10.0,-0.6583319902420044,51.762168884277344,0.041262391954660416,5.152853965759277,-161.202392578125,0.10273535549640656
1783008629.144965,0.0,0.0,10.0,-0.6583319902420044,51.762168884277344,0.041262391954660416,5.152853965759277,-161.202392578125,0.10273535549640656
1783008629.151123,0.0,0.0,10.0,-0.6583319902420044,51.762168884277344,0.041262391954660416,5.142394065856934,-161.136474609375,0.10251844674348831
1783008629.156571,0.0,0.0,10.0,-0.6583319902420044,51.762168884277344,0.041262391954660416,5.142394065856934,-161.136474609375,0.10251844674348831
1783008629.168704,0.0,0.0,10.0,-0.6583319902420044,51.762168884277344,0.041262391954660416,5.142394065856934,-161.136474609375,0.10251844674348831
1783008629.174939,0.0,0.0,10.0,-0.6576377749443054,51.7632942199707,0.04182658717036247,5.142394065856934,-161.136474609375,0.10251844674348831
1783008629.180769,0.0,0.0,10.0,-0.6576377749443054,51.7632942199707,0.04182658717036247,5.142394065856934,-161.136474609375,0.10251844674348831
1783008629.186273,0.0,0.0,10.0,-0.6576377749443054,51.7632942199707,0.04182658717036247,5.142394065856934,-161.136474609375,0.10251844674348831
1783008629.191397,0.0,0.0,10.0,-0.6576377749443054,51.7632942199707,0.04182658717036247,5.142394065856934,-161.136474609375,0.10251844674348831
1783008629.198153,0.0,0.0,10.0,-0.6576377749443054,51.7632942199707,0.04182658717036247,5.142394065856934,-161.136474609375,0.10251844674348831
1783008629.20362,0.0,0.0,10.0,-0.6576377749443054,51.7632942199707,0.04182658717036247,5.142394065856934,-161.136474609375,0.10251844674348831
1783008629.20956,0.0,0.0,10.0,-0.6576377749443054,51.7632942199707,0.04182658717036247,5.142394065856934,-161.136474609375,0.10251844674348831
1783008629.215225,0.0,0.0,10.0,-0.6576377749443054,51.7632942199707,0.04182658717036247,5.142394065856934,-161.136474609375,0.10251844674348831
1783008629.222197,0.0,0.0,10.0,-0.657025158405304,51.764251708984375,0.043216101825237274,5.142394065856934,-161.136474609375,0.10251844674348831
1783008629.228052,0.0,0.0,10.0,-0.657025158405304,51.764251708984375,0.043216101825237274,5.142394065856934,-161.136474609375,0.10251844674348831
1783008629.23358,0.0,0.0,10.0,-0.657025158405304,51.764251708984375,0.043216101825237274,5.142394065856934,-161.136474609375,0.10251844674348831
1783008629.239161,0.0,0.0,10.0,-0.657025158405304,51.764251708984375,0.043216101825237274,5.142394065856934,-161.136474609375,0.10251844674348831
1783008629.247438,0.0,0.0,10.0,-0.657025158405304,51.764251708984375,0.043216101825237274,5.142394065856934,-161.136474609375,0.10251844674348831
1783008629.253757,0.0,0.0,10.0,-0.657025158405304,51.764251708984375,0.043216101825237274,5.1410698890686035,-161.070556640625,0.10351984947919846
1783008629.259012,0.0,0.0,10.0,-0.657025158405304,51.764251708984375,0.043216101825237274,5.1410698890686035,-161.070556640625,0.10351984947919846
1783008629.264941,0.0,0.0,10.0,-0.657025158405304,51.764251708984375,0.043216101825237274,5.1410698890686035,-161.070556640625,0.10351984947919846
1783008629.274666,0.0,0.0,10.0,-0.657025158405304,51.764251708984375,0.043216101825237274,5.1410698890686035,-161.070556640625,0.10351984947919846
1783008629.280901,0.0,0.0,10.0,-0.6583687663078308,51.765750885009766,0.04387326538562775,5.1410698890686035,-161.070556640625,0.10351984947919846
1783008629.286424,0.0,0.0,10.0,-0.6583687663078308,51.765750885009766,0.04387326538562775,5.1410698890686035,-161.070556640625,0.10351984947919846
1783008629.292465,0.0,0.0,10.0,-0.6583687663078308,51.765750885009766,0.04387326538562775,5.1410698890686035,-161.070556640625,0.10351984947919846
1783008629.298931,0.0,0.0,10.0,-0.6583687663078308,51.765750885009766,0.04387326538562775,5.1410698890686035,-161.070556640625,0.10351984947919846
1783008629.304521,0.0,0.0,10.0,-0.6583687663078308,51.765750885009766,0.04387326538562775,5.1410698890686035,-161.070556640625,0.10351984947919846
1783008629.310092,0.0,0.0,10.0,-0.6583687663078308,51.765750885009766,0.04387326538562775,5.1410698890686035,-161.070556640625,0.10351984947919846
1783008629.318511,0.0,0.0,10.0,-0.6583687663078308,51.765750885009766,0.04387326538562775,5.1410698890686035,-161.070556640625,0.10351984947919846
1783008629.343879,0.0,0.0,10.0,-0.6583687663078308,51.765750885009766,0.04387326538562775,5.1410698890686035,-161.070556640625,0.10351984947919846
1783008629.350215,0.0,0.0,10.0,-0.6583353281021118,51.76726150512695,0.04384448379278183,5.1410698890686035,-161.070556640625,0.10351984947919846
1783008629.356743,0.0,0.0,10.0,-0.6583353281021118,51.76726150512695,0.04384448379278183,5.108465194702148,-160.938720703125,0.10398123413324356
1783008629.363604,0.0,0.0,10.0,-0.6583353281021118,51.76726150512695,0.04384448379278183,5.108465194702148,-160.938720703125,0.10398123413324356
1783008629.371365,0.0,0.0,10.0,-0.6583353281021118,51.76726150512695,0.04384448379278183,5.108465194702148,-160.938720703125,0.10398123413324356
1783008629.388931,0.0,0.0,10.0,-0.6571111679077148,51.768653869628906,0.04393809288740158,5.108465194702148,-160.938720703125,0.10398123413324356
1783008629.395286,0.0,0.0,10.0,-0.6571111679077148,51.768653869628906,0.04393809288740158,5.108465194702148,-160.938720703125,0.10398123413324356
1783008629.401362,0.0,0.0,10.0,-0.6571111679077148,51.768653869628906,0.04393809288740158,5.108465194702148,-160.938720703125,0.10398123413324356
1783008629.408331,0.0,0.0,10.0,-0.6571111679077148,51.768653869628906,0.04393809288740158,5.108465194702148,-160.938720703125,0.10398123413324356
1783008629.413989,0.0,0.0,10.0,-0.6571111679077148,51.768653869628906,0.04393809288740158,5.108465194702148,-160.938720703125,0.10398123413324356
1783008629.419528,0.0,0.0,10.0,-0.6571111679077148,51.768653869628906,0.04393809288740158,5.108465194702148,-160.938720703125,0.10398123413324356
1783008629.438285,0.0,0.0,10.0,-0.6584532260894775,51.770416259765625,0.04503674432635307,5.108465194702148,-160.938720703125,0.10398123413324356
1783008629.446438,0.0,0.0,10.0,-0.6584532260894775,51.770416259765625,0.04503674432635307,5.108465194702148,-160.938720703125,0.10398123413324356
1783008629.453821,0.0,0.0,10.0,-0.6584532260894775,51.770416259765625,0.04503674432635307,4.986608505249023,-160.784912109375,0.10442162305116653
1783008629.460706,0.0,0.0,10.0,-0.6584532260894775,51.770416259765625,0.04503674432635307,4.986608505249023,-160.784912109375,0.10442162305116653
1783008629.466053,0.0,0.0,10.0,-0.6584532260894775,51.770416259765625,0.04503674432635307,4.986608505249023,-160.784912109375,0.10442162305116653
1783008629.47152,0.0,0.0,10.0,-0.6584676504135132,51.772857666015625,0.0443076565861702,4.986608505249023,-160.784912109375,0.10442162305116653
1783008629.494639,0.0,0.0,10.0,-0.6584676504135132,51.772857666015625,0.0443076565861702,4.986608505249023,-160.784912109375,0.10442162305116653
1783008629.500084,0.0,0.0,10.0,-0.6584676504135132,51.772857666015625,0.0443076565861702,4.986608505249023,-160.784912109375,0.10442162305116653
1783008629.506282,0.0,0.0,10.0,-0.6584676504135132,51.772857666015625,0.0443076565861702,4.986608505249023,-160.784912109375,0.10442162305116653
1783008629.513912,0.0,0.0,10.0,-0.6584676504135132,51.772857666015625,0.0443076565861702,4.986608505249023,-160.784912109375,0.10442162305116653
1783008629.519156,0.0,0.0,10.0,-0.6584676504135132,51.772857666015625,0.0443076565861702,4.986608505249023,-160.784912109375,0.10442162305116653
1783008629.524404,0.0,0.0,10.0,-0.6583070158958435,51.77511215209961,0.04419466480612755,4.986608505249023,-160.784912109375,0.10442162305116653
1783008629.532724,0.0,0.0,10.0,-0.6583070158958435,51.77511215209961,0.04419466480612755,4.986608505249023,-160.784912109375,0.10442162305116653
1783008629.548873,0.0,0.0,10.0,-0.6583070158958435,51.77511215209961,0.04419466480612755,4.986608505249023,-160.784912109375,0.10442162305116653
1783008629.556963,0.0,0.0,10.0,-0.6583070158958435,51.77511215209961,0.04419466480612755,4.850903034210205,-160.631103515625,0.10380205512046814
1783008629.563782,0.0,0.0,10.0,-0.6583070158958435,51.77511215209961,0.04419466480612755,4.850903034210205,-160.631103515625,0.10380205512046814
1783008629.56991,0.0,0.0,10.0,-0.6583070158958435,51.77511215209961,0.04419466480612755,4.850903034210205,-160.631103515625,0.10380205512046814
1783008629.5754,0.0,0.0,10.0,-0.6581629514694214,51.776824951171875,0.04483821243047714,4.850903034210205,-160.631103515625,0.10380205512046814
1783008629.581588,0.0,0.0,10.0,-0.6581629514694214,51.776824951171875,0.04483821243047714,4.850903034210205,-160.631103515625,0.10380205512046814
1783008629.59906,0.0,0.0,10.0,-0.6581629514694214,51.776824951171875,0.04483821243047714,4.850903034210205,-160.631103515625,0.10380205512046814
1783008629.604638,0.0,0.0,10.0,-0.6581629514694214,51.776824951171875,0.04483821243047714,4.850903034210205,-160.631103515625,0.10380205512046814
1783008629.611658,0.0,0.0,10.0,-0.6581629514694214,51.776824951171875,0.04483821243047714,4.850903034210205,-160.631103515625,0.10380205512046814
1783008629.617196,0.0,0.0,10.0,-0.6581629514694214,51.776824951171875,0.04483821243047714,4.850903034210205,-160.631103515625,0.10380205512046814
1783008629.623382,0.0,0.0,10.0,-0.6588922142982483,51.77706527709961,0.04511525481939316,4.850903034210205,-160.631103515625,0.10380205512046814
1783008629.629847,0.0,0.0,10.0,-0.6588922142982483,51.77706527709961,0.04511525481939316,4.850903034210205,-160.631103515625,0.10380205512046814
1783008629.64942,0.0,0.0,10.0,-0.6588922142982483,51.77706527709961,0.04511525481939316,4.850903034210205,-160.631103515625,0.10380205512046814
1783008629.65495,0.0,0.0,10.0,-0.6588922142982483,51.77706527709961,0.04511525481939316,4.707713603973389,-160.477294921875,0.10501967370510101
1783008629.660523,0.0,0.0,10.0,-0.6588922142982483,51.77706527709961,0.04511525481939316,4.707713603973389,-160.477294921875,0.10501967370510101
1783008629.666025,0.0,0.0,10.0,-0.6588922142982483,51.77706527709961,0.04511525481939316,4.707713603973389,-160.477294921875,0.10501967370510101
1783008629.672321,0.0,0.0,10.0,-0.6588922142982483,51.77706527709961,0.04511525481939316,4.707713603973389,-160.477294921875,0.10501967370510101
1783008629.677627,0.0,0.0,10.0,-0.6600348353385925,51.77836608886719,0.043803684413433075,4.707713603973389,-160.477294921875,0.10501967370510101
1783008629.683012,0.0,0.0,10.0,-0.6600348353385925,51.77836608886719,0.043803684413433075,4.707713603973389,-160.477294921875,0.10501967370510101
1783008629.700934,0.0,0.0,10.0,-0.6600348353385925,51.77836608886719,0.043803684413433075,4.707713603973389,-160.477294921875,0.10501967370510101
1783008629.706494,0.0,0.0,10.0,-0.6600348353385925,51.77836608886719,0.043803684413433075,4.707713603973389,-160.477294921875,0.10501967370510101
1783008629.712342,0.0,0.0,10.0,-0.6600348353385925,51.77836608886719,0.043803684413433075,4.707713603973389,-160.477294921875,0.10501967370510101
1783008629.717891,0.0,0.0,10.0,-0.6600348353385925,51.77836608886719,0.043803684413433075,4.707713603973389,-160.477294921875,0.10501967370510101
1783008629.724039,0.0,0.0,10.0,-0.6592106819152832,51.778804779052734,0.043829720467329025,4.707713603973389,-160.477294921875,0.10501967370510101
1783008629.730006,0.0,0.0,10.0,-0.6592106819152832,51.778804779052734,0.043829720467329025,4.707713603973389,-160.477294921875,0.10501967370510101
1783008629.736022,0.0,0.0,10.0,-0.6592106819152832,51.778804779052734,0.043829720467329025,4.707713603973389,-160.477294921875,0.10501967370510101
1783008629.755691,0.0,0.0,10.0,-0.6592106819152832,51.778804779052734,0.043829720467329025,4.707713603973389,-160.477294921875,0.10501967370510101
1783008629.760974,0.0,0.0,10.0,-0.6592106819152832,51.778804779052734,0.043829720467329025,4.554765224456787,-160.279541015625,0.10488694161176682
1783008629.767249,0.0,0.0,10.0,-0.6592106819152832,51.778804779052734,0.043829720467329025,4.554765224456787,-160.279541015625,0.10488694161176682
1783008629.772764,0.0,0.0,10.0,-0.6593976616859436,51.77872848510742,0.0443870946764946,4.554765224456787,-160.279541015625,0.10488694161176682
1783008629.778253,0.0,0.0,10.0,-0.6593976616859436,51.77872848510742,0.0443870946764946,4.554765224456787,-160.279541015625,0.10488694161176682
1783008629.784163,0.0,0.0,10.0,-0.6593976616859436,51.77872848510742,0.0443870946764946,4.554765224456787,-160.279541015625,0.10488694161176682
1783008629.803357,0.0,0.0,10.0,-0.6593976616859436,51.77872848510742,0.0443870946764946,4.554765224456787,-160.279541015625,0.10488694161176682
1783008629.808627,0.0,0.0,10.0,-0.6593976616859436,51.77872848510742,0.0443870946764946,4.554765224456787,-160.279541015625,0.10488694161176682
1783008629.815152,0.0,0.0,10.0,-0.6593976616859436,51.77872848510742,0.0443870946764946,4.554765224456787,-160.279541015625,0.10488694161176682
1783008629.820963,0.0,0.0,10.0,-0.6593976616859436,51.77872848510742,0.0443870946764946,4.554765224456787,-160.279541015625,0.10488694161176682
1783008629.826771,0.0,0.0,10.0,-0.6599937081336975,51.77872848510742,0.045513566583395004,4.554765224456787,-160.279541015625,0.10488694161176682
1783008629.832742,0.0,0.0,10.0,-0.6599937081336975,51.77872848510742,0.045513566583395004,4.554765224456787,-160.279541015625,0.10488694161176682
1783008629.838321,0.0,0.0,10.0,-0.6599937081336975,51.77872848510742,0.045513566583395004,4.554765224456787,-160.279541015625,0.10488694161176682
1783008629.855534,0.0,0.0,10.0,-0.6599937081336975,51.77872848510742,0.045513566583395004,4.554765224456787,-160.279541015625,0.10488694161176682
1783008629.861903,0.0,0.0,10.0,-0.6599937081336975,51.77872848510742,0.045513566583395004,4.401963710784912,-160.081787109375,0.1056479811668396
1783008629.867482,0.0,0.0,10.0,-0.6599937081336975,51.77872848510742,0.045513566583395004,4.401963710784912,-160.081787109375,0.1056479811668396
1783008629.873484,0.0,0.0,10.0,-0.6587863564491272,51.778076171875,0.044754792004823685,4.401963710784912,-160.081787109375,0.1056479811668396
1783008629.879044,0.0,0.0,10.0,-0.6587863564491272,51.778076171875,0.044754792004823685,4.401963710784912,-160.081787109375,0.1056479811668396
1783008629.884426,0.0,0.0,10.0,-0.6587863564491272,51.778076171875,0.044754792004823685,4.401963710784912,-160.081787109375,0.1056479811668396
1783008629.890075,0.0,0.0,10.0,-0.6587863564491272,51.778076171875,0.044754792004823685,4.401963710784912,-160.081787109375,0.1056479811668396
1783008629.907202,0.0,0.0,10.0,-0.6587863564491272,51.778076171875,0.044754792004823685,4.401963710784912,-160.081787109375,0.1056479811668396
1783008629.913696,0.0,0.0,10.0,-0.6587863564491272,51.778076171875,0.044754792004823685,4.401963710784912,-160.081787109375,0.1056479811668396
1783008629.920806,0.0,0.0,10.0,-0.6587863564491272,51.778076171875,0.044754792004823685,4.401963710784912,-160.081787109375,0.1056479811668396
1783008629.926851,0.0,0.0,10.0,-0.6574481725692749,51.77701950073242,0.04363442584872246,4.401963710784912,-160.081787109375,0.1056479811668396
1783008629.93219,0.0,0.0,10.0,-0.6574481725692749,51.77701950073242,0.04363442584872246,4.401963710784912,-160.081787109375,0.1056479811668396
1783008629.93834,0.0,0.0,10.0,-0.6574481725692749,51.77701950073242,0.04363442584872246,4.401963710784912,-160.081787109375,0.1056479811668396
1783008629.944514,0.0,0.0,10.0,-0.6574481725692749,51.77701950073242,0.04363442584872246,4.401963710784912,-160.081787109375,0.1056479811668396
1783008629.959789,0.0,0.0,10.0,-0.6574481725692749,51.77701950073242,0.04363442584872246,4.401963710784912,-160.081787109375,0.1056479811668396
1783008629.965423,0.0,0.0,10.0,-0.6574481725692749,51.77701950073242,0.04363442584872246,4.2472710609436035,-159.927978515625,0.10552848130464554
1783008629.971063,0.0,0.0,10.0,-0.6574481725692749,51.77701950073242,0.04363442584872246,4.2472710609436035,-159.927978515625,0.10552848130464554
1783008629.977166,0.0,0.0,10.0,-0.6584554314613342,51.7759895324707,0.044126976281404495,4.2472710609436035,-159.927978515625,0.10552848130464554
1783008629.982991,0.0,0.0,10.0,-0.6584554314613342,51.7759895324707,0.044126976281404495,4.2472710609436035,-159.927978515625,0.10552848130464554
1783008629.988812,0.0,0.0,10.0,-0.6584554314613342,51.7759895324707,0.044126976281404495,4.2472710609436035,-159.927978515625,0.10552848130464554
1783008629.99535,0.0,0.0,10.0,-0.6584554314613342,51.7759895324707,0.044126976281404495,4.2472710609436035,-159.927978515625,0.10552848130464554
1783008630.012954,0.0,0.0,10.0,-0.6584554314613342,51.7759895324707,0.044126976281404495,4.2472710609436035,-159.927978515625,0.10552848130464554
1783008630.018884,0.0,0.0,10.0,-0.6584554314613342,51.7759895324707,0.044126976281404495,4.2472710609436035,-159.927978515625,0.10552848130464554
1783008630.02451,0.0,0.0,10.0,-0.6582614779472351,51.77593231201172,0.04427001252770424,4.2472710609436035,-159.927978515625,0.10552848130464554
1783008630.030117,0.0,0.0,10.0,-0.6582614779472351,51.77593231201172,0.04427001252770424,4.2472710609436035,-159.927978515625,0.10552848130464554
1783008630.035794,0.0,0.0,10.0,-0.6582614779472351,51.77593231201172,0.04427001252770424,4.2472710609436035,-159.927978515625,0.10552848130464554
1783008630.041067,0.0,0.0,10.0,-0.6582614779472351,51.77593231201172,0.04427001252770424,4.2472710609436035,-159.927978515625,0.10552848130464554
1783008630.04777,0.0,0.0,10.0,-0.6582614779472351,51.77593231201172,0.04427001252770424,4.2472710609436035,-159.927978515625,0.10552848130464554
1783008630.063903,0.0,0.0,10.0,-0.6582614779472351,51.77593231201172,0.04427001252770424,4.2472710609436035,-159.927978515625,0.10552848130464554
1783008630.070346,0.0,0.0,10.0,-0.6582614779472351,51.77593231201172,0.04427001252770424,4.093493461608887,-159.730224609375,0.10535762459039688
1783008630.076345,0.0,0.0,10.0,-0.6586552858352661,51.7771110534668,0.04489661008119583,4.093493461608887,-159.730224609375,0.10535762459039688
1783008630.081831,0.0,0.0,10.0,-0.6586552858352661,51.7771110534668,0.04489661008119583,4.093493461608887,-159.730224609375,0.10535762459039688
1783008630.087639,0.0,0.0,10.0,-0.6586552858352661,51.7771110534668,0.04489661008119583,4.093493461608887,-159.730224609375,0.10535762459039688
1783008630.093859,0.0,0.0,10.0,-0.6586552858352661,51.7771110534668,0.04489661008119583,4.093493461608887,-159.730224609375,0.10535762459039688
1783008630.10094,0.0,0.0,10.0,-0.6586552858352661,51.7771110534668,0.04489661008119583,4.093493461608887,-159.730224609375,0.10535762459039688
1783008630.116275,0.0,0.0,10.0,-0.6586552858352661,51.7771110534668,0.04489661008119583,4.093493461608887,-159.730224609375,0.10535762459039688
1783008630.122241,0.0,0.0,10.0,-0.6586552858352661,51.7771110534668,0.04489661008119583,4.093493461608887,-159.730224609375,0.10535762459039688
1783008630.128833,0.0,0.0,10.0,-0.6581240892410278,51.77838134765625,0.04475719481706619,4.093493461608887,-159.730224609375,0.10535762459039688
1783008630.134543,0.0,0.0,10.0,-0.6581240892410278,51.77838134765625,0.04475719481706619,4.093493461608887,-159.730224609375,0.10535762459039688
1783008630.140701,0.0,0.0,10.0,-0.6581240892410278,51.77838134765625,0.04475719481706619,4.093493461608887,-159.730224609375,0.10535762459039688
1783008630.146779,0.0,0.0,10.0,-0.6581240892410278,51.77838134765625,0.04475719481706619,4.093493461608887,-159.730224609375,0.10535762459039688
1783008630.153601,0.0,0.0,10.0,-0.6581240892410278,51.77838134765625,0.04475719481706619,4.093493461608887,-159.730224609375,0.10535762459039688
1783008630.170902,0.0,0.0,10.0,-0.6581240892410278,51.77838134765625,0.04475719481706619,4.093493461608887,-159.730224609375,0.10535762459039688
1783008630.176576,0.0,0.0,10.0,-0.6588830351829529,51.779823303222656,0.044386569410562515,3.9389595985412598,-159.576416015625,0.10596997290849686
1783008630.183602,0.0,0.0,10.0,-0.6588830351829529,51.779823303222656,0.044386569410562515,3.9389595985412598,-159.576416015625,0.10596997290849686
1783008630.189562,0.0,0.0,10.0,-0.6588830351829529,51.779823303222656,0.044386569410562515,3.9389595985412598,-159.576416015625,0.10596997290849686
1783008630.195388,0.0,0.0,10.0,-0.6588830351829529,51.779823303222656,0.044386569410562515,3.9389595985412598,-159.576416015625,0.10596997290849686
1783008630.200721,0.0,0.0,10.0,-0.6588830351829529,51.779823303222656,0.044386569410562515,3.9389595985412598,-159.576416015625,0.10596997290849686
1783008630.217851,0.0,0.0,10.0,-0.6588830351829529,51.779823303222656,0.044386569410562515,3.9389595985412598,-159.576416015625,0.10596997290849686
1783008630.223884,0.0,0.0,10.0,-0.6597882509231567,51.781219482421875,0.04480614513158798,3.9389595985412598,-159.576416015625,0.10596997290849686
1783008630.2304,0.0,0.0,10.0,-0.6597882509231567,51.781219482421875,0.04480614513158798,3.9389595985412598,-159.576416015625,0.10596997290849686
1783008630.235943,0.0,0.0,10.0,-0.6597882509231567,51.781219482421875,0.04480614513158798,3.9389595985412598,-159.576416015625,0.10596997290849686
1783008630.243969,0.0,0.0,10.0,-0.6597882509231567,51.781219482421875,0.04480614513158798,3.9389595985412598,-159.576416015625,0.10596997290849686
1783008630.250044,0.0,0.0,10.0,-0.6597882509231567,51.781219482421875,0.04480614513158798,3.9389595985412598,-159.576416015625,0.10596997290849686
1783008630.255596,0.0,0.0,10.0,-0.6597882509231567,51.781219482421875,0.04480614513158798,3.7867770195007324,-159.400634765625,0.10488703846931458
1783008630.270238,0.0,0.0,10.0,-0.6597882509231567,51.781219482421875,0.04480614513158798,3.7867770195007324,-159.400634765625,0.10488703846931458
1783008630.276399,0.0,0.0,10.0,-0.6586045026779175,51.78261184692383,0.0463431254029274,3.7867770195007324,-159.400634765625,0.10488703846931458
1783008630.28239,0.0,0.0,10.0,-0.6586045026779175,51.78261184692383,0.0463431254029274,3.7867770195007324,-159.400634765625,0.10488703846931458
1783008630.287984,0.0,0.0,10.0,-0.6586045026779175,51.78261184692383,0.0463431254029274,3.7867770195007324,-159.400634765625,0.10488703846931458
1783008630.294484,0.0,0.0,10.0,-0.6586045026779175,51.78261184692383,0.0463431254029274,3.7867770195007324,-159.400634765625,0.10488703846931458
1783008630.30049,0.0,0.0,10.0,-0.6586045026779175,51.78261184692383,0.0463431254029274,3.7867770195007324,-159.400634765625,0.10488703846931458
1783008630.306053,0.0,0.0,10.0,-0.6586045026779175,51.78261184692383,0.0463431254029274,3.7867770195007324,-159.400634765625,0.10488703846931458
1783008630.324011,0.0,0.0,10.0,-0.6586045026779175,51.78261184692383,0.0463431254029274,3.7867770195007324,-159.400634765625,0.10488703846931458
1783008630.330737,0.0,0.0,10.0,-0.6594242453575134,51.784202575683594,0.047556716948747635,3.7867770195007324,-159.400634765625,0.10488703846931458
1783008630.336255,0.0,0.0,10.0,-0.6594242453575134,51.784202575683594,0.047556716948747635,3.7867770195007324,-159.400634765625,0.10488703846931458
1783008630.341955,0.0,0.0,10.0,-0.6594242453575134,51.784202575683594,0.047556716948747635,3.7867770195007324,-159.400634765625,0.10488703846931458
1783008630.347499,0.0,0.0,10.0,-0.6594242453575134,51.784202575683594,0.047556716948747635,3.7867770195007324,-159.400634765625,0.10488703846931458
1783008630.353246,0.0,0.0,10.0,-0.6594242453575134,51.784202575683594,0.047556716948747635,3.6354873180389404,-159.246826171875,0.10701454430818558
1783008630.359203,0.0,0.0,10.0,-0.6594242453575134,51.784202575683594,0.047556716948747635,3.6354873180389404,-159.246826171875,0.10701454430818558
1783008630.373977,0.0,0.0,10.0,-0.6594242453575134,51.784202575683594,0.047556716948747635,3.6354873180389404,-159.246826171875,0.10701454430818558
1783008630.380667,0.0,0.0,10.0,-0.661131739616394,51.78601837158203,0.04700777307152748,3.6354873180389404,-159.246826171875,0.10701454430818558
1783008630.385999,0.0,0.0,10.0,-0.661131739616394,51.78601837158203,0.04700777307152748,3.6354873180389404,-159.246826171875,0.10701454430818558
1783008630.391708,0.0,0.0,10.0,-0.661131739616394,51.78601837158203,0.04700777307152748,3.6354873180389404,-159.246826171875,0.10701454430818558
1783008630.397293,0.0,0.0,10.0,-0.661131739616394,51.78601837158203,0.04700777307152748,3.6354873180389404,-159.246826171875,0.10701454430818558
1783008630.403794,0.0,0.0,10.0,-0.661131739616394,51.78601837158203,0.04700777307152748,3.6354873180389404,-159.246826171875,0.10701454430818558
1783008630.409293,0.0,0.0,10.0,-0.661131739616394,51.78601837158203,0.04700777307152748,3.6354873180389404,-159.246826171875,0.10701454430818558
1783008630.423685,0.0,0.0,10.0,-0.661131739616394,51.78601837158203,0.04700777307152748,3.6354873180389404,-159.246826171875,0.10701454430818558
1783008630.430496,0.0,0.0,10.0,-0.661467432975769,51.78888702392578,0.046718720346689224,3.6354873180389404,-159.246826171875,0.10701454430818558
1783008630.436011,0.0,0.0,10.0,-0.661467432975769,51.78888702392578,0.046718720346689224,3.6354873180389404,-159.246826171875,0.10701454430818558
1783008630.4417,0.0,0.0,10.0,-0.661467432975769,51.78888702392578,0.046718720346689224,3.6354873180389404,-159.246826171875,0.10701454430818558
1783008630.447985,0.0,0.0,10.0,-0.661467432975769,51.78888702392578,0.046718720346689224,3.6354873180389404,-159.246826171875,0.10701454430818558
1783008630.454058,0.0,0.0,10.0,-0.661467432975769,51.78888702392578,0.046718720346689224,3.6354873180389404,-159.246826171875,0.10701454430818558
1783008630.459471,0.0,0.0,10.0,-0.661467432975769,51.78888702392578,0.046718720346689224,3.4824769496917725,-159.071044921875,0.1061798632144928
1783008630.476533,0.0,0.0,10.0,-0.661467432975769,51.78888702392578,0.046718720346689224,3.4824769496917725,-159.071044921875,0.1061798632144928
1783008630.482668,0.0,0.0,10.0,-0.6593564748764038,51.79029083251953,0.04737824201583862,3.4824769496917725,-159.071044921875,0.1061798632144928
1783008630.488283,0.0,0.0,10.0,-0.6593564748764038,51.79029083251953,0.04737824201583862,3.4824769496917725,-159.071044921875,0.1061798632144928
1783008630.493752,0.0,0.0,10.0,-0.6593564748764038,51.79029083251953,0.04737824201583862,3.4824769496917725,-159.071044921875,0.1061798632144928
1783008630.500277,0.0,0.0,10.0,-0.6593564748764038,51.79029083251953,0.04737824201583862,3.4824769496917725,-159.071044921875,0.1061798632144928
1783008630.50581,0.0,0.0,10.0,-0.6593564748764038,51.79029083251953,0.04737824201583862,3.4824769496917725,-159.071044921875,0.1061798632144928
1783008630.511395,0.0,0.0,10.0,-0.6593564748764038,51.79029083251953,0.04737824201583862,3.4824769496917725,-159.071044921875,0.1061798632144928
1783008630.524019,0.0,0.0,10.0,-0.6593564748764038,51.79029083251953,0.04737824201583862,3.4824769496917725,-159.071044921875,0.1061798632144928
1783008630.530881,0.0,0.0,10.0,-0.6592558026313782,51.792457580566406,0.047477878630161285,3.4824769496917725,-159.071044921875,0.1061798632144928
1783008630.537,0.0,0.0,10.0,-0.6592558026313782,51.792457580566406,0.047477878630161285,3.4824769496917725,-159.071044921875,0.1061798632144928
1783008630.542625,0.0,0.0,10.0,-0.6592558026313782,51.792457580566406,0.047477878630161285,3.4824769496917725,-159.071044921875,0.1061798632144928
1783008630.575734,0.0,0.0,10.0,-0.6592558026313782,51.792457580566406,0.047477878630161285,3.4824769496917725,-159.071044921875,0.1061798632144928
1783008630.585109,0.0,0.0,10.0,-0.6592558026313782,51.792457580566406,0.047477878630161285,3.4824769496917725,-159.071044921875,0.1061798632144928
1783008630.591616,0.0,0.0,10.0,-0.6592558026313782,51.792457580566406,0.047477878630161285,3.3445565700531006,-158.917236328125,0.10658061504364014
1783008630.626131,0.0,0.0,10.0,-0.6615697145462036,51.79462432861328,0.04694080352783203,3.3445565700531006,-158.917236328125,0.10658061504364014
1783008630.632055,0.0,0.0,10.0,-0.6615697145462036,51.79462432861328,0.04694080352783203,3.3445565700531006,-158.917236328125,0.10658061504364014
1783008630.639009,0.0,0.0,10.0,-0.6610081195831299,51.79641342163086,0.04622688144445419,3.3445565700531006,-158.917236328125,0.10658061504364014
1783008630.651692,0.0,0.0,10.0,-0.6610081195831299,51.79641342163086,0.04622688144445419,3.3445565700531006,-158.917236328125,0.10658061504364014
1783008630.657551,0.0,0.0,10.0,-0.6610081195831299,51.79641342163086,0.04622688144445419,3.3445565700531006,-158.917236328125,0.10658061504364014
1783008630.663917,0.0,0.0,10.0,-0.6610081195831299,51.79641342163086,0.04622688144445419,3.193615198135376,-158.697509765625,0.10760051757097244
1783008630.669939,0.0,0.0,10.0,-0.6610081195831299,51.79641342163086,0.04622688144445419,3.193615198135376,-158.697509765625,0.10760051757097244
1783008630.67596,0.0,0.0,10.0,-0.6593825221061707,51.798526763916016,0.04586075246334076,3.193615198135376,-158.697509765625,0.10760051757097244
1783008630.693505,0.0,0.0,10.0,-0.6593825221061707,51.798526763916016,0.04586075246334076,3.193615198135376,-158.697509765625,0.10760051757097244
1783008630.699657,0.0,0.0,10.0,-0.6593825221061707,51.798526763916016,0.04586075246334076,3.193615198135376,-158.697509765625,0.10760051757097244
1783008630.706179,0.0,0.0,10.0,-0.6593825221061707,51.798526763916016,0.04586075246334076,3.193615198135376,-158.697509765625,0.10760051757097244
1783008630.712656,0.0,0.0,10.0,-0.6593825221061707,51.798526763916016,0.04586075246334076,3.193615198135376,-158.697509765625,0.10760051757097244
1783008630.719707,0.0,0.0,10.0,-0.6593825221061707,51.798526763916016,0.04586075246334076,3.193615198135376,-158.697509765625,0.10760051757097244
1783008630.725548,0.0,0.0,10.0,-0.6600711941719055,51.79996871948242,0.04488587751984596,3.193615198135376,-158.697509765625,0.10760051757097244
1783008630.732072,0.0,0.0,10.0,-0.6600711941719055,51.79996871948242,0.04488587751984596,3.193615198135376,-158.697509765625,0.10760051757097244
1783008630.738395,0.0,0.0,10.0,-0.6600711941719055,51.79996871948242,0.04488587751984596,3.193615198135376,-158.697509765625,0.10760051757097244
1783008630.749029,0.0,0.0,10.0,-0.6600711941719055,51.79996871948242,0.04488587751984596,3.193615198135376,-158.697509765625,0.10760051757097244
1783008630.754916,0.0,0.0,10.0,-0.6600711941719055,51.79996871948242,0.04488587751984596,3.193615198135376,-158.697509765625,0.10760051757097244
1783008630.760384,0.0,0.0,10.0,-0.6600711941719055,51.79996871948242,0.04488587751984596,3.0805110931396484,-158.587646484375,0.10717279464006424
1783008630.765925,0.0,0.0,10.0,-0.6600711941719055,51.79996871948242,0.04488587751984596,3.0805110931396484,-158.587646484375,0.10717279464006424
1783008630.771143,0.0,0.0,10.0,-0.6600711941719055,51.79996871948242,0.04488587751984596,3.0805110931396484,-158.587646484375,0.10717279464006424
1783008630.777045,0.0,0.0,10.0,-0.6613649725914001,51.8017463684082,0.04409792646765709,3.0805110931396484,-158.587646484375,0.10717279464006424
1783008630.783795,0.0,0.0,10.0,-0.6613649725914001,51.8017463684082,0.04409792646765709,3.0805110931396484,-158.587646484375,0.10717279464006424
1783008630.800578,0.0,0.0,10.0,-0.6613649725914001,51.8017463684082,0.04409792646765709,3.0805110931396484,-158.587646484375,0.10717279464006424
1783008630.806161,0.0,0.0,10.0,-0.6613649725914001,51.8017463684082,0.04409792646765709,3.0805110931396484,-158.587646484375,0.10717279464006424
1783008630.811912,0.0,0.0,10.0,-0.6613649725914001,51.8017463684082,0.04409792646765709,3.0805110931396484,-158.587646484375,0.10717279464006424
1783008630.81725,0.0,0.0,10.0,-0.6613649725914001,51.8017463684082,0.04409792646765709,3.0805110931396484,-158.587646484375,0.10717279464006424
1783008630.823254,0.0,0.0,10.0,-0.6611216068267822,51.802955627441406,0.045409973710775375,3.0805110931396484,-158.587646484375,0.10717279464006424
1783008630.828851,0.0,0.0,10.0,-0.6611216068267822,51.802955627441406,0.045409973710775375,3.0805110931396484,-158.587646484375,0.10717279464006424
1783008630.835403,0.0,0.0,10.0,-0.6611216068267822,51.802955627441406,0.045409973710775375,3.0805110931396484,-158.587646484375,0.10717279464006424
1783008630.842727,0.0,0.0,10.0,-0.6611216068267822,51.802955627441406,0.045409973710775375,3.0805110931396484,-158.587646484375,0.10717279464006424
1783008630.848412,0.0,0.0,10.0,-0.6611216068267822,51.802955627441406,0.045409973710775375,3.0805110931396484,-158.587646484375,0.10717279464006424
1783008630.854765,0.0,0.0,10.0,-0.6611216068267822,51.802955627441406,0.045409973710775375,3.0805110931396484,-158.587646484375,0.10717279464006424
1783008630.86127,0.0,0.0,10.0,-0.6611216068267822,51.802955627441406,0.045409973710775375,3.0805110931396484,-158.587646484375,0.10717279464006424
1783008630.867837,0.0,0.0,10.0,-0.6611216068267822,51.802955627441406,0.045409973710775375,2.985931873321533,-158.499755859375,0.10907456278800964
1783008630.874039,0.0,0.0,10.0,-0.660077691078186,51.80427169799805,0.04514887183904648,2.985931873321533,-158.499755859375,0.10907456278800964
1783008630.880017,0.0,0.0,10.0,-0.660077691078186,51.80427169799805,0.04514887183904648,2.985931873321533,-158.499755859375,0.10907456278800964
1783008630.892444,0.0,0.0,10.0,-0.660077691078186,51.80427169799805,0.04514887183904648,2.985931873321533,-158.499755859375,0.10907456278800964
1783008630.914438,0.0,0.0,10.0,-0.660077691078186,51.80427169799805,0.04514887183904648,2.985931873321533,-158.499755859375,0.10907456278800964
1783008630.921062,0.0,0.0,10.0,-0.660077691078186,51.80427169799805,0.04514887183904648,2.985931873321533,-158.499755859375,0.10907456278800964
1783008630.927191,0.0,0.0,10.0,-0.6616464853286743,51.80489730834961,0.04579564556479454,2.985931873321533,-158.499755859375,0.10907456278800964
1783008630.932984,0.0,0.0,10.0,-0.6616464853286743,51.80489730834961,0.04579564556479454,2.985931873321533,-158.499755859375,0.10907456278800964
1783008630.938564,0.0,0.0,10.0,-0.6616464853286743,51.80489730834961,0.04579564556479454,2.985931873321533,-158.499755859375,0.10907456278800964
1783008630.945637,0.0,0.0,10.0,-0.6616464853286743,51.80489730834961,0.04579564556479454,2.985931873321533,-158.499755859375,0.10907456278800964
1783008630.962304,0.0,0.0,10.0,-0.6616464853286743,51.80489730834961,0.04579564556479454,2.985931873321533,-158.499755859375,0.10907456278800964
1783008630.967991,0.0,0.0,10.0,-0.6616464853286743,51.80489730834961,0.04579564556479454,2.890181064605713,-158.389892578125,0.10764274001121521
1783008630.973854,0.0,0.0,10.0,-0.662084698677063,51.804073333740234,0.045587338507175446,2.890181064605713,-158.389892578125,0.10764274001121521
1783008630.979886,0.0,0.0,10.0,-0.662084698677063,51.804073333740234,0.045587338507175446,2.890181064605713,-158.389892578125,0.10764274001121521
1783008630.985377,0.0,0.0,10.0,-0.662084698677063,51.804073333740234,0.045587338507175446,2.890181064605713,-158.389892578125,0.10764274001121521
1783008630.993065,0.0,0.0,10.0,-0.662084698677063,51.804073333740234,0.045587338507175446,2.890181064605713,-158.389892578125,0.10764274001121521
1783008631.016187,0.0,0.0,10.0,-0.662084698677063,51.804073333740234,0.045587338507175446,2.890181064605713,-158.389892578125,0.10764274001121521
1783008631.021962,0.0,0.0,10.0,-0.662084698677063,51.804073333740234,0.045587338507175446,2.890181064605713,-158.389892578125,0.10764274001121521
1783008631.030711,0.0,0.0,10.0,-0.662084698677063,51.804073333740234,0.045587338507175446,2.890181064605713,-158.389892578125,0.10764274001121521
1783008631.035941,0.0,0.0,10.0,-0.6625190377235413,51.80437469482422,0.04602127522230148,2.890181064605713,-158.389892578125,0.10764274001121521
1783008631.041405,0.0,0.0,10.0,-0.6625190377235413,51.80437469482422,0.04602127522230148,2.890181064605713,-158.389892578125,0.10764274001121521
1783008631.050013,0.0,0.0,10.0,-0.6625190377235413,51.80437469482422,0.04602127522230148,2.890181064605713,-158.389892578125,0.10764274001121521
1783008631.068622,0.0,0.0,10.0,-0.6625190377235413,51.80437469482422,0.04602127522230148,2.890181064605713,-158.389892578125,0.10764274001121521
1783008631.074684,0.0,0.0,10.0,-0.6625190377235413,51.80437469482422,0.04602127522230148,2.7972731590270996,-158.258056640625,0.10923417657613754
1783008631.080859,0.0,0.0,10.0,-0.660538911819458,51.80366897583008,0.04607411473989487,2.7972731590270996,-158.258056640625,0.10923417657613754
1783008631.086351,0.0,0.0,10.0,-0.660538911819458,51.80366897583008,0.04607411473989487,2.7972731590270996,-158.258056640625,0.10923417657613754
1783008631.092336,0.0,0.0,10.0,-0.660538911819458,51.80366897583008,0.04607411473989487,2.7972731590270996,-158.258056640625,0.10923417657613754
1783008631.098255,0.0,0.0,10.0,-0.660538911819458,51.80366897583008,0.04607411473989487,2.7972731590270996,-158.258056640625,0.10923417657613754
1783008631.104575,0.0,0.0,10.0,-0.660538911819458,51.80366897583008,0.04607411473989487,2.7972731590270996,-158.258056640625,0.10923417657613754
1783008631.118016,0.0,0.0,10.0,-0.660538911819458,51.80366897583008,0.04607411473989487,2.7972731590270996,-158.258056640625,0.10923417657613754
1783008631.124003,0.0,0.0,10.0,-0.660990297794342,51.80392837524414,0.04625467211008072,2.7972731590270996,-158.258056640625,0.10923417657613754
1783008631.129523,0.0,0.0,10.0,-0.660990297794342,51.80392837524414,0.04625467211008072,2.7972731590270996,-158.258056640625,0.10923417657613754
1783008631.135065,0.0,0.0,10.0,-0.660990297794342,51.80392837524414,0.04625467211008072,2.7972731590270996,-158.258056640625,0.10923417657613754
1783008631.140897,0.0,0.0,10.0,-0.660990297794342,51.80392837524414,0.04625467211008072,2.7972731590270996,-158.258056640625,0.10923417657613754
1783008631.146632,0.0,0.0,10.0,-0.660990297794342,51.80392837524414,0.04625467211008072,2.7972731590270996,-158.258056640625,0.10923417657613754
1783008631.153624,0.0,0.0,10.0,-0.660990297794342,51.80392837524414,0.04625467211008072,2.7972731590270996,-158.258056640625,0.10923417657613754
1783008631.17285,0.0,0.0,10.0,-0.660990297794342,51.80392837524414,0.04625467211008072,2.7972731590270996,-158.258056640625,0.10923417657613754
1783008631.178097,0.0,0.0,10.0,-0.6618650555610657,51.804203033447266,0.04569152370095253,2.7018184661865234,-158.170166015625,0.10786695033311844
1783008631.184621,0.0,0.0,10.0,-0.6618650555610657,51.804203033447266,0.04569152370095253,2.7018184661865234,-158.170166015625,0.10786695033311844
1783008631.189803,0.0,0.0,10.0,-0.6618650555610657,51.804203033447266,0.04569152370095253,2.7018184661865234,-158.170166015625,0.10786695033311844
1783008631.197076,0.0,0.0,10.0,-0.6618650555610657,51.804203033447266,0.04569152370095253,2.7018184661865234,-158.170166015625,0.10786695033311844
1783008631.203208,0.0,0.0,10.0,-0.6618650555610657,51.804203033447266,0.04569152370095253,2.7018184661865234,-158.170166015625,0.10786695033311844
1783008631.222118,0.0,0.0,10.0,-0.6618650555610657,51.804203033447266,0.04569152370095253,2.7018184661865234,-158.170166015625,0.10786695033311844
1783008631.228523,0.0,0.0,10.0,-0.6608269810676575,51.804569244384766,0.04574957489967346,2.7018184661865234,-158.170166015625,0.10786695033311844
1783008631.233829,0.0,0.0,10.0,-0.6608269810676575,51.804569244384766,0.04574957489967346,2.7018184661865234,-158.170166015625,0.10786695033311844
1783008631.239273,0.0,0.0,10.0,-0.6608269810676575,51.804569244384766,0.04574957489967346,2.7018184661865234,-158.170166015625,0.10786695033311844
1783008631.24531,0.0,0.0,10.0,-0.6608269810676575,51.804569244384766,0.04574957489967346,2.7018184661865234,-158.170166015625,0.10786695033311844
1783008631.251318,0.0,0.0,10.0,-0.6608269810676575,51.804569244384766,0.04574957489967346,2.7018184661865234,-158.170166015625,0.10786695033311844
1783008631.25803,0.0,0.0,10.0,-0.6608269810676575,51.804569244384766,0.04574957489967346,2.7018184661865234,-158.170166015625,0.10786695033311844
1783008631.269609,0.0,0.0,10.0,-0.6608269810676575,51.804569244384766,0.04574957489967346,2.7018184661865234,-158.170166015625,0.10786695033311844
1783008631.274902,0.0,0.0,10.0,-0.6607263088226318,51.805728912353516,0.04584555700421333,2.6090891361236572,-158.082275390625,0.1093963086605072
1783008631.280505,0.0,0.0,10.0,-0.6607263088226318,51.805728912353516,0.04584555700421333,2.6090891361236572,-158.082275390625,0.1093963086605072
1783008631.285828,0.0,0.0,10.0,-0.6607263088226318,51.805728912353516,0.04584555700421333,2.6090891361236572,-158.082275390625,0.1093963086605072
1783008631.292336,0.0,0.0,10.0,-0.6607263088226318,51.805728912353516,0.04584555700421333,2.6090891361236572,-158.082275390625,0.1093963086605072
1783008631.297829,0.0,0.0,10.0,-0.6607263088226318,51.805728912353516,0.04584555700421333,2.6090891361236572,-158.082275390625,0.1093963086605072
1783008631.303824,0.0,0.0,10.0,-0.6607263088226318,51.805728912353516,0.04584555700421333,2.6090891361236572,-158.082275390625,0.1093963086605072
1783008631.30972,0.0,0.0,10.0,-0.6607263088226318,51.805728912353516,0.04584555700421333,2.6090891361236572,-158.082275390625,0.1093963086605072
1783008631.319559,0.0,0.0,10.0,-0.6607263088226318,51.805728912353516,0.04584555700421333,2.6090891361236572,-158.082275390625,0.1093963086605072
1783008631.325182,0.0,0.0,10.0,-0.6620803475379944,51.806819915771484,0.04435436800122261,2.6090891361236572,-158.082275390625,0.1093963086605072
1783008631.330623,0.0,0.0,10.0,-0.6620803475379944,51.806819915771484,0.04435436800122261,2.6090891361236572,-158.082275390625,0.1093963086605072
1783008631.337119,0.0,0.0,10.0,-0.6620803475379944,51.806819915771484,0.04435436800122261,2.6090891361236572,-158.082275390625,0.1093963086605072
1783008631.342707,0.0,0.0,10.0,-0.6620803475379944,51.806819915771484,0.04435436800122261,2.6090891361236572,-158.082275390625,0.1093963086605072
1783008631.348725,0.0,0.0,10.0,-0.6620803475379944,51.806819915771484,0.04435436800122261,2.6090891361236572,-158.082275390625,0.1093963086605072
1783008631.355724,0.0,0.0,10.0,-0.6620803475379944,51.806819915771484,0.04435436800122261,2.6090891361236572,-158.082275390625,0.1093963086605072
1783008631.361577,0.0,0.0,10.0,-0.6620803475379944,51.806819915771484,0.04435436800122261,2.6090891361236572,-158.082275390625,0.1093963086605072
1783008631.37119,0.0,0.0,10.0,-0.6620803475379944,51.806819915771484,0.04435436800122261,2.6090891361236572,-158.082275390625,0.1093963086605072
1783008631.37786,0.0,0.0,10.0,-0.6618807911872864,51.80727005004883,0.043957967311143875,2.5154948234558105,-157.972412109375,0.10882087796926498
1783008631.383808,0.0,0.0,10.0,-0.6618807911872864,51.80727005004883,0.043957967311143875,2.5154948234558105,-157.972412109375,0.10882087796926498
1783008631.390829,0.0,0.0,10.0,-0.6618807911872864,51.80727005004883,0.043957967311143875,2.5154948234558105,-157.972412109375,0.10882087796926498
1783008631.396624,0.0,0.0,10.0,-0.6618807911872864,51.80727005004883,0.043957967311143875,2.5154948234558105,-157.972412109375,0.10882087796926498
1783008631.402551,0.0,0.0,10.0,-0.6618807911872864,51.80727005004883,0.043957967311143875,2.5154948234558105,-157.972412109375,0.10882087796926498
1783008631.409027,0.0,0.0,10.0,-0.6618807911872864,51.80727005004883,0.043957967311143875,2.5154948234558105,-157.972412109375,0.10882087796926498
1783008631.427903,0.0,0.0,10.0,-0.6618807911872864,51.80727005004883,0.043957967311143875,2.5154948234558105,-157.972412109375,0.10882087796926498
1783008631.433838,0.0,0.0,10.0,-0.6599744558334351,51.806243896484375,0.04547775536775589,2.5154948234558105,-157.972412109375,0.10882087796926498
1783008631.439348,0.0,0.0,10.0,-0.6599744558334351,51.806243896484375,0.04547775536775589,2.5154948234558105,-157.972412109375,0.10882087796926498
1783008631.445381,0.0,0.0,10.0,-0.6599744558334351,51.806243896484375,0.04547775536775589,2.5154948234558105,-157.972412109375,0.10882087796926498
1783008631.450935,0.0,0.0,10.0,-0.6599744558334351,51.806243896484375,0.04547775536775589,2.5154948234558105,-157.972412109375,0.10882087796926498
1783008631.457492,0.0,0.0,10.0,-0.6599744558334351,51.806243896484375,0.04547775536775589,2.5154948234558105,-157.972412109375,0.10882087796926498
1783008631.463129,0.0,0.0,10.0,-0.6599744558334351,51.806243896484375,0.04547775536775589,2.421067476272583,-157.840576171875,0.1098073348402977
1783008631.475326,0.0,0.0,10.0,-0.6599744558334351,51.806243896484375,0.04547775536775589,2.421067476272583,-157.840576171875,0.1098073348402977
1783008631.481048,0.0,0.0,10.0,-0.6602585315704346,51.80704879760742,0.044581953436136246,2.421067476272583,-157.840576171875,0.1098073348402977
1783008631.48739,0.0,0.0,10.0,-0.6602585315704346,51.80704879760742,0.044581953436136246,2.421067476272583,-157.840576171875,0.1098073348402977
1783008631.493945,0.0,0.0,10.0,-0.6602585315704346,51.80704879760742,0.044581953436136246,2.421067476272583,-157.840576171875,0.1098073348402977
1783008631.501545,0.0,0.0,10.0,-0.6602585315704346,51.80704879760742,0.044581953436136246,2.421067476272583,-157.840576171875,0.1098073348402977
1783008631.506884,0.0,0.0,10.0,-0.6602585315704346,51.80704879760742,0.044581953436136246,2.421067476272583,-157.840576171875,0.1098073348402977
1783008631.513847,0.0,0.0,10.0,-0.6602585315704346,51.80704879760742,0.044581953436136246,2.421067476272583,-157.840576171875,0.1098073348402977
1783008631.525979,0.0,0.0,10.0,-0.6602585315704346,51.80704879760742,0.044581953436136246,2.421067476272583,-157.840576171875,0.1098073348402977
1783008631.532034,0.0,0.0,10.0,-0.6618264317512512,51.807342529296875,0.043744295835494995,2.421067476272583,-157.840576171875,0.1098073348402977
1783008631.537397,0.0,0.0,10.0,-0.6618264317512512,51.807342529296875,0.043744295835494995,2.421067476272583,-157.840576171875,0.1098073348402977
1783008631.543431,0.0,0.0,10.0,-0.6618264317512512,51.807342529296875,0.043744295835494995,2.421067476272583,-157.840576171875,0.1098073348402977
1783008631.548965,0.0,0.0,10.0,-0.6618264317512512,51.807342529296875,0.043744295835494995,2.421067476272583,-157.840576171875,0.1098073348402977
1783008631.554507,0.0,0.0,10.0,-0.6618264317512512,51.807342529296875,0.043744295835494995,2.421067476272583,-157.840576171875,0.1098073348402977
1783008631.559704,0.0,0.0,10.0,-0.6618264317512512,51.807342529296875,0.043744295835494995,2.421067476272583,-157.840576171875,0.1098073348402977
1783008631.56641,0.0,0.0,10.0,-0.6618264317512512,51.807342529296875,0.043744295835494995,2.421067476272583,-157.840576171875,0.1098073348402977
1783008631.576049,0.0,0.0,10.0,-0.6618264317512512,51.807342529296875,0.043744295835494995,2.3259811401367188,-157.774658203125,0.10905608534812927
1783008631.582583,0.0,0.0,10.0,-0.6603236794471741,51.80846405029297,0.04384111985564232,2.3259811401367188,-157.774658203125,0.10905608534812927
1783008631.58815,0.0,0.0,10.0,-0.6603236794471741,51.80846405029297,0.04384111985564232,2.3259811401367188,-157.774658203125,0.10905608534812927
1783008631.594262,0.0,0.0,10.0,-0.6603236794471741,51.80846405029297,0.04384111985564232,2.3259811401367188,-157.774658203125,0.10905608534812927
1783008631.601231,0.0,0.0,10.0,-0.6603236794471741,51.80846405029297,0.04384111985564232,2.3259811401367188,-157.774658203125,0.10905608534812927
1783008631.607688,0.0,0.0,10.0,-0.6603236794471741,51.80846405029297,0.04384111985564232,2.3259811401367188,-157.774658203125,0.10905608534812927
1783008631.613805,0.0,0.0,10.0,-0.6603236794471741,51.80846405029297,0.04384111985564232,2.3259811401367188,-157.774658203125,0.10905608534812927
1783008631.630295,0.0,0.0,10.0,-0.6603236794471741,51.80846405029297,0.04384111985564232,2.3259811401367188,-157.774658203125,0.10905608534812927
1783008631.636292,0.0,0.0,10.0,-0.6596940755844116,51.8089714050293,0.04453149065375328,2.3259811401367188,-157.774658203125,0.10905608534812927
1783008631.643248,0.0,0.0,10.0,-0.6596940755844116,51.8089714050293,0.04453149065375328,2.3259811401367188,-157.774658203125,0.10905608534812927
1783008631.648783,0.0,0.0,10.0,-0.6596940755844116,51.8089714050293,0.04453149065375328,2.3259811401367188,-157.774658203125,0.10905608534812927
1783008631.655323,0.0,0.0,10.0,-0.6596940755844116,51.8089714050293,0.04453149065375328,2.3259811401367188,-157.774658203125,0.10905608534812927
1783008631.6618,0.0,0.0,10.0,-0.6596940755844116,51.8089714050293,0.04453149065375328,2.3259811401367188,-157.774658203125,0.10905608534812927
1783008631.667862,0.0,0.0,10.0,-0.6596940755844116,51.8089714050293,0.04453149065375328,2.22969913482666,-157.642822265625,0.10982906818389893
1783008631.680127,0.0,0.0,10.0,-0.6596940755844116,51.8089714050293,0.04453149065375328,2.22969913482666,-157.642822265625,0.10982906818389893
1783008631.686612,0.0,0.0,10.0,-0.6602827906608582,51.80975341796875,0.043965745717287064,2.22969913482666,-157.642822265625,0.10982906818389893
1783008631.69349,0.0,0.0,10.0,-0.6602827906608582,51.80975341796875,0.043965745717287064,2.22969913482666,-157.642822265625,0.10982906818389893
1783008631.699043,0.0,0.0,10.0,-0.6602827906608582,51.80975341796875,0.043965745717287064,2.22969913482666,-157.642822265625,0.10982906818389893
1783008631.705002,0.0,0.0,10.0,-0.6602827906608582,51.80975341796875,0.043965745717287064,2.22969913482666,-157.642822265625,0.10982906818389893
1783008631.71034,0.0,0.0,10.0,-0.6602827906608582,51.80975341796875,0.043965745717287064,2.22969913482666,-157.642822265625,0.10982906818389893
1783008631.715701,0.0,0.0,10.0,-0.6602827906608582,51.80975341796875,0.043965745717287064,2.22969913482666,-157.642822265625,0.10982906818389893
1783008631.722357,0.0,0.0,10.0,-0.6598680019378662,51.80889129638672,0.043432895094156265,2.22969913482666,-157.642822265625,0.10982906818389893
1783008631.733532,0.0,0.0,10.0,-0.6598680019378662,51.80889129638672,0.043432895094156265,2.22969913482666,-157.642822265625,0.10982906818389893
1783008631.739842,0.0,0.0,10.0,-0.6598680019378662,51.80889129638672,0.043432895094156265,2.22969913482666,-157.642822265625,0.10982906818389893
1783008631.746366,0.0,0.0,10.0,-0.6598680019378662,51.80889129638672,0.043432895094156265,2.22969913482666,-157.642822265625,0.10982906818389893
1783008631.752361,0.0,0.0,10.0,-0.6598680019378662,51.80889129638672,0.043432895094156265,2.22969913482666,-157.642822265625,0.10982906818389893
1783008631.758585,0.0,0.0,10.0,-0.6598680019378662,51.80889129638672,0.043432895094156265,2.22969913482666,-157.642822265625,0.10982906818389893
1783008631.764698,0.0,0.0,10.0,-0.6598680019378662,51.80889129638672,0.043432895094156265,2.22969913482666,-157.642822265625,0.10982906818389893
1783008631.769918,0.0,0.0,10.0,-0.6592179536819458,51.809288024902344,0.04280983656644821,2.133162021636963,-157.510986328125,0.10982678830623627
1783008631.781163,0.0,0.0,10.0,-0.6592179536819458,51.809288024902344,0.04280983656644821,2.133162021636963,-157.510986328125,0.10982678830623627
1783008631.78821,0.0,0.0,10.0,-0.6592179536819458,51.809288024902344,0.04280983656644821,2.133162021636963,-157.510986328125,0.10982678830623627
1783008631.794076,0.0,0.0,10.0,-0.6592179536819458,51.809288024902344,0.04280983656644821,2.133162021636963,-157.510986328125,0.10982678830623627
1783008631.800166,0.0,0.0,10.0,-0.6592179536819458,51.809288024902344,0.04280983656644821,2.133162021636963,-157.510986328125,0.10982678830623627
1783008631.80681,0.0,0.0,10.0,-0.6592179536819458,51.809288024902344,0.04280983656644821,2.133162021636963,-157.510986328125,0.10982678830623627
1783008631.81301,0.0,0.0,10.0,-0.6592179536819458,51.809288024902344,0.04280983656644821,2.133162021636963,-157.510986328125,0.10982678830623627
1783008631.83695,0.0,0.0,10.0,-0.6592179536819458,51.809288024902344,0.04280983656644821,2.133162021636963,-157.510986328125,0.10982678830623627
1783008631.84612,0.0,0.0,10.0,-0.6591436266899109,51.809051513671875,0.042170025408267975,2.133162021636963,-157.510986328125,0.10982678830623627
1783008631.852017,0.0,0.0,10.0,-0.6591436266899109,51.809051513671875,0.042170025408267975,2.133162021636963,-157.510986328125,0.10982678830623627
1783008631.857137,0.0,0.0,10.0,-0.6591436266899109,51.809051513671875,0.042170025408267975,2.133162021636963,-157.510986328125,0.10982678830623627
1783008631.88139,0.0,0.0,10.0,-0.6591436266899109,51.809051513671875,0.042170025408267975,2.133162021636963,-157.510986328125,0.10982678830623627
1783008631.887186,0.0,0.0,10.0,-0.6591436266899109,51.809051513671875,0.042170025408267975,2.0326859951019287,-157.445068359375,0.10941711068153381
1783008631.892725,0.0,0.0,10.0,-0.6611164808273315,51.808982849121094,0.041747912764549255,2.0326859951019287,-157.445068359375,0.10941711068153381
1783008631.898397,0.0,0.0,10.0,-0.6611164808273315,51.808982849121094,0.041747912764549255,2.0326859951019287,-157.445068359375,0.10941711068153381
1783008631.904086,0.0,0.0,10.0,-0.6611164808273315,51.808982849121094,0.041747912764549255,2.0326859951019287,-157.445068359375,0.10941711068153381
1783008631.923201,0.0,0.0,10.0,-0.6611164808273315,51.808982849121094,0.041747912764549255,2.0326859951019287,-157.445068359375,0.10941711068153381
1783008631.929787,0.0,0.0,10.0,-0.660212516784668,51.80878448486328,0.041663866490125656,2.0326859951019287,-157.445068359375,0.10941711068153381
1783008631.935581,0.0,0.0,10.0,-0.660212516784668,51.80878448486328,0.041663866490125656,2.0326859951019287,-157.445068359375,0.10941711068153381
1783008631.941338,0.0,0.0,10.0,-0.660212516784668,51.80878448486328,0.041663866490125656,2.0326859951019287,-157.445068359375,0.10941711068153381
1783008631.950977,0.0,0.0,10.0,-0.660212516784668,51.80878448486328,0.041663866490125656,2.0326859951019287,-157.445068359375,0.10941711068153381
1783008631.956696,0.0,0.0,10.0,-0.660212516784668,51.80878448486328,0.041663866490125656,2.0326859951019287,-157.445068359375,0.10941711068153381
1783008631.962415,0.0,0.0,10.0,-0.660212516784668,51.80878448486328,0.041663866490125656,2.0326859951019287,-157.445068359375,0.10941711068153381
1783008631.969006,0.0,0.0,10.0,-0.660212516784668,51.80878448486328,0.041663866490125656,1.9353163242340088,-157.335205078125,0.11012603342533112
1783008631.974297,0.0,0.0,10.0,-0.6584377288818359,51.807716369628906,0.04145040735602379,1.9353163242340088,-157.335205078125,0.11012603342533112
1783008631.981771,0.0,0.0,10.0,-0.6584377288818359,51.807716369628906,0.04145040735602379,1.9353163242340088,-157.335205078125,0.11012603342533112
1783008631.987608,0.0,0.0,10.0,-0.6584377288818359,51.807716369628906,0.04145040735602379,1.9353163242340088,-157.335205078125,0.11012603342533112
1783008631.993566,0.0,0.0,10.0,-0.6584377288818359,51.807716369628906,0.04145040735602379,1.9353163242340088,-157.335205078125,0.11012603342533112
1783008632.002767,0.0,0.0,10.0,-0.6584377288818359,51.807716369628906,0.04145040735602379,1.9353163242340088,-157.335205078125,0.11012603342533112
1783008632.008383,0.0,0.0,10.0,-0.6584377288818359,51.807716369628906,0.04145040735602379,1.9353163242340088,-157.335205078125,0.11012603342533112
1783008632.014263,0.0,0.0,10.0,-0.6584377288818359,51.807716369628906,0.04145040735602379,1.9353163242340088,-157.335205078125,0.11012603342533112
1783008632.020925,0.0,0.0,10.0,-0.6584377288818359,51.807716369628906,0.04145040735602379,1.9353163242340088,-157.335205078125,0.11012603342533112
1783008632.026141,0.0,0.0,10.0,-0.6585973501205444,51.80702590942383,0.040319159626960754,1.9353163242340088,-157.335205078125,0.11012603342533112
1783008632.031628,0.0,0.0,10.0,-0.6585973501205444,51.80702590942383,0.040319159626960754,1.9353163242340088,-157.335205078125,0.11012603342533112
1783008632.037161,0.0,0.0,10.0,-0.6585973501205444,51.80702590942383,0.040319159626960754,1.9353163242340088,-157.335205078125,0.11012603342533112
1783008632.043682,0.0,0.0,10.0,-0.6585973501205444,51.80702590942383,0.040319159626960754,1.9353163242340088,-157.335205078125,0.11012603342533112
1783008632.057289,0.0,0.0,10.0,-0.6585973501205444,51.80702590942383,0.040319159626960754,1.9353163242340088,-157.335205078125,0.11012603342533112
1783008632.062801,0.0,0.0,10.0,-0.6585973501205444,51.80702590942383,0.040319159626960754,1.9353163242340088,-157.335205078125,0.11012603342533112
1783008632.068304,0.0,0.0,10.0,-0.6585973501205444,51.80702590942383,0.040319159626960754,1.9353163242340088,-157.335205078125,0.11012603342533112
1783008632.073901,0.0,0.0,10.0,-0.6597724556922913,51.806827545166016,0.039994075894355774,1.8388292789459229,-157.225341796875,0.10812299698591232
1783008632.081503,0.0,0.0,10.0,-0.6597724556922913,51.806827545166016,0.039994075894355774,1.8388292789459229,-157.225341796875,0.10812299698591232
1783008632.086989,0.0,0.0,10.0,-0.6597724556922913,51.806827545166016,0.039994075894355774,1.8388292789459229,-157.225341796875,0.10812299698591232
1783008632.093179,0.0,0.0,10.0,-0.6597724556922913,51.806827545166016,0.039994075894355774,1.8388292789459229,-157.225341796875,0.10812299698591232
1783008632.111081,0.0,0.0,10.0,-0.6597724556922913,51.806827545166016,0.039994075894355774,1.8388292789459229,-157.225341796875,0.10812299698591232
1783008632.118037,0.0,0.0,10.0,-0.6597724556922913,51.806827545166016,0.039994075894355774,1.8388292789459229,-157.225341796875,0.10812299698591232
1783008632.124195,0.0,0.0,10.0,-0.6585527062416077,51.80560302734375,0.040169715881347656,1.8388292789459229,-157.225341796875,0.10812299698591232
1783008632.13033,0.0,0.0,10.0,-0.6585527062416077,51.80560302734375,0.040169715881347656,1.8388292789459229,-157.225341796875,0.10812299698591232
1783008632.136304,0.0,0.0,10.0,-0.6585527062416077,51.80560302734375,0.040169715881347656,1.8388292789459229,-157.225341796875,0.10812299698591232
1783008632.14158,0.0,0.0,10.0,-0.6585527062416077,51.80560302734375,0.040169715881347656,1.8388292789459229,-157.225341796875,0.10812299698591232
1783008632.147498,0.0,0.0,10.0,-0.6585527062416077,51.80560302734375,0.040169715881347656,1.8388292789459229,-157.225341796875,0.10812299698591232
1783008632.166932,0.0,0.0,10.0,-0.6585527062416077,51.80560302734375,0.040169715881347656,1.8388292789459229,-157.225341796875,0.10812299698591232
1783008632.173261,0.0,0.0,10.0,-0.6585527062416077,51.80560302734375,0.040169715881347656,1.8388292789459229,-157.225341796875,0.10812299698591232
1783008632.180241,0.0,0.0,10.0,-0.6576876044273376,51.803890228271484,0.040066882967948914,1.8101270198822021,-157.137451171875,0.10811994224786758
1783008632.186759,0.0,0.0,10.0,-0.6576876044273376,51.803890228271484,0.040066882967948914,1.8101270198822021,-157.137451171875,0.10811994224786758
1783008632.192826,0.0,0.0,10.0,-0.6576876044273376,51.803890228271484,0.040066882967948914,1.8101270198822021,-157.137451171875,0.10811994224786758
1783008632.198892,0.0,0.0,10.0,-0.6576876044273376,51.803890228271484,0.040066882967948914,1.8101270198822021,-157.137451171875,0.10811994224786758
1783008632.214294,0.0,0.0,10.0,-0.6576876044273376,51.803890228271484,0.040066882967948914,1.8101270198822021,-157.137451171875,0.10811994224786758
1783008632.219784,0.0,0.0,10.0,-0.6576876044273376,51.803890228271484,0.040066882967948914,1.8101270198822021,-157.137451171875,0.10811994224786758
1783008632.225371,0.0,0.0,10.0,-0.6586949825286865,51.80173873901367,0.04036371782422066,1.8101270198822021,-157.137451171875,0.10811994224786758
1783008632.231379,0.0,0.0,10.0,-0.6586949825286865,51.80173873901367,0.04036371782422066,1.8101270198822021,-157.137451171875,0.10811994224786758
1783008632.236887,0.0,0.0,10.0,-0.6586949825286865,51.80173873901367,0.04036371782422066,1.8101270198822021,-157.137451171875,0.10811994224786758
1783008632.243953,0.0,0.0,10.0,-0.6586949825286865,51.80173873901367,0.04036371782422066,1.8101270198822021,-157.137451171875,0.10811994224786758
1783008632.249944,0.0,0.0,10.0,-0.6586949825286865,51.80173873901367,0.04036371782422066,1.8101270198822021,-157.137451171875,0.10811994224786758
1783008632.256977,0.0,0.0,10.0,-0.6586949825286865,51.80173873901367,0.04036371782422066,1.8101270198822021,-157.137451171875,0.10811994224786758
1783008632.265664,0.0,0.0,10.0,-0.6586949825286865,51.80173873901367,0.04036371782422066,1.8101270198822021,-157.137451171875,0.10811994224786758
1783008632.272018,0.0,0.0,10.0,-0.6586949825286865,51.80173873901367,0.04036371782422066,1.8101270198822021,-157.137451171875,0.10811994224786758
1783008632.277393,0.0,0.0,10.0,-0.6598765850067139,51.800025939941406,0.03953706845641136,1.8065950870513916,-157.115478515625,0.10585308074951172
1783008632.283628,0.0,0.0,10.0,-0.6598765850067139,51.800025939941406,0.03953706845641136,1.8065950870513916,-157.115478515625,0.10585308074951172
1783008632.288868,0.0,0.0,10.0,-0.6598765850067139,51.800025939941406,0.03953706845641136,1.8065950870513916,-157.115478515625,0.10585308074951172
1783008632.294918,0.0,0.0,10.0,-0.6598765850067139,51.800025939941406,0.03953706845641136,1.8065950870513916,-157.115478515625,0.10585308074951172
1783008632.30092,0.0,0.0,10.0,-0.6598765850067139,51.800025939941406,0.03953706845641136,1.8065950870513916,-157.115478515625,0.10585308074951172
1783008632.312328,0.0,0.0,10.0,-0.6598765850067139,51.800025939941406,0.03953706845641136,1.8065950870513916,-157.115478515625,0.10585308074951172
1783008632.318698,0.0,0.0,10.0,-0.6598765850067139,51.800025939941406,0.03953706845641136,1.8065950870513916,-157.115478515625,0.10585308074951172
1783008632.324549,0.0,0.0,10.0,-0.658976137638092,51.79775619506836,0.03915204852819443,1.8065950870513916,-157.115478515625,0.10585308074951172
1783008632.330568,0.0,0.0,10.0,-0.658976137638092,51.79775619506836,0.03915204852819443,1.8065950870513916,-157.115478515625,0.10585308074951172
1783008632.336884,0.0,0.0,10.0,-0.658976137638092,51.79775619506836,0.03915204852819443,1.8065950870513916,-157.115478515625,0.10585308074951172
1783008632.342456,0.0,0.0,10.0,-0.658976137638092,51.79775619506836,0.03915204852819443,1.8065950870513916,-157.115478515625,0.10585308074951172
1783008632.347993,0.0,0.0,10.0,-0.658976137638092,51.79775619506836,0.03915204852819443,1.8065950870513916,-157.115478515625,0.10585308074951172
1783008632.356304,0.0,0.0,10.0,-0.658976137638092,51.79775619506836,0.03915204852819443,1.8065950870513916,-157.115478515625,0.10585308074951172
1783008632.365886,0.0,0.0,10.0,-0.658976137638092,51.79775619506836,0.03915204852819443,1.8065950870513916,-157.115478515625,0.10585308074951172
1783008632.372613,0.0,0.0,10.0,-0.6591971516609192,51.7965087890625,0.03978822007775307,1.8065950870513916,-157.115478515625,0.10585308074951172
1783008632.378636,0.0,0.0,10.0,-0.6591971516609192,51.7965087890625,0.03978822007775307,1.8088690042495728,-157.115478515625,0.10708364844322205
1783008632.384476,0.0,0.0,10.0,-0.6591971516609192,51.7965087890625,0.03978822007775307,1.8088690042495728,-157.115478515625,0.10708364844322205
1783008632.389656,0.0,0.0,10.0,-0.6591971516609192,51.7965087890625,0.03978822007775307,1.8088690042495728,-157.115478515625,0.10708364844322205
1783008632.394814,0.0,0.0,10.0,-0.6591971516609192,51.7965087890625,0.03978822007775307,1.8088690042495728,-157.115478515625,0.10708364844322205
1783008632.40004,0.0,0.0,10.0,-0.6591971516609192,51.7965087890625,0.03978822007775307,1.8088690042495728,-157.115478515625,0.10708364844322205
1783008632.405909,0.0,0.0,10.0,-0.6591971516609192,51.7965087890625,0.03978822007775307,1.8088690042495728,-157.115478515625,0.10708364844322205
1783008632.415688,0.0,0.0,10.0,-0.6591971516609192,51.7965087890625,0.03978822007775307,1.8088690042495728,-157.115478515625,0.10708364844322205
1783008632.421936,0.0,0.0,10.0,-0.661494791507721,51.79558563232422,0.03904343768954277,1.8088690042495728,-157.115478515625,0.10708364844322205
1783008632.427473,0.0,0.0,10.0,-0.661494791507721,51.79558563232422,0.03904343768954277,1.8088690042495728,-157.115478515625,0.10708364844322205
1783008632.432948,0.0,0.0,10.0,-0.661494791507721,51.79558563232422,0.03904343768954277,1.8088690042495728,-157.115478515625,0.10708364844322205
1783008632.439973,0.0,0.0,10.0,-0.661494791507721,51.79558563232422,0.03904343768954277,1.8088690042495728,-157.115478515625,0.10708364844322205
1783008632.445528,0.0,0.0,10.0,-0.661494791507721,51.79558563232422,0.03904343768954277,1.8088690042495728,-157.115478515625,0.10708364844322205
1783008632.45255,0.0,0.0,10.0,-0.661494791507721,51.79558563232422,0.03904343768954277,1.8088690042495728,-157.115478515625,0.10708364844322205
1783008632.458907,0.0,0.0,10.0,-0.661494791507721,51.79558563232422,0.03904343768954277,1.8088690042495728,-157.115478515625,0.10708364844322205
1783008632.474599,0.0,0.0,10.0,-0.661494791507721,51.79558563232422,0.03904343768954277,1.8088690042495728,-157.115478515625,0.10708364844322205
1783008632.480784,0.0,0.0,10.0,-0.6609178781509399,51.79501724243164,0.03804909810423851,1.8079783916473389,-157.093505859375,0.10524860769510269
1783008632.486554,0.0,0.0,10.0,-0.6609178781509399,51.79501724243164,0.03804909810423851,1.8079783916473389,-157.093505859375,0.10524860769510269
1783008632.491855,0.0,0.0,10.0,-0.6609178781509399,51.79501724243164,0.03804909810423851,1.8079783916473389,-157.093505859375,0.10524860769510269
1783008632.498029,0.0,0.0,10.0,-0.6609178781509399,51.79501724243164,0.03804909810423851,1.8079783916473389,-157.093505859375,0.10524860769510269
1783008632.503405,0.0,0.0,10.0,-0.6609178781509399,51.79501724243164,0.03804909810423851,1.8079783916473389,-157.093505859375,0.10524860769510269
1783008632.510121,0.0,0.0,10.0,-0.6609178781509399,51.79501724243164,0.03804909810423851,1.8079783916473389,-157.093505859375,0.10524860769510269
1783008632.520937,0.0,0.0,10.0,-0.6609178781509399,51.79501724243164,0.03804909810423851,1.8079783916473389,-157.093505859375,0.10524860769510269
1783008632.527362,0.0,0.0,10.0,-0.6592031717300415,51.794803619384766,0.038748446851968765,1.8079783916473389,-157.093505859375,0.10524860769510269
1783008632.533591,0.0,0.0,10.0,-0.6592031717300415,51.794803619384766,0.038748446851968765,1.8079783916473389,-157.093505859375,0.10524860769510269
1783008632.538869,0.0,0.0,10.0,-0.6592031717300415,51.794803619384766,0.038748446851968765,1.8079783916473389,-157.093505859375,0.10524860769510269
1783008632.545249,0.0,0.0,10.0,-0.6592031717300415,51.794803619384766,0.038748446851968765,1.8079783916473389,-157.093505859375,0.10524860769510269
1783008632.551755,0.0,0.0,10.0,-0.6592031717300415,51.794803619384766,0.038748446851968765,1.8079783916473389,-157.093505859375,0.10524860769510269
1783008632.558084,0.0,0.0,10.0,-0.6592031717300415,51.794803619384766,0.038748446851968765,1.8079783916473389,-157.093505859375,0.10524860769510269
1783008632.574553,0.0,0.0,10.0,-0.6592031717300415,51.794803619384766,0.038748446851968765,1.8079783916473389,-157.093505859375,0.10524860769510269
1783008632.581398,0.0,0.0,10.0,-0.6587817668914795,51.79460144042969,0.03931454196572304,1.8095380067825317,-157.049560546875,0.10649453848600388
1783008632.587052,0.0,0.0,10.0,-0.6587817668914795,51.79460144042969,0.03931454196572304,1.8095380067825317,-157.049560546875,0.10649453848600388
1783008632.592991,0.0,0.0,10.0,-0.6587817668914795,51.79460144042969,0.03931454196572304,1.8095380067825317,-157.049560546875,0.10649453848600388
1783008632.598494,0.0,0.0,10.0,-0.6587817668914795,51.79460144042969,0.03931454196572304,1.8095380067825317,-157.049560546875,0.10649453848600388
1783008632.605041,0.0,0.0,10.0,-0.6587817668914795,51.79460144042969,0.03931454196572304,1.8095380067825317,-157.049560546875,0.10649453848600388
1783008632.612042,0.0,0.0,10.0,-0.6587817668914795,51.79460144042969,0.03931454196572304,1.8095380067825317,-157.049560546875,0.10649453848600388
1783008632.62416,0.0,0.0,10.0,-0.6587817668914795,51.79460144042969,0.03931454196572304,1.8095380067825317,-157.049560546875,0.10649453848600388
1783008632.631173,0.0,0.0,10.0,-0.659637987613678,51.793766021728516,0.03973947837948799,1.8095380067825317,-157.049560546875,0.10649453848600388
1783008632.637229,0.0,0.0,10.0,-0.659637987613678,51.793766021728516,0.03973947837948799,1.8095380067825317,-157.049560546875,0.10649453848600388
1783008632.643801,0.0,0.0,10.0,-0.659637987613678,51.793766021728516,0.03973947837948799,1.8095380067825317,-157.049560546875,0.10649453848600388
1783008632.64998,0.0,0.0,10.0,-0.659637987613678,51.793766021728516,0.03973947837948799,1.8095380067825317,-157.049560546875,0.10649453848600388
1783008632.655474,0.0,0.0,10.0,-0.659637987613678,51.793766021728516,0.03973947837948799,1.8095380067825317,-157.049560546875,0.10649453848600388
1783008632.661636,0.0,0.0,10.0,-0.659637987613678,51.793766021728516,0.03973947837948799,1.8095380067825317,-157.049560546875,0.10649453848600388
1783008632.674129,0.0,0.0,10.0,-0.659637987613678,51.793766021728516,0.03973947837948799,1.8095380067825317,-157.049560546875,0.10649453848600388
1783008632.679527,0.0,0.0,10.0,-0.6586468815803528,51.79463195800781,0.040676794946193695,1.808319091796875,-157.071533203125,0.1057954952120781
1783008632.684725,0.0,0.0,10.0,-0.6586468815803528,51.79463195800781,0.040676794946193695,1.808319091796875,-157.071533203125,0.1057954952120781
1783008632.69024,0.0,0.0,10.0,-0.6586468815803528,51.79463195800781,0.040676794946193695,1.808319091796875,-157.071533203125,0.1057954952120781
1783008632.696337,0.0,0.0,10.0,-0.6586468815803528,51.79463195800781,0.040676794946193695,1.808319091796875,-157.071533203125,0.1057954952120781
1783008632.702633,0.0,0.0,10.0,-0.6586468815803528,51.79463195800781,0.040676794946193695,1.808319091796875,-157.071533203125,0.1057954952120781
1783008632.711734,0.0,0.0,10.0,-0.6586468815803528,51.79463195800781,0.040676794946193695,1.808319091796875,-157.071533203125,0.1057954952120781
1783008632.717108,0.0,0.0,10.0,-0.6586468815803528,51.79463195800781,0.040676794946193695,1.808319091796875,-157.071533203125,0.1057954952120781
1783008632.723695,0.0,0.0,10.0,-0.6587497591972351,51.79567337036133,0.04067656025290489,1.808319091796875,-157.071533203125,0.1057954952120781
1783008632.729874,0.0,0.0,10.0,-0.6587497591972351,51.79567337036133,0.04067656025290489,1.808319091796875,-157.071533203125,0.1057954952120781
1783008632.735128,0.0,0.0,10.0,-0.6587497591972351,51.79567337036133,0.04067656025290489,1.808319091796875,-157.071533203125,0.1057954952120781
1783008632.740441,0.0,0.0,10.0,-0.6587497591972351,51.79567337036133,0.04067656025290489,1.808319091796875,-157.071533203125,0.1057954952120781
1783008632.74726,0.0,0.0,10.0,-0.6587497591972351,51.79567337036133,0.04067656025290489,1.808319091796875,-157.071533203125,0.1057954952120781
1783008632.753584,0.0,0.0,10.0,-0.6587497591972351,51.79567337036133,0.04067656025290489,1.808319091796875,-157.071533203125,0.1057954952120781
1783008632.759549,0.0,0.0,10.0,-0.6587497591972351,51.79567337036133,0.04067656025290489,1.808319091796875,-157.071533203125,0.1057954952120781
1783008632.765581,0.0,0.0,10.0,-0.6587497591972351,51.79567337036133,0.04067656025290489,1.808319091796875,-157.071533203125,0.1057954952120781
1783008632.778836,0.0,0.0,10.0,-0.6587497591972351,51.79567337036133,0.04067656025290489,1.808319091796875,-157.071533203125,0.1057954952120781
1783008632.784409,0.0,0.0,10.0,-0.658280611038208,51.7958984375,0.04273557662963867,1.8092503547668457,-156.961669921875,0.10569991171360016
1783008632.790287,0.0,0.0,10.0,-0.658280611038208,51.7958984375,0.04273557662963867,1.8092503547668457,-156.961669921875,0.10569991171360016
1783008632.795855,0.0,0.0,10.0,-0.658280611038208,51.7958984375,0.04273557662963867,1.8092503547668457,-156.961669921875,0.10569991171360016
1783008632.802804,0.0,0.0,10.0,-0.658280611038208,51.7958984375,0.04273557662963867,1.8092503547668457,-156.961669921875,0.10569991171360016
1783008632.808719,0.0,0.0,10.0,-0.658280611038208,51.7958984375,0.04273557662963867,1.8092503547668457,-156.961669921875,0.10569991171360016
1783008632.814368,0.0,0.0,10.0,-0.658280611038208,51.7958984375,0.04273557662963867,1.8092503547668457,-156.961669921875,0.10569991171360016
1783008632.848947,0.0,0.0,10.0,-0.658280611038208,51.7958984375,0.04273557662963867,1.8092503547668457,-156.961669921875,0.10569991171360016
1783008632.85965,0.0,0.0,10.0,-0.6582448482513428,51.79599380493164,0.04299880936741829,1.8092503547668457,-156.961669921875,0.10569991171360016
1783008632.865971,0.0,0.0,10.0,-0.6582448482513428,51.79599380493164,0.04299880936741829,1.8092503547668457,-156.961669921875,0.10569991171360016
1783008632.873215,0.0,0.0,10.0,-0.657593309879303,51.79534149169922,0.043798644095659256,1.8092503547668457,-156.961669921875,0.10569991171360016
1783008632.901954,0.0,0.0,10.0,-0.657593309879303,51.79534149169922,0.043798644095659256,1.8092503547668457,-156.961669921875,0.10569991171360016
1783008632.907795,0.0,0.0,10.0,-0.657593309879303,51.79534149169922,0.043798644095659256,1.8091661930084229,-156.939697265625,0.10591363906860352
1783008632.913868,0.0,0.0,10.0,-0.657593309879303,51.79534149169922,0.043798644095659256,1.8091661930084229,-156.939697265625,0.10591363906860352
1783008632.920214,0.0,0.0,10.0,-0.657593309879303,51.79534149169922,0.043798644095659256,1.8091661930084229,-156.939697265625,0.10591363906860352
1783008632.94002,0.0,0.0,10.0,-0.6580373048782349,51.7950325012207,0.04399237036705017,1.8091661930084229,-156.939697265625,0.10591363906860352
1783008632.945566,0.0,0.0,10.0,-0.6580373048782349,51.7950325012207,0.04399237036705017,1.8091661930084229,-156.939697265625,0.10591363906860352
1783008632.952561,0.0,0.0,10.0,-0.6580373048782349,51.7950325012207,0.04399237036705017,1.8091661930084229,-156.939697265625,0.10591363906860352
1783008632.95956,0.0,0.0,10.0,-0.6580373048782349,51.7950325012207,0.04399237036705017,1.8091661930084229,-156.939697265625,0.10591363906860352
1783008632.96476,0.0,0.0,10.0,-0.6580373048782349,51.7950325012207,0.04399237036705017,1.8091661930084229,-156.939697265625,0.10591363906860352
1783008632.971704,0.0,0.0,10.0,-0.6579893827438354,51.79453659057617,0.04291626438498497,1.8091661930084229,-156.939697265625,0.10591363906860352
1783008632.989112,0.0,0.0,10.0,-0.6579893827438354,51.79453659057617,0.04291626438498497,1.8091661930084229,-156.939697265625,0.10591363906860352
1783008632.995134,0.0,0.0,10.0,-0.6579893827438354,51.79453659057617,0.04291626438498497,1.8096953630447388,-156.895751953125,0.10545961558818817
1783008633.000878,0.0,0.0,10.0,-0.6579893827438354,51.79453659057617,0.04291626438498497,1.8096953630447388,-156.895751953125,0.10545961558818817
1783008633.007212,0.0,0.0,10.0,-0.6579893827438354,51.79453659057617,0.04291626438498497,1.8096953630447388,-156.895751953125,0.10545961558818817
1783008633.012721,0.0,0.0,10.0,-0.6579893827438354,51.79453659057617,0.04291626438498497,1.8096953630447388,-156.895751953125,0.10545961558818817
1783008633.019021,0.0,0.0,10.0,-0.6579893827438354,51.79453659057617,0.04291626438498497,1.8096953630447388,-156.895751953125,0.10545961558818817
1783008633.026158,0.0,0.0,10.0,-0.6587576866149902,51.792903900146484,0.04423440247774124,1.8096953630447388,-156.895751953125,0.10545961558818817
1783008633.040117,0.0,0.0,10.0,-0.6587576866149902,51.792903900146484,0.04423440247774124,1.8096953630447388,-156.895751953125,0.10545961558818817
1783008633.046961,0.0,0.0,10.0,-0.6587576866149902,51.792903900146484,0.04423440247774124,1.8096953630447388,-156.895751953125,0.10545961558818817
1783008633.053499,0.0,0.0,10.0,-0.6587576866149902,51.792903900146484,0.04423440247774124,1.8096953630447388,-156.895751953125,0.10545961558818817
1783008633.058694,0.0,0.0,10.0,-0.6587576866149902,51.792903900146484,0.04423440247774124,1.8096953630447388,-156.895751953125,0.10545961558818817
1783008633.064636,0.0,0.0,10.0,-0.6587576866149902,51.792903900146484,0.04423440247774124,1.8096953630447388,-156.895751953125,0.10545961558818817
1783008633.070088,0.0,0.0,10.0,-0.6587576866149902,51.792903900146484,0.04423440247774124,1.8096953630447388,-156.895751953125,0.10545961558818817
1783008633.076831,0.0,0.0,10.0,-0.6581211090087891,51.791770935058594,0.04478750377893448,1.8096953630447388,-156.895751953125,0.10545961558818817
1783008633.093434,0.0,0.0,10.0,-0.6581211090087891,51.791770935058594,0.04478750377893448,1.810696005821228,-156.895751953125,0.10550279170274734
1783008633.102087,0.0,0.0,10.0,-0.6581211090087891,51.791770935058594,0.04478750377893448,1.810696005821228,-156.895751953125,0.10550279170274734
1783008633.108261,0.0,0.0,10.0,-0.6581211090087891,51.791770935058594,0.04478750377893448,1.810696005821228,-156.895751953125,0.10550279170274734
1783008633.113864,0.0,0.0,10.0,-0.6581211090087891,51.791770935058594,0.04478750377893448,1.810696005821228,-156.895751953125,0.10550279170274734
1783008633.119227,0.0,0.0,10.0,-0.6581211090087891,51.791770935058594,0.04478750377893448,1.810696005821228,-156.895751953125,0.10550279170274734
1783008633.124535,0.0,0.0,10.0,-0.6578076481819153,51.79106903076172,0.04398807883262634,1.810696005821228,-156.895751953125,0.10550279170274734
1783008633.130687,0.0,0.0,10.0,-0.6578076481819153,51.79106903076172,0.04398807883262634,1.810696005821228,-156.895751953125,0.10550279170274734
1783008633.144393,0.0,0.0,10.0,-0.6578076481819153,51.79106903076172,0.04398807883262634,1.810696005821228,-156.895751953125,0.10550279170274734
1783008633.149799,0.0,0.0,10.0,-0.6578076481819153,51.79106903076172,0.04398807883262634,1.810696005821228,-156.895751953125,0.10550279170274734
1783008633.155593,0.0,0.0,10.0,-0.6578076481819153,51.79106903076172,0.04398807883262634,1.810696005821228,-156.895751953125,0.10550279170274734
1783008633.162345,0.0,0.0,10.0,-0.6578076481819153,51.79106903076172,0.04398807883262634,1.810696005821228,-156.895751953125,0.10550279170274734
1783008633.168875,0.0,0.0,10.0,-0.6578076481819153,51.79106903076172,0.04398807883262634,1.810696005821228,-156.895751953125,0.10550279170274734
1783008633.174174,0.0,0.0,10.0,-0.6571659445762634,51.79011154174805,0.0443425215780735,1.810696005821228,-156.895751953125,0.10550279170274734
1783008633.180411,0.0,0.0,10.0,-0.6571659445762634,51.79011154174805,0.0443425215780735,1.8106340169906616,-156.851806640625,0.10438431799411774
1783008633.206391,0.0,0.0,10.0,-0.6571659445762634,51.79011154174805,0.0443425215780735,1.8106340169906616,-156.851806640625,0.10438431799411774
1783008633.21197,0.0,0.0,10.0,-0.6571659445762634,51.79011154174805,0.0443425215780735,1.8106340169906616,-156.851806640625,0.10438431799411774
1783008633.217295,0.0,0.0,10.0,-0.6571659445762634,51.79011154174805,0.0443425215780735,1.8106340169906616,-156.851806640625,0.10438431799411774
1783008633.223803,0.0,0.0,10.0,-0.6584832668304443,51.79011154174805,0.045164551585912704,1.8106340169906616,-156.851806640625,0.10438431799411774
1783008633.229922,0.0,0.0,10.0,-0.6584832668304443,51.79011154174805,0.045164551585912704,1.8106340169906616,-156.851806640625,0.10438431799411774
1783008633.235388,0.0,0.0,10.0,-0.6584832668304443,51.79011154174805,0.045164551585912704,1.8106340169906616,-156.851806640625,0.10438431799411774
1783008633.241298,0.0,0.0,10.0,-0.6584832668304443,51.79011154174805,0.045164551585912704,1.8106340169906616,-156.851806640625,0.10438431799411774
1783008633.262795,0.0,0.0,10.0,-0.6584832668304443,51.79011154174805,0.045164551585912704,1.8106340169906616,-156.851806640625,0.10438431799411774
1783008633.270133,0.0,0.0,10.0,-0.6584832668304443,51.79011154174805,0.045164551585912704,1.8106340169906616,-156.851806640625,0.10438431799411774
1783008633.276636,0.0,0.0,10.0,-0.6583811640739441,51.79010009765625,0.04531198740005493,1.8106340169906616,-156.851806640625,0.10438431799411774
1783008633.282561,0.0,0.0,10.0,-0.6583811640739441,51.79010009765625,0.04531198740005493,1.8112246990203857,-156.829833984375,0.10569797456264496
1783008633.288828,0.0,0.0,10.0,-0.6583811640739441,51.79010009765625,0.04531198740005493,1.8112246990203857,-156.829833984375,0.10569797456264496
1783008633.31028,0.0,0.0,10.0,-0.6583811640739441,51.79010009765625,0.04531198740005493,1.8112246990203857,-156.829833984375,0.10569797456264496
1783008633.317026,0.0,0.0,10.0,-0.6583811640739441,51.79010009765625,0.04531198740005493,1.8112246990203857,-156.829833984375,0.10569797456264496
1783008633.322427,0.0,0.0,10.0,-0.6583811640739441,51.79010009765625,0.04531198740005493,1.8112246990203857,-156.829833984375,0.10569797456264496
1783008633.330059,0.0,0.0,10.0,-0.6583811640739441,51.79010009765625,0.04531198740005493,1.8112246990203857,-156.829833984375,0.10569797456264496
1783008633.335511,0.0,0.0,10.0,-0.6585463285446167,51.79072189331055,0.04485849663615227,1.8112246990203857,-156.829833984375,0.10569797456264496
1783008633.344577,0.0,0.0,10.0,-0.6585463285446167,51.79072189331055,0.04485849663615227,1.8112246990203857,-156.829833984375,0.10569797456264496
1783008633.372893,0.0,0.0,10.0,-0.6585463285446167,51.79072189331055,0.04485849663615227,1.8112246990203857,-156.829833984375,0.10569797456264496
1783008633.386037,0.0,0.0,10.0,-0.6585463285446167,51.79072189331055,0.04485849663615227,1.8112246990203857,-156.829833984375,0.10569797456264496
1783008633.397995,0.0,0.0,10.0,-0.6581571698188782,51.79159927368164,0.04478486627340317,1.8117746114730835,-156.851806640625,0.10560458898544312
1783008633.425362,0.0,0.0,10.0,-0.6581571698188782,51.79159927368164,0.04478486627340317,1.8117746114730835,-156.851806640625,0.10560458898544312
1783008633.432926,0.0,0.0,10.0,-0.6581571698188782,51.79159927368164,0.04478486627340317,1.8117746114730835,-156.851806640625,0.10560458898544312
1783008633.439274,0.0,0.0,10.0,-0.6581571698188782,51.79159927368164,0.04478486627340317,1.8117746114730835,-156.851806640625,0.10560458898544312
1783008633.446257,0.0,0.0,10.0,-0.6580103635787964,51.792991638183594,0.04470919445157051,1.8117746114730835,-156.851806640625,0.10560458898544312
1783008633.45181,0.0,0.0,10.0,-0.6580103635787964,51.792991638183594,0.04470919445157051,1.8117746114730835,-156.851806640625,0.10560458898544312
1783008633.457974,0.0,0.0,10.0,-0.6580103635787964,51.792991638183594,0.04470919445157051,1.8117746114730835,-156.851806640625,0.10560458898544312
1783008633.467459,0.0,0.0,10.0,-0.6580103635787964,51.792991638183594,0.04470919445157051,1.8117746114730835,-156.851806640625,0.10560458898544312
1783008633.473557,0.0,0.0,10.0,-0.65683513879776,51.79443359375,0.044381894171237946,1.8117746114730835,-156.851806640625,0.10560458898544312
1783008633.479064,0.0,0.0,10.0,-0.65683513879776,51.79443359375,0.044381894171237946,1.8117746114730835,-156.851806640625,0.10560458898544312
1783008633.485095,0.0,0.0,10.0,-0.65683513879776,51.79443359375,0.044381894171237946,1.812209129333496,-156.851806640625,0.10569438338279724
1783008633.490728,0.0,0.0,10.0,-0.65683513879776,51.79443359375,0.044381894171237946,1.812209129333496,-156.851806640625,0.10569438338279724
1783008633.497633,0.0,0.0,10.0,-0.65683513879776,51.79443359375,0.044381894171237946,1.812209129333496,-156.851806640625,0.10569438338279724
1783008633.504481,0.0,0.0,10.0,-0.65683513879776,51.79443359375,0.044381894171237946,1.812209129333496,-156.851806640625,0.10569438338279724
1783008633.520644,0.0,0.0,10.0,-0.65683513879776,51.79443359375,0.044381894171237946,1.812209129333496,-156.851806640625,0.10569438338279724
1783008633.531843,0.0,0.0,10.0,-0.65683513879776,51.79443359375,0.044381894171237946,1.812209129333496,-156.851806640625,0.10569438338279724
1783008633.537132,0.0,0.0,10.0,-0.65683513879776,51.79443359375,0.044381894171237946,1.812209129333496,-156.851806640625,0.10569438338279724
1783008633.55205,0.0,0.0,10.0,-0.6561278104782104,51.795433044433594,0.04443942755460739,1.812209129333496,-156.851806640625,0.10569438338279724
1783008633.557854,0.0,0.0,10.0,-0.6561278104782104,51.795433044433594,0.04443942755460739,1.812209129333496,-156.851806640625,0.10569438338279724
1783008633.571384,0.0,0.0,10.0,-0.6561278104782104,51.795433044433594,0.04443942755460739,1.812209129333496,-156.851806640625,0.10569438338279724
1783008633.577194,0.0,0.0,10.0,-0.6561444997787476,51.79646301269531,0.04429769515991211,1.812209129333496,-156.851806640625,0.10569438338279724
1783008633.583748,0.0,0.0,10.0,-0.6561444997787476,51.79646301269531,0.04429769515991211,1.8112397193908691,-156.807861328125,0.10679136216640472
1783008633.589583,0.0,0.0,10.0,-0.6561444997787476,51.79646301269531,0.04429769515991211,1.8112397193908691,-156.807861328125,0.10679136216640472
1783008633.595221,0.0,0.0,10.0,-0.6561444997787476,51.79646301269531,0.04429769515991211,1.8112397193908691,-156.807861328125,0.10679136216640472
1783008633.602246,0.0,0.0,10.0,-0.6561444997787476,51.79646301269531,0.04429769515991211,1.8112397193908691,-156.807861328125,0.10679136216640472
1783008633.608607,0.0,0.0,10.0,-0.6561444997787476,51.79646301269531,0.04429769515991211,1.8112397193908691,-156.807861328125,0.10679136216640472
1783008633.621323,0.0,0.0,10.0,-0.6561444997787476,51.79646301269531,0.04429769515991211,1.8112397193908691,-156.807861328125,0.10679136216640472
1783008633.62817,0.0,0.0,10.0,-0.6561444997787476,51.79646301269531,0.04429769515991211,1.8112397193908691,-156.807861328125,0.10679136216640472
1783008633.633665,0.0,0.0,10.0,-0.6558268070220947,51.79801559448242,0.044547028839588165,1.8112397193908691,-156.807861328125,0.10679136216640472
1783008633.639252,0.0,0.0,10.0,-0.6558268070220947,51.79801559448242,0.044547028839588165,1.8112397193908691,-156.807861328125,0.10679136216640472
1783008633.645329,0.0,0.0,10.0,-0.6558268070220947,51.79801559448242,0.044547028839588165,1.8112397193908691,-156.807861328125,0.10679136216640472
1783008633.651266,0.0,0.0,10.0,-0.6558268070220947,51.79801559448242,0.044547028839588165,1.8112397193908691,-156.807861328125,0.10679136216640472
1783008633.65686,0.0,0.0,10.0,-0.6558268070220947,51.79801559448242,0.044547028839588165,1.8112397193908691,-156.807861328125,0.10679136216640472
1783008633.675906,0.0,0.0,10.0,-0.6558268070220947,51.79801559448242,0.044547028839588165,1.8112397193908691,-156.807861328125,0.10679136216640472
1783008633.681495,0.0,0.0,10.0,-0.6553066968917847,51.798248291015625,0.043419480323791504,1.8112397193908691,-156.807861328125,0.10679136216640472
1783008633.68859,0.0,0.0,10.0,-0.6553066968917847,51.798248291015625,0.043419480323791504,1.81223726272583,-156.829833984375,0.10668940842151642
1783008633.693871,0.0,0.0,10.0,-0.6553066968917847,51.798248291015625,0.043419480323791504,1.81223726272583,-156.829833984375,0.10668940842151642
1783008633.699867,0.0,0.0,10.0,-0.6553066968917847,51.798248291015625,0.043419480323791504,1.81223726272583,-156.829833984375,0.10668940842151642
1783008633.705448,0.0,0.0,10.0,-0.6553066968917847,51.798248291015625,0.043419480323791504,1.81223726272583,-156.829833984375,0.10668940842151642
1783008633.712409,0.0,0.0,10.0,-0.6553066968917847,51.798248291015625,0.043419480323791504,1.81223726272583,-156.829833984375,0.10668940842151642
1783008633.71901,0.0,0.0,10.0,-0.6553066968917847,51.798248291015625,0.043419480323791504,1.81223726272583,-156.829833984375,0.10668940842151642
1783008633.725166,0.0,0.0,10.0,-0.6548444032669067,51.798648834228516,0.04265134409070015,1.81223726272583,-156.829833984375,0.10668940842151642
1783008633.730738,0.0,0.0,10.0,-0.6548444032669067,51.798648834228516,0.04265134409070015,1.81223726272583,-156.829833984375,0.10668940842151642
1783008633.736421,0.0,0.0,10.0,-0.6548444032669067,51.798648834228516,0.04265134409070015,1.81223726272583,-156.829833984375,0.10668940842151642
1783008633.755655,0.0,0.0,10.0,-0.6548444032669067,51.798648834228516,0.04265134409070015,1.81223726272583,-156.829833984375,0.10668940842151642
1783008633.761361,0.0,0.0,10.0,-0.6548444032669067,51.798648834228516,0.04265134409070015,1.81223726272583,-156.829833984375,0.10668940842151642
1783008633.777936,0.0,0.0,10.0,-0.6548444032669067,51.798648834228516,0.04265134409070015,1.81223726272583,-156.829833984375,0.10668940842151642
1783008633.78425,0.0,0.0,10.0,-0.6545922160148621,51.79939270019531,0.042912933975458145,1.8112965822219849,-156.851806640625,0.10700713843107224
1783008633.789865,0.0,0.0,10.0,-0.6545922160148621,51.79939270019531,0.042912933975458145,1.8112965822219849,-156.851806640625,0.10700713843107224
1783008633.79538,0.0,0.0,10.0,-0.6545922160148621,51.79939270019531,0.042912933975458145,1.8112965822219849,-156.851806640625,0.10700713843107224
1783008633.801275,0.0,0.0,10.0,-0.6545922160148621,51.79939270019531,0.042912933975458145,1.8112965822219849,-156.851806640625,0.10700713843107224
1783008633.807105,0.0,0.0,10.0,-0.6545922160148621,51.79939270019531,0.042912933975458145,1.8112965822219849,-156.851806640625,0.10700713843107224
1783008633.813607,0.0,0.0,10.0,-0.6545922160148621,51.79939270019531,0.042912933975458145,1.8112965822219849,-156.851806640625,0.10700713843107224
1783008633.826258,0.0,0.0,10.0,-0.6545922160148621,51.79939270019531,0.042912933975458145,1.8112965822219849,-156.851806640625,0.10700713843107224
1783008633.832283,0.0,0.0,10.0,-0.6548908352851868,51.79988479614258,0.04238758608698845,1.8112965822219849,-156.851806640625,0.10700713843107224
1783008633.838251,0.0,0.0,10.0,-0.6548908352851868,51.79988479614258,0.04238758608698845,1.8112965822219849,-156.851806640625,0.10700713843107224
1783008633.843781,0.0,0.0,10.0,-0.6548908352851868,51.79988479614258,0.04238758608698845,1.8112965822219849,-156.851806640625,0.10700713843107224
1783008633.849791,0.0,0.0,10.0,-0.6548908352851868,51.79988479614258,0.04238758608698845,1.8112965822219849,-156.851806640625,0.10700713843107224
1783008633.85534,0.0,0.0,10.0,-0.6548908352851868,51.79988479614258,0.04238758608698845,1.8112965822219849,-156.851806640625,0.10700713843107224
1783008633.860701,0.0,0.0,10.0,-0.6548908352851868,51.79988479614258,0.04238758608698845,1.8112965822219849,-156.851806640625,0.10700713843107224
1783008633.866721,0.0,0.0,10.0,-0.6548908352851868,51.79988479614258,0.04238758608698845,1.8112965822219849,-156.851806640625,0.10700713843107224
1783008633.875898,0.0,0.0,10.0,-0.6548908352851868,51.79988479614258,0.04238758608698845,1.8112965822219849,-156.851806640625,0.10700713843107224
1783008633.881189,0.0,0.0,10.0,-0.6539387702941895,51.79989242553711,0.041859857738018036,1.8112965822219849,-156.851806640625,0.10700713843107224
1783008633.887463,0.0,0.0,10.0,-0.6539387702941895,51.79989242553711,0.041859857738018036,1.8127938508987427,-156.785888671875,0.10728945583105087
1783008633.893767,0.0,0.0,10.0,-0.6539387702941895,51.79989242553711,0.041859857738018036,1.8127938508987427,-156.785888671875,0.10728945583105087
1783008633.913327,0.0,0.0,10.0,-0.6539387702941895,51.79989242553711,0.041859857738018036,1.8127938508987427,-156.785888671875,0.10728945583105087
1783008633.920269,0.0,0.0,10.0,-0.6539387702941895,51.79989242553711,0.041859857738018036,1.8127938508987427,-156.785888671875,0.10728945583105087
1783008633.926696,0.0,0.0,10.0,-0.6537867784500122,51.79962921142578,0.04142346978187561,1.8127938508987427,-156.785888671875,0.10728945583105087
1783008633.932421,0.0,0.0,10.0,-0.6537867784500122,51.79962921142578,0.04142346978187561,1.8127938508987427,-156.785888671875,0.10728945583105087
1783008633.937646,0.0,0.0,10.0,-0.6537867784500122,51.79962921142578,0.04142346978187561,1.8127938508987427,-156.785888671875,0.10728945583105087
1783008633.948067,0.0,0.0,10.0,-0.6537867784500122,51.79962921142578,0.04142346978187561,1.8127938508987427,-156.785888671875,0.10728945583105087
1783008633.954673,0.0,0.0,10.0,-0.6537867784500122,51.79962921142578,0.04142346978187561,1.8127938508987427,-156.785888671875,0.10728945583105087
1783008633.960085,0.0,0.0,10.0,-0.6537867784500122,51.79962921142578,0.04142346978187561,1.8127938508987427,-156.785888671875,0.10728945583105087
1783008633.965599,0.0,0.0,10.0,-0.6537867784500122,51.79962921142578,0.04142346978187561,1.8127938508987427,-156.785888671875,0.10728945583105087
1783008633.980204,0.0,0.0,10.0,-0.6537867784500122,51.79962921142578,0.04142346978187561,1.8127938508987427,-156.785888671875,0.10728945583105087
1783008633.9863,0.0,0.0,10.0,-0.6544548869132996,51.79928970336914,0.04163295030593872,1.8123201131820679,-156.807861328125,0.1062343418598175
1783008633.992357,0.0,0.0,10.0,-0.6544548869132996,51.79928970336914,0.04163295030593872,1.8123201131820679,-156.807861328125,0.1062343418598175
1783008633.997763,0.0,0.0,10.0,-0.6544548869132996,51.79928970336914,0.04163295030593872,1.8123201131820679,-156.807861328125,0.1062343418598175
1783008634.00405,0.0,0.0,10.0,-0.6544548869132996,51.79928970336914,0.04163295030593872,1.8123201131820679,-156.807861328125,0.1062343418598175
1783008634.009195,0.0,0.0,10.0,-0.6544548869132996,51.79928970336914,0.04163295030593872,1.8123201131820679,-156.807861328125,0.1062343418598175
1783008634.014843,0.0,0.0,10.0,-0.6544548869132996,51.79928970336914,0.04163295030593872,1.8123201131820679,-156.807861328125,0.1062343418598175
1783008634.020335,0.0,0.0,10.0,-0.6544548869132996,51.79928970336914,0.04163295030593872,1.8123201131820679,-156.807861328125,0.1062343418598175
1783008634.036307,0.0,0.0,10.0,-0.6539674997329712,51.799564361572266,0.04217234253883362,1.8123201131820679,-156.807861328125,0.1062343418598175
1783008634.041737,0.0,0.0,10.0,-0.6539674997329712,51.799564361572266,0.04217234253883362,1.8123201131820679,-156.807861328125,0.1062343418598175
1783008634.04763,0.0,0.0,10.0,-0.6539674997329712,51.799564361572266,0.04217234253883362,1.8123201131820679,-156.807861328125,0.1062343418598175
1783008634.054137,0.0,0.0,10.0,-0.6539674997329712,51.799564361572266,0.04217234253883362,1.8123201131820679,-156.807861328125,0.1062343418598175
1783008634.059382,0.0,0.0,10.0,-0.6539674997329712,51.799564361572266,0.04217234253883362,1.8123201131820679,-156.807861328125,0.1062343418598175
1783008634.065822,0.0,0.0,10.0,-0.6539674997329712,51.799564361572266,0.04217234253883362,1.8123201131820679,-156.807861328125,0.1062343418598175
1783008634.072253,0.0,0.0,10.0,-0.6546711325645447,51.799095153808594,0.04176203906536102,1.8123201131820679,-156.807861328125,0.1062343418598175
1783008634.079595,0.0,0.0,10.0,-0.6546711325645447,51.799095153808594,0.04176203906536102,1.8123201131820679,-156.807861328125,0.1062343418598175
1783008634.085953,0.0,0.0,10.0,-0.6546711325645447,51.799095153808594,0.04176203906536102,1.8123201131820679,-156.807861328125,0.1062343418598175
1783008634.092589,0.0,0.0,10.0,-0.6546711325645447,51.799095153808594,0.04176203906536102,1.8135828971862793,-156.829833984375,0.10613517463207245
1783008634.098382,0.0,0.0,10.0,-0.6546711325645447,51.799095153808594,0.04176203906536102,1.8135828971862793,-156.829833984375,0.10613517463207245
